balance_month,balance_year,product_barcode,total_consumption
10.0,2025.0, UHRDSLBTRPAD,0.0
10.0,2025.0,687106182122,0.0
10.0,2025.0,DFE201610P-2R2M=P2,0.0
10.0,2025.0,TCS34303     ,0.0
10.0,2025.0,TLV61070ADBVR,0.0
10.0,2025.0,UH0.2AA05,60.0
10.0,2025.0,UH0.2AA06,60.0
10.0,2025.0,UH0.2AA07,0.0
10.0,2025.0,UH0.2AA08,420.0
10.0,2025.0,UH0.2AA09,0.0
10.0,2025.0,UH0.2AA10,456.0
10.0,2025.0,UH0.2AA11,0.0
10.0,2025.0,UH0.2AA12,0.0
10.0,2025.0,UH0.2ACRMST05,0.0
10.0,2025.0,UH0.2ACRMST06,0.0
10.0,2025.0,UH0.2ACRMST07,0.0
10.0,2025.0,UH0.2ACRMST08,0.0
10.0,2025.0,UH0.2ACRMST09,0.0
10.0,2025.0,UH0.2ACRMST10,0.0
10.0,2025.0,UH0.2ACRMST11,0.0
10.0,2025.0,UH0.2ACRMST12,0.0
10.0,2025.0,UH0.2ACRMST13,0.0
10.0,2025.0,UH0.2ACRMST14,0.0
10.0,2025.0,UH0.2AG05,0.0
10.0,2025.0,UH0.2AG06,120.0
10.0,2025.0,UH0.2AG07,60.0
10.0,2025.0,UH0.2AG08,1.0
10.0,2025.0,UH0.2AG09,960.0
10.0,2025.0,UH0.2AS05,0.0
10.0,2025.0,UH0.2AS06,0.0
10.0,2025.0,UH0.2AS07,0.0
10.0,2025.0,UH0.2AS08,0.0
10.0,2025.0,UH0.2AS09,0.0
10.0,2025.0,UH0.2AS10,0.0
10.0,2025.0,UH0.2AS13,24.0
10.0,2025.0,UH0.2BB14,0.0
10.0,2025.0,UH0.2MACHINS05,0.0
10.0,2025.0,UH0.2MACHINS08,0.0
10.0,2025.0,UH0.2MACHINS09,2593.0
10.0,2025.0,UH0.2MACHINS10,0.0
10.0,2025.0,UH0.2MACHINS11,0.0
10.0,2025.0,UH0.2MACHINS12,0.0
10.0,2025.0,UH0.2MACHINS13,0.0
10.0,2025.0,UH0.2MG06,0.0
10.0,2025.0,UH0.2MG08,0.0
10.0,2025.0,UH0.2MG09,660.0
10.0,2025.0,UH0.2MG10,0.0
10.0,2025.0,UH0.2MG11,60.0
10.0,2025.0,UH0.2MG13,0.0
10.0,2025.0,UH0.2MIRROR05,0.0
10.0,2025.0,UH0.2MIRROR06,250.0
10.0,2025.0,UH0.2MIRROR07,0.0
10.0,2025.0,UH0.2MIRROR08,0.0
10.0,2025.0,UH0.2MIRROR09,0.0
10.0,2025.0,UH0.2MIRROR10,3459.0
10.0,2025.0,UH0.2MIRROR11,0.0
10.0,2025.0,UH0.2MIRROR12,0.0
10.0,2025.0,UH0.2MIRROR13,0.0
10.0,2025.0,UH0.2RT09,1812.0
10.0,2025.0,UH0.2RT11,1.0
10.0,2025.0,UH0.2RT13,36.0
10.0,2025.0,UH6063IAV52A,0.0
10.0,2025.0,UHACCSTM6DSO,23259.0
10.0,2025.0,UHACRPOLMSTS05,0.0
10.0,2025.0,UHACRPOLMSTS06,0.0
10.0,2025.0,UHACRPOLMSTS07,0.0
10.0,2025.0,UHACRPOLMSTS08,0.0
10.0,2025.0,UHACRPOLMSTS09,0.0
10.0,2025.0,UHACRPOLMSTS10,0.0
10.0,2025.0,UHACRPOLMSTS11,0.0
10.0,2025.0,UHACRPOLMSTS12,0.0
10.0,2025.0,UHACRPOLMSTS13,0.0
10.0,2025.0,UHACRPOLMSTS14,0.0
10.0,2025.0,UHACRSHTFLSH,0.0
10.0,2025.0,UHACRUNPOLMSTS05,0.0
10.0,2025.0,UHACRUNPOLMSTS06,0.0
10.0,2025.0,UHACRUNPOLMSTS08,0.0
10.0,2025.0,UHACRUNPOLMSTS09,0.0
10.0,2025.0,UHACRUNPOLMSTS11,0.0
10.0,2025.0,UHACRUNPOLMSTS12,0.0
10.0,2025.0,UHACRUNPOLMSTS13,0.0
10.0,2025.0,UHACRUNPOLMSTS14,0.0
10.0,2025.0,UHAIRBEADBS05,0.0
10.0,2025.0,UHAIRBEADBS07,0.0
10.0,2025.0,UHAIRBEADBS08,0.0
10.0,2025.0,UHAIRBEADBS09,0.0
10.0,2025.0,UHAIRBEADBS10,0.0
10.0,2025.0,UHAIRBEADBS11,0.0
10.0,2025.0,UHAIRBEADBS13,0.0
10.0,2025.0,UHAIRG0LDS06,420.0
10.0,2025.0,UHAIRG0LDS07,2133.0
10.0,2025.0,UHAIRG0LDS08,1200.0
10.0,2025.0,UHAIRG0LDS09,60.0
10.0,2025.0,UHAIRG0LDS12,0.0
10.0,2025.0,UHAIRG0LDS14,24.0
10.0,2025.0,UHAIRMACSHL06,0.0
10.0,2025.0,UHAIRMACSHL07,0.0
10.0,2025.0,UHAIRMACSHL09,970.0
10.0,2025.0,UHAIRMACSHL11,0.0
10.0,2025.0,UHAIRMACSHL12,0.0
10.0,2025.0,UHAIRMACSHL13,0.0
10.0,2025.0,UHAIRMIRSHEL06,410.0
10.0,2025.0,UHAIRMIRSHEL07,1828.0
10.0,2025.0,UHAIRMIRSHEL09,1350.0
10.0,2025.0,UHAIRMIRSHEL12,498.0
10.0,2025.0,UHAIRSILVS05,156.0
10.0,2025.0,UHAIRSILVS07,0.0
10.0,2025.0,UHAIRSILVS08,24.0
10.0,2025.0,UHAIRSILVS09,12.0
10.0,2025.0,UHAIRSILVS10,48.0
10.0,2025.0,UHAIRSILVS11,0.0
10.0,2025.0,UHAIRSILVS12,48.0
10.0,2025.0,UHAIRSILVS14,60.0
10.0,2025.0,UHALENGSHELLS07,0.0
10.0,2025.0,UHALENGSHELLS13,0.0
10.0,2025.0,UHALENGSHELLS14,0.0
10.0,2025.0,UHARPR161PB,0.0
10.0,2025.0,UHARSIT32KC,23321.0
10.0,2025.0,UHARTITMPSN,23259.0
10.0,2025.0,UHARTSGDBR7,0.0
10.0,2025.0,UHARTSGDBR8,0.0
10.0,2025.0,UHARTSGDBR9,0.0
10.0,2025.0,UHBANIANGLOVE,0.0
10.0,2025.0,UHBLTP204M7M,0.0
10.0,2025.0,UHBOTTOMPADS,17709.0
10.0,2025.0,UHBOXTBTTRAY,0.0
10.0,2025.0,UHBOXTOPTRAY,0.0
10.0,2025.0,UHBRUSBCABLE,0.0
10.0,2025.0,UHBRUSHARG05,240.0
10.0,2025.0,UHBRUSHARG06,480.0
10.0,2025.0,UHBRUSHARG07,1140.0
10.0,2025.0,UHBRUSHARG08,600.0
10.0,2025.0,UHBRUSHARG09,840.0
10.0,2025.0,UHBRUSHARG12,60.0
10.0,2025.0,UHBRUSHARG13,0.0
10.0,2025.0,UHBRUSHMACHS10,0.0
10.0,2025.0,UHBRUSHMACHS14,0.0
10.0,2025.0,UHC2068NF50V,53280.0
10.0,2025.0,UHC2100NF50V,53280.0
10.0,2025.0,UHC2C10UF50V,53404.0
10.0,2025.0,UHC2C1KPF50V,53280.0
10.0,2025.0,UHC2C47PF25V,53280.0
10.0,2025.0,UHC2CUMO10MA,26640.0
10.0,2025.0,UHC2FB30OM1L,26640.0
10.0,2025.0,UHC2FFCCN4P,26640.0
10.0,2025.0,UHC2INDU6.8UH,26640.0
10.0,2025.0,UHC2PCBAREV21,21949.0
10.0,2025.0,UHC2PCBREV21,26640.0
10.0,2025.0,UHC2RES0OM42,79920.0
10.0,2025.0,UHC2RES0OM85,26888.0
10.0,2025.0,UHC2RES27OHM,53280.0
10.0,2025.0,UHC2TRCL72UH,10509.0
10.0,2025.0,UHC3BASEPAINT,3892.0
10.0,2025.0,UHC3BBBASE,0.0
10.0,2025.0,UHC3BOTTPAD,4240.0
10.0,2025.0,UHC3FINFGS05,0.0
10.0,2025.0,UHC3FINFGS06,0.0
10.0,2025.0,UHC3FINFGS07,0.0
10.0,2025.0,UHC3FINFGS08,0.0
10.0,2025.0,UHC3FINFGS09,0.0
10.0,2025.0,UHC3FINFGS10,0.0
10.0,2025.0,UHC3FINFGS11,0.0
10.0,2025.0,UHC3FINFGS12,0.0
10.0,2025.0,UHC3LASERTOPS05,0.0
10.0,2025.0,UHC3LASERTOPS06,0.0
10.0,2025.0,UHC3LASERTOPS07,1800.0
10.0,2025.0,UHC3LASERTOPS08,2000.0
10.0,2025.0,UHC3LASERTOPS09,0.0
10.0,2025.0,UHC3LASERTOPS10,0.0
10.0,2025.0,UHC3LASERTOPS11,400.0
10.0,2025.0,UHC3LASERTOPS12,0.0
10.0,2025.0,UHC3LASERTOPS13,0.0
10.0,2025.0,UHC3LASERTOPS14,0.0
10.0,2025.0,UHC3LGFGS06,2.0
10.0,2025.0,UHC3LGFGS07,2.0
10.0,2025.0,UHC3LGFGS08,2.0
10.0,2025.0,UHC3LGFGS09,2.0
10.0,2025.0,UHC3LGFGS10,2.0
10.0,2025.0,UHC3LGFGS11,1.0
10.0,2025.0,UHC3LGFGS12,1.0
10.0,2025.0,UHC3LGFGS13,1.0
10.0,2025.0,UHC3LPFGS05,1.0
10.0,2025.0,UHC3LPFGS06,2.0
10.0,2025.0,UHC3LPFGS10,2.0
10.0,2025.0,UHC3LPFGS11,1.0
10.0,2025.0,UHC3LPFGS12,1.0
10.0,2025.0,UHC3LRFGS05,1.0
10.0,2025.0,UHC3LRFGS06,2.0
10.0,2025.0,UHC3LRFGS07,2.0
10.0,2025.0,UHC3LRFGS08,1.0
10.0,2025.0,UHC3LRFGS09,2.0
10.0,2025.0,UHC3LRFGS10,1.0
10.0,2025.0,UHC3LRFGS12,1.0
10.0,2025.0,UHC3PAINBASES05,0.0
10.0,2025.0,UHC3PAINBASES06,0.0
10.0,2025.0,UHC3PAINBASES07,1800.0
10.0,2025.0,UHC3PAINBASES08,2000.0
10.0,2025.0,UHC3PAINBASES09,0.0
10.0,2025.0,UHC3PAINBASES10,0.0
10.0,2025.0,UHC3PAINBASES11,400.0
10.0,2025.0,UHC3PAINBASES12,0.0
10.0,2025.0,UHC3TRANTOPS09,1800.0
10.0,2025.0,UHC3TRANTOPS12,1500.0
10.0,2025.0,UHC3TXCOIL,11440.0
10.0,2025.0,UHCAPMUR01UF,0.0
10.0,2025.0,UHCAPMUR047F,23079.0
10.0,2025.0,UHCAPMUR10UF,266772.0
10.0,2025.0,UHCAPMUR12PF,46158.0
10.0,2025.0,UHCAPMUR220F,26640.0
10.0,2025.0,UHCAPMUR22UF,0.0
10.0,2025.0,UHCAPMUR820F,23079.0
10.0,2025.0,UHCAPMURE14D,294528.0
10.0,2025.0,UHCAPMURE1UF,0.0
10.0,2025.0,UHCAPSAM22UF,0.0
10.0,2025.0,UHCAPSAM43UF,23079.0
10.0,2025.0,UHCAPTAY27PF,23079.0
10.0,2025.0,UHCAPYAG10PF,0.0
10.0,2025.0,UHCH2.5FINISHS07,384.0
10.0,2025.0,UHCH2.5FINISHS09,0.0
10.0,2025.0,UHCH2COHOS05,1000.0
10.0,2025.0,UHCH2COHOS06,2450.0
10.0,2025.0,UHCH2COHOS07,200.0
10.0,2025.0,UHCH2COHOS08,4900.0
10.0,2025.0,UHCH2COHOS09,1200.0
10.0,2025.0,UHCH2COHOS10,0.0
10.0,2025.0,UHCH2COHOS11,59.0
10.0,2025.0,UHCH2COHOS12,500.0
10.0,2025.0,UHCH2COHOS13,200.0
10.0,2025.0,UHCH2COHOS14,0.0
10.0,2025.0,UHCH2FINISHS05,729.0
10.0,2025.0,UHCH2FINISHS06,2117.0
10.0,2025.0,UHCH2FINISHS07,1913.0
10.0,2025.0,UHCH2FINISHS08,4621.0
10.0,2025.0,UHCH2FINISHS09,4886.0
10.0,2025.0,UHCH2FINISHS10,1031.0
10.0,2025.0,UHCH2FINISHS11,606.0
10.0,2025.0,UHCH2FINISHS12,442.0
10.0,2025.0,UHCH2FINISHS13,127.0
10.0,2025.0,UHCH2FINISHS14,159.0
10.0,2025.0,UHCHA2BASS05,1000.0
10.0,2025.0,UHCHA2BASS06,2450.0
10.0,2025.0,UHCHA2BASS07,6200.0
10.0,2025.0,UHCHA2BASS08,4900.0
10.0,2025.0,UHCHA2BASS09,2400.0
10.0,2025.0,UHCHA2BASS10,0.0
10.0,2025.0,UHCHA2BASS11,59.0
10.0,2025.0,UHCHA2BASS12,500.0
10.0,2025.0,UHCHA2BASS13,200.0
10.0,2025.0,UHCHA2BASS14,0.0
10.0,2025.0,UHCHARTOPS05,1000.0
10.0,2025.0,UHCHARTOPS06,2450.0
10.0,2025.0,UHCHARTOPS07,200.0
10.0,2025.0,UHCHARTOPS08,4900.0
10.0,2025.0,UHCHARTOPS09,1200.0
10.0,2025.0,UHCHARTOPS10,0.0
10.0,2025.0,UHCHARTOPS11,59.0
10.0,2025.0,UHCHARTOPS12,500.0
10.0,2025.0,UHCHARTOPS13,200.0
10.0,2025.0,UHCHARTOPS14,0.0
10.0,2025.0,UHCHCOMPERJ,26640.0
10.0,2025.0,UHCHPCBAREV30,0.0
10.0,2025.0,UHCHTOP2.5S07,6000.0
10.0,2025.0,UHCHTOP2.5S08,0.0
10.0,2025.0,UHCHTOP2.5S09,1200.0
10.0,2025.0,UHCHTOP2.5S11,0.0
10.0,2025.0,UHCHTOP2.5S12,0.0
10.0,2025.0,UHCONSACETON,0.0
10.0,2025.0,UHCONSCLOTH,0.0
10.0,2025.0,UHCONSCLSWAB,0.0
10.0,2025.0,UHCONSCOTWASTE,0.0
10.0,2025.0,UHCONSDBRBLD,0.0
10.0,2025.0,UHCONSEARBUD,0.0
10.0,2025.0,UHCONSEMR1000,0.0
10.0,2025.0,UHCONSEMR1500,0.0
10.0,2025.0,UHCONSEMR2000,0.0
10.0,2025.0,UHCONSEMR2500,0.0
10.0,2025.0,UHCONSFINGCOT,0.0
10.0,2025.0,UHCONSIPA,0.0
10.0,2025.0,UHCONSJSSPR,0.0
10.0,2025.0,UHCONSLAQUERPAI,0.0
10.0,2025.0,UHCONSLOC406,0.0
10.0,2025.0,UHCONSLOC495,0.0
10.0,2025.0,UHCONSNTRLGLOV,0.0
10.0,2025.0,UHCONSPAINTBRSH,0.0
10.0,2025.0,UHCONSPOL3M,0.0
10.0,2025.0,UHCONSPOLPAD,0.0
10.0,2025.0,UHCONSPRSPRAY,0.0
10.0,2025.0,UHCONSSICOMET,0.0
10.0,2025.0,UHCONSSIHARD,0.0
10.0,2025.0,UHCONSSIRES,0.0
10.0,2025.0,UHCONSSTPPINLRG,0.0
10.0,2025.0,UHCONSSURBLDE,0.0
10.0,2025.0,UHCONSTAPE2BRWN,0.0
10.0,2025.0,UHCONSTAPE2DOUB,0.0
10.0,2025.0,UHCONSTAPE2TRNS,0.0
10.0,2025.0,UHCONSTOOTPICK,0.0
10.0,2025.0,UHCOTNGLOVE,0.0
10.0,2025.0,UHCRYDIO32MH,62.0
10.0,2025.0,UHDEBONDGLUE,0.0
10.0,2025.0,UHDIOCOMT33V,26640.0
10.0,2025.0,UHDIODIO100V,26640.0
10.0,2025.0,UHDIODIOI40V,26640.0
10.0,2025.0,UHDIODIOI75V,26640.0
10.0,2025.0,UHDIOSMCAV99,26640.0
10.0,2025.0,UHDIOTEXI14V,26702.0
10.0,2025.0,UHDUMRING,0.0
10.0,2025.0,UHDUMRING-AAR,0.0
10.0,2025.0,UHDUMRING-Mirror,800.0
10.0,2025.0,UHDUMRING-RT (copy),0.0
10.0,2025.0,UHDUMSHELL-AA,0.0
10.0,2025.0,UHDUMSHELL-AG,300.0
10.0,2025.0,UHDUMSHELL-RT,500.0
10.0,2025.0,UHFERRTSHTUNCUT,0.0
10.0,2025.0,UHFSJW10M8M,43898.0
10.0,2025.0,UHFSJW5.6M7M,0.0
10.0,2025.0,UHHRDOODLVR,0.0
10.0,2025.0,UHHROODAHVR,0.0
10.0,2025.0,UHHWSS1.8X6-H,87796.0
10.0,2025.0,UHICHANA4124,23079.0
10.0,2025.0,UHICHNRF5284,23079.0
10.0,2025.0,UHICHSTM3117,23079.0
10.0,2025.0,UHICHSTM32G0,26640.0
10.0,2025.0,UHICHTEXLMR6,26640.0
10.0,2025.0,UHICHTEXTLV7,26640.0
10.0,2025.0,UHICHTEXTMP1,26640.0
10.0,2025.0,UHICHTEXTPS2,26702.0
10.0,2025.0,UHICHTEXUCC2,26640.0
10.0,2025.0,UHIGPACRMASS07,0.0
10.0,2025.0,UHIGPACRMASS13,0.0
10.0,2025.0,UHIND2213A156,53280.0
10.0,2025.0,UHINDKYO15NH,23079.0
10.0,2025.0,UHINDMUR1OUH,23439.0
10.0,2025.0,UHLEDWOR812B,26640.0
10.0,2025.0,UHLUXAGBASE,0.0
10.0,2025.0,UHLUXAGBASES06,5.0
10.0,2025.0,UHLUXAGBASES07,3.0
10.0,2025.0,UHLUXAGBASES08,2.0
10.0,2025.0,UHLUXAGBASES09,2.0
10.0,2025.0,UHLUXAGBASES10,2.0
10.0,2025.0,UHLUXAGBASES11,1.0
10.0,2025.0,UHLUXAGBASES12,1.0
10.0,2025.0,UHLUXAGBASES13,1.0
10.0,2025.0,UHLUXAGS05-S11,15.0
10.0,2025.0,UHLUXAGS12-S14,2.0
10.0,2025.0,UHLUXASBASE,0.0
10.0,2025.0,UHLUXASBASES05,1.0
10.0,2025.0,UHLUXASBASES06,5.0
10.0,2025.0,UHLUXASBASES09,0.0
10.0,2025.0,UHLUXASBASES10,2.0
10.0,2025.0,UHLUXASBASES11,1.0
10.0,2025.0,UHLUXASBASES12,1.0
10.0,2025.0,UHLUXASS05-S11,9.0
10.0,2025.0,UHLUXASS12-S14,1.0
10.0,2025.0,UHLUXCHTOPS05,2.0
10.0,2025.0,UHLUXCHTOPS06,12.0
10.0,2025.0,UHLUXCHTOPS07,5.0
10.0,2025.0,UHLUXCHTOPS08,3.0
10.0,2025.0,UHLUXCHTOPS09,7.0
10.0,2025.0,UHLUXCHTOPS10,5.0
10.0,2025.0,UHLUXCHTOPS11,2.0
10.0,2025.0,UHLUXCHTOPS12,3.0
10.0,2025.0,UHLUXCHTOPS13,1.0
10.0,2025.0,UHLUXDIECUT,40.0
10.0,2025.0,UHLUXRGBASE,0.0
10.0,2025.0,UHLUXRGBASES05,1.0
10.0,2025.0,UHLUXRGBASES06,2.0
10.0,2025.0,UHLUXRGBASES07,2.0
10.0,2025.0,UHLUXRGBASES08,1.0
10.0,2025.0,UHLUXRGBASES09,5.0
10.0,2025.0,UHLUXRGBASES10,1.0
10.0,2025.0,UHLUXRGBASES12,1.0
10.0,2025.0,UHLUXRGS05-S11,12.0
10.0,2025.0,UHLUXRGS12-S14,1.0
10.0,2025.0,UHMAGCABLE,0.0
10.0,2025.0,UHOODARESINBLK,0.0
10.0,2025.0,UHOPSANA61EF,23259.0
10.0,2025.0,UHOSCECS27MH,26640.0
10.0,2025.0,UHPCBREV15S6,0.0
10.0,2025.0,UHPCBRXCOS05,516.0
10.0,2025.0,UHPCBRXCOS06,1224.0
10.0,2025.0,UHPCBRXCOS07,3612.0
10.0,2025.0,UHPCBRXCOS08,6939.0
10.0,2025.0,UHPCBRXCOS09,7368.0
10.0,2025.0,UHPCBRXCOS10,1050.0
10.0,2025.0,UHPCBRXCOS11,1082.0
10.0,2025.0,UHPCBRXCOS12,481.0
10.0,2025.0,UHPCBRXCOS13,133.0
10.0,2025.0,UHPCBRXCOS14,84.0
10.0,2025.0,UHPDBENECRT,0.0
10.0,2025.0,UHPLASIZRS05,0.0
10.0,2025.0,UHPLASIZRS06,0.0
10.0,2025.0,UHPLASIZRS07,0.0
10.0,2025.0,UHPLASIZRS08,0.0
10.0,2025.0,UHPLASIZRS09,0.0
10.0,2025.0,UHPLASIZRS10,0.0
10.0,2025.0,UHPLASIZRS11,0.0
10.0,2025.0,UHPLASIZRS12,0.0
10.0,2025.0,UHPLASIZRS13,0.0
10.0,2025.0,UHPLASIZRS14,0.0
10.0,2025.0,UHPOSMPT208,0.0
10.0,2025.0,UHPRINTBATPCB,0.0
10.0,2025.0,UHR1AIRCVS05,0.0
10.0,2025.0,UHR1AIRCVS06,0.0
10.0,2025.0,UHR1AIRCVS07,0.0
10.0,2025.0,UHR1AIRCVS08,0.0
10.0,2025.0,UHR1AIRCVS09,0.0
10.0,2025.0,UHR1AIRCVS10,0.0
10.0,2025.0,UHR1AIRCVS11,0.0
10.0,2025.0,UHR1AIRCVS12,0.0
10.0,2025.0,UHR1AIRCVS13,0.0
10.0,2025.0,UHR1AIRCVS14,0.0
10.0,2025.0,UHRD01UFX7R,186432.0
10.0,2025.0,UHRD01X7S26,372.0
10.0,2025.0,UHRD0201X6S,372.0
10.0,2025.0,UHRD0225C1E,180.0
10.0,2025.0,UHRD022UF10,124.0
10.0,2025.0,UHRD071K5L4,0.0
10.0,2025.0,UHRD071KLRC,0.0
10.0,2025.0,UHRD100IBS1,0.0
10.0,2025.0,UHRD104KE14,0.0
10.0,2025.0,UHRD105KA12,0.0
10.0,2025.0,UHRD13330KL,62.0
10.0,2025.0,UHRD196AEC2,62.0
10.0,2025.0,UHRD1CIL270,62.0
10.0,2025.0,UHRD1MFD0603,0.0
10.0,2025.0,UHRD2040175,0.0
10.0,2025.0,UHRD20ATCSF,62.0
10.0,2025.0,UHRD2200PF5,242.0
10.0,2025.0,UHRD22KAA37D,0.0
10.0,2025.0,UHRD22UFX51,23259.0
10.0,2025.0,UHRD2450AT1,62.0
10.0,2025.0,UHRD25COGPF,62.0
10.0,2025.0,UHRD25VDCX8,124.0
10.0,2025.0,UHRD2N2W04T,360.0
10.0,2025.0,UHRD2N7BTAI,180.0
10.0,2025.0,UHRD320CDX2,975.0
10.0,2025.0,UHRD330AEC2,0.0
10.0,2025.0,UHRD3DPRINT,0.0
10.0,2025.0,UHRD3N3BT20,62.0
10.0,2025.0,UHRD3PLTRNR,0.0
10.0,2025.0,UHRD40PSTCT,0.0
10.0,2025.0,UHRD472608M,62.0
10.0,2025.0,UHRD499RSTR,310.0
10.0,2025.0,UHRD5054731,0.0
10.0,2025.0,UHRD65ABTSL,0.0
10.0,2025.0,UHRD65AFLXB,0.0
10.0,2025.0,UHRD65ARUBR,0.0
10.0,2025.0,UHRD66AUTVE,62.0
10.0,2025.0,UHRD70WB01D,0.0
10.0,2025.0,UHRD7817203,0.0
10.0,2025.0,UHRD8751001,0.0
10.0,2025.0,UHRD903004B,0.0
10.0,2025.0,UHRDAASONS2,0.0
10.0,2025.0,UHRDABS3DSL,0.0
10.0,2025.0,UHRDAC0201F,0.0
10.0,2025.0,UHRDADG849Y,0.0
10.0,2025.0,UHRDADM8613,0.0
10.0,2025.0,UHRDADWITS9,0.0
10.0,2025.0,UHRDAECQ200,124.0
10.0,2025.0,UHRDAF0201F,0.0
10.0,2025.0,UHRDALIGNER,0.0
10.0,2025.0,UHRDALMTRAY,0.0
10.0,2025.0,UHRDALPHAFX,0.0
10.0,2025.0,UHRDAMIC201,0.0
10.0,2025.0,UHRDAMMRING,0.0
10.0,2025.0,UHRDANTENA1,0.0
10.0,2025.0,UHRDAP211G1,0.0
10.0,2025.0,UHRDAP2TRG1,0.0
10.0,2025.0,UHRDARLPOSC,0.0
10.0,2025.0,UHRDASANRF5,0.0
10.0,2025.0,UHRDB3U00PM,0.0
10.0,2025.0,UHRDB3U10PM,0.0
10.0,2025.0,UHRDBASESLA,0.0
10.0,2025.0,UHRDBATRIES,0.0
10.0,2025.0,UHRDBATRY24,0.0
10.0,2025.0,UHRDBATRY26,0.0
10.0,2025.0,UHRDBATRY32,0.0
10.0,2025.0,UHRDBATRY34,0.0
10.0,2025.0,UHRDBATTYTP,0.0
10.0,2025.0,UHRDBLM18PG,0.0
10.0,2025.0,UHRDBLMTN1D,124.0
10.0,2025.0,UHRDBLUETUB,0.0
10.0,2025.0,UHRDBM29B06333,0.0
10.0,2025.0,UHRDBM29B2D,0.0
10.0,2025.0,UHRDBOSCHGS,0.0
10.0,2025.0,UHRDBOTPADA,0.0
10.0,2025.0,UHRDBTBJ140,0.0
10.0,2025.0,UHRDBTONBOX,0.0
10.0,2025.0,UHRDBTRYAO4,62.0
10.0,2025.0,UHRDBUTBAC6,0.0
10.0,2025.0,UHRDC0402TU,0.0
10.0,2025.0,UHRDC1680AA,0.0
10.0,2025.0,UHRDC1H1R2W,124.0
10.0,2025.0,UHRDCBSS138,0.0
10.0,2025.0,UHRDCCMC102,0.0
10.0,2025.0,UHRDCGA50BE,124.0
10.0,2025.0,UHRDCHANG1,0.0
10.0,2025.0,UHRDCHANGH,0.0
10.0,2025.0,UHRDCHARG31,0.0
10.0,2025.0,UHRDCHGERPR,0.0
10.0,2025.0,UHRDCHRGBOX,0.0
10.0,2025.0,UHRDCHRGR30,62.0
10.0,2025.0,UHRDCL03A22,0.0
10.0,2025.0,UHRDCL05B1K,0.0
10.0,2025.0,UHRDCNL320X,62.0
10.0,2025.0,UHRDCOGNPO1,62.0
10.0,2025.0,UHRDCOILTAP,0.0
10.0,2025.0,UHRDCONFLY1,0.0
10.0,2025.0,UHRDCONFMAL,0.0
10.0,2025.0,UHRDCONNT39,62.0
10.0,2025.0,UHRDCONTPAD,0.0
10.0,2025.0,UHRDCR0402P,186.0
10.0,2025.0,UHRDCRIMPTL,0.0
10.0,2025.0,UHRDCUSO500,0.0
10.0,2025.0,UHRDCUTTER1,0.0
10.0,2025.0,UHRDDEF2MP2,0.0
10.0,2025.0,UHRDDESN1V1,0.0
10.0,2025.0,UHRDDIYCRET,0.0
10.0,2025.0,UHRDDMP25U7,0.0
10.0,2025.0,UHRDDRV2605,62.0
10.0,2025.0,UHRDDRV5032,62.0
10.0,2025.0,UHRDDS1921H,0.0
10.0,2025.0,UHRDDWM3001,0.0
10.0,2025.0,UHRDDZLMAST,0.0
10.0,2025.0,UHRDEC34BTR,0.0
10.0,2025.0,UHRDELECT20,0.0
10.0,2025.0,UHRDELGSAT4,0.0
10.0,2025.0,UHRDELLER15,0.0
10.0,2025.0,UHRDERA303X,0.0
10.0,2025.0,UHRDERJ010X,0.0
10.0,2025.0,UHRDERJ200X,62.0
10.0,2025.0,UHRDERJ343X,62.0
10.0,2025.0,UHRDERJXGNY,180.0
10.0,2025.0,UHRDESD5451,0.0
10.0,2025.0,UHRDETITAPE,0.0
10.0,2025.0,UHRDEXP28SO,0.0
10.0,2025.0,UHRDEXS00A6,0.0
10.0,2025.0,UHRDF30NICU,0.0
10.0,2025.0,UHRDFDMBASE,0.0
10.0,2025.0,UHRDFDMPSO6,0.0
10.0,2025.0,UHRDFDMSO5H,0.0
10.0,2025.0,UHRDFDMTOP1,0.0
10.0,2025.0,UHRDFLEBATY,0.0
10.0,2025.0,UHRDFLHNOR7,180.0
10.0,2025.0,UHRDFMM19TA,0.0
10.0,2025.0,UHRDGB5ATOL,0.0
10.0,2025.0,UHRDGCQH4R2,0.0
10.0,2025.0,UHRDGNF103C,186.0
10.0,2025.0,UHRDGNF62RC,62.0
10.0,2025.0,UHRDGNRLTOP,62.0
10.0,2025.0,UHRDGRM0B01,180.0
10.0,2025.0,UHRDGRM188C,248.0
10.0,2025.0,UHRDGRM225D,23079.0
10.0,2025.0,UHRDGRME15J,0.0
10.0,2025.0,UHRDGRME19D,0.0
10.0,2025.0,UHRDGRR611D,0.0
10.0,2025.0,UHRDGRT188R ,0.0
10.0,2025.0,UHRDHAOSIEP,0.0
10.0,2025.0,UHRDHINGZB1,0.0
10.0,2025.0,UHRDHSSTAP4,0.0
10.0,2025.0,UHRDIFIXTOL,0.0
10.0,2025.0,UHRDINDRF15,124.0
10.0,2025.0,UHRDISP1907,0.0
10.0,2025.0,UHRDJR071ML,62.0
10.0,2025.0,UHRDJUMPER2,0.0
10.0,2025.0,UHRDJYLRA06,62.0
10.0,2025.0,UHRDJYRLYI1,0.0
10.0,2025.0,UHRDKEMET2A,0.0
10.0,2025.0,UHRDKROST17,0.0
10.0,2025.0,UHRDLDLILED,0.0
10.0,2025.0,UHRDLIGHTXL,0.0
10.0,2025.0,UHRDLITGUID,0.0
10.0,2025.0,UHRDLNRSOT5,0.0
10.0,2025.0,UHRDLOC3900,0.0
10.0,2025.0,UHRDLOCT222,0.0
10.0,2025.0,UHRDLOCT60N,0.0
10.0,2025.0,UHRDLOCTIT2,0.0
10.0,2025.0,UHRDLOJSLIM,0.0
10.0,2025.0,UHRDLOWRELY,0.0
10.0,2025.0,UHRDLQ15HS2,0.0
10.0,2025.0,UHRDLSM6DSV,0.0
10.0,2025.0,UHRDLSMSVTR,0.0
10.0,2025.0,UHRDLTEWIFI,0.0
10.0,2025.0,UHRDM8X30MM,0.0
10.0,2025.0,UHRDMASTER1,0.0
10.0,2025.0,UHRDMAX1726,0.0
10.0,2025.0,UHRDMAX17SE,0.0
10.0,2025.0,UHRDMAX2035,242.0
10.0,2025.0,UHRDMAX76EN,0.0
10.0,2025.0,UHRDMAX9835,62.0
10.0,2025.0,UHRDMAX983T,0.0
10.0,2025.0,UHRDMAYCRET,0.0
10.0,2025.0,UHRDMC3N3BT,180.0
10.0,2025.0,UHRDMCPCIOT,0.0
10.0,2025.0,UHRDMCTEST1,0.0
10.0,2025.0,UHRDMCTP500,62.0
10.0,2025.0,UHRDMDE1210,0.0
10.0,2025.0,UHRDMFTARY9,62.0
10.0,2025.0,UHRDMGNTCVR,0.0
10.0,2025.0,UHRDMICROHD,0.0
10.0,2025.0,UHRDMIRROR2 ,0.0
10.0,2025.0,UHRDMJTP117,62.0
10.0,2025.0,UHRDMLYRCIP,124.0
10.0,2025.0,UHRDMTYQ200,0.0
10.0,2025.0,UHRDNCP15XH,0.0
10.0,2025.0,UHRDNOATAPE,0.0
10.0,2025.0,UHRDNPMFGPL,0.0
10.0,2025.0,UHRDNRF5284,0.0
10.0,2025.0,UHRDNRF5340,0.0
10.0,2025.0,UHRDNRF54L1,0.0
10.0,2025.0,UHRDNSR05F4,0.0
10.0,2025.0,UHRDNTCG063,180.0
10.0,2025.0,UHRDOTOLSOP,0.0
10.0,2025.0,UHRDOWEL340,0.0
10.0,2025.0,UHRDPCSELET,0.0
10.0,2025.0,UHRDPJA3431,62.0
10.0,2025.0,UHRDPLSTSAM,0.0
10.0,2025.0,UHRDPOGOMGP,0.0
10.0,2025.0,UHRDPOGPIN1,0.0
10.0,2025.0,UHRDPRCR162,23079.0
10.0,2025.0,UHRDPREMIUM,0.0
10.0,2025.0,UHRDPROBLKL,0.0
10.0,2025.0,UHRDPROBLKR,0.0
10.0,2025.0,UHRDPUTUBE4,0.0
10.0,2025.0,UHRDPWR0603,0.0
10.0,2025.0,UHRDPWRICS1,180.0
10.0,2025.0,UHRDQUAD46M,0.0
10.0,2025.0,UHRDR0WB01D,0.0
10.0,2025.0,UHRDR150157,0.0
10.0,2025.0,UHRDRASB4RM,0.0
10.0,2025.0,UHRDRASBCOL,0.0
10.0,2025.0,UHRDRBERPAD,0.0
10.0,2025.0,UHRDRC0402K,0.0
10.0,2025.0,UHRDRC070RL,0.0
10.0,2025.0,UHRDRC071KL,0.0
10.0,2025.0,UHRDRC470RL,0.0
10.0,2025.0,UHRDRC74K7L,0.0
10.0,2025.0,UHRDRED624D,0.0
10.0,2025.0,UHRDRESINCY,0.0
10.0,2025.0,UHRDRGPRBAT,0.0
10.0,2025.0,UHRDRHINO12,0.0
10.0,2025.0,UHRDRIANZSC,0.0
10.0,2025.0,UHRDRING243,0.0
10.0,2025.0,UHRDRING343,0.0
10.0,2025.0,UHRDRINGA30,0.0
10.0,2025.0,UHRDRINGC63,0.0
10.0,2025.0,UHRDRINGR31,0.0
10.0,2025.0,UHRDRMC27OK,0.0
10.0,2025.0,UHRDRP2040,0.0
10.0,2025.0,UHRDRPCCTPD,0.0
10.0,2025.0,UHRDRPCHPTL,0.0
10.0,2025.0,UHRDRPR30CN,0.0
10.0,2025.0,UHRDRR16211,0.0
10.0,2025.0,UHRDRR20CNA,0.0
10.0,2025.0,UHRDRSTR105,124.0
10.0,2025.0,UHRDRT0402L,0.0
10.0,2025.0,UHRDRTM1393,0.0
10.0,2025.0,UHRDRTM2392,0.0
10.0,2025.0,UHRDS06BSH1,0.0
10.0,2025.0,UHRDS11BSH5,0.0
10.0,2025.0,UHRDSAFERNG,0.0
10.0,2025.0,UHRDSCHOFIC,0.0
10.0,2025.0,UHRDSCISSOR,0.0
10.0,2025.0,UHRDSCREWS1,0.0
10.0,2025.0,UHRDSDCARD3,0.0
10.0,2025.0,UHRDSEAMESD,0.0
10.0,2025.0,UHRDSEFTAPE,0.0
10.0,2025.0,UHRDSFH2703,0.0
10.0,2025.0,UHRDSFH7016,0.0
10.0,2025.0,UHRDSHDWRE2,62.0
10.0,2025.0,UHRDSHRJMPR,0.0
10.0,2025.0,UHRDSI1012R,0.0
10.0,2025.0,UHRDSI23011,0.0
10.0,2025.0,UHRDSILI3X7,0.0
10.0,2025.0,UHRDSILICPAD,0.0
10.0,2025.0,UHRDSIP3243,0.0
10.0,2025.0,UHRDSIZING1,0.0
10.0,2025.0,UHRDSIZKIT1,0.0
10.0,2025.0,UHRDSKYESDS,0.0
10.0,2025.0,UHRDSLA08TR,0.0
10.0,2025.0,UHRDSLA3DPR,0.0
10.0,2025.0,UHRDSLAABSW,0.0
10.0,2025.0,UHRDSLABASE,0.0
10.0,2025.0,UHRDSLAGUSP,0.0
10.0,2025.0,UHRDSLAPRO1,0.0
10.0,2025.0,UHRDSLASF05,0.0
10.0,2025.0,UHRDSLASFRG,0.0
10.0,2025.0,UHRDSLASLOT,0.0
10.0,2025.0,UHRDSLATOP1,0.0
10.0,2025.0,UHRDSLSIZ8P,0.0
10.0,2025.0,UHRDSMD01XQ,0.0
10.0,2025.0,UHRDSMD0201,187512.0
10.0,2025.0,UHRDSMD0603,0.0
10.0,2025.0,UHRDSMD10MS,0.0
10.0,2025.0,UHRDSMD1KPW,0.0
10.0,2025.0,UHRDSMD200D,0.0
10.0,2025.0,UHRDSMPS200,0.0
10.0,2025.0,UHRDSMSD100,0.0
10.0,2025.0,UHRDSPKHSG1,0.0
10.0,2025.0,UHRDSPOT10G,0.0
10.0,2025.0,UHRDSTAPLER,0.0
10.0,2025.0,UHRDSTRIAP1,0.0
10.0,2025.0,UHRDSUPFAST,0.0
10.0,2025.0,UHRDSWGVLE5,0.0
10.0,2025.0,UHRDT285525,0.0
10.0,2025.0,UHRDT7000BLK,0.0
10.0,2025.0,UHRDTACTPAD,0.0
10.0,2025.0,UHRDTALETE1,62.0
10.0,2025.0,UHRDTEMTRSR,62.0
10.0,2025.0,UHRDTL2203E,0.0
10.0,2025.0,UHRDTLV7573,0.0
10.0,2025.0,UHRDTOCHMNT,0.0
10.0,2025.0,UHRDTORQUE1,0.0
10.0,2025.0,UHRDTPS2260,0.0
10.0,2025.0,UHRDTPS7A02,0.0
10.0,2025.0,UHRDTPS7A03,62.0
10.0,2025.0,UHRDTRIAL08,0.0
10.0,2025.0,UHRDTSTL005,0.0
10.0,2025.0,UHRDTSWTASM,0.0
10.0,2025.0,UHRDTUBEDIY,0.0
10.0,2025.0,UHRDTUBERNG,0.0
10.0,2025.0,UHRDTUKZR62,0.0
10.0,2025.0,UHRDTXS0104,0.0
10.0,2025.0,UHRDUCTCRAM,0.0
10.0,2025.0,UHRDUF16102,0.0
10.0,2025.0,UHRDUL94HB5,0.0
10.0,2025.0,UHRDUMK105B,558.0
10.0,2025.0,UHRDUMK107A,186.0
10.0,2025.0,UHRDUMK107B,0.0
10.0,2025.0,UHRDUNIBALL,0.0
10.0,2025.0,UHRDUSB20CB,0.0
10.0,2025.0,UHRDUSBCNT2,0.0
10.0,2025.0,UHRDUSBCNTR,124.0
10.0,2025.0,UHRDVADABAI,0.0
10.0,2025.0,UHRDVANITYP,0.0
10.0,2025.0,UHRDVARTECH,0.0
10.0,2025.0,UHRDVCSPLIT,0.0
10.0,2025.0,UHRDVDCX7S1,0.0
10.0,2025.0,UHRDVERNIER,0.0
10.0,2025.0,UHRDVLMGS08,0.0
10.0,2025.0,UHRDW25Q128,0.0
10.0,2025.0,UHRDWAXPOLS,0.0
10.0,2025.0,UHRDWE1010N,0.0
10.0,2025.0,UHRDWIRE854,0.0
10.0,2025.0,UHRDWREBOXD,0.0
10.0,2025.0,UHRDWRISRT2,0.0
10.0,2025.0,UHRDWRISRT3,0.0
10.0,2025.0,UHRDWRLSICF,62.0
10.0,2025.0,UHRDWS2812B,62.0
10.0,2025.0,UHRDWTD25ML,0.0
10.0,2025.0,UHRDXIAONRE,0.0
10.0,2025.0,UHRDXT30MLE,0.0
10.0,2025.0,UHRDXT60MAL,0.0
10.0,2025.0,UHRDYUZUKIP,0.0
10.0,2025.0,UHRESBOU01BO,0.0
10.0,2025.0,UHRESNMUR8PF,0.0
10.0,2025.0,UHRESPAN01KO,46158.0
10.0,2025.0,UHRESPAN1MOH,79920.0
10.0,2025.0,UHRESPAN47KO,140094.0
10.0,2025.0,UHRESSTA10MO,23079.0
10.0,2025.0,UHRESVIS10OH,53280.0
10.0,2025.0,UHRESYAG074O,53404.0
10.0,2025.0,UHRESYAG0OHM,26702.0
10.0,2025.0,UHRESYAG100K,115935.0
10.0,2025.0,UHRESYAG10KO,80416.0
10.0,2025.0,UHRESYAG22KO,53280.0
10.0,2025.0,UHRESYAG22MO,26640.0
10.0,2025.0,UHRESYAG22OH,26640.0
10.0,2025.0,UHRESYAG27KO,26640.0
10.0,2025.0,UHRESYAG47KO,26702.0
10.0,2025.0,UHRESYAG60KO,26640.0
10.0,2025.0,UHRFAJOH24GH,23259.0
10.0,2025.0,UHRGBTR24MAH,12290.0
10.0,2025.0,UHRGBTR32MAH,10200.0
10.0,2025.0,UHRGBTR39MAH,0.0
10.0,2025.0,UHRING1.61PCBA,0.0
10.0,2025.0,UHRING1.62PCBA,22483.0
10.0,2025.0,UHRINGECS320,22284.0
10.0,2025.0,UHRPRONRFR7,242.0
10.0,2025.0,UHRSOODAHVR,0.0
10.0,2025.0,UHRW0.2BBS06,0.0
10.0,2025.0,UHRW0.2BBS07,0.0
10.0,2025.0,UHRW0.2BBS13,0.0
10.0,2025.0,UHRW0.2BBS14,0.0
10.0,2025.0,UHRW0.3BBS05,460.0
10.0,2025.0,UHRW0.3BBS06,0.0
10.0,2025.0,UHRW0.3BBS07,0.0
10.0,2025.0,UHRW0.3BBS08,1591.0
10.0,2025.0,UHRW0.3BBS09,16.0
10.0,2025.0,UHRW0.3BBS10,456.0
10.0,2025.0,UHRW0.3BBS11,500.0
10.0,2025.0,UHRW0.3BBS12,867.0
10.0,2025.0,UHRW0.3BBS13,163.0
10.0,2025.0,UHRW0.3BBS14,127.0
10.0,2025.0,UHRW0.3MGS05,0.0
10.0,2025.0,UHRW0.3MGS08,0.0
10.0,2025.0,UHRW0.3MGS09,0.0
10.0,2025.0,UHRW0.3MGS10,0.0
10.0,2025.0,UHRW0.3MGS11,0.0
10.0,2025.0,UHRW0.3MGS12,0.0
10.0,2025.0,UHRW0.3MGS13,0.0
10.0,2025.0,UHRW0.3MGS14,0.0
10.0,2025.0,UHRW0.3RTS07,0.0
10.0,2025.0,UHRW0.3RTS08,1020.0
10.0,2025.0,UHRW0.3RTS09,0.0
10.0,2025.0,UHRW0.3RTS10,0.0
10.0,2025.0,UHRW0.3RTS12,0.0
10.0,2025.0,UHRW0.3RTS13,0.0
10.0,2025.0,UHSENSMLX36V,0.0
10.0,2025.0,UHSSTARPTS10,0.0
10.0,2025.0,UHSSTARPTS13,0.0
10.0,2025.0,UHSSTARPTS14,0.0
10.0,2025.0,UHSTBLKMARK,0.0
10.0,2025.0,UHSTBODMARK,0.0
10.0,2025.0,UHSTCELLOPEN1,0.0
10.0,2025.0,UHSTFACEMASK,0.0
10.0,2025.0,UHSTMASKTAP,0.0
10.0,2025.0,UHSTMICCABL,0.0
10.0,2025.0,UHSTNANFILE,0.0
10.0,2025.0,UHSTOHPMARK,0.0
10.0,2025.0,UHSTOHPMARKR,0.0
10.0,2025.0,UHSTPERMARK,0.0
10.0,2025.0,UHSTSKMAR07,0.0
10.0,2025.0,UHSTSPRNOTE,0.0
10.0,2025.0,UHSTWZ93302,0.0
10.0,2025.0,UHSTZIPLOCK3X4,0.0
10.0,2025.0,UHSTZIPLOCK5X7,0.0
10.0,2025.0,UHSTZPLCK10X14,0.0
10.0,2025.0,UHSWATCHAA,0.0
10.0,2025.0,UHSWATCHAG,0.0
10.0,2025.0,UHSWATCHAS,0.0
10.0,2025.0,UHSWATCHBRG,0.0
10.0,2025.0,UHSWATCHMG,0.0
10.0,2025.0,UHSWATCHRT,0.0
10.0,2025.0,UHTAPEBATPCB,50625.0
10.0,2025.0,UHTAPECESTIC,0.0
10.0,2025.0,UHTAPEDC10X8,41898.0
10.0,2025.0,UHTAPS607X145,0.0
10.0,2025.0,UHTAPS69X363,0.0
10.0,2025.0,UHTETLV71310,0.0
10.0,2025.0,UHTIJWAABS05,12.0
10.0,2025.0,UHTIJWAABS06,60.0
10.0,2025.0,UHTIJWAABS07,180.0
10.0,2025.0,UHTIJWAABS08,758.0
10.0,2025.0,UHTIJWAABS09,538.0
10.0,2025.0,UHTIJWAABS10,953.0
10.0,2025.0,UHTIJWAABS11,182.0
10.0,2025.0,UHTIJWAABS12,36.0
10.0,2025.0,UHTIJWAABS13,236.0
10.0,2025.0,UHTIJWMGLS05,48.0
10.0,2025.0,UHTIJWMGLS06,84.0
10.0,2025.0,UHTIJWMGLS07,96.0
10.0,2025.0,UHTIJWMGLS08,108.0
10.0,2025.0,UHTIJWMGLS09,408.0
10.0,2025.0,UHTIJWMGLS10,0.0
10.0,2025.0,UHTIJWMGLS11,396.0
10.0,2025.0,UHTIJWMGLS12,168.0
10.0,2025.0,UHTIJWMGLS13,0.0
10.0,2025.0,UHTIJWMGLS14,0.0
10.0,2025.0,UHTIJWRTLS05,0.0
10.0,2025.0,UHTIJWRTLS06,0.0
10.0,2025.0,UHTIJWRTLS07,0.0
10.0,2025.0,UHTIJWRTLS08,3504.0
10.0,2025.0,UHTIJWRTLS09,3096.0
10.0,2025.0,UHTIJWRTLS10,540.0
10.0,2025.0,UHTIJWRTLS11,468.0
10.0,2025.0,UHTIJWRTLS12,169.0
10.0,2025.0,UHTIJWRTLS13,36.0
10.0,2025.0,UHTIJWRTLS14,0.0
10.0,2025.0,UHTRAEPC200V,26640.0
10.0,2025.0,UHUSB4105GFAN,26640.0
10.0,2025.0,UHUSBCGCT24P,62.0
10.0,2025.0,UH_RING_PRO_REV3_2,0.0
10.0,2025.0,UNICHTEX7A02,23259.0
10.0,2025.0,W25Q128JVPIQ,62.0
10.0,2025.0,[C2 Charger FG S11] UHCH2.5FINISHS11,0.0
9.0,2025.0,687106182122,0.0
9.0,2025.0,AP2112K-1.8TRG1,0.0
9.0,2025.0,AP2112K-3.3TRG1,0.0
9.0,2025.0,BM29B-2DP/2-0.35V(51),84.0
9.0,2025.0,FACEMASK,0.0
9.0,2025.0,GRM155R61A106ME11D,0.0
9.0,2025.0,LOCTITEHVHT,0.0
9.0,2025.0,RC0402FR-074K7L,0.0
9.0,2025.0,TCS34303     ,0.0
9.0,2025.0,UH0.2AA05,200.0
9.0,2025.0,UH0.2AA06,296.0
9.0,2025.0,UH0.2AA07,1367.0
9.0,2025.0,UH0.2AA08,437.0
9.0,2025.0,UH0.2AA09,1278.0
9.0,2025.0,UH0.2AA10,648.0
9.0,2025.0,UH0.2AA11,240.0
9.0,2025.0,UH0.2AA12,36.0
9.0,2025.0,UH0.2AA13,120.0
9.0,2025.0,UH0.2ACRMST05,0.0
9.0,2025.0,UH0.2ACRMST06,0.0
9.0,2025.0,UH0.2ACRMST07,0.0
9.0,2025.0,UH0.2ACRMST08,0.0
9.0,2025.0,UH0.2ACRMST09,0.0
9.0,2025.0,UH0.2ACRMST10,0.0
9.0,2025.0,UH0.2ACRMST11,0.0
9.0,2025.0,UH0.2AG05,240.0
9.0,2025.0,UH0.2AG06,2076.0
9.0,2025.0,UH0.2AG07,4432.0
9.0,2025.0,UH0.2AG08,2702.0
9.0,2025.0,UH0.2AG09,374.0
9.0,2025.0,UH0.2AG10,480.0
9.0,2025.0,UH0.2AS06,482.0
9.0,2025.0,UH0.2AS07,999.0
9.0,2025.0,UH0.2AS08,1065.0
9.0,2025.0,UH0.2AS09,256.0
9.0,2025.0,UH0.2AS10,120.0
9.0,2025.0,UH0.2AS13,0.0
9.0,2025.0,UH0.2BB09,0.0
9.0,2025.0,UH0.2BB10,0.0
9.0,2025.0,UH0.2BB14,0.0
9.0,2025.0,UH0.2MACHINS09,2010.0
9.0,2025.0,UH0.2MG08,240.0
9.0,2025.0,UH0.2MG09,120.0
9.0,2025.0,UH0.2MG10,240.0
9.0,2025.0,UH0.2MG11,480.0
9.0,2025.0,UH0.2MG12,492.0
9.0,2025.0,UH0.2MG13,144.0
9.0,2025.0,UH0.2MIRROR05,0.0
9.0,2025.0,UH0.2MIRROR06,935.0
9.0,2025.0,UH0.2MIRROR07,438.0
9.0,2025.0,UH0.2MIRROR08,709.0
9.0,2025.0,UH0.2MIRROR09,180.0
9.0,2025.0,UH0.2MIRROR10,0.0
9.0,2025.0,UH0.2MIRROR11,0.0
9.0,2025.0,UH0.2MIRROR12,0.0
9.0,2025.0,UH0.2RT08,132.0
9.0,2025.0,UH0.2RT09,1422.0
9.0,2025.0,UH0.2RT10,660.0
9.0,2025.0,UH0.2RT11,816.0
9.0,2025.0,UH0.2RT13,216.0
9.0,2025.0,UH0.3BRUSHAG14,0.0
9.0,2025.0,UHACCSTM6DSO,26974.0
9.0,2025.0,UHACRPOLMSTS05,0.0
9.0,2025.0,UHACRPOLMSTS06,20.0
9.0,2025.0,UHACRPOLMSTS07,20.0
9.0,2025.0,UHACRPOLMSTS08,60.0
9.0,2025.0,UHACRPOLMSTS09,20.0
9.0,2025.0,UHACRPOLMSTS10,100.0
9.0,2025.0,UHACRPOLMSTS11,0.0
9.0,2025.0,UHACRPOLMSTS12,0.0
9.0,2025.0,UHACRPOLMSTS13,30.0
9.0,2025.0,UHACRPOLMSTS14,20.0
9.0,2025.0,UHACRSHTFLSH,0.0
9.0,2025.0,UHACRUNPOLMSTS13,0.0
9.0,2025.0,UHACRUNPOLMSTS14,0.0
9.0,2025.0,UHAIRBEADBS09,0.0
9.0,2025.0,UHAIRBEADBS10,0.0
9.0,2025.0,UHAIRBEADBS11,764.0
9.0,2025.0,UHAIRBEADBS12,1310.0
9.0,2025.0,UHAIRBEADBS13,0.0
9.0,2025.0,UHAIRBEADBS14,0.0
9.0,2025.0,UHAIRBOXTOP,0.0
9.0,2025.0,UHAIRG0LDS05,597.0
9.0,2025.0,UHAIRG0LDS06,2263.0
9.0,2025.0,UHAIRG0LDS07,2891.0
9.0,2025.0,UHAIRG0LDS08,1593.0
9.0,2025.0,UHAIRG0LDS09,1116.0
9.0,2025.0,UHAIRG0LDS10,0.0
9.0,2025.0,UHAIRG0LDS11,0.0
9.0,2025.0,UHAIRG0LDS12,0.0
9.0,2025.0,UHAIRG0LDS13,0.0
9.0,2025.0,UHAIRG0LDS14,0.0
9.0,2025.0,UHAIRMACSHL09,0.0
9.0,2025.0,UHAIRMIRSHEL06,0.0
9.0,2025.0,UHAIRMIRSHEL07,0.0
9.0,2025.0,UHAIRMIRSHEL09,1600.0
9.0,2025.0,UHAIRMIRSHEL12,1000.0
9.0,2025.0,UHAIRSILVS05,134.0
9.0,2025.0,UHAIRSILVS06,200.0
9.0,2025.0,UHAIRSILVS07,80.0
9.0,2025.0,UHAIRSILVS09,204.0
9.0,2025.0,UHAIRSILVS10,41.0
9.0,2025.0,UHAIRSILVS11,384.0
9.0,2025.0,UHAIRSILVS12,120.0
9.0,2025.0,UHAIRSILVS14,0.0
9.0,2025.0,UHALSHELLS05,0.0
9.0,2025.0,UHALSHELLS06,0.0
9.0,2025.0,UHALSHELLS07,0.0
9.0,2025.0,UHALSHELLS08,0.0
9.0,2025.0,UHALSHELLS09,0.0
9.0,2025.0,UHALSHELLS10,0.0
9.0,2025.0,UHALSHELLS11,0.0
9.0,2025.0,UHALSHELLS12,0.0
9.0,2025.0,UHALSHELLS13,0.0
9.0,2025.0,UHALSHELLS14,0.0
9.0,2025.0,UHARPR161PB,0.0
9.0,2025.0,UHARSIT32KC,17697.0
9.0,2025.0,UHARTITMPSN,20330.0
9.0,2025.0,UHARTSGDBR10,0.0
9.0,2025.0,UHARTSGDBR7,0.0
9.0,2025.0,UHARTSGDBR8,0.0
9.0,2025.0,UHARTSGDBR9,0.0
9.0,2025.0,UHASRINGTRY,0.0
9.0,2025.0,UHBLTP204M7M,11576.0
9.0,2025.0,UHBOTTOMPADS,49580.0
9.0,2025.0,UHBOXTBTTRAY,0.0
9.0,2025.0,UHBOXTOPTRAY,0.0
9.0,2025.0,UHBRUSBCABLE,0.0
9.0,2025.0,UHBRUSHARG05,180.0
9.0,2025.0,UHBRUSHARG06,180.0
9.0,2025.0,UHBRUSHARG07,420.0
9.0,2025.0,UHBRUSHARG08,0.0
9.0,2025.0,UHBRUSHARG09,347.0
9.0,2025.0,UHBRUSHARG10,384.0
9.0,2025.0,UHBRUSHARG11,108.0
9.0,2025.0,UHBRUSHARG13,12.0
9.0,2025.0,UHBRUSHARG14,36.0
9.0,2025.0,UHC2068NF50V,108374.0
9.0,2025.0,UHC2100NF50V,108374.0
9.0,2025.0,UHC2C10UF50V,108464.0
9.0,2025.0,UHC2C1KPF50V,108374.0
9.0,2025.0,UHC2C47PF25V,108374.0
9.0,2025.0,UHC2CUMO10MA,54187.0
9.0,2025.0,UHC2FB30OM1L,54187.0
9.0,2025.0,UHC2FFCCN4P,54187.0
9.0,2025.0,UHC2INDU6.8UH,54187.0
9.0,2025.0,UHC2PCBAREV21,58997.0
9.0,2025.0,UHC2PCBREV21,56227.0
9.0,2025.0,UHC2RES0OM42,162561.0
9.0,2025.0,UHC2RES0OM85,54367.0
9.0,2025.0,UHC2RES27OHM,108374.0
9.0,2025.0,UHC2TRCL72UH,49480.0
9.0,2025.0,UHC3BASEPAINT,18650.0
9.0,2025.0,UHC3BOTTPAD,9417.0
9.0,2025.0,UHC3FINFGS05,5.0
9.0,2025.0,UHC3FINFGS06,0.0
9.0,2025.0,UHC3FINFGS07,0.0
9.0,2025.0,UHC3FINFGS08,0.0
9.0,2025.0,UHC3FINFGS09,2.0
9.0,2025.0,UHC3FINFGS10,0.0
9.0,2025.0,UHC3FINFGS11,0.0
9.0,2025.0,UHC3FINFGS12,0.0
9.0,2025.0,UHC3FINFGS13,0.0
9.0,2025.0,UHC3FINFGS14,0.0
9.0,2025.0,UHC3LASERTOPS05,200.0
9.0,2025.0,UHC3LASERTOPS06,600.0
9.0,2025.0,UHC3LASERTOPS07,2200.0
9.0,2025.0,UHC3LASERTOPS08,2017.0
9.0,2025.0,UHC3LASERTOPS09,1900.0
9.0,2025.0,UHC3LASERTOPS10,1900.0
9.0,2025.0,UHC3LASERTOPS11,100.0
9.0,2025.0,UHC3LASERTOPS12,100.0
9.0,2025.0,UHC3LASERTOPS13,200.0
9.0,2025.0,UHC3LASERTOPS14,200.0
9.0,2025.0,UHC3LRFGS09,1.0
9.0,2025.0,UHC3PAINBASES05,200.0
9.0,2025.0,UHC3PAINBASES06,600.0
9.0,2025.0,UHC3PAINBASES07,2200.0
9.0,2025.0,UHC3PAINBASES08,2017.0
9.0,2025.0,UHC3PAINBASES09,1900.0
9.0,2025.0,UHC3PAINBASES10,1900.0
9.0,2025.0,UHC3PAINBASES11,100.0
9.0,2025.0,UHC3PAINBASES12,100.0
9.0,2025.0,UHC3PAINBASES13,200.0
9.0,2025.0,UHC3PAINBASES14,200.0
9.0,2025.0,UHC3TRANTOPS05,1400.0
9.0,2025.0,UHC3TRANTOPS06,1600.0
9.0,2025.0,UHC3TRANTOPS07,1115.0
9.0,2025.0,UHC3TRANTOPS08,549.0
9.0,2025.0,UHC3TRANTOPS09,4100.0
9.0,2025.0,UHC3TRANTOPS10,3100.0
9.0,2025.0,UHC3TRANTOPS11,5600.0
9.0,2025.0,UHC3TRANTOPS12,3800.0
9.0,2025.0,UHC3TRANTOPS13,3100.0
9.0,2025.0,UHC3TRANTOPS14,2200.0
9.0,2025.0,UHC3TXCOIL,9517.0
9.0,2025.0,UHCAP27PFMUR,0.0
9.0,2025.0,UHCAPMUR01UF,67026.0
9.0,2025.0,UHCAPMUR047F,26806.0
9.0,2025.0,UHCAPMUR10UF,542140.0
9.0,2025.0,UHCAPMUR12PF,66732.0
9.0,2025.0,UHCAPMUR220F,54187.0
9.0,2025.0,UHCAPMUR22UF,8638.0
9.0,2025.0,UHCAPMUR820F,26806.0
9.0,2025.0,UHCAPMURE14D,597137.0
9.0,2025.0,UHCAPMURE1UF,69104.0
9.0,2025.0,UHCAPSAM22UF,8638.0
9.0,2025.0,UHCAPSAM43UF,26806.0
9.0,2025.0,UHCAPTAY27PF,26806.0
9.0,2025.0,UHCAPYAG10PF,6560.0
9.0,2025.0,UHCH2COHOS05,1020.0
9.0,2025.0,UHCH2COHOS06,5200.0
9.0,2025.0,UHCH2COHOS07,9600.0
9.0,2025.0,UHCH2COHOS08,11300.0
9.0,2025.0,UHCH2COHOS09,7964.0
9.0,2025.0,UHCH2COHOS10,7950.0
9.0,2025.0,UHCH2COHOS11,3000.0
9.0,2025.0,UHCH2COHOS12,2000.0
9.0,2025.0,UHCH2COHOS13,730.0
9.0,2025.0,UHCH2COHOS14,800.0
9.0,2025.0,UHCH2FINISHS05,48.0
9.0,2025.0,UHCH2FINISHS06,1457.0
9.0,2025.0,UHCH2FINISHS07,5918.0
9.0,2025.0,UHCH2FINISHS08,7467.0
9.0,2025.0,UHCH2FINISHS09,3427.0
9.0,2025.0,UHCH2FINISHS10,4078.0
9.0,2025.0,UHCH2FINISHS11,1598.0
9.0,2025.0,UHCH2FINISHS12,1273.0
9.0,2025.0,UHCH2FINISHS13,471.0
9.0,2025.0,UHCH2FINISHS14,162.0
9.0,2025.0,UHCHA2BASS05,1000.0
9.0,2025.0,UHCHA2BASS06,5200.0
9.0,2025.0,UHCHA2BASS07,9600.0
9.0,2025.0,UHCHA2BASS08,11300.0
9.0,2025.0,UHCHA2BASS09,7900.0
9.0,2025.0,UHCHA2BASS10,7950.0
9.0,2025.0,UHCHA2BASS11,3100.0
9.0,2025.0,UHCHA2BASS12,2000.0
9.0,2025.0,UHCHA2BASS13,730.0
9.0,2025.0,UHCHA2BASS14,800.0
9.0,2025.0,UHCHARTOPS05,1000.0
9.0,2025.0,UHCHARTOPS06,5200.0
9.0,2025.0,UHCHARTOPS07,9600.0
9.0,2025.0,UHCHARTOPS08,11300.0
9.0,2025.0,UHCHARTOPS09,7900.0
9.0,2025.0,UHCHARTOPS10,7950.0
9.0,2025.0,UHCHARTOPS11,3000.0
9.0,2025.0,UHCHARTOPS12,2000.0
9.0,2025.0,UHCHARTOPS13,730.0
9.0,2025.0,UHCHARTOPS14,800.0
9.0,2025.0,UHCHCOMPERJ,54187.0
9.0,2025.0,UHCHPCBAREV30,0.0
9.0,2025.0,UHCHTOP2.5S07,0.0
9.0,2025.0,UHCHTOP2.5S11,100.0
9.0,2025.0,UHCONSACETON,0.0
9.0,2025.0,UHCONSACRVARNISH,0.0
9.0,2025.0,UHCONSCLOTH,0.0
9.0,2025.0,UHCONSCLSWAB,0.0
9.0,2025.0,UHCONSDBRBLD,0.0
9.0,2025.0,UHCONSDBRTL,0.0
9.0,2025.0,UHCONSEARBD,0.0
9.0,2025.0,UHCONSEARBUD,0.0
9.0,2025.0,UHCONSEMR1000,0.0
9.0,2025.0,UHCONSEMR1500,0.0
9.0,2025.0,UHCONSEMR2000,0.0
9.0,2025.0,UHCONSEMR2500,0.0
9.0,2025.0,UHCONSEMR600,0.0
9.0,2025.0,UHCONSFILTRCLOTH,0.0
9.0,2025.0,UHCONSFINGCOT,0.0
9.0,2025.0,UHCONSIPA,16.0
9.0,2025.0,UHCONSLAQUERPAI,0.0
9.0,2025.0,UHCONSLOC403,0.0
9.0,2025.0,UHCONSLOC406,0.0
9.0,2025.0,UHCONSLOC495,0.0
9.0,2025.0,UHCONSMASKTAP,0.0
9.0,2025.0,UHCONSNTRLGLOV,0.0
9.0,2025.0,UHCONSPAINTBRSH,0.0
9.0,2025.0,UHCONSPOL3M,0.0
9.0,2025.0,UHCONSPOLPAD,0.0
9.0,2025.0,UHCONSPRSPRAY,0.0
9.0,2025.0,UHCONSSHIPCLOTH,0.0
9.0,2025.0,UHCONSSICOMET,0.0
9.0,2025.0,UHCONSSIHARD,0.0
9.0,2025.0,UHCONSSIRES,0.0
9.0,2025.0,UHCONSSTPPINLRG,0.0
9.0,2025.0,UHCONSSTPPINSML,0.0
9.0,2025.0,UHCONSSURBLDE,0.0
9.0,2025.0,UHCONSTAPE2BRWN,0.0
9.0,2025.0,UHCONSTAPE2DOUB,0.0
9.0,2025.0,UHCONSTAPE2TRNS,0.0
9.0,2025.0,UHCONSTOOTPICK,0.0
9.0,2025.0,UHCOTNGLOVE,0.0
9.0,2025.0,UHCRYDIO32MH,19991.0
9.0,2025.0,UHDEBONDGLUE,0.0
9.0,2025.0,UHDIOCOMT33V,54187.0
9.0,2025.0,UHDIODIO100V,54187.0
9.0,2025.0,UHDIODIOI40V,54187.0
9.0,2025.0,UHDIODIOI75V,54187.0
9.0,2025.0,UHDIOSMCAV99,54187.0
9.0,2025.0,UHDIOTEXI14V,54232.0
9.0,2025.0,UHDISLDBS05,3.0
9.0,2025.0,UHDISLDBS06,3.0
9.0,2025.0,UHDISLDBS08,1.0
9.0,2025.0,UHDISLDBS09,3.0
9.0,2025.0,UHDLAIRFGDBS14,0.0
9.0,2025.0,UHDLAIRFGGGS09,0.0
9.0,2025.0,UHDLAIRFGGSS05,0.0
9.0,2025.0,UHDLAIRFGMGS09,0.0
9.0,2025.0,UHDLAIRFGMSS05,0.0
9.0,2025.0,UHDLAIRFGSLS05,0.0
9.0,2025.0,UHDLASYFGDBS14,3.0
9.0,2025.0,UHDLASYFGGGS05,3.0
9.0,2025.0,UHDLASYFGGSS08,2.0
9.0,2025.0,UHDLASYFGGSS14,1.0
9.0,2025.0,UHDLASYFGMGS09,3.0
9.0,2025.0,UHDLASYFGMSS05,2.0
9.0,2025.0,UHDLASYFGSLS05,1.0
9.0,2025.0,UHDLCTPFGDBS14,1.0
9.0,2025.0,UHDLCTPFGGGS09,1.0
9.0,2025.0,UHDLCTPFGGSS05,2.0
9.0,2025.0,UHDLCTPFGGSS14,0.0
9.0,2025.0,UHDLCTPFGMGS09,1.0
9.0,2025.0,UHDLCTPFGMSS05,2.0
9.0,2025.0,UHDLCTPFGSLS05,1.0
9.0,2025.0,UHDRLDOVTG1,0.0
9.0,2025.0,UHDUMRING,0.0
9.0,2025.0,UHDUMRING-AA,0.0
9.0,2025.0,UHDUMRING-AG,0.0
9.0,2025.0,UHDUMRING-AS,0.0
9.0,2025.0,UHDUMRING-BRG,0.0
9.0,2025.0,UHDUMRING-MG,0.0
9.0,2025.0,UHDUMRING-Mirror,2047.0
9.0,2025.0,UHDUMRING-RT,0.0
9.0,2025.0,UHDUMRING-RT (copy),0.0
9.0,2025.0,UHDUMSHELL-AA,0.0
9.0,2025.0,UHDUMSHELL-AG,0.0
9.0,2025.0,UHFERRTSHTUNCUT,200.0
9.0,2025.0,UHFQCAUTMAC,0.0
9.0,2025.0,UHFSJW10M8M,119548.0
9.0,2025.0,UHFSJW5.6M7M,7702.0
9.0,2025.0,UHHMDVFGWEN,0.0
9.0,2025.0,UHHMDVFGWOE,0.0
9.0,2025.0,UHHOMDALBAS,0.0
9.0,2025.0,UHHOMDALTOP,0.0
9.0,2025.0,UHHOMDBUTON,0.0
9.0,2025.0,UHHOMDSWTCH,0.0
9.0,2025.0,UHHRDOODLVR,5500.0
9.0,2025.0,UHHROODAHVR,25500.0
9.0,2025.0,UHHWSS1.8X6-H,238067.0
9.0,2025.0,UHHWSSM1.8X6S,8778.0
9.0,2025.0,UHICHANA4124,26806.0
9.0,2025.0,UHICHNRF5284,26806.0
9.0,2025.0,UHICHSTM3117,26806.0
9.0,2025.0,UHICHSTM32G0,54187.0
9.0,2025.0,UHICHTEXLMR6,54187.0
9.0,2025.0,UHICHTEXTLV7,54187.0
9.0,2025.0,UHICHTEXTMP1,54187.0
9.0,2025.0,UHICHTEXTPS2,54232.0
9.0,2025.0,UHICHTEXUCC2,54187.0
9.0,2025.0,UHINA219AIDTE,0.0
9.0,2025.0,UHIND2213A156,108374.0
9.0,2025.0,UHINDKYO15NH,26806.0
9.0,2025.0,UHINDMUR1OUH,26974.0
9.0,2025.0,UHLEDWOR812B,54187.0
9.0,2025.0,UHLUXADAP,0.0
9.0,2025.0,UHLUXASBASES08,3.0
9.0,2025.0,UHLUXASBASES09,2.0
9.0,2025.0,UHLUXASBASES13,4.0
9.0,2025.0,UHLUXCHTOPS06,2.0
9.0,2025.0,UHLUXCHTOPS08,2.0
9.0,2025.0,UHLUXCHTOPS09,1.0
9.0,2025.0,UHLUXCHTOPS13,4.0
9.0,2025.0,UHLUXRGBASES08,1.0
9.0,2025.0,UHLUXRXCS05,3.0
9.0,2025.0,UHLUXRXCS06,6.0
9.0,2025.0,UHLUXRXCS07,4.0
9.0,2025.0,UHLUXRXCS08,4.0
9.0,2025.0,UHLUXRXCS09,5.0
9.0,2025.0,UHLUXRXCS10,5.0
9.0,2025.0,UHLUXRXCS11,2.0
9.0,2025.0,UHLUXRXCS12,3.0
9.0,2025.0,UHLUXRXCS13,3.0
9.0,2025.0,UHLUXRXCS14,3.0
9.0,2025.0,UHMAGCABLE,0.0
9.0,2025.0,UHOODARESINBLK,0.0
9.0,2025.0,UHOPSANA61EF,26974.0
9.0,2025.0,UHOSCECS27MH,54187.0
9.0,2025.0,UHPCBREV15S6,6560.0
9.0,2025.0,UHPCBRXCOS05,749.0
9.0,2025.0,UHPCBRXCOS06,3270.0
9.0,2025.0,UHPCBRXCOS07,4735.0
9.0,2025.0,UHPCBRXCOS08,6964.0
9.0,2025.0,UHPCBRXCOS09,4126.0
9.0,2025.0,UHPCBRXCOS10,3279.0
9.0,2025.0,UHPCBRXCOS11,2088.0
9.0,2025.0,UHPCBRXCOS12,1524.0
9.0,2025.0,UHPCBRXCOS13,516.0
9.0,2025.0,UHPCBRXCOS14,244.0
9.0,2025.0,UHPLASIZRS05,0.0
9.0,2025.0,UHPLASIZRS06,0.0
9.0,2025.0,UHPLASIZRS07,0.0
9.0,2025.0,UHPLASIZRS08,0.0
9.0,2025.0,UHPLASIZRS09,0.0
9.0,2025.0,UHPLASIZRS10,0.0
9.0,2025.0,UHPLASIZRS11,0.0
9.0,2025.0,UHPLASIZRS12,0.0
9.0,2025.0,UHPLASIZRS13,0.0
9.0,2025.0,UHPLASIZRS14,0.0
9.0,2025.0,UHPRINTBATPCB,111125.0
9.0,2025.0,UHRAREPLATINS05,1.0
9.0,2025.0,UHRAREPLATINS06,2.0
9.0,2025.0,UHRAREPLATINS08,0.0
9.0,2025.0,UHRAREPLATINS10,2.0
9.0,2025.0,UHRAREPLATINS11,1.0
9.0,2025.0,UHRAREPLATINS12,1.0
9.0,2025.0,UHRAREPLATINS13,1.0
9.0,2025.0,UHRAREPLATINS14,1.0
9.0,2025.0,UHRARERSG0LDS05,1.0
9.0,2025.0,UHRARERSG0LDS06,2.0
9.0,2025.0,UHRARERSG0LDS07,2.0
9.0,2025.0,UHRARERSG0LDS08,2.0
9.0,2025.0,UHRARERSG0LDS09,3.0
9.0,2025.0,UHRARERSG0LDS10,1.0
9.0,2025.0,UHRARERSG0LDS11,0.0
9.0,2025.0,UHRARERSG0LDS12,1.0
9.0,2025.0,UHRARERSG0LDS13,1.0
9.0,2025.0,UHRARERSG0LDS14,1.0
9.0,2025.0,UHRAREYLG0LDS05,1.0
9.0,2025.0,UHRAREYLG0LDS06,2.0
9.0,2025.0,UHRAREYLG0LDS07,2.0
9.0,2025.0,UHRAREYLG0LDS08,2.0
9.0,2025.0,UHRAREYLG0LDS09,2.0
9.0,2025.0,UHRAREYLG0LDS10,2.0
9.0,2025.0,UHRAREYLG0LDS11,1.0
9.0,2025.0,UHRAREYLG0LDS12,1.0
9.0,2025.0,UHRAREYLG0LDS13,1.0
9.0,2025.0,UHRAREYLG0LDS14,1.0
9.0,2025.0,UHRD01UFX7R,145668.0
9.0,2025.0,UHRD01X7S26,3704.0
9.0,2025.0,UHRD0201AEC,0.0
9.0,2025.0,UHRD0201X6S,270.0
9.0,2025.0,UHRD0225C1E,84.0
9.0,2025.0,UHRD022UF10,90.0
9.0,2025.0,UHRD0335C1H,0.0
9.0,2025.0,UHRD040ZT2A,0.0
9.0,2025.0,UHRD07100KL,0.0
9.0,2025.0,UHRD0710KLR,0.0
9.0,2025.0,UHRD071K5L4,0.0
9.0,2025.0,UHRD071KLRC,0.0
9.0,2025.0,UHRD0733RLR,0.0
9.0,2025.0,UHRD100CHP3,0.0
9.0,2025.0,UHRD104KE14,0.0
9.0,2025.0,UHRD105KA12,0.0
9.0,2025.0,UHRD10KSCPS,0.0
9.0,2025.0,UHRD10UF50V,0.0
9.0,2025.0,UHRD1230BNT,0.0
9.0,2025.0,UHRD13330KL,45.0
9.0,2025.0,UHRD14VCMP5,0.0
9.0,2025.0,UHRD196AEC2,45.0
9.0,2025.0,UHRD1CIL270,45.0
9.0,2025.0,UHRD1UFCMIC,0.0
9.0,2025.0,UHRD2040175,0.0
9.0,2025.0,UHRD20ATCSF,45.0
9.0,2025.0,UHRD20FA16J,0.0
9.0,2025.0,UHRD20PPM92,0.0
9.0,2025.0,UHRD2121003,0.0
9.0,2025.0,UHRD2200PF5,213.0
9.0,2025.0,UHRD220CPTR,0.0
9.0,2025.0,UHRD22KAA37D,0.0
9.0,2025.0,UHRD22UFX51,18336.0
9.0,2025.0,UHRD2450AT1,45.0
9.0,2025.0,UHRD2450ATE,0.0
9.0,2025.0,UHRD25COGPF,129.0
9.0,2025.0,UHRD25VDCX8,90.0
9.0,2025.0,UHRD2N2W04T,168.0
9.0,2025.0,UHRD2N7BTAI,84.0
9.0,2025.0,UHRD2VCPTR7,0.0
9.0,2025.0,UHRD30MHZ1P,0.0
9.0,2025.0,UHRD30XEMF1,0.0
9.0,2025.0,UHRD320CDX2,0.0
9.0,2025.0,UHRD32768E1,0.0
9.0,2025.0,UHRD330AEC2,0.0
9.0,2025.0,UHRD3330160,0.0
9.0,2025.0,UHRD35VDCX5,0.0
9.0,2025.0,UHRD3MHALF1,0.0
9.0,2025.0,UHRD3N3BT20,129.0
9.0,2025.0,UHRD3PWTB78,0.0
9.0,2025.0,UHRD40PSTCT,0.0
9.0,2025.0,UHRD472608M,45.0
9.0,2025.0,UHRD475KEAD,0.0
9.0,2025.0,UHRD47KH021,0.0
9.0,2025.0,UHRD499RSTR,225.0
9.0,2025.0,UHRD5054731,0.0
9.0,2025.0,UHRD50FA16D,0.0
9.0,2025.0,UHRD5758552,0.0
9.0,2025.0,UHRD578ETST,0.0
9.0,2025.0,UHRD66AUTVE,45.0
9.0,2025.0,UHRD6871011,0.0
9.0,2025.0,UHRD6878211,0.0
9.0,2025.0,UHRD70WB01D,0.0
9.0,2025.0,UHRD7817203,0.0
9.0,2025.0,UHRD8542241,0.0
9.0,2025.0,UHRD8552204,0.0
9.0,2025.0,UHRD8751001,0.0
9.0,2025.0,UHRD903004B,0.0
9.0,2025.0,UHRDABS3DSL,0.0
9.0,2025.0,UHRDAC0201F,0.0
9.0,2025.0,UHRDADG849Y,0.0
9.0,2025.0,UHRDADHESIV,0.0
9.0,2025.0,UHRDADM8613,84.0
9.0,2025.0,UHRDAECQ200,90.0
9.0,2025.0,UHRDAF0201F,0.0
9.0,2025.0,UHRDALKON60,0.0
9.0,2025.0,UHRDALMBASE,0.0
9.0,2025.0,UHRDALMTRAY,0.0
9.0,2025.0,UHRDAMIC201,84.0
9.0,2025.0,UHRDANTENA1,0.0
9.0,2025.0,UHRDARCTICM,0.0
9.0,2025.0,UHRDASANODR,0.0
9.0,2025.0,UHRDATNAPAD,0.0
9.0,2025.0,UHRDB3U10PM,0.0
9.0,2025.0,UHRDBAMBPEI,0.0
9.0,2025.0,UHRDBATTERY,0.0
9.0,2025.0,UHRDBLEAIR6,0.0
9.0,2025.0,UHRDBLM18PG,0.0
9.0,2025.0,UHRDBLMTN1D,90.0
9.0,2025.0,UHRDBLUETUB,0.0
9.0,2025.0,UHRDBM29B06333,500.0
9.0,2025.0,UHRDBM29B2D,0.0
9.0,2025.0,UHRDBOIT100,0.0
9.0,2025.0,UHRDBOTM101,0.0
9.0,2025.0,UHRDBOTPADA,0.0
9.0,2025.0,UHRDBRDTMPE,84.0
9.0,2025.0,UHRDBTBJ140,0.0
9.0,2025.0,UHRDBTRYAO4,45.0
9.0,2025.0,UHRDBUYSAFET,0.0
9.0,2025.0,UHRDC1H1R2W,174.0
9.0,2025.0,UHRDCAC1608,0.0
9.0,2025.0,UHRDCCMC102,0.0
9.0,2025.0,UHRDCGA50BE,90.0
9.0,2025.0,UHRDCHGERPR,0.0
9.0,2025.0,UHRDCHGFAB3,0.0
9.0,2025.0,UHRDCHRGR30,45.0
9.0,2025.0,UHRDCL03A22,0.0
9.0,2025.0,UHRDCMIC106,0.0
9.0,2025.0,UHRDCNL320X,45.0
9.0,2025.0,UHRDCOGNPO1,45.0
9.0,2025.0,UHRDCONFLY1,0.0
9.0,2025.0,UHRDCONNT39,45.0
9.0,2025.0,UHRDCONTPAD,0.0
9.0,2025.0,UHRDCOTIG07,0.0
9.0,2025.0,UHRDCR0402P,135.0
9.0,2025.0,UHRDCRTM106,0.0
9.0,2025.0,UHRDCRYT32H,0.0
9.0,2025.0,UHRDCSMSA40,0.0
9.0,2025.0,UHRDCSMSA60,0.0
9.0,2025.0,UHRDCSS0402 ,0.0
9.0,2025.0,UHRDCUTTER1,0.0
9.0,2025.0,UHRDDOCKBAE,0.0
9.0,2025.0,UHRDDOCKTOP,0.0
9.0,2025.0,UHRDDRV2605,45.0
9.0,2025.0,UHRDDRV5032,45.0
9.0,2025.0,UHRDDURCELL,0.0
9.0,2025.0,UHRDEDGEL12,0.0
9.0,2025.0,UHRDELEGOOL,0.0
9.0,2025.0,UHRDELGOBCK,0.0
9.0,2025.0,UHRDELGSAT4,0.0
9.0,2025.0,UHRDERJ1R0C,0.0
9.0,2025.0,UHRDERJ200X,45.0
9.0,2025.0,UHRDERJ343X,45.0
9.0,2025.0,UHRDERJXGNY,84.0
9.0,2025.0,UHRDESD5451,0.0
9.0,2025.0,UHRDEXP28SO,0.0
9.0,2025.0,UHRDEXS00A6,0.0
9.0,2025.0,UHRDF30MAGN,0.0
9.0,2025.0,UHRDFDMPSO6,0.0
9.0,2025.0,UHRDFLHNOR7,168.0
9.0,2025.0,UHRDFNHAIR8,0.0
9.0,2025.0,UHRDGB5ATOL,0.0
9.0,2025.0,UHRDGCQH4R2,0.0
9.0,2025.0,UHRDGNF103C,135.0
9.0,2025.0,UHRDGNF62RC,45.0
9.0,2025.0,UHRDGNRLTOP,45.0
9.0,2025.0,UHRDGRM0B01,84.0
9.0,2025.0,UHRDGRM188C,180.0
9.0,2025.0,UHRDGRM225D,18168.0
9.0,2025.0,UHRDGRR611D,0.0
9.0,2025.0,UHRDGRT188R ,0.0
9.0,2025.0,UHRDGS8MMCL,0.0
9.0,2025.0,UHRDHDMIJOT,0.0
9.0,2025.0,UHRDHINGZB1,0.0
9.0,2025.0,UHRDHMOUTER,0.0
9.0,2025.0,UHRDHNMDPLT,0.0
9.0,2025.0,UHRDHOMECAB,0.0
9.0,2025.0,UHRDHOMEORD,0.0
9.0,2025.0,UHRDINDRF15,174.0
9.0,2025.0,UHRDISCALEI,0.0
9.0,2025.0,UHRDJOYART2,0.0
9.0,2025.0,UHRDJR071ML,45.0
9.0,2025.0,UHRDJUMPER2,0.0
9.0,2025.0,UHRDJYLRA06,45.0
9.0,2025.0,UHRDJYRLYI1,0.0
9.0,2025.0,UHRDKANGTAP,0.0
9.0,2025.0,UHRDKEMET2A,0.0
9.0,2025.0,UHRDKNIFE12,0.0
9.0,2025.0,UHRDLDLILED,0.0
9.0,2025.0,UHRDLNRSOT5,0.0
9.0,2025.0,UHRDLOCT595,0.0
9.0,2025.0,UHRDLOCTIT2,0.0
9.0,2025.0,UHRDLOWRELY,0.0
9.0,2025.0,UHRDLQ15HS2,0.0
9.0,2025.0,UHRDLSM6DSV,0.0
9.0,2025.0,UHRDM1PHLPS,0.0
9.0,2025.0,UHRDM812530,0.0
9.0,2025.0,UHRDMANGNET,0.0
9.0,2025.0,UHRDMAX17SE,0.0
9.0,2025.0,UHRDMAX2035,213.0
9.0,2025.0,UHRDMAX76EN,0.0
9.0,2025.0,UHRDMAX9835,45.0
9.0,2025.0,UHRDMAX983T,0.0
9.0,2025.0,UHRDMC3N3BT,84.0
9.0,2025.0,UHRDMCTP500,45.0
9.0,2025.0,UHRDMFTARY9,45.0
9.0,2025.0,UHRDMICROHD,0.0
9.0,2025.0,UHRDMIRROR9,0.0
9.0,2025.0,UHRDMJTP117,45.0
9.0,2025.0,UHRDMLYRCIP,90.0
9.0,2025.0,UHRDMOLDFEE,0.0
9.0,2025.0,UHRDMOLDNOZ,0.0
9.0,2025.0,UHRDMOLDV22,0.0
9.0,2025.0,UHRDMOZART1,0.0
9.0,2025.0,UHRDMSASE06,0.0
9.0,2025.0,UHRDMTYQ200,0.0
9.0,2025.0,UHRDNCP15XH,0.0
9.0,2025.0,UHRDNMDLE11,0.0
9.0,2025.0,UHRDNOATAPE,0.0
9.0,2025.0,UHRDNRF5284,0.0
9.0,2025.0,UHRDNRF5340,0.0
9.0,2025.0,UHRDNRF54L1,0.0
9.0,2025.0,UHRDNSR05F4,0.0
9.0,2025.0,UHRDNTCG063,168.0
9.0,2025.0,UHRDORING16,0.0
9.0,2025.0,UHRDORING4D,0.0
9.0,2025.0,UHRDORING70,0.0
9.0,2025.0,UHRDOTOLSOP,0.0
9.0,2025.0,UHRDPCBULTR,0.0
9.0,2025.0,UHRDPCSELET,0.0
9.0,2025.0,UHRDPIPEBSH,0.0
9.0,2025.0,UHRDPJA3431,45.0
9.0,2025.0,UHRDPLSTSAM,0.0
9.0,2025.0,UHRDPOGOPIN,0.0
9.0,2025.0,UHRDPOGPIN1,0.0
9.0,2025.0,UHRDPRBA161,0.0
9.0,2025.0,UHRDPRCR162,17568.0
9.0,2025.0,UHRDPRINCUR,0.0
9.0,2025.0,UHRDPSTFILM,0.0
9.0,2025.0,UHRDPTS10X3,0.0
9.0,2025.0,UHRDPTS14X5,0.0
9.0,2025.0,UHRDPWR0603,168.0
9.0,2025.0,UHRDPWRICS1,168.0
9.0,2025.0,UHRDQUAD46M,0.0
9.0,2025.0,UHRDRASB4RM,0.0
9.0,2025.0,UHRDRASBCOL,0.0
9.0,2025.0,UHRDRBERPAD,0.0
9.0,2025.0,UHRDRC070RL,0.0
9.0,2025.0,UHRDRC74K7L,0.0
9.0,2025.0,UHRDRECHAG1,0.0
9.0,2025.0,UHRDRED624D,0.0
9.0,2025.0,UHRDRESO450,0.0
9.0,2025.0,UHRDRGPRBAT,500.0
9.0,2025.0,UHRDRIANZSC,0.0
9.0,2025.0,UHRDRING162,600.0
9.0,2025.0,UHRDRINGA30,0.0
9.0,2025.0,UHRDRINGC63,0.0
9.0,2025.0,UHRDRINGP32,0.0
9.0,2025.0,UHRDRINGR31,0.0
9.0,2025.0,UHRDRPCHPTL,0.0
9.0,2025.0,UHRDRPCHV22,0.0
9.0,2025.0,UHRDRSS30CP,0.0
9.0,2025.0,UHRDRSTR105,90.0
9.0,2025.0,UHRDRTM1393,0.0
9.0,2025.0,UHRDRTM2392,0.0
9.0,2025.0,UHRDSCHOFIC,0.0
9.0,2025.0,UHRDSCREWS1,0.0
9.0,2025.0,UHRDSDCARD3,0.0
9.0,2025.0,UHRDSDZLC2B,0.0
9.0,2025.0,UHRDSDZLD2A,0.0
9.0,2025.0,UHRDSEAMESD,0.0
9.0,2025.0,UHRDSHDWRE2,45.0
9.0,2025.0,UHRDSHRJMPR,0.0
9.0,2025.0,UHRDSI1012R,0.0
9.0,2025.0,UHRDSILTRA2,0.0
9.0,2025.0,UHRDSILTRA3,0.0
9.0,2025.0,UHRDSIT1552,0.0
9.0,2025.0,UHRDSIT155A,0.0
9.0,2025.0,UHRDSMD01XQ,0.0
9.0,2025.0,UHRDSMD0201,148032.0
9.0,2025.0,UHRDSMD0603,0.0
9.0,2025.0,UHRDSMD10MS,0.0
9.0,2025.0,UHRDSMD1KPW,0.0
9.0,2025.0,UHRDSMD200D,0.0
9.0,2025.0,UHRDSMD526,0.0
9.0,2025.0,UHRDSMPS200,0.0
9.0,2025.0,UHRDSMPS20W,0.0
9.0,2025.0,UHRDSMSD100,0.0
9.0,2025.0,UHRDSOCKET1,0.0
9.0,2025.0,UHRDSOVOL3D,0.0
9.0,2025.0,UHRDSPLIT2V,0.0
9.0,2025.0,UHRDSTROK12,0.0
9.0,2025.0,UHRDSUPERFA,0.0
9.0,2025.0,UHRDSUPFAST,0.0
9.0,2025.0,UHRDT2855MA,0.0
9.0,2025.0,UHRDT7000BLK,0.0
9.0,2025.0,UHRDTALETE1,45.0
9.0,2025.0,UHRDTAPEMPL,0.0
9.0,2025.0,UHRDTAPEYZR,0.0
9.0,2025.0,UHRDTECHPLT,0.0
9.0,2025.0,UHRDTEMTRSR,45.0
9.0,2025.0,UHRDTHREAD4,0.0
9.0,2025.0,UHRDTITANRG,0.0
9.0,2025.0,UHRDTL2203E,0.0
9.0,2025.0,UHRDTLUM150,0.0
9.0,2025.0,UHRDTLV7573,0.0
9.0,2025.0,UHRDTOCHMNT,0.0
9.0,2025.0,UHRDTOOLBAE,0.0
9.0,2025.0,UHRDTOPP101,0.0
9.0,2025.0,UHRDTPS2260,0.0
9.0,2025.0,UHRDTPS7A03,45.0
9.0,2025.0,UHRDTRHLRES,0.0
9.0,2025.0,UHRDTSWTASM,0.0
9.0,2025.0,UHRDTUF1820,0.0
9.0,2025.0,UHRDTUK62BT,0.0
9.0,2025.0,UHRDTUKZR62,0.0
9.0,2025.0,UHRDTWERPRO,0.0
9.0,2025.0,UHRDTXS0104,0.0
9.0,2025.0,UHRDUCTCRAM,0.0
9.0,2025.0,UHRDUMK105B,405.0
9.0,2025.0,UHRDUMK107A,135.0
9.0,2025.0,UHRDUMK107B,0.0
9.0,2025.0,UHRDUNIBALL,0.0
9.0,2025.0,UHRDUNXCELL,0.0
9.0,2025.0,UHRDUSBCABL,0.0
9.0,2025.0,UHRDUSBCNTR,90.0
9.0,2025.0,UHRDUWRSTBM,0.0
9.0,2025.0,UHRDUWRSTOP,0.0
9.0,2025.0,UHRDVANITYP,0.0
9.0,2025.0,UHRDVARTECH,0.0
9.0,2025.0,UHRDVERNIER,0.0
9.0,2025.0,UHRDVINCKOL,0.0
9.0,2025.0,UHRDW25Q128,0.0
9.0,2025.0,UHRDW25Q16J,0.0
9.0,2025.0,UHRDWATCHSP,0.0
9.0,2025.0,UHRDWE1010N,0.0
9.0,2025.0,UHRDWREBOXD,0.0
9.0,2025.0,UHRDWRLSICF,45.0
9.0,2025.0,UHRDWS2812B,45.0
9.0,2025.0,UHRDWTD25ML,0.0
9.0,2025.0,UHRDXT30MLE,0.0
9.0,2025.0,UHRDXT60MAL,0.0
9.0,2025.0,UHRDZEVON12,0.0
9.0,2025.0,UHRESBOU01BO,13120.0
9.0,2025.0,UHRESNMUR8PF,6560.0
9.0,2025.0,UHRESPAN01KO,53612.0
9.0,2025.0,UHRESPAN1MOH,162561.0
9.0,2025.0,UHRESPAN47KO,155788.0
9.0,2025.0,UHRESSTA10MO,26806.0
9.0,2025.0,UHRESVIS10OH,108374.0
9.0,2025.0,UHRESYAG074O,108464.0
9.0,2025.0,UHRESYAG0OHM,54232.0
9.0,2025.0,UHRESYAG100K,134702.0
9.0,2025.0,UHRESYAG10KO,162921.0
9.0,2025.0,UHRESYAG22KO,108374.0
9.0,2025.0,UHRESYAG22MO,54187.0
9.0,2025.0,UHRESYAG22OH,54187.0
9.0,2025.0,UHRESYAG27KO,54187.0
9.0,2025.0,UHRESYAG47KO,54232.0
9.0,2025.0,UHRESYAG60KO,54187.0
9.0,2025.0,UHRFAJOH24GH,26974.0
9.0,2025.0,UHRGBTR24MAH,15177.0
9.0,2025.0,UHRGBTR32MAH,11506.0
9.0,2025.0,UHRING1.61PCBA,2497.0
9.0,2025.0,UHRING1.62PCBA,19817.0
9.0,2025.0,UHRINGECS320,7028.0
9.0,2025.0,UHRINGPCBA,4703.0
9.0,2025.0,UHROUNDTAPES05,0.0
9.0,2025.0,UHROUNDTAPES06,0.0
9.0,2025.0,UHROUNDTAPES07,0.0
9.0,2025.0,UHROUNDTAPES08,0.0
9.0,2025.0,UHROUNDTAPES09,0.0
9.0,2025.0,UHROUNDTAPES10,0.0
9.0,2025.0,UHROUNDTAPES11,0.0
9.0,2025.0,UHROUNDTAPES12,0.0
9.0,2025.0,UHRPRONRFR7,213.0
9.0,2025.0,UHRSOODAHVR,50000.0
9.0,2025.0,UHRW0.2BBS05,0.0
9.0,2025.0,UHRW0.2BBS06,0.0
9.0,2025.0,UHRW0.2BBS07,0.0
9.0,2025.0,UHRW0.2BBS08,0.0
9.0,2025.0,UHRW0.2BBS09,320.0
9.0,2025.0,UHRW0.2BBS10,0.0
9.0,2025.0,UHRW0.2BBS13,0.0
9.0,2025.0,UHRW0.2BBS14,0.0
9.0,2025.0,UHRW0.2MGS09,0.0
9.0,2025.0,UHRW0.3BBS05,0.0
9.0,2025.0,UHRW0.3BBS06,0.0
9.0,2025.0,UHRW0.3BBS07,0.0
9.0,2025.0,UHRW0.3BBS08,0.0
9.0,2025.0,UHRW0.3BBS09,0.0
9.0,2025.0,UHRW0.3BBS10,0.0
9.0,2025.0,UHRW0.3BBS11,0.0
9.0,2025.0,UHRW0.3BBS12,0.0
9.0,2025.0,UHRW0.3BBS13,0.0
9.0,2025.0,UHRW0.3BBS14,0.0
9.0,2025.0,UHRW0.3RTS07,0.0
9.0,2025.0,UHRW0.3RTS08,1680.0
9.0,2025.0,UHRW0.3RTS09,576.0
9.0,2025.0,UHRW0.3RTS09 (copy),564.0
9.0,2025.0,UHRW0.3RTS12,0.0
9.0,2025.0,UHSENSMLX36V,6560.0
9.0,2025.0,UHSSTARPTS5,0.0
9.0,2025.0,UHSSTARPTS6,0.0
9.0,2025.0,UHSSTARPTS7,0.0
9.0,2025.0,UHSTBLKMARK,0.0
9.0,2025.0,UHSTBODMARK,0.0
9.0,2025.0,UHSTCELLOPEN1,0.0
9.0,2025.0,UHSTFACEMASK,0.0
9.0,2025.0,UHSTFLTFILE,0.0
9.0,2025.0,UHSTMASKTAP,0.0
9.0,2025.0,UHSTMICCABL,0.0
9.0,2025.0,UHSTNANFILE,0.0
9.0,2025.0,UHSTOHPMARK,0.0
9.0,2025.0,UHSTOHPMARKR,0.0
9.0,2025.0,UHSTPERMARK,0.0
9.0,2025.0,UHSTPRITONER,0.0
9.0,2025.0,UHSTSKMAR07,0.0
9.0,2025.0,UHSTSPRNOTE,0.0
9.0,2025.0,UHSTWZ93302,0.0
9.0,2025.0,UHSTZIPLOCK3X4,0.0
9.0,2025.0,UHSTZIPLOCK5X7,0.0
9.0,2025.0,UHSTZPLCK10X14,0.0
9.0,2025.0,UHSWATCHAA,0.0
9.0,2025.0,UHSWATCHAG,0.0
9.0,2025.0,UHSWATCHAS,0.0
9.0,2025.0,UHSWATCHBRG,0.0
9.0,2025.0,UHSWATCHMG,0.0
9.0,2025.0,UHSWATCHRT,0.0
9.0,2025.0,UHTAPEBATPCB,82500.0
9.0,2025.0,UHTAPEDC10X8,116772.0
9.0,2025.0,UHTAPS607X145,8277.0
9.0,2025.0,UHTAPS69X363,8695.0
9.0,2025.0,UHTIJWAABS05,0.0
9.0,2025.0,UHTIJWAABS06,240.0
9.0,2025.0,UHTIJWAABS07,0.0
9.0,2025.0,UHTIJWAABS08,2666.0
9.0,2025.0,UHTIJWAABS09,2223.0
9.0,2025.0,UHTIJWAABS10,215.0
9.0,2025.0,UHTIJWAABS11,1490.0
9.0,2025.0,UHTIJWAABS12,1056.0
9.0,2025.0,UHTIJWAABS13,0.0
9.0,2025.0,UHTIJWAABS14,96.0
9.0,2025.0,UHTIJWMGLS05,0.0
9.0,2025.0,UHTIJWMGLS06,0.0
9.0,2025.0,UHTIJWMGLS07,0.0
9.0,2025.0,UHTIJWMGLS08,300.0
9.0,2025.0,UHTIJWMGLS09,543.0
9.0,2025.0,UHTIJWMGLS10,30.0
9.0,2025.0,UHTIJWMGLS11,36.0
9.0,2025.0,UHTIJWMGLS12,36.0
9.0,2025.0,UHTIJWRTLS06,0.0
9.0,2025.0,UHTIJWRTLS07,0.0
9.0,2025.0,UHTIJWRTLS08,116.0
9.0,2025.0,UHTIJWRTLS09,916.0
9.0,2025.0,UHTIJWRTLS10,924.0
9.0,2025.0,UHTIJWRTLS11,0.0
9.0,2025.0,UHTIJWRTLS12,684.0
9.0,2025.0,UHTIJWRTLS13,24.0
9.0,2025.0,UHTIJWRTLS14,108.0
9.0,2025.0,UHTRAEPC200V,54187.0
9.0,2025.0,UHTRAYCFG48,0.0
9.0,2025.0,UHUSB4105GFAN,54187.0
9.0,2025.0,UHUSBCGCT24P,45.0
9.0,2025.0,UH_RING_PRO_REV3_1,0.0
9.0,2025.0,UH_RING_PRO_REV3_2,0.0
9.0,2025.0,UNICHTEX7A02,26974.0
9.0,2025.0,W25Q128JVPIQ,45.0
9.0,2025.0,[C2 Charger FG S11] UHCH2.5FINISHS11,0.0
8.0,2025.0,687608050002,0.0
8.0,2025.0,687708050002,0.0
8.0,2025.0,FACEMASK,0.0
8.0,2025.0,SFH 7016,0.0
8.0,2025.0,UH0.2AA05,5.0
8.0,2025.0,UH0.2AA06,60.0
8.0,2025.0,UH0.2AA07,1000.0
8.0,2025.0,UH0.2AA08,60.0
8.0,2025.0,UH0.2AA09,1060.0
8.0,2025.0,UH0.2AA10,216.0
8.0,2025.0,UH0.2AA11,0.0
8.0,2025.0,UH0.2AA12,0.0
8.0,2025.0,UH0.2AA13,0.0
8.0,2025.0,UH0.2ACRMST05,0.0
8.0,2025.0,UH0.2ACRMST06,0.0
8.0,2025.0,UH0.2ACRMST07,0.0
8.0,2025.0,UH0.2ACRMST08,0.0
8.0,2025.0,UH0.2ACRMST09,0.0
8.0,2025.0,UH0.2ACRMST10,0.0
8.0,2025.0,UH0.2ACRMST11,0.0
8.0,2025.0,UH0.2ACRMST12,0.0
8.0,2025.0,UH0.2ACRMST13,0.0
8.0,2025.0,UH0.2ACRMST14,0.0
8.0,2025.0,UH0.2AG06,6.0
8.0,2025.0,UH0.2AG07,4903.0
8.0,2025.0,UH0.2AG08,4803.0
8.0,2025.0,UH0.2AG09,1769.0
8.0,2025.0,UH0.2AG10,1551.0
8.0,2025.0,UH0.2AG11,0.0
8.0,2025.0,UH0.2AG12,0.0
8.0,2025.0,UH0.2AG13,0.0
8.0,2025.0,UH0.2AG14,0.0
8.0,2025.0,UH0.2AS06,358.0
8.0,2025.0,UH0.2AS07,300.0
8.0,2025.0,UH0.2AS08,375.0
8.0,2025.0,UH0.2AS09,1124.0
8.0,2025.0,UH0.2AS10,0.0
8.0,2025.0,UH0.2AS13,0.0
8.0,2025.0,UH0.2BB09,550.0
8.0,2025.0,UH0.2BB10,0.0
8.0,2025.0,UH0.2BB13,477.0
8.0,2025.0,UH0.2BB14,73.0
8.0,2025.0,UH0.2MACHINS05,0.0
8.0,2025.0,UH0.2MACHINS06,0.0
8.0,2025.0,UH0.2MACHINS07,0.0
8.0,2025.0,UH0.2MACHINS08,0.0
8.0,2025.0,UH0.2MACHINS13,0.0
8.0,2025.0,UH0.2MG08,0.0
8.0,2025.0,UH0.2MG09,480.0
8.0,2025.0,UH0.2MG10,1392.0
8.0,2025.0,UH0.2MG11,60.0
8.0,2025.0,UH0.2MG12,60.0
8.0,2025.0,UH0.2MG13,0.0
8.0,2025.0,UH0.2MG14,0.0
8.0,2025.0,UH0.2MIRROR05,202.0
8.0,2025.0,UH0.2MIRROR06,653.0
8.0,2025.0,UH0.2MIRROR07,991.0
8.0,2025.0,UH0.2MIRROR08,91.0
8.0,2025.0,UH0.2MIRROR09,80.0
8.0,2025.0,UH0.2MIRROR10,595.0
8.0,2025.0,UH0.2MIRROR11,27.0
8.0,2025.0,UH0.2MIRROR12,1.0
8.0,2025.0,UH0.2MIRROR13,2.0
8.0,2025.0,UH0.2RT05,0.0
8.0,2025.0,UH0.2RT08,960.0
8.0,2025.0,UH0.2RT09,720.0
8.0,2025.0,UH0.2RT10,720.0
8.0,2025.0,UH0.3BRUSHAG14,0.0
8.0,2025.0,UH0805RSVS0O,0.0
8.0,2025.0,UHACCSTM6DSO,26828.0
8.0,2025.0,UHACRPOLMSTS05,0.0
8.0,2025.0,UHACRPOLMSTS06,0.0
8.0,2025.0,UHACRPOLMSTS07,0.0
8.0,2025.0,UHACRPOLMSTS08,0.0
8.0,2025.0,UHACRPOLMSTS09,0.0
8.0,2025.0,UHACRPOLMSTS10,0.0
8.0,2025.0,UHACRPOLMSTS11,0.0
8.0,2025.0,UHACRPOLMSTS12,0.0
8.0,2025.0,UHACRPOLMSTS13,0.0
8.0,2025.0,UHACRPOLMSTS14,0.0
8.0,2025.0,UHACRSHTFLSH,0.0
8.0,2025.0,UHACRUNPOLMSTS05,0.0
8.0,2025.0,UHACRUNPOLMSTS06,0.0
8.0,2025.0,UHACRUNPOLMSTS08,0.0
8.0,2025.0,UHACRUNPOLMSTS09,0.0
8.0,2025.0,UHACRUNPOLMSTS11,0.0
8.0,2025.0,UHACRUNPOLMSTS12,0.0
8.0,2025.0,UHACRUNPOLMSTS13,0.0
8.0,2025.0,UHACRUNPOLMSTS14,0.0
8.0,2025.0,UHAIRBEADBS08,0.0
8.0,2025.0,UHAIRG0LDS05,0.0
8.0,2025.0,UHAIRG0LDS06,0.0
8.0,2025.0,UHAIRG0LDS07,0.0
8.0,2025.0,UHAIRG0LDS08,0.0
8.0,2025.0,UHAIRG0LDS09,0.0
8.0,2025.0,UHAIRG0LDS10,0.0
8.0,2025.0,UHAIRG0LDS11,5.0
8.0,2025.0,UHAIRG0LDS12,5.0
8.0,2025.0,UHAIRG0LDS13,5.0
8.0,2025.0,UHAIRG0LDS14,5.0
8.0,2025.0,UHAIRMACSHL08,0.0
8.0,2025.0,UHAIRMACSHL10,28.0
8.0,2025.0,UHAIRMACSHL14,272.0
8.0,2025.0,UHAIRMIRSHEL05,757.0
8.0,2025.0,UHAIRMIRSHEL06,0.0
8.0,2025.0,UHAIRMIRSHEL07,0.0
8.0,2025.0,UHAIRMIRSHEL08,434.0
8.0,2025.0,UHAIRMIRSHEL09,0.0
8.0,2025.0,UHAIRMIRSHEL10,108.0
8.0,2025.0,UHAIRMIRSHEL11,1185.0
8.0,2025.0,UHAIRMIRSHEL12,0.0
8.0,2025.0,UHAIRMIRSHEL13,109.0
8.0,2025.0,UHAIRMIRSHEL14,0.0
8.0,2025.0,UHAIRSILVS05,0.0
8.0,2025.0,UHAIRSILVS06,120.0
8.0,2025.0,UHAIRSILVS07,0.0
8.0,2025.0,UHAIRSILVS09,0.0
8.0,2025.0,UHAIRSILVS10,0.0
8.0,2025.0,UHAIRSILVS11,60.0
8.0,2025.0,UHAIRSILVS12,0.0
8.0,2025.0,UHAIRSILVS14,12.0
8.0,2025.0,UHALSHELLS05,0.0
8.0,2025.0,UHALSHELLS06,0.0
8.0,2025.0,UHALSHELLS07,0.0
8.0,2025.0,UHALSHELLS08,0.0
8.0,2025.0,UHALSHELLS09,0.0
8.0,2025.0,UHALSHELLS10,0.0
8.0,2025.0,UHALSHELLS11,0.0
8.0,2025.0,UHALSHELLS12,0.0
8.0,2025.0,UHALSHELLS13,0.0
8.0,2025.0,UHALSHELLS14,0.0
8.0,2025.0,UHARPR161PB,0.0
8.0,2025.0,UHARSIT32KC,0.0
8.0,2025.0,UHARTITMPSN,6275.0
8.0,2025.0,UHARTSRGBR11,0.0
8.0,2025.0,UHARTSRGBR9,0.0
8.0,2025.0,UHASRINGTRY,0.0
8.0,2025.0,UHBLTP204M7M,0.0
8.0,2025.0,UHBOTTOMPADS,40700.0
8.0,2025.0,UHBOXTBTTRAY,0.0
8.0,2025.0,UHBOXTOPTRAY,0.0
8.0,2025.0,UHBRUSBCABLE,0.0
8.0,2025.0,UHBRUSHARG05,0.0
8.0,2025.0,UHBRUSHARG06,0.0
8.0,2025.0,UHBRUSHARG07,0.0
8.0,2025.0,UHBRUSHARG08,0.0
8.0,2025.0,UHBRUSHARG09,0.0
8.0,2025.0,UHBRUSHARG10,36.0
8.0,2025.0,UHBRUSHARG11,132.0
8.0,2025.0,UHBRUSHARG12,60.0
8.0,2025.0,UHBRUSHARG13,96.0
8.0,2025.0,UHBRUSHARG14,36.0
8.0,2025.0,UHBRUSHMACHS10,0.0
8.0,2025.0,UHBRUSHMACHS14,50.0
8.0,2025.0,UHC2068NF50V,93502.0
8.0,2025.0,UHC2100NF50V,93502.0
8.0,2025.0,UHC2C10UF50V,93502.0
8.0,2025.0,UHC2C1KPF50V,93502.0
8.0,2025.0,UHC2C47PF25V,93502.0
8.0,2025.0,UHC2CUMO10MA,46751.0
8.0,2025.0,UHC2FB30OM1L,46751.0
8.0,2025.0,UHC2FFCCN4P,46751.0
8.0,2025.0,UHC2INDU6.8UH,46751.0
8.0,2025.0,UHC2PCBAREV21,44102.0
8.0,2025.0,UHC2PCBREV21,46751.0
8.0,2025.0,UHC2RES0OM42,140253.0
8.0,2025.0,UHC2RES0OM85,46751.0
8.0,2025.0,UHC2RES27OHM,93502.0
8.0,2025.0,UHC2TRCL72UH,40700.0
8.0,2025.0,UHC3BASEPAINT,5850.0
8.0,2025.0,UHC3BOTTPAD,3402.0
8.0,2025.0,UHC3FINFGS05,0.0
8.0,2025.0,UHC3FINFGS06,0.0
8.0,2025.0,UHC3FINFGS07,0.0
8.0,2025.0,UHC3FINFGS08,0.0
8.0,2025.0,UHC3FINFGS09,0.0
8.0,2025.0,UHC3FINFGS10,0.0
8.0,2025.0,UHC3FINFGS11,0.0
8.0,2025.0,UHC3FINFGS12,0.0
8.0,2025.0,UHC3FINFGS13,0.0
8.0,2025.0,UHC3FINFGS14,0.0
8.0,2025.0,UHC3LASERTOPS05,350.0
8.0,2025.0,UHC3LASERTOPS06,900.0
8.0,2025.0,UHC3LASERTOPS07,900.0
8.0,2025.0,UHC3LASERTOPS08,0.0
8.0,2025.0,UHC3LASERTOPS09,300.0
8.0,2025.0,UHC3LASERTOPS10,0.0
8.0,2025.0,UHC3LASERTOPS11,500.0
8.0,2025.0,UHC3LASERTOPS12,190.0
8.0,2025.0,UHC3LASERTOPS13,50.0
8.0,2025.0,UHC3LASERTOPS14,200.0
8.0,2025.0,UHC3LGFGS05,1.0
8.0,2025.0,UHC3LGFGS06,0.0
8.0,2025.0,UHC3LGFGS07,0.0
8.0,2025.0,UHC3LGFGS08,4.0
8.0,2025.0,UHC3LGFGS09,0.0
8.0,2025.0,UHC3LGFGS10,0.0
8.0,2025.0,UHC3LGFGS11,0.0
8.0,2025.0,UHC3LGFGS12,0.0
8.0,2025.0,UHC3LGFGS13,0.0
8.0,2025.0,UHC3LGFGS14,0.0
8.0,2025.0,UHC3LPFGS05,0.0
8.0,2025.0,UHC3LPFGS07,0.0
8.0,2025.0,UHC3LPFGS09,2.0
8.0,2025.0,UHC3LPFGS10,0.0
8.0,2025.0,UHC3LPFGS11,0.0
8.0,2025.0,UHC3LPFGS12,1.0
8.0,2025.0,UHC3LPFGS13,0.0
8.0,2025.0,UHC3LPFGS14,0.0
8.0,2025.0,UHC3LRFGS05,0.0
8.0,2025.0,UHC3LRFGS06,0.0
8.0,2025.0,UHC3LRFGS07,0.0
8.0,2025.0,UHC3LRFGS08,0.0
8.0,2025.0,UHC3LRFGS09,1.0
8.0,2025.0,UHC3LRFGS10,0.0
8.0,2025.0,UHC3LRFGS11,0.0
8.0,2025.0,UHC3LRFGS12,0.0
8.0,2025.0,UHC3LRFGS13,0.0
8.0,2025.0,UHC3LRFGS14,0.0
8.0,2025.0,UHC3PAINBASES05,350.0
8.0,2025.0,UHC3PAINBASES06,900.0
8.0,2025.0,UHC3PAINBASES07,900.0
8.0,2025.0,UHC3PAINBASES08,0.0
8.0,2025.0,UHC3PAINBASES09,300.0
8.0,2025.0,UHC3PAINBASES10,0.0
8.0,2025.0,UHC3PAINBASES11,500.0
8.0,2025.0,UHC3PAINBASES12,190.0
8.0,2025.0,UHC3PAINBASES13,50.0
8.0,2025.0,UHC3PAINBASES14,200.0
8.0,2025.0,UHC3PAINTOPS07,0.0
8.0,2025.0,UHC3PAINTOPS09,0.0
8.0,2025.0,UHC3TRANTOPS05,1012.0
8.0,2025.0,UHC3TRANTOPS06,3400.0
8.0,2025.0,UHC3TRANTOPS07,700.0
8.0,2025.0,UHC3TRANTOPS08,4680.0
8.0,2025.0,UHC3TRANTOPS09,2350.0
8.0,2025.0,UHC3TRANTOPS10,1764.0
8.0,2025.0,UHC3TRANTOPS11,2523.0
8.0,2025.0,UHC3TRANTOPS12,1374.0
8.0,2025.0,UHC3TXCOIL,3402.0
8.0,2025.0,UHCAPMUR01UF,146689.0
8.0,2025.0,UHCAPMUR047F,19362.0
8.0,2025.0,UHCAPMUR10UF,467510.0
8.0,2025.0,UHCAPMUR12PF,78270.0
8.0,2025.0,UHCAPMUR220F,46751.0
8.0,2025.0,UHCAPMUR22UF,19218.0
8.0,2025.0,UHCAPMUR820F,26972.0
8.0,2025.0,UHCAPMURE14D,514261.0
8.0,2025.0,UHCAPMURE1UF,153744.0
8.0,2025.0,UHCAPSAM22UF,19218.0
8.0,2025.0,UHCAPSAM43UF,26972.0
8.0,2025.0,UHCAPTAY27PF,26708.0
8.0,2025.0,UHCAPYAG10PF,12163.0
8.0,2025.0,UHCH2COHOS05,1000.0
8.0,2025.0,UHCH2COHOS06,3800.0
8.0,2025.0,UHCH2COHOS07,11200.0
8.0,2025.0,UHCH2COHOS08,10800.0
8.0,2025.0,UHCH2COHOS09,6000.0
8.0,2025.0,UHCH2COHOS10,4200.0
8.0,2025.0,UHCH2COHOS11,1800.0
8.0,2025.0,UHCH2COHOS12,1400.0
8.0,2025.0,UHCH2COHOS13,500.0
8.0,2025.0,UHCH2COHOS14,0.0
8.0,2025.0,UHCH2FINISHS05,468.0
8.0,2025.0,UHCH2FINISHS06,1596.0
8.0,2025.0,UHCH2FINISHS07,4734.0
8.0,2025.0,UHCH2FINISHS08,4423.0
8.0,2025.0,UHCH2FINISHS09,4015.0
8.0,2025.0,UHCH2FINISHS10,2471.0
8.0,2025.0,UHCH2FINISHS11,695.0
8.0,2025.0,UHCH2FINISHS12,526.0
8.0,2025.0,UHCH2FINISHS13,247.0
8.0,2025.0,UHCH2FINISHS14,59.0
8.0,2025.0,UHCHA2BASS05,1000.0
8.0,2025.0,UHCHA2BASS06,3800.0
8.0,2025.0,UHCHA2BASS07,11200.0
8.0,2025.0,UHCHA2BASS08,10800.0
8.0,2025.0,UHCHA2BASS09,6000.0
8.0,2025.0,UHCHA2BASS10,4200.0
8.0,2025.0,UHCHA2BASS11,1800.0
8.0,2025.0,UHCHA2BASS12,1400.0
8.0,2025.0,UHCHA2BASS13,500.0
8.0,2025.0,UHCHARTOPS05,1000.0
8.0,2025.0,UHCHARTOPS06,3800.0
8.0,2025.0,UHCHARTOPS07,11200.0
8.0,2025.0,UHCHARTOPS08,10800.0
8.0,2025.0,UHCHARTOPS09,6000.0
8.0,2025.0,UHCHARTOPS10,4200.0
8.0,2025.0,UHCHARTOPS11,1800.0
8.0,2025.0,UHCHARTOPS12,1400.0
8.0,2025.0,UHCHARTOPS13,500.0
8.0,2025.0,UHCHARTOPS14,0.0
8.0,2025.0,UHCHCOMPERJ,46751.0
8.0,2025.0,UHCMPCHKGS10,0.0
8.0,2025.0,UHCMPCHKGS11,0.0
8.0,2025.0,UHCMPCHKGS12,0.0
8.0,2025.0,UHCMPCHKGS13,0.0
8.0,2025.0,UHCMPCHKGS14,0.0
8.0,2025.0,UHCMPCHKGS5,0.0
8.0,2025.0,UHCMPCHKGS6,0.0
8.0,2025.0,UHCMPCHKGS7,0.0
8.0,2025.0,UHCMPCHKGS8,0.0
8.0,2025.0,UHCMPCHKGS9,0.0
8.0,2025.0,UHCONSACETON,0.0
8.0,2025.0,UHCONSACRVARNISH,0.0
8.0,2025.0,UHCONSACRYBIG,0.0
8.0,2025.0,UHCONSACRYSML,0.0
8.0,2025.0,UHCONSCLOTH,0.0
8.0,2025.0,UHCONSCLSWAB,0.0
8.0,2025.0,UHCONSDBRBLD,0.0
8.0,2025.0,UHCONSDBRTL,0.0
8.0,2025.0,UHCONSEARBD,0.0
8.0,2025.0,UHCONSEARBUD,0.0
8.0,2025.0,UHCONSEMR1000,0.0
8.0,2025.0,UHCONSEMR1500,0.0
8.0,2025.0,UHCONSEMR2000,0.0
8.0,2025.0,UHCONSEMR2500,0.0
8.0,2025.0,UHCONSEMR600,0.0
8.0,2025.0,UHCONSFEVICRL,0.0
8.0,2025.0,UHCONSFILTRCLOTH,0.0
8.0,2025.0,UHCONSFINGCOT,0.0
8.0,2025.0,UHCONSIPA,0.0
8.0,2025.0,UHCONSJSSPR,0.0
8.0,2025.0,UHCONSLAQUERPAI,0.0
8.0,2025.0,UHCONSLOC406,0.0
8.0,2025.0,UHCONSLOC495,0.0
8.0,2025.0,UHCONSNTRLGLOV,0.0
8.0,2025.0,UHCONSPAINTBRSH,0.0
8.0,2025.0,UHCONSPOL3M,0.0
8.0,2025.0,UHCONSPOLPAD,0.0
8.0,2025.0,UHCONSPRSPRAY,0.0
8.0,2025.0,UHCONSSHIPCLOTH,0.0
8.0,2025.0,UHCONSSICOMET,0.0
8.0,2025.0,UHCONSSIHARD,0.0
8.0,2025.0,UHCONSSIRES,0.0
8.0,2025.0,UHCONSSTPPINLRG,0.0
8.0,2025.0,UHCONSSTPPINSML,0.0
8.0,2025.0,UHCONSSURBLDE,0.0
8.0,2025.0,UHCONSTAPE2TRNS,0.0
8.0,2025.0,UHCONSTOOTPICK,0.0
8.0,2025.0,UHCRYDIO32MH,14665.0
8.0,2025.0,UHDEBONDGLUE,0.0
8.0,2025.0,UHDIOCOMT33V,46751.0
8.0,2025.0,UHDIODIO100V,46751.0
8.0,2025.0,UHDIODIOI40V,46751.0
8.0,2025.0,UHDIODIOI75V,46751.0
8.0,2025.0,UHDIOSMCAV99,46751.0
8.0,2025.0,UHDIOTEXI14V,46895.0
8.0,2025.0,UHDISLDBS07,2.0
8.0,2025.0,UHDISLDBS10,2.0
8.0,2025.0,UHDISLDBS11,1.0
8.0,2025.0,UHDLASYFGGSS08,0.0
8.0,2025.0,UHDLASYFGMSS05,0.0
8.0,2025.0,UHDLASYFGSLS05,0.0
8.0,2025.0,UHFERRTSHTUNCUT,300.8
8.0,2025.0,UHFQCAUTMAC,0.0
8.0,2025.0,UHFSJW10M8M,88204.0
8.0,2025.0,UHFSJW5.6M7M,0.0
8.0,2025.0,UHHOMDALBAS,0.0
8.0,2025.0,UHHOMDALTOP,0.0
8.0,2025.0,UHHOMDBUTON,0.0
8.0,2025.0,UHHOMDSWTCH,0.0
8.0,2025.0,UHHRDOODLVR,0.0
8.0,2025.0,UHHROODAHVR,0.0
8.0,2025.0,UHHWSS1.8X6-H,176408.0
8.0,2025.0,UHHWSSM1.8X6S,0.0
8.0,2025.0,UHICHANA4124,26972.0
8.0,2025.0,UHICHNRF5284,26972.0
8.0,2025.0,UHICHSTM3117,26708.0
8.0,2025.0,UHICHSTM32G0,46751.0
8.0,2025.0,UHICHTEXLMR6,46751.0
8.0,2025.0,UHICHTEXTLV7,46751.0
8.0,2025.0,UHICHTEXTMP1,46751.0
8.0,2025.0,UHICHTEXTPS2,46751.0
8.0,2025.0,UHICHTEXUCC2,46751.0
8.0,2025.0,UHIND2213A156,93502.0
8.0,2025.0,UHINDKYO15NH,26972.0
8.0,2025.0,UHINDMUR1OUH,26972.0
8.0,2025.0,UHLEDWOR812B,46751.0
8.0,2025.0,UHLUXAGBASES05,2.0
8.0,2025.0,UHLUXAGBASES06,0.0
8.0,2025.0,UHLUXAGBASES07,0.0
8.0,2025.0,UHLUXAGBASES08,4.0
8.0,2025.0,UHLUXAGBASES09,0.0
8.0,2025.0,UHLUXAGBASES10,0.0
8.0,2025.0,UHLUXAGBASES11,0.0
8.0,2025.0,UHLUXAGBASES12,0.0
8.0,2025.0,UHLUXAGBASES13,0.0
8.0,2025.0,UHLUXAGBASES14,0.0
8.0,2025.0,UHLUXAGS05-S11,6.0
8.0,2025.0,UHLUXAGS12-S14,0.0
8.0,2025.0,UHLUXASBASES05,0.0
8.0,2025.0,UHLUXASBASES06,0.0
8.0,2025.0,UHLUXASBASES07,0.0
8.0,2025.0,UHLUXASBASES08,0.0
8.0,2025.0,UHLUXASBASES09,4.0
8.0,2025.0,UHLUXASBASES10,0.0
8.0,2025.0,UHLUXASBASES11,0.0
8.0,2025.0,UHLUXASBASES12,1.0
8.0,2025.0,UHLUXASBASES13,0.0
8.0,2025.0,UHLUXASBASES14,0.0
8.0,2025.0,UHLUXASCHRGS05,0.0
8.0,2025.0,UHLUXASCHRGS07,0.0
8.0,2025.0,UHLUXASCHRGS10,0.0
8.0,2025.0,UHLUXASCHRGS11,0.0
8.0,2025.0,UHLUXASCHRGS12,0.0
8.0,2025.0,UHLUXASCHRGS13,0.0
8.0,2025.0,UHLUXASCHRGS14,0.0
8.0,2025.0,UHLUXASS05-S11,4.0
8.0,2025.0,UHLUXASS12-S14,1.0
8.0,2025.0,UHLUXCHTOPS05,2.0
8.0,2025.0,UHLUXCHTOPS06,0.0
8.0,2025.0,UHLUXCHTOPS07,0.0
8.0,2025.0,UHLUXCHTOPS08,4.0
8.0,2025.0,UHLUXCHTOPS09,5.0
8.0,2025.0,UHLUXCHTOPS10,0.0
8.0,2025.0,UHLUXCHTOPS11,0.0
8.0,2025.0,UHLUXCHTOPS12,1.0
8.0,2025.0,UHLUXCHTOPS13,0.0
8.0,2025.0,UHLUXCHTOPS14,0.0
8.0,2025.0,UHLUXDIECUT,12.0
8.0,2025.0,UHLUXGLUE,0.0
8.0,2025.0,UHLUXRGBASES05,0.0
8.0,2025.0,UHLUXRGBASES06,0.0
8.0,2025.0,UHLUXRGBASES07,0.0
8.0,2025.0,UHLUXRGBASES08,0.0
8.0,2025.0,UHLUXRGBASES09,1.0
8.0,2025.0,UHLUXRGBASES10,0.0
8.0,2025.0,UHLUXRGBASES11,0.0
8.0,2025.0,UHLUXRGBASES12,0.0
8.0,2025.0,UHLUXRGBASES13,0.0
8.0,2025.0,UHLUXRGBASES14,0.0
8.0,2025.0,UHLUXRGCHRGS05,0.0
8.0,2025.0,UHLUXRGCHRGS06,0.0
8.0,2025.0,UHLUXRGCHRGS07,0.0
8.0,2025.0,UHLUXRGCHRGS08,0.0
8.0,2025.0,UHLUXRGCHRGS10,0.0
8.0,2025.0,UHLUXRGCHRGS11,0.0
8.0,2025.0,UHLUXRGCHRGS12,0.0
8.0,2025.0,UHLUXRGCHRGS13,0.0
8.0,2025.0,UHLUXRGCHRGS14,0.0
8.0,2025.0,UHLUXRGS05-S11,1.0
8.0,2025.0,UHLUXRGS12-S14,0.0
8.0,2025.0,UHLUXRXCS05,2.0
8.0,2025.0,UHLUXRXCS08,4.0
8.0,2025.0,UHLUXRXCS09,4.0
8.0,2025.0,UHLUXRXCS10,0.0
8.0,2025.0,UHLUXRXCS12,1.0
8.0,2025.0,UHLUXYGCHRGS05,0.0
8.0,2025.0,UHLUXYGCHRGS06,0.0
8.0,2025.0,UHLUXYGCHRGS07,0.0
8.0,2025.0,UHLUXYGCHRGS08,0.0
8.0,2025.0,UHLUXYGCHRGS09,0.0
8.0,2025.0,UHLUXYGCHRGS10,0.0
8.0,2025.0,UHLUXYGCHRGS11,0.0
8.0,2025.0,UHLUXYGCHRGS12,0.0
8.0,2025.0,UHLUXYGCHRGS13,0.0
8.0,2025.0,UHLUXYGCHRGS14,0.0
8.0,2025.0,UHMAGCABLE,0.0
8.0,2025.0,UHOPSANA61EF,26972.0
8.0,2025.0,UHOSCECS27MH,46751.0
8.0,2025.0,UHPCBREV1556,7490.0
8.0,2025.0,UHPCBREV15S6,12163.0
8.0,2025.0,UHPCBRXCOS05,10.0
8.0,2025.0,UHPCBRXCOS06,544.0
8.0,2025.0,UHPCBRXCOS07,5203.0
8.0,2025.0,UHPCBRXCOS08,6198.0
8.0,2025.0,UHPCBRXCOS09,4153.0
8.0,2025.0,UHPCBRXCOS10,4185.0
8.0,2025.0,UHPCBRXCOS11,317.0
8.0,2025.0,UHPCBRXCOS12,173.0
8.0,2025.0,UHPCBRXCOS13,149.0
8.0,2025.0,UHPCBRXCOS14,89.0
8.0,2025.0,UHPLASIZRS05,0.0
8.0,2025.0,UHPLASIZRS06,0.0
8.0,2025.0,UHPLASIZRS07,0.0
8.0,2025.0,UHPLASIZRS08,0.0
8.0,2025.0,UHPLASIZRS09,0.0
8.0,2025.0,UHPLASIZRS10,0.0
8.0,2025.0,UHPLASIZRS11,0.0
8.0,2025.0,UHPLASIZRS12,0.0
8.0,2025.0,UHPLASIZRS13,0.0
8.0,2025.0,UHPLASIZRS14,0.0
8.0,2025.0,UHPRINTBATPCB,0.0
8.0,2025.0,UHRAREPLATINS07,0.0
8.0,2025.0,UHRAREPLATINS08,0.0
8.0,2025.0,UHRAREPLATINS09,3.0
8.0,2025.0,UHRAREPLATINS10,0.0
8.0,2025.0,UHRAREPLATINS11,0.0
8.0,2025.0,UHRAREPLATINS12,1.0
8.0,2025.0,UHRAREPLATINS13,0.0
8.0,2025.0,UHRARERSG0LDS07,0.0
8.0,2025.0,UHRARERSG0LDS08,0.0
8.0,2025.0,UHRARERSG0LDS09,1.0
8.0,2025.0,UHRARERSG0LDS10,0.0
8.0,2025.0,UHRARERSG0LDS11,0.0
8.0,2025.0,UHRARERSG0LDS12,0.0
8.0,2025.0,UHRAREYLG0LDS05,2.0
8.0,2025.0,UHRAREYLG0LDS07,0.0
8.0,2025.0,UHRAREYLG0LDS08,4.0
8.0,2025.0,UHRAREYLG0LDS10,0.0
8.0,2025.0,UHRAREYLG0LDS11,0.0
8.0,2025.0,UHRD01UFX7R,54422.0
8.0,2025.0,UHRD01X7S26,14809.0
8.0,2025.0,UHRD0201AEC,0.0
8.0,2025.0,UHRD0201X6S,1992.0
8.0,2025.0,UHRD022UF10,0.0
8.0,2025.0,UHRD040ZT2A,0.0
8.0,2025.0,UHRD0710KLR,0.0
8.0,2025.0,UHRD100IBS1,0.0
8.0,2025.0,UHRD196AEC2,0.0
8.0,2025.0,UHRD1CIL270,0.0
8.0,2025.0,UHRD20ATCSF,0.0
8.0,2025.0,UHRD20AWGKT,0.0
8.0,2025.0,UHRD20PPM92,0.0
8.0,2025.0,UHRD2121003,0.0
8.0,2025.0,UHRD2200PF5,0.0
8.0,2025.0,UHRD22UFX51,7754.0
8.0,2025.0,UHRD2336FLX,0.0
8.0,2025.0,UHRD2450ATE,0.0
8.0,2025.0,UHRD25COGPF,0.0
8.0,2025.0,UHRD25VDCX8,0.0
8.0,2025.0,UHRD330AEC2,0.0
8.0,2025.0,UHRD3330160,0.0
8.0,2025.0,UHRD39NHMA6,144.0
8.0,2025.0,UHRD39SRAKV,0.0
8.0,2025.0,UHRD3DPRINT,0.0
8.0,2025.0,UHRD3DV5ABS,0.0
8.0,2025.0,UHRD3N3BT20,0.0
8.0,2025.0,UHRD3PLTRNR,0.0
8.0,2025.0,UHRD40PSTCT,0.0
8.0,2025.0,UHRD472608M,0.0
8.0,2025.0,UHRD499RSTR,0.0
8.0,2025.0,UHRD578ETST,0.0
8.0,2025.0,UHRD66AUTVE,0.0
8.0,2025.0,UHRD6871011,0.0
8.0,2025.0,UHRD6878211,0.0
8.0,2025.0,UHRD82112X3,0.0
8.0,2025.0,UHRD8751001,0.0
8.0,2025.0,UHRD903004B,0.0
8.0,2025.0,UHRDAC0201F,264.0
8.0,2025.0,UHRDACDCADT,0.0
8.0,2025.0,UHRDACYLICT,0.0
8.0,2025.0,UHRDADHSIVE,0.0
8.0,2025.0,UHRDADHSIVE (red),0.0
8.0,2025.0,UHRDADM8613,0.0
8.0,2025.0,UHRDADPTER1,0.0
8.0,2025.0,UHRDAECQ200,0.0
8.0,2025.0,UHRDAFE4432,0.0
8.0,2025.0,UHRDAMIC201,0.0
8.0,2025.0,UHRDANTENA1,0.0
8.0,2025.0,UHRDAP211G1,0.0
8.0,2025.0,UHRDAP2TRG1,0.0
8.0,2025.0,UHRDASIATIC,0.0
8.0,2025.0,UHRDB3U00PM,0.0
8.0,2025.0,UHRDBASE10M,0.0
8.0,2025.0,UHRDBATRIES,0.0
8.0,2025.0,UHRDBATT225,20.0
8.0,2025.0,UHRDBATTERY,0.0
8.0,2025.0,UHRDBENEC23,0.0
8.0,2025.0,UHRDBENECRE,0.0
8.0,2025.0,UHRDBLEAIR6,0.0
8.0,2025.0,UHRDBLKCHRG,0.0
8.0,2025.0,UHRDBLMTN1D,0.0
8.0,2025.0,UHRDBLUETUB,0.0
8.0,2025.0,UHRDBM29B06333,175.0
8.0,2025.0,UHRDBOIT100,0.0
8.0,2025.0,UHRDBOSCHGS,0.0
8.0,2025.0,UHRDBRDTMPE,8534.0
8.0,2025.0,UHRDBTG24MAH,15.0
8.0,2025.0,UHRDBTG28MAH,10.0
8.0,2025.0,UHRDBTG32MAH,20.0
8.0,2025.0,UHRDBTRYAO4,0.0
8.0,2025.0,UHRDC0402TU,264.0
8.0,2025.0,UHRDC1680AA,0.0
8.0,2025.0,UHRDC1H1R2W,0.0
8.0,2025.0,UHRDC5X10MM,0.0
8.0,2025.0,UHRDC6X10MM,0.0
8.0,2025.0,UHRDCBSS138,0.0
8.0,2025.0,UHRDCCMC102,0.0
8.0,2025.0,UHRDCGA50BE,0.0
8.0,2025.0,UHRDCHGERPR,0.0
8.0,2025.0,UHRDCHGFAB3,0.0
8.0,2025.0,UHRDCHRGR30,0.0
8.0,2025.0,UHRDCL03A22,0.0
8.0,2025.0,UHRDCL05B1K,0.0
8.0,2025.0,UHRDCNL320X,0.0
8.0,2025.0,UHRDCOGNPO1,0.0
8.0,2025.0,UHRDCOTIG07,0.0
8.0,2025.0,UHRDCR0402P,0.0
8.0,2025.0,UHRDCUSO500,0.0
8.0,2025.0,UHRDCUTTER1,0.0
8.0,2025.0,UHRDDEF2MP2,0.0
8.0,2025.0,UHRDDIYCRET,0.0
8.0,2025.0,UHRDDMP25U7,0.0
8.0,2025.0,UHRDDRV2605,0.0
8.0,2025.0,UHRDDS1921H,0.0
8.0,2025.0,UHRDDURCELL,0.0
8.0,2025.0,UHRDDWM3001,0.0
8.0,2025.0,UHRDEC34BTR,0.0
8.0,2025.0,UHRDEDGEL12,0.0
8.0,2025.0,UHRDENONGUN,0.0
8.0,2025.0,UHRDERA303X,0.0
8.0,2025.0,UHRDERJ010X,0.0
8.0,2025.0,UHRDERJ1R0C,0.0
8.0,2025.0,UHRDERJ200X,0.0
8.0,2025.0,UHRDERJ343X,0.0
8.0,2025.0,UHRDESD350M,0.0
8.0,2025.0,UHRDESDGUN1,0.0
8.0,2025.0,UHRDESVQ200,0.0
8.0,2025.0,UHRDEXPLYBX,0.0
8.0,2025.0,UHRDFLHNOR7,0.0
8.0,2025.0,UHRDFMM19TA,0.0
8.0,2025.0,UHRDFNHAIR8,0.0
8.0,2025.0,UHRDFOAMGAS,0.0
8.0,2025.0,UHRDGCQH4R2,0.0
8.0,2025.0,UHRDGNRLTOP,0.0
8.0,2025.0,UHRDGRM188C,0.0
8.0,2025.0,UHRDGRM225D,7754.0
8.0,2025.0,UHRDGRME19D,0.0
8.0,2025.0,UHRDGRR611D,0.0
8.0,2025.0,UHRDGUJM0335,144.0
8.0,2025.0,UHRDHAPTIC1,0.0
8.0,2025.0,UHRDHDMIJOT,0.0
8.0,2025.0,UHRDHINGZB1,0.0
8.0,2025.0,UHRDINDRF15,0.0
8.0,2025.0,UHRDISP1907,0.0
8.0,2025.0,UHRDJBWELD1,0.0
8.0,2025.0,UHRDJUMPER2,0.0
8.0,2025.0,UHRDJYRLYI1,0.0
8.0,2025.0,UHRDKEMET2A,0.0
8.0,2025.0,UHRDKSKYNDL,0.0
8.0,2025.0,UHRDLDLILED,0.0
8.0,2025.0,UHRDLIFY2PR,0.0
8.0,2025.0,UHRDLNRSOT5,0.0
8.0,2025.0,UHRDLOCT595,0.0
8.0,2025.0,UHRDLOCTIT2,0.0
8.0,2025.0,UHRDLOJSLIM,0.0
8.0,2025.0,UHRDLSM6DSV,144.0
8.0,2025.0,UHRDLSMSVTR,0.0
8.0,2025.0,UHRDM1SCRMM,0.0
8.0,2025.0,UHRDM6X80BN,0.0
8.0,2025.0,UHRDMANGNET,0.0
8.0,2025.0,UHRDMAX2035,0.0
8.0,2025.0,UHRDMAX9835,0.0
8.0,2025.0,UHRDMAX983T,0.0
8.0,2025.0,UHRDMCPCIOT,0.0
8.0,2025.0,UHRDMCTP500,0.0
8.0,2025.0,UHRDMDE1210,0.0
8.0,2025.0,UHRDMETHETH,0.0
8.0,2025.0,UHRDMFTARY9,0.0
8.0,2025.0,UHRDMINIBET,0.0
8.0,2025.0,UHRDMIRROR9,0.0
8.0,2025.0,UHRDMJTP117,0.0
8.0,2025.0,UHRDMLYRCIP,0.0
8.0,2025.0,UHRDMOLDV22,0.0
8.0,2025.0,UHRDMS10X75,0.0
8.0,2025.0,UHRDMSASE06,7610.0
8.0,2025.0,UHRDMSNUT10,0.0
8.0,2025.0,UHRDMTYQ200,0.0
8.0,2025.0,UHRDNCP15XH,0.0
8.0,2025.0,UHRDNOATAPE,0.0
8.0,2025.0,UHRDNRF5284,0.0
8.0,2025.0,UHRDNRF5340,0.0
8.0,2025.0,UHRDNSR05F4,528.0
8.0,2025.0,UHRDNTCG063,0.0
8.0,2025.0,UHRDORING11,0.0
8.0,2025.0,UHRDORING70,0.0
8.0,2025.0,UHRDOTOLSOP,0.0
8.0,2025.0,UHRDPH09421,0.0
8.0,2025.0,UHRDPHROZEN,0.0
8.0,2025.0,UHRDPIPEBSH,0.0
8.0,2025.0,UHRDPJA3431,0.0
8.0,2025.0,UHRDPNUEMAT,0.0
8.0,2025.0,UHRDPOLPLUS,0.0
8.0,2025.0,UHRDPRCR162,0.0
8.0,2025.0,UHRDPVCTAPE,0.0
8.0,2025.0,UHRDPWR0603,0.0
8.0,2025.0,UHRDPWRICS1,144.0
8.0,2025.0,UHRDRC0402K,0.0
8.0,2025.0,UHRDRC070RL,0.0
8.0,2025.0,UHRDRC071KL,0.0
8.0,2025.0,UHRDRC470RL,0.0
8.0,2025.0,UHRDRC74K7L,0.0
8.0,2025.0,UHRDRECHAG1,0.0
8.0,2025.0,UHRDRED624D,0.0
8.0,2025.0,UHRDRESISTO,0.0
8.0,2025.0,UHRDRFATNNA,144.0
8.0,2025.0,UHRDRING14S,0.0
8.0,2025.0,UHRDRING162,0.0
8.0,2025.0,UHRDRINGC63,0.0
8.0,2025.0,UHRDRINGGAS,0.0
8.0,2025.0,UHRDRINGR31,0.0
8.0,2025.0,UHRDRLECS5T,0.0
8.0,2025.0,UHRDRLESCS5,0.0
8.0,2025.0,UHRDRMC27OK,0.0
8.0,2025.0,UHRDROKFVHB,0.0
8.0,2025.0,UHRDRPCRXCLTDK,0.0
8.0,2025.0,UHRDRPR30CN,0.0
8.0,2025.0,UHRDRR16211,0.0
8.0,2025.0,UHRDRR1621C,0.0
8.0,2025.0,UHRDRR1622C,0.0
8.0,2025.0,UHRDRR20CNA,0.0
8.0,2025.0,UHRDRSS30CP,0.0
8.0,2025.0,UHRDRSTR105,0.0
8.0,2025.0,UHRDSAIRMST,0.0
8.0,2025.0,UHRDSCHOFIC,0.0
8.0,2025.0,UHRDSDZLC2B,0.0
8.0,2025.0,UHRDSDZLD2A,0.0
8.0,2025.0,UHRDSEAMESD,0.0
8.0,2025.0,UHRDSFH2703,0.0
8.0,2025.0,UHRDSFH7016,0.0
8.0,2025.0,UHRDSHDWRE2,0.0
8.0,2025.0,UHRDSI23011,0.0
8.0,2025.0,UHRDSILICON,0.0
8.0,2025.0,UHRDSIT1552,144.0
8.0,2025.0,UHRDSIT155A,0.0
8.0,2025.0,UHRDSLCO1MM,0.0
8.0,2025.0,UHRDSLCO2MM,0.0
8.0,2025.0,UHRDSLDMTYA,0.0
8.0,2025.0,UHRDSMD01XQ,0.0
8.0,2025.0,UHRDSMD0201,59920.0
8.0,2025.0,UHRDSMD0603,0.0
8.0,2025.0,UHRDSMD10MS,0.0
8.0,2025.0,UHRDSMD1KPW,0.0
8.0,2025.0,UHRDSMD200D,0.0
8.0,2025.0,UHRDSMD2042,0.0
8.0,2025.0,UHRDSMD526,264.0
8.0,2025.0,UHRDSMF3X08,0.0
8.0,2025.0,UHRDSMF3X12,0.0
8.0,2025.0,UHRDSMPS20W,0.0
8.0,2025.0,UHRDSMSD100,0.0
8.0,2025.0,UHRDSMT10VD,0.0
8.0,2025.0,UHRDSOLDRIN,0.0
8.0,2025.0,UHRDSSAL425,0.0
8.0,2025.0,UHRDSSNT4MM,0.0
8.0,2025.0,UHRDSTANDLE,0.0
8.0,2025.0,UHRDSTANLEY ,0.0
8.0,2025.0,UHRDSWGVLE5,0.0
8.0,2025.0,UHRDTALETE1,0.0
8.0,2025.0,UHRDTAPEYZR,0.0
8.0,2025.0,UHRDTEMTRSR,0.0
8.0,2025.0,UHRDTEST241,0.0
8.0,2025.0,UHRDTHREAD4,0.0
8.0,2025.0,UHRDTL2203E,0.0
8.0,2025.0,UHRDTOP10MM,0.0
8.0,2025.0,UHRDTPS2260,0.0
8.0,2025.0,UHRDTSTL005,0.0
8.0,2025.0,UHRDTSWTASM,0.0
8.0,2025.0,UHRDTUF1820,0.0
8.0,2025.0,UHRDUCTCRAM,0.0
8.0,2025.0,UHRDUMK105B,0.0
8.0,2025.0,UHRDUMK107A,0.0
8.0,2025.0,UHRDUMK107B,0.0
8.0,2025.0,UHRDUNIBALL,0.0
8.0,2025.0,UHRDUNXCELL,0.0
8.0,2025.0,UHRDUSBCABL,0.0
8.0,2025.0,UHRDUSBCNTR,0.0
8.0,2025.0,UHRDUSDMLR9,144.0
8.0,2025.0,UHRDUWSSTOP,0.0
8.0,2025.0,UHRDUWSTBOT,0.0
8.0,2025.0,UHRDVCSPLIT,0.0
8.0,2025.0,UHRDVERNIER,0.0
8.0,2025.0,UHRDVINCKOL,0.0
8.0,2025.0,UHRDVITON10,0.0
8.0,2025.0,UHRDVLMGS08,0.0
8.0,2025.0,UHRDW25Q128,0.0
8.0,2025.0,UHRDWASHER1,0.0
8.0,2025.0,UHRDWIRE854,0.0
8.0,2025.0,UHRDWREBOXD,0.0
8.0,2025.0,UHRDWREDL09,0.0
8.0,2025.0,UHRDWRLSICF,0.0
8.0,2025.0,UHRESBOU01BO,24326.0
8.0,2025.0,UHRESNMUR8PF,12163.0
8.0,2025.0,UHRESPAN01KO,53416.0
8.0,2025.0,UHRESPAN1MOH,140253.0
8.0,2025.0,UHRESPAN47KO,149933.0
8.0,2025.0,UHRESSTA10MO,26708.0
8.0,2025.0,UHRESVIS10OH,93502.0
8.0,2025.0,UHRESYAG074O,93502.0
8.0,2025.0,UHRESYAG0OHM,46751.0
8.0,2025.0,UHRESYAG100K,134860.0
8.0,2025.0,UHRESYAG10KO,140253.0
8.0,2025.0,UHRESYAG22KO,93502.0
8.0,2025.0,UHRESYAG22MO,46751.0
8.0,2025.0,UHRESYAG22OH,46751.0
8.0,2025.0,UHRESYAG27KO,46751.0
8.0,2025.0,UHRESYAG47KO,46751.0
8.0,2025.0,UHRESYAG60KO,46751.0
8.0,2025.0,UHRFAJOH24GH,26828.0
8.0,2025.0,UHRGBTR24MAH,11934.0
8.0,2025.0,UHRGBTR32MAH,9033.0
8.0,2025.0,UHRGBTR39MAH,0.0
8.0,2025.0,UHRGOUTTAPS05,0.0
8.0,2025.0,UHRGOUTTAPS06,0.0
8.0,2025.0,UHRGOUTTAPS07,0.0
8.0,2025.0,UHRGOUTTAPS08,0.0
8.0,2025.0,UHRGOUTTAPS09,0.0
8.0,2025.0,UHRGOUTTAPS10,0.0
8.0,2025.0,UHRGOUTTAPS11,0.0
8.0,2025.0,UHRGOUTTAPS12,0.0
8.0,2025.0,UHRING1.61PCBA,5221.0
8.0,2025.0,UHRING1.62PCBA,6562.0
8.0,2025.0,UHRING1.63PCBA,83.0
8.0,2025.0,UHRING2.0PCBA,111.0
8.0,2025.0,UHRINGECS320,12307.0
8.0,2025.0,UHRINGPCBA,9055.0
8.0,2025.0,UHROUNDTAPES05,0.0
8.0,2025.0,UHROUNDTAPES06,0.0
8.0,2025.0,UHROUNDTAPES07,0.0
8.0,2025.0,UHROUNDTAPES08,0.0
8.0,2025.0,UHROUNDTAPES09,0.0
8.0,2025.0,UHROUNDTAPES10,0.0
8.0,2025.0,UHROUNDTAPES11,0.0
8.0,2025.0,UHROUNDTAPES12,0.0
8.0,2025.0,UHRPRONRFR7,0.0
8.0,2025.0,UHRSOODAHVR,0.0
8.0,2025.0,UHRW0.2BBS07,0.0
8.0,2025.0,UHRW0.2BBS09,0.0
8.0,2025.0,UHRW0.3BBS09,0.0
8.0,2025.0,UHSENSMLX36V,12163.0
8.0,2025.0,UHSSTARPTS5,0.0
8.0,2025.0,UHSSTARPTS6,0.0
8.0,2025.0,UHSSTARPTS7,0.0
8.0,2025.0,UHSTBLKMARK,0.0
8.0,2025.0,UHSTCELLOPEN,0.0
8.0,2025.0,UHSTCELLOPEN1,0.0
8.0,2025.0,UHSTFACEMASK,0.0
8.0,2025.0,UHSTMASKTAP,0.0
8.0,2025.0,UHSTMICCABL,0.0
8.0,2025.0,UHSTNANFILE,0.0
8.0,2025.0,UHSTOHPMARKR,0.0
8.0,2025.0,UHSTPRITONER,0.0
8.0,2025.0,UHSTSKMAR07,0.0
8.0,2025.0,UHSTSPRNOTE,0.0
8.0,2025.0,UHSTUSBCCBL,0.0
8.0,2025.0,UHSTWZ93302,0.0
8.0,2025.0,UHSTZIPLOCK3X4,0.0
8.0,2025.0,UHSTZIPLOCK5X7,0.0
8.0,2025.0,UHSTZPLCK10X14,0.0
8.0,2025.0,UHSWATCHAA,15887.0
8.0,2025.0,UHSWATCHAG,14893.0
8.0,2025.0,UHSWATCHAS,15974.0
8.0,2025.0,UHSWATCHBRG,0.0
8.0,2025.0,UHSWATCHMG,15904.0
8.0,2025.0,UHSWATCHRT,15862.0
8.0,2025.0,UHTAPEBATPCB,0.0
8.0,2025.0,UHTAPEDC10X8,86204.0
8.0,2025.0,UHTAPS607X145,0.0
8.0,2025.0,UHTAPS67X125,0.0
8.0,2025.0,UHTAPS69X363,0.0
8.0,2025.0,UHTIJWAABS05,0.0
8.0,2025.0,UHTIJWAABS06,0.0
8.0,2025.0,UHTIJWAABS07,0.0
8.0,2025.0,UHTIJWAABS08,0.0
8.0,2025.0,UHTIJWAABS09,470.0
8.0,2025.0,UHTIJWAABS10,0.0
8.0,2025.0,UHTIJWAABS11,60.0
8.0,2025.0,UHTIJWAABS12,48.0
8.0,2025.0,UHTIJWAABS13,0.0
8.0,2025.0,UHTIJWAABS14,36.0
8.0,2025.0,UHTIJWMGLS09,0.0
8.0,2025.0,UHTIJWMGLS10,270.0
8.0,2025.0,UHTIJWMGLS13,48.0
8.0,2025.0,UHTIJWRTLS08,0.0
8.0,2025.0,UHTIJWRTLS09,0.0
8.0,2025.0,UHTIJWRTLS10,0.0
8.0,2025.0,UHTRAEPC200V,46751.0
8.0,2025.0,UHTRAYCFG48,0.0
8.0,2025.0,UHUSB4105GFAN,46751.0
8.0,2025.0,UHUSBCGCT24P,0.0
8.0,2025.0,UNICHTEX7A02,26972.0
8.0,2025.0,[Polishing pads UHCONSPOLPAD,0.0
7.0,2025.0,1N4148WS,0.0
7.0,2025.0,3M PERFECT IT-EX RUBING COUMPOUND,0.0
7.0,2025.0,687106182122,0.0
7.0,2025.0,687108182122,0.0
7.0,2025.0,AP2112K-1.8TRG1,0.0
7.0,2025.0,AP2112K-3.3TRG1,0.0
7.0,2025.0,AS7331-AQFM OLGA16 LF T&R,0.0
7.0,2025.0,B3U-1100PM,0.0
7.0,2025.0,BSS138,0.0
7.0,2025.0,BU27006MUC-ZTR,0.0
7.0,2025.0,Cleanroom wiper swab,0.0
7.0,2025.0,DMP2035U-7,0.0
7.0,2025.0,ECS-.327-12.5-34B-TR,0.0
7.0,2025.0,ERA-2AEB303X,0.0
7.0,2025.0,ERJ-2LWFR010X,0.0
7.0,2025.0,FACEMASK,0.0
7.0,2025.0,FMMT619TA,0.0
7.0,2025.0,GRM155R61A106ME11D,0.0
7.0,2025.0,LSM6DSVTR,0.0
7.0,2025.0,MLZ1608N100LT000,0.0
7.0,2025.0,RC0402FR-07470RL,0.0
7.0,2025.0,RC0402FR-074K7L,0.0
7.0,2025.0,RC0402JR-07100KL,0.0
7.0,2025.0,RC0402JR-0710KL,0.0
7.0,2025.0,RC0402JR-071KL,0.0
7.0,2025.0,RMCF0402FT270K,0.0
7.0,2025.0,Retsol D-5025A BT 2D Barcode scanner,0.0
7.0,2025.0,SEK-SEN5X,0.0
7.0,2025.0,SFH 2703,0.0
7.0,2025.0,UH0.2AA05,10.0
7.0,2025.0,UH0.2AA06,130.0
7.0,2025.0,UH0.2AA07,19.0
7.0,2025.0,UH0.2AA08,418.0
7.0,2025.0,UH0.2AA09,259.0
7.0,2025.0,UH0.2AA10,299.0
7.0,2025.0,UH0.2AA11,20.0
7.0,2025.0,UH0.2AA12,19.0
7.0,2025.0,UH0.2AA13,0.0
7.0,2025.0,UH0.2ACRMST05,0.0
7.0,2025.0,UH0.2ACRMST06,0.0
7.0,2025.0,UH0.2ACRMST07,0.0
7.0,2025.0,UH0.2ACRMST08,0.0
7.0,2025.0,UH0.2ACRMST09,0.0
7.0,2025.0,UH0.2ACRMST11,0.0
7.0,2025.0,UH0.2ACRMST12,0.0
7.0,2025.0,UH0.2ACRMST13,0.0
7.0,2025.0,UH0.2ACRMST14,0.0
7.0,2025.0,UH0.2AG05,200.0
7.0,2025.0,UH0.2AG06,1280.0
7.0,2025.0,UH0.2AG07,2850.0
7.0,2025.0,UH0.2AG08,1890.0
7.0,2025.0,UH0.2AG09,614.0
7.0,2025.0,UH0.2AG10,0.0
7.0,2025.0,UH0.2AG14,0.0
7.0,2025.0,UH0.2AS05,0.0
7.0,2025.0,UH0.2AS06,0.0
7.0,2025.0,UH0.2AS07,970.0
7.0,2025.0,UH0.2AS08,570.0
7.0,2025.0,UH0.2AS09,480.0
7.0,2025.0,UH0.2AS10,100.0
7.0,2025.0,UH0.2AS13,0.0
7.0,2025.0,UH0.2BB08,0.0
7.0,2025.0,UH0.2BB09,0.0
7.0,2025.0,UH0.2BB10,0.0
7.0,2025.0,UH0.2BB11,0.0
7.0,2025.0,UH0.2BB13,0.0
7.0,2025.0,UH0.2BB14,0.0
7.0,2025.0,UH0.2MACHINS05,0.0
7.0,2025.0,UH0.2MACHINS06,0.0
7.0,2025.0,UH0.2MACHINS07,0.0
7.0,2025.0,UH0.2MACHINS08,0.0
7.0,2025.0,UH0.2MACHINS09,0.0
7.0,2025.0,UH0.2MACHINS10,0.0
7.0,2025.0,UH0.2MACHINS11,0.0
7.0,2025.0,UH0.2MACHINS13,0.0
7.0,2025.0,UH0.2MACHINS14,0.0
7.0,2025.0,UH0.2MG05,0.0
7.0,2025.0,UH0.2MG06,0.0
7.0,2025.0,UH0.2MG07,0.0
7.0,2025.0,UH0.2MG08,0.0
7.0,2025.0,UH0.2MG09,240.0
7.0,2025.0,UH0.2MG10,0.0
7.0,2025.0,UH0.2MG11,0.0
7.0,2025.0,UH0.2MG12,0.0
7.0,2025.0,UH0.2MIRROR05,0.0
7.0,2025.0,UH0.2MIRROR06,0.0
7.0,2025.0,UH0.2MIRROR07,0.0
7.0,2025.0,UH0.2MIRROR08,0.0
7.0,2025.0,UH0.2MIRROR09,0.0
7.0,2025.0,UH0.2MIRROR10,0.0
7.0,2025.0,UH0.2MIRROR11,0.0
7.0,2025.0,UH0.2MIRROR12,0.0
7.0,2025.0,UH0.2MIRROR13,0.0
7.0,2025.0,UH0.2MIRROR14,0.0
7.0,2025.0,UH0.2RT05,0.0
7.0,2025.0,UH0.2RT06,0.0
7.0,2025.0,UH0.2RT07,0.0
7.0,2025.0,UH0.2RT08,30.0
7.0,2025.0,UH0.2RT09,30.0
7.0,2025.0,UH0.2RT10,0.0
7.0,2025.0,UH0.2RT11,0.0
7.0,2025.0,UH0.2RT13,0.0
7.0,2025.0,UH06031AVX2A,0.0
7.0,2025.0,UHACCSTM6DSO,16347.0
7.0,2025.0,UHACRPOLMSTS05,0.0
7.0,2025.0,UHACRPOLMSTS06,0.0
7.0,2025.0,UHACRPOLMSTS07,0.0
7.0,2025.0,UHACRPOLMSTS08,0.0
7.0,2025.0,UHACRPOLMSTS09,0.0
7.0,2025.0,UHACRPOLMSTS10,0.0
7.0,2025.0,UHACRPOLMSTS11,0.0
7.0,2025.0,UHACRPOLMSTS12,0.0
7.0,2025.0,UHACRPOLMSTS13,0.0
7.0,2025.0,UHACRPOLMSTS14,0.0
7.0,2025.0,UHACRUNPOLMSTS05,0.0
7.0,2025.0,UHACRUNPOLMSTS06,0.0
7.0,2025.0,UHACRUNPOLMSTS08,0.0
7.0,2025.0,UHACRUNPOLMSTS09,0.0
7.0,2025.0,UHACRUNPOLMSTS11,0.0
7.0,2025.0,UHACRUNPOLMSTS12,0.0
7.0,2025.0,UHACRUNPOLMSTS13,0.0
7.0,2025.0,UHACRUNPOLMSTS14,0.0
7.0,2025.0,UHAIRBEADBS05,0.0
7.0,2025.0,UHAIRBEADBS06,0.0
7.0,2025.0,UHAIRBEADBS12,0.0
7.0,2025.0,UHAIRG0LDS05,0.0
7.0,2025.0,UHAIRG0LDS06,0.0
7.0,2025.0,UHAIRG0LDS07,0.0
7.0,2025.0,UHAIRG0LDS08,0.0
7.0,2025.0,UHAIRG0LDS09,0.0
7.0,2025.0,UHAIRG0LDS10,0.0
7.0,2025.0,UHAIRG0LDS11,0.0
7.0,2025.0,UHAIRG0LDS12,0.0
7.0,2025.0,UHAIRG0LDS13,0.0
7.0,2025.0,UHAIRG0LDS14,0.0
7.0,2025.0,UHAIRMACSHL05,0.0
7.0,2025.0,UHAIRMACSHL06,0.0
7.0,2025.0,UHAIRMACSHL07,0.0
7.0,2025.0,UHAIRMACSHL08,0.0
7.0,2025.0,UHAIRMACSHL09,0.0
7.0,2025.0,UHAIRMACSHL11,0.0
7.0,2025.0,UHAIRMACSHL12,0.0
7.0,2025.0,UHAIRMACSHL13,0.0
7.0,2025.0,UHAIRMACSHL14,0.0
7.0,2025.0,UHAIRMIRSHEL05,0.0
7.0,2025.0,UHAIRMIRSHEL06,0.0
7.0,2025.0,UHAIRMIRSHEL07,0.0
7.0,2025.0,UHAIRMIRSHEL08,0.0
7.0,2025.0,UHAIRMIRSHEL09,0.0
7.0,2025.0,UHAIRMIRSHEL10,0.0
7.0,2025.0,UHAIRMIRSHEL11,0.0
7.0,2025.0,UHAIRMIRSHEL12,0.0
7.0,2025.0,UHAIRMIRSHEL14,0.0
7.0,2025.0,UHAIRROG0LDS05,0.0
7.0,2025.0,UHAIRROG0LDS06,0.0
7.0,2025.0,UHAIRROG0LDS08,0.0
7.0,2025.0,UHAIRROG0LDS10,0.0
7.0,2025.0,UHAIRROG0LDS11,0.0
7.0,2025.0,UHAIRROG0LDS12,0.0
7.0,2025.0,UHAIRSILVS05,0.0
7.0,2025.0,UHAIRSILVS06,60.0
7.0,2025.0,UHAIRSILVS07,0.0
7.0,2025.0,UHAIRSILVS08,0.0
7.0,2025.0,UHAIRSILVS09,0.0
7.0,2025.0,UHAIRSILVS10,0.0
7.0,2025.0,UHAIRSILVS11,0.0
7.0,2025.0,UHAIRSILVS12,0.0
7.0,2025.0,UHAIRSILVS13,0.0
7.0,2025.0,UHAIRSILVS14,0.0
7.0,2025.0,UHALCASTEDSHLS05,0.0
7.0,2025.0,UHALCASTEDSHLS06,0.0
7.0,2025.0,UHALCASTEDSHLS07,0.0
7.0,2025.0,UHALCASTEDSHLS08,0.0
7.0,2025.0,UHALCASTEDSHLS09,0.0
7.0,2025.0,UHALCASTEDSHLS10,0.0
7.0,2025.0,UHALCASTEDSHLS11,0.0
7.0,2025.0,UHALCASTEDSHLS13,0.0
7.0,2025.0,UHALCASTEDSHLS14,0.0
7.0,2025.0,UHALENGSHELLS07,0.0
7.0,2025.0,UHALENGSHELLS13,0.0
7.0,2025.0,UHALENGSHELLS14,0.0
7.0,2025.0,UHALSHELLS05,0.0
7.0,2025.0,UHALSHELLS06,0.0
7.0,2025.0,UHALSHELLS07,0.0
7.0,2025.0,UHALSHELLS08,0.0
7.0,2025.0,UHALSHELLS09,0.0
7.0,2025.0,UHALSHELLS10,0.0
7.0,2025.0,UHALSHELLS11,0.0
7.0,2025.0,UHALSHELLS12,0.0
7.0,2025.0,UHALSHELLS13,0.0
7.0,2025.0,UHALSHELLS14,0.0
7.0,2025.0,UHARPR161PB,0.0
7.0,2025.0,UHARTSGDBR10,0.0
7.0,2025.0,UHARTSGDBR7,0.0
7.0,2025.0,UHARTSGDBR8,0.0
7.0,2025.0,UHARTSGDBR9,0.0
7.0,2025.0,UHARTSRGBR10,0.0
7.0,2025.0,UHARTSRGBR11,0.0
7.0,2025.0,UHARTSRGBR6,0.0
7.0,2025.0,UHARTSRGBR7,0.0
7.0,2025.0,UHARTSRGBR8,0.0
7.0,2025.0,UHARTSRGBR9,0.0
7.0,2025.0,UHASCHARTRY,0.0
7.0,2025.0,UHASRINGTRY,0.0
7.0,2025.0,UHBLTP204M7M,2548.0
7.0,2025.0,UHBOTTOMPADS,38150.0
7.0,2025.0,UHBOXTBTTRAY,0.0
7.0,2025.0,UHBOXTOPTRAY,0.0
7.0,2025.0,UHBRUSBCABLE,0.0
7.0,2025.0,UHBRUSHARG05,0.0
7.0,2025.0,UHBRUSHARG06,0.0
7.0,2025.0,UHBRUSHARG07,60.0
7.0,2025.0,UHBRUSHARG08,60.0
7.0,2025.0,UHBRUSHARG09,0.0
7.0,2025.0,UHBRUSHARG10,0.0
7.0,2025.0,UHBRUSHARG11,60.0
7.0,2025.0,UHBRUSHARG12,135.0
7.0,2025.0,UHBRUSHARG13,0.0
7.0,2025.0,UHBRUSHARG14,0.0
7.0,2025.0,UHC2068NF50V,81296.0
7.0,2025.0,UHC2100NF50V,81296.0
7.0,2025.0,UHC2C10UF50V,81296.0
7.0,2025.0,UHC2C1KPF50V,81296.0
7.0,2025.0,UHC2C47PF25V,81296.0
7.0,2025.0,UHC2CUMO10MA,40648.0
7.0,2025.0,UHC2FB30OM1L,40648.0
7.0,2025.0,UHC2FFCCN4P,40648.0
7.0,2025.0,UHC2INDU6.8UH,40648.0
7.0,2025.0,UHC2PCBAREV21,40033.0
7.0,2025.0,UHC2PCBREV21,40648.0
7.0,2025.0,UHC2RES0OM42,121944.0
7.0,2025.0,UHC2RES0OM85,40648.0
7.0,2025.0,UHC2RES27OHM,81296.0
7.0,2025.0,UHC2TRCL72UH,38150.0
7.0,2025.0,UHC3BBBASE,0.0
7.0,2025.0,UHC3BOTTPAD,1883.0
7.0,2025.0,UHC3FINFGS05,0.0
7.0,2025.0,UHC3FINFGS06,0.0
7.0,2025.0,UHC3FINFGS07,0.0
7.0,2025.0,UHC3FINFGS08,0.0
7.0,2025.0,UHC3FINFGS09,0.0
7.0,2025.0,UHC3FINFGS10,0.0
7.0,2025.0,UHC3FINFGS11,0.0
7.0,2025.0,UHC3FINFGS12,0.0
7.0,2025.0,UHC3FINFGS13,0.0
7.0,2025.0,UHC3FINFGS14,0.0
7.0,2025.0,UHC3LASERTOPS05,200.0
7.0,2025.0,UHC3LASERTOPS06,0.0
7.0,2025.0,UHC3LASERTOPS07,0.0
7.0,2025.0,UHC3LASERTOPS08,583.0
7.0,2025.0,UHC3LASERTOPS09,500.0
7.0,2025.0,UHC3LASERTOPS10,200.0
7.0,2025.0,UHC3LASERTOPS11,300.0
7.0,2025.0,UHC3LASERTOPS12,100.0
7.0,2025.0,UHC3LASERTOPS13,0.0
7.0,2025.0,UHC3LASERTOPS14,0.0
7.0,2025.0,UHC3PAINBASES05,200.0
7.0,2025.0,UHC3PAINBASES06,0.0
7.0,2025.0,UHC3PAINBASES07,0.0
7.0,2025.0,UHC3PAINBASES08,583.0
7.0,2025.0,UHC3PAINBASES09,500.0
7.0,2025.0,UHC3PAINBASES10,200.0
7.0,2025.0,UHC3PAINBASES11,300.0
7.0,2025.0,UHC3PAINBASES12,100.0
7.0,2025.0,UHC3PAINBASES13,0.0
7.0,2025.0,UHC3PAINBASES14,0.0
7.0,2025.0,UHC3PAINTOPS08,0.0
7.0,2025.0,UHC3TRANTOPS05,0.0
7.0,2025.0,UHC3TRANTOPS06,1000.0
7.0,2025.0,UHC3TRANTOPS07,3980.0
7.0,2025.0,UHC3TRANTOPS08,1000.0
7.0,2025.0,UHC3TRANTOPS09,1000.0
7.0,2025.0,UHC3TRANTOPS10,1000.0
7.0,2025.0,UHC3TRANTOPS11,0.0
7.0,2025.0,UHC3TRANTOPS12,0.0
7.0,2025.0,UHC3TRANTOPS13,0.0
7.0,2025.0,UHC3TRANTOPS14,0.0
7.0,2025.0,UHC3TXCOIL,1883.0
7.0,2025.0,UHCAP101206MR,0.0
7.0,2025.0,UHCAP27PFMUR,0.0
7.0,2025.0,UHCAPMUR01UF,117564.0
7.0,2025.0,UHCAPMUR047F,14883.0
7.0,2025.0,UHCAPMUR10UF,406480.0
7.0,2025.0,UHCAPMUR12PF,59460.0
7.0,2025.0,UHCAPMUR220F,40648.0
7.0,2025.0,UHCAPMUR22UF,14883.0
7.0,2025.0,UHCAPMUR820F,16347.0
7.0,2025.0,UHCAPMURE14D,447128.0
7.0,2025.0,UHCAPMURE1UF,119064.0
7.0,2025.0,UHCAPSAM22UF,14883.0
7.0,2025.0,UHCAPSAM43UF,16347.0
7.0,2025.0,UHCAPTAY27PF,16347.0
7.0,2025.0,UHCAPYAG10PF,13383.0
7.0,2025.0,UHCH1COHOS05,0.0
7.0,2025.0,UHCH1COHOS06,0.0
7.0,2025.0,UHCH1COHOS08,0.0
7.0,2025.0,UHCH1COHOS09,0.0
7.0,2025.0,UHCH1COHOS11,0.0
7.0,2025.0,UHCH1FINGDS05,0.0
7.0,2025.0,UHCH1FINGDS12,0.0
7.0,2025.0,UHCH1FINGDS14,0.0
7.0,2025.0,UHCH1PCB,0.0
7.0,2025.0,UHCH2COHOS05,1100.0
7.0,2025.0,UHCH2COHOS06,5500.0
7.0,2025.0,UHCH2COHOS07,11250.0
7.0,2025.0,UHCH2COHOS08,6600.0
7.0,2025.0,UHCH2COHOS09,6700.0
7.0,2025.0,UHCH2COHOS10,3700.0
7.0,2025.0,UHCH2COHOS11,1100.0
7.0,2025.0,UHCH2COHOS12,1600.0
7.0,2025.0,UHCH2COHOS13,600.0
7.0,2025.0,UHCH2COHOS14,0.0
7.0,2025.0,UHCH2FINISHS05,1330.0
7.0,2025.0,UHCH2FINISHS06,5550.0
7.0,2025.0,UHCH2FINISHS07,11572.0
7.0,2025.0,UHCH2FINISHS08,9042.0
7.0,2025.0,UHCH2FINISHS09,5230.0
7.0,2025.0,UHCH2FINISHS10,2751.0
7.0,2025.0,UHCH2FINISHS11,1490.0
7.0,2025.0,UHCH2FINISHS12,1531.0
7.0,2025.0,UHCH2FINISHS13,634.0
7.0,2025.0,UHCH2FINISHS14,170.0
7.0,2025.0,UHCHA2BASS05,1100.0
7.0,2025.0,UHCHA2BASS06,5500.0
7.0,2025.0,UHCHA2BASS07,11250.0
7.0,2025.0,UHCHA2BASS08,6600.0
7.0,2025.0,UHCHA2BASS09,6700.0
7.0,2025.0,UHCHA2BASS10,3700.0
7.0,2025.0,UHCHA2BASS11,1100.0
7.0,2025.0,UHCHA2BASS12,1600.0
7.0,2025.0,UHCHA2BASS13,600.0
7.0,2025.0,UHCHA2BASS14,0.0
7.0,2025.0,UHCHARTOPS05,1100.0
7.0,2025.0,UHCHARTOPS06,5500.0
7.0,2025.0,UHCHARTOPS07,11250.0
7.0,2025.0,UHCHARTOPS08,6600.0
7.0,2025.0,UHCHARTOPS09,6700.0
7.0,2025.0,UHCHARTOPS10,3700.0
7.0,2025.0,UHCHARTOPS11,1100.0
7.0,2025.0,UHCHARTOPS12,1600.0
7.0,2025.0,UHCHARTOPS13,600.0
7.0,2025.0,UHCHARTOPS14,0.0
7.0,2025.0,UHCHCOMPERJ,40648.0
7.0,2025.0,UHCHRC1PCB,0.0
7.0,2025.0,UHCHRC1PCBAR,0.0
7.0,2025.0,UHCONSACETON,0.0
7.0,2025.0,UHCONSACRVARNISH,0.0
7.0,2025.0,UHCONSACRYBIG,0.0
7.0,2025.0,UHCONSACRYSML,0.0
7.0,2025.0,UHCONSAIRMASFLAT,0.0
7.0,2025.0,UHCONSCLOTH,8.0
7.0,2025.0,UHCONSCLSWAB,0.0
7.0,2025.0,UHCONSCOTNWASTE,0.0
7.0,2025.0,UHCONSCOTWASTE,0.0
7.0,2025.0,UHCONSDBRBLD,0.0
7.0,2025.0,UHCONSDBRTL,0.0
7.0,2025.0,UHCONSEARBD,0.0
7.0,2025.0,UHCONSEMR1000,0.0
7.0,2025.0,UHCONSEMR1500,0.0
7.0,2025.0,UHCONSEMR2000,0.0
7.0,2025.0,UHCONSEMR2500,0.0
7.0,2025.0,UHCONSEMR600,0.0
7.0,2025.0,UHCONSFEVICRL,0.0
7.0,2025.0,UHCONSFILTRCLOTH,0.0
7.0,2025.0,UHCONSIPA,0.0
7.0,2025.0,UHCONSJSSPR,0.0
7.0,2025.0,UHCONSLAQUERPAI,0.0
7.0,2025.0,UHCONSLC5366,0.0
7.0,2025.0,UHCONSLEADROLL,0.0
7.0,2025.0,UHCONSLOC403,0.0
7.0,2025.0,UHCONSLOC406,0.0
7.0,2025.0,UHCONSLOC495,0.0
7.0,2025.0,UHCONSMOLDPINS,0.0
7.0,2025.0,UHCONSNTRLGLOV,0.0
7.0,2025.0,UHCONSPAINTBRSH,0.0
7.0,2025.0,UHCONSPOL3M,0.0
7.0,2025.0,UHCONSPOLPAD,0.0
7.0,2025.0,UHCONSPRSPRAY,0.0
7.0,2025.0,UHCONSSHIPCLOTH,0.0
7.0,2025.0,UHCONSSICOMET,0.0
7.0,2025.0,UHCONSSIHARD,0.0
7.0,2025.0,UHCONSSIRES,0.0
7.0,2025.0,UHCONSSTPPINLRG,0.0
7.0,2025.0,UHCONSTOOTPICK,0.0
7.0,2025.0,UHCONSTOTPCK,0.0
7.0,2025.0,UHCRYDIO32MH,2964.0
7.0,2025.0,UHDEBONDGLUE,0.0
7.0,2025.0,UHDIOCOMT33V,40648.0
7.0,2025.0,UHDIODIO100V,40648.0
7.0,2025.0,UHDIODIOI40V,40648.0
7.0,2025.0,UHDIODIOI75V,40648.0
7.0,2025.0,UHDIOSMCAV99,40648.0
7.0,2025.0,UHDIOTEXI14V,40648.0
7.0,2025.0,UHDMCBASES09,0.0
7.0,2025.0,UHDMCBASES10,0.0
7.0,2025.0,UHDMCBASES12,0.0
7.0,2025.0,UHDMCBASES14,0.0
7.0,2025.0,UHDMCCHRBASE,0.0
7.0,2025.0,UHDMCCHRTOP,0.0
7.0,2025.0,UHDMCLITGUIDE,0.0
7.0,2025.0,UHDMCPCB,0.0
7.0,2025.0,UHDMCPCBA,0.0
7.0,2025.0,UHDMCTOPS05,0.0
7.0,2025.0,UHDMCTOPS06,0.0
7.0,2025.0,UHDMCTOPS08,0.0
7.0,2025.0,UHDMCTOPS09,0.0
7.0,2025.0,UHDMCTOPS10,0.0
7.0,2025.0,UHDMCTOPS13,0.0
7.0,2025.0,UHDMCTOPS14,0.0
7.0,2025.0,UHDSTAP30.9X30.4,0.0
7.0,2025.0,UHFERRITE96M76M,0.0
7.0,2025.0,UHFERRTSHTUNCUT,0.0
7.0,2025.0,UHFQCAUTMAC,0.0
7.0,2025.0,UHFSJW10M8M,80066.0
7.0,2025.0,UHFSJW5.6M7M,2548.0
7.0,2025.0,UHFSJW7.5M7M,0.0
7.0,2025.0,UHHDRWHSPRG,0.0
7.0,2025.0,UHHROODAHVR,72309.26
7.0,2025.0,UHHWSS1.8X6-H,160132.0
7.0,2025.0,UHICHANA4124,16347.0
7.0,2025.0,UHICHNRF5284,16347.0
7.0,2025.0,UHICHSTM3117,16347.0
7.0,2025.0,UHICHSTM32G0,40648.0
7.0,2025.0,UHICHTEXLMR6,40648.0
7.0,2025.0,UHICHTEXTLV7,40648.0
7.0,2025.0,UHICHTEXTMP1,40648.0
7.0,2025.0,UHICHTEXTPS2,40648.0
7.0,2025.0,UHICHTEXUCC2,40648.0
7.0,2025.0,UHIGPACRMASS07,0.0
7.0,2025.0,UHIGPACRMASS13,0.0
7.0,2025.0,UHINA219AIDTE,0.0
7.0,2025.0,UHIND2213A156,81296.0
7.0,2025.0,UHINDKYO15NH,16347.0
7.0,2025.0,UHINDMUR1OUH,16347.0
7.0,2025.0,UHKEMC0603C1,0.0
7.0,2025.0,UHLEDWOR812B,40648.0
7.0,2025.0,UHLF9VPICOSM,0.0
7.0,2025.0,UHLUXAGBASE,0.0
7.0,2025.0,UHLUXAGBASES13,0.0
7.0,2025.0,UHLUXAGS12-S14,0.0
7.0,2025.0,UHLUXASBASES13,0.0
7.0,2025.0,UHLUXASCHRGS05,0.0
7.0,2025.0,UHLUXASCHRGS07,0.0
7.0,2025.0,UHLUXASS12-S14,0.0
7.0,2025.0,UHLUXCHTOPS05,0.0
7.0,2025.0,UHLUXCHTOPS06,0.0
7.0,2025.0,UHLUXCHTOPS07,0.0
7.0,2025.0,UHLUXCHTOPS09,0.0
7.0,2025.0,UHLUXCHTOPS10,0.0
7.0,2025.0,UHLUXCHTOPS11,0.0
7.0,2025.0,UHLUXCHTOPS12,0.0
7.0,2025.0,UHLUXCHTOPS13,0.0
7.0,2025.0,UHLUXCHTOPS14,0.0
7.0,2025.0,UHLUXGLUE,0.0
7.0,2025.0,UHLUXMRBASE,0.0
7.0,2025.0,UHLUXRGBASES05,0.0
7.0,2025.0,UHLUXRGBASES06,0.0
7.0,2025.0,UHLUXRGBASES07,0.0
7.0,2025.0,UHLUXRGBASES08,0.0
7.0,2025.0,UHLUXRGBASES09,0.0
7.0,2025.0,UHLUXRGBASES10,0.0
7.0,2025.0,UHLUXRGBASES11,0.0
7.0,2025.0,UHLUXRGBASES12,0.0
7.0,2025.0,UHLUXRGCHRGS08,0.0
7.0,2025.0,UHLUXRGCHRGS10,0.0
7.0,2025.0,UHLUXRGCHRGS11,0.0
7.0,2025.0,UHLUXRGCHRGS12,0.0
7.0,2025.0,UHLUXRGCHRGS13,0.0
7.0,2025.0,UHLUXRGCHRGS14,0.0
7.0,2025.0,UHLUXRGS05-S11,0.0
7.0,2025.0,UHLUXRGS12-S14,0.0
7.0,2025.0,UHLUXRXCS05,0.0
7.0,2025.0,UHLUXRXCS06,0.0
7.0,2025.0,UHLUXRXCS07,0.0
7.0,2025.0,UHLUXRXCS08,0.0
7.0,2025.0,UHLUXRXCS09,0.0
7.0,2025.0,UHLUXRXCS10,0.0
7.0,2025.0,UHLUXRXCS11,0.0
7.0,2025.0,UHLUXRXCS12,0.0
7.0,2025.0,UHLUXRXCS13,0.0
7.0,2025.0,UHLUXRXCS14,0.0
7.0,2025.0,UHLUXYGCHRGS05,0.0
7.0,2025.0,UHLUXYGCHRGS06,0.0
7.0,2025.0,UHLUXYGCHRGS07,0.0
7.0,2025.0,UHLUXYGCHRGS08,0.0
7.0,2025.0,UHLUXYGCHRGS09,0.0
7.0,2025.0,UHLUXYGCHRGS10,0.0
7.0,2025.0,UHLUXYGCHRGS11,0.0
7.0,2025.0,UHLUXYGCHRGS12,0.0
7.0,2025.0,UHLUXYGCHRGS13,0.0
7.0,2025.0,UHLUXYGCHRGS14,0.0
7.0,2025.0,UHM2X5SCREW,0.0
7.0,2025.0,UHMAGCABLE,0.0
7.0,2025.0,UHMIC550433YM,0.0
7.0,2025.0,UHMMSSBUFS05,0.0
7.0,2025.0,UHMMSSBUFS08,0.0
7.0,2025.0,UHMMSSBUFS10,0.0
7.0,2025.0,UHMMTTBUFS05,0.0
7.0,2025.0,UHMMTTBUFS06,0.0
7.0,2025.0,UHMMTTBUFS07,0.0
7.0,2025.0,UHMMTTBUFS08,0.0
7.0,2025.0,UHMMTTBUFS09,0.0
7.0,2025.0,UHMMTTBUFS10,0.0
7.0,2025.0,UHMMTTBUFS11,0.0
7.0,2025.0,UHMMTTMACS07,0.0
7.0,2025.0,UHMMTTMACS08,0.0
7.0,2025.0,UHMMTTMACS10,0.0
7.0,2025.0,UHMMTTMACS11,0.0
7.0,2025.0,UHOODARESINBLK,0.0
7.0,2025.0,UHOPSANA61EF,16347.0
7.0,2025.0,UHOSCECS27MH,40648.0
7.0,2025.0,UHPCBREV1556,1464.0
7.0,2025.0,UHPCBREV15S6,13383.0
7.0,2025.0,UHPCBRXCOS05,215.0
7.0,2025.0,UHPCBRXCOS06,1475.0
7.0,2025.0,UHPCBRXCOS07,3919.0
7.0,2025.0,UHPCBRXCOS08,3068.0
7.0,2025.0,UHPCBRXCOS09,1673.0
7.0,2025.0,UHPCBRXCOS10,689.0
7.0,2025.0,UHPCBRXCOS11,270.0
7.0,2025.0,UHPCBRXCOS12,174.0
7.0,2025.0,UHPCBRXCOS13,0.0
7.0,2025.0,UHPCBRXCOS14,0.0
7.0,2025.0,UHPLASINSS05,0.0
7.0,2025.0,UHPLASIZRS05,24462.0
7.0,2025.0,UHPLASIZRS06,24441.0
7.0,2025.0,UHPLASIZRS07,24415.0
7.0,2025.0,UHPLASIZRS08,24468.0
7.0,2025.0,UHPLASIZRS09,24458.0
7.0,2025.0,UHPLASIZRS10,24433.0
7.0,2025.0,UHPLASIZRS11,24433.0
7.0,2025.0,UHPLASIZRS12,24452.0
7.0,2025.0,UHPLASIZRS13,24453.0
7.0,2025.0,UHPLASIZRS14,24455.0
7.0,2025.0,UHPRINTBATPCB,22732.0
7.0,2025.0,UHR1AIRCVS05,0.0
7.0,2025.0,UHR1AIRCVS06,0.0
7.0,2025.0,UHR1AIRCVS07,0.0
7.0,2025.0,UHR1AIRCVS08,0.0
7.0,2025.0,UHR1AIRCVS09,0.0
7.0,2025.0,UHR1AIRCVS10,0.0
7.0,2025.0,UHR1AIRCVS11,0.0
7.0,2025.0,UHR1AIRCVS12,0.0
7.0,2025.0,UHR1AIRCVS13,0.0
7.0,2025.0,UHR1AIRCVS14,0.0
7.0,2025.0,UHRAREPLATINS07,0.0
7.0,2025.0,UHRAREPLATINS08,0.0
7.0,2025.0,UHRAREPLATINS09,0.0
7.0,2025.0,UHRAREPLATINS10,0.0
7.0,2025.0,UHRAREPLATINS11,0.0
7.0,2025.0,UHRAREPLATINS12,0.0
7.0,2025.0,UHRAREPLATINS13,0.0
7.0,2025.0,UHRARERSG0LDS07,0.0
7.0,2025.0,UHRARERSG0LDS08,0.0
7.0,2025.0,UHRARERSG0LDS10,0.0
7.0,2025.0,UHRARERSG0LDS11,0.0
7.0,2025.0,UHRARERSG0LDS12,0.0
7.0,2025.0,UHRAREYLG0LDS06,0.0
7.0,2025.0,UHRAREYLG0LDS07,0.0
7.0,2025.0,UHRAREYLG0LDS10,0.0
7.0,2025.0,UHRAREYLG0LDS11,0.0
7.0,2025.0,UHRD01UFX7R,10248.0
7.0,2025.0,UHRD01X7S26,2964.0
7.0,2025.0,UHRD0201Q20,0.0
7.0,2025.0,UHRD022UF10,0.0
7.0,2025.0,UHRD0335C1H,0.0
7.0,2025.0,UHRD109ISTR,0.0
7.0,2025.0,UHRD10PINSM,0.0
7.0,2025.0,UHRD1230BNT,0.0
7.0,2025.0,UHRD1447360,0.0
7.0,2025.0,UHRD14VCMP5,0.0
7.0,2025.0,UHRD196AEC2,0.0
7.0,2025.0,UHRD1CIL270,0.0
7.0,2025.0,UHRD1PFX8R9,0.0
7.0,2025.0,UHRD20ATCSF,0.0
7.0,2025.0,UHRD20FA16J,0.0
7.0,2025.0,UHRD2200PF5,0.0
7.0,2025.0,UHRD22UFX51,1464.0
7.0,2025.0,UHRD25COGPF,0.0
7.0,2025.0,UHRD25VDCX8,0.0
7.0,2025.0,UHRD30METCS,0.0
7.0,2025.0,UHRD315575V,0.0
7.0,2025.0,UHRD320CDX2,0.0
7.0,2025.0,UHRD32768E1,0.0
7.0,2025.0,UHRD330AEC2,0.0
7.0,2025.0,UHRD359GREY,0.0
7.0,2025.0,UHRD39NHMA6,0.0
7.0,2025.0,UHRD3DPRINT,0.0
7.0,2025.0,UHRD3N3BT20,0.0
7.0,2025.0,UHRD3PLTRNR,0.0
7.0,2025.0,UHRD40PSTCT,0.0
7.0,2025.0,UHRD472608M,0.0
7.0,2025.0,UHRD47TINFL,0.0
7.0,2025.0,UHRD499RSTR,0.0
7.0,2025.0,UHRD4MMBRAS,0.0
7.0,2025.0,UHRD50FA16D,0.0
7.0,2025.0,UHRD66AUTVE,0.0
7.0,2025.0,UHRD8751001,0.0
7.0,2025.0,UHRD903004B,0.0
7.0,2025.0,UHRDAC0201F,0.0
7.0,2025.0,UHRDACCMTER,0.0
7.0,2025.0,UHRDADHSIVE,0.0
7.0,2025.0,UHRDAECQ200,0.0
7.0,2025.0,UHRDAIRGAAE,0.0
7.0,2025.0,UHRDAIUM392,0.0
7.0,2025.0,UHRDALUM731,0.0
7.0,2025.0,UHRDALUM761,0.0
7.0,2025.0,UHRDALUMHDW,0.0
7.0,2025.0,UHRDALYTHEX,0.0
7.0,2025.0,UHRDAMIC201,0.0
7.0,2025.0,UHRDARSW630,0.0
7.0,2025.0,UHRDARYLCTP,0.0
7.0,2025.0,UHRDAS01508,0.0
7.0,2025.0,UHRDATNAPAD,0.0
7.0,2025.0,UHRDBM29B06,0.0
7.0,2025.0,UHRDBM29B06333,0.0
7.0,2025.0,UHRDBM29B2D,0.0
7.0,2025.0,UHRDBRDTMPE,2964.0
7.0,2025.0,UHRDBTRYAO4,0.0
7.0,2025.0,UHRDC0402TU,0.0
7.0,2025.0,UHRDC1H1R2W,0.0
7.0,2025.0,UHRDCBR04C2,0.0
7.0,2025.0,UHRDCL1SZ10,0.0
7.0,2025.0,UHRDCL1SZ11,0.0
7.0,2025.0,UHRDCL1SZ12,0.0
7.0,2025.0,UHRDCL1SZ13,0.0
7.0,2025.0,UHRDCL1SZ14,0.0
7.0,2025.0,UHRDCLGWRAP,0.0
7.0,2025.0,UHRDCMCTOR7,0.0
7.0,2025.0,UHRDCNL320X,0.0
7.0,2025.0,UHRDCNTSPGH,0.0
7.0,2025.0,UHRDCOGNPO1,0.0
7.0,2025.0,UHRDCRYT32H,0.0
7.0,2025.0,UHRDDOCKBAE,0.0
7.0,2025.0,UHRDDOCKTOP,0.0
7.0,2025.0,UHRDDRV2605,0.0
7.0,2025.0,UHRDE220FML,0.0
7.0,2025.0,UHRDELGOBCK,0.0
7.0,2025.0,UHRDELRWUWB,0.0
7.0,2025.0,UHRDESD7080,0.0
7.0,2025.0,UHRDEVLTION,0.0
7.0,2025.0,UHRDFLHIC64,0.0
7.0,2025.0,UHRDFLHNOR7,0.0
7.0,2025.0,UHRDGLUESTK,0.0
7.0,2025.0,UHRDGNRLTOP,0.0
7.0,2025.0,UHRDGRM225D,1464.0
7.0,2025.0,UHRDGRME15J,0.0
7.0,2025.0,UHRDGRUB410,0.0
7.0,2025.0,UHRDGRUB416,0.0
7.0,2025.0,UHRDHALGNAC,0.0
7.0,2025.0,UHRDHALLSN5,0.0
7.0,2025.0,UHRDHSSTAP4,0.0
7.0,2025.0,UHRDIMUSMEM,0.0
7.0,2025.0,UHRDINDRF15,0.0
7.0,2025.0,UHRDIQC1459,0.0
7.0,2025.0,UHRDLNRSOT5,0.0
7.0,2025.0,UHRDLOCT595,0.0
7.0,2025.0,UHRDMA98357,0.0
7.0,2025.0,UHRDMAX2035,0.0
7.0,2025.0,UHRDMAX8617,0.0
7.0,2025.0,UHRDMAX9835,0.0
7.0,2025.0,UHRDMCP7382,0.0
7.0,2025.0,UHRDMDE1210,0.0
7.0,2025.0,UHRDMFTARY9,0.0
7.0,2025.0,UHRDMICSDBK,0.0
7.0,2025.0,UHRDMJTP117,0.0
7.0,2025.0,UHRDMLCC161,0.0
7.0,2025.0,UHRDMLYRCIP,0.0
7.0,2025.0,UHRDMOLDV22,0.0
7.0,2025.0,UHRDMRE4078,0.0
7.0,2025.0,UHRDMSASE06,1464.0
7.0,2025.0,UHRDMTRC126,0.0
7.0,2025.0,UHRDMTRIGON,0.0
7.0,2025.0,UHRDMTYQ200,0.0
7.0,2025.0,UHRDNRF5340,0.0
7.0,2025.0,UHRDNRFDKBL,0.0
7.0,2025.0,UHRDNSR05F4,0.0
7.0,2025.0,UHRDNTCG063,0.0
7.0,2025.0,UHRDONEPEGP,0.0
7.0,2025.0,UHRDOPLAMT6,0.0
7.0,2025.0,UHRDOQCJIG1,0.0
7.0,2025.0,UHRDP6100SC,0.0
7.0,2025.0,UHRDPCBRUSH,0.0
7.0,2025.0,UHRDPCF8575,0.0
7.0,2025.0,UHRDPINRECL,0.0
7.0,2025.0,UHRDPS1CO10,0.0
7.0,2025.0,UHRDPUTUBE4,0.0
7.0,2025.0,UHRDPWR0603,0.0
7.0,2025.0,UHRDPWRICS1,0.0
7.0,2025.0,UHRDPWRIDTR,0.0
7.0,2025.0,UHRDPZOBURS,0.0
7.0,2025.0,UHRDQCS05AL,0.0
7.0,2025.0,UHRDR0WB01D,0.0
7.0,2025.0,UHRDR150157,0.0
7.0,2025.0,UHRDRCL1SZ6,0.0
7.0,2025.0,UHRDRCL1SZ7,0.0
7.0,2025.0,UHRDRCL1SZ8,0.0
7.0,2025.0,UHRDRCL1SZ9,0.0
7.0,2025.0,UHRDRED624D,0.0
7.0,2025.0,UHRDRFATNNA,0.0
7.0,2025.0,UHRDRPCBSRTI,0.0
7.0,2025.0,UHRDRPCLVRTI,0.0
7.0,2025.0,UHRDRPCMFTTI,0.0
7.0,2025.0,UHRDRPCTMPTI,0.0
7.0,2025.0,UHRDRPL3471,0.0
7.0,2025.0,UHRDRPL3478,0.0
7.0,2025.0,UHRDRPRCANTTDK,0.0
7.0,2025.0,UHRDRR16211,0.0
7.0,2025.0,UHRDRR20CNA,0.0
7.0,2025.0,UHRDRSTR105,0.0
7.0,2025.0,UHRDRT042FR,0.0
7.0,2025.0,UHRDSCNTRPT,0.0
7.0,2025.0,UHRDSELODGE,0.0
7.0,2025.0,UHRDSHDWRE2,0.0
7.0,2025.0,UHRDSILCON6,0.0
7.0,2025.0,UHRDSLICONR,0.0
7.0,2025.0,UHRDSM06BGH,0.0
7.0,2025.0,UHRDSMD0201,11712.0
7.0,2025.0,UHRDSMD0603,0.0
7.0,2025.0,UHRDSMD10MS,0.0
7.0,2025.0,UHRDSMD526,0.0
7.0,2025.0,UHRDSMPSPS,0.0
7.0,2025.0,UHRDSMT8TXS,0.0
7.0,2025.0,UHRDSODERIN,0.0
7.0,2025.0,UHRDSODRGBT,0.0
7.0,2025.0,UHRDSTCKR30,0.0
7.0,2025.0,UHRDSTM32GT,0.0
7.0,2025.0,UHRDSWGVLE5,0.0
7.0,2025.0,UHRDTALETE1,0.0
7.0,2025.0,UHRDTCXOBGA,0.0
7.0,2025.0,UHRDTEMPE26,0.0
7.0,2025.0,UHRDTL2203E,0.0
7.0,2025.0,UHRDTPCLEAN,0.0
7.0,2025.0,UHRDTPS2500,0.0
7.0,2025.0,UHRDTXS018E,0.0
7.0,2025.0,UHRDUNXCELL,0.0
7.0,2025.0,UHRDUSB20CB,0.0
7.0,2025.0,UHRDUSB2ANY,0.0
7.0,2025.0,UHRDUSBCNTR,0.0
7.0,2025.0,UHRDUSDMLR9,0.0
7.0,2025.0,UHRDUWRSTBM,0.0
7.0,2025.0,UHRDUWRSTOP,0.0
7.0,2025.0,UHRDVCNOZZL,0.0
7.0,2025.0,UHRDVCSPLIT,0.0
7.0,2025.0,UHRDVEM3328,0.0
7.0,2025.0,UHRDW25Q128,0.0
7.0,2025.0,UHRDWREBOXD,0.0
7.0,2025.0,UHRDWRLSICF,0.0
7.0,2025.0,UHRDWRSTTST,0.0
7.0,2025.0,UHRDWTHDEIN,0.0
7.0,2025.0,UHRESBOU01BO,26766.0
7.0,2025.0,UHRESNMUR8PF,13383.0
7.0,2025.0,UHRESPAN01KO,32694.0
7.0,2025.0,UHRESPAN1MOH,121944.0
7.0,2025.0,UHRESPAN47KO,84699.0
7.0,2025.0,UHRESSTA10MO,16347.0
7.0,2025.0,UHRESVIS10OH,81296.0
7.0,2025.0,UHRESYAG074O,81296.0
7.0,2025.0,UHRESYAG0OHM,40648.0
7.0,2025.0,UHRESYAG100K,81735.0
7.0,2025.0,UHRESYAG10KO,121944.0
7.0,2025.0,UHRESYAG22KO,81296.0
7.0,2025.0,UHRESYAG22MO,40648.0
7.0,2025.0,UHRESYAG22OH,40648.0
7.0,2025.0,UHRESYAG27KO,40648.0
7.0,2025.0,UHRESYAG47KO,40648.0
7.0,2025.0,UHRESYAG60KO,40648.0
7.0,2025.0,UHRFAJOH24GH,16347.0
7.0,2025.0,UHRGBTR20.5MAH,0.0
7.0,2025.0,UHRGBTR21.5MAH,0.0
7.0,2025.0,UHRGBTR24MAH,8677.0
7.0,2025.0,UHRGBTR32MAH,2806.0
7.0,2025.0,UHRGBTR39MAH,0.0
7.0,2025.0,UHRGOUTTAPS05,0.0
7.0,2025.0,UHRGOUTTAPS06,0.0
7.0,2025.0,UHRGOUTTAPS07,0.0
7.0,2025.0,UHRGOUTTAPS08,0.0
7.0,2025.0,UHRGOUTTAPS09,0.0
7.0,2025.0,UHRGOUTTAPS10,0.0
7.0,2025.0,UHRGOUTTAPS11,0.0
7.0,2025.0,UHRGOUTTAPS12,0.0
7.0,2025.0,UHRING1.61PCBA,1380.0
7.0,2025.0,UHRING1.62PCBA,1224.0
7.0,2025.0,UHRINGAIRREV113S8CNA,0.0
7.0,2025.0,UHRINGCOMPFA,0.0
7.0,2025.0,UHRINGECS320,13383.0
7.0,2025.0,UHRINGPCBA,8879.0
7.0,2025.0,UHROUNDTAPES05,0.0
7.0,2025.0,UHROUNDTAPES06,0.0
7.0,2025.0,UHROUNDTAPES07,0.0
7.0,2025.0,UHROUNDTAPES08,0.0
7.0,2025.0,UHROUNDTAPES09,0.0
7.0,2025.0,UHROUNDTAPES10,0.0
7.0,2025.0,UHROUNDTAPES11,0.0
7.0,2025.0,UHROUNDTAPES12,0.0
7.0,2025.0,UHRPROLEDAS,0.0
7.0,2025.0,UHRPRONRFR7,0.0
7.0,2025.0,UHRSOODAHVR,144387.5
7.0,2025.0,UHSENSMLX36V,13383.0
7.0,2025.0,UHSPACLVLMD,0.0
7.0,2025.0,UHSS6PA41DT,0.0
7.0,2025.0,UHSTCELLOPEN1,0.0
7.0,2025.0,UHSTFACEMASK,0.0
7.0,2025.0,UHSTMASKTAP,0.0
7.0,2025.0,UHSTOHPMARKR,0.0
7.0,2025.0,UHSTPRTONER,0.0
7.0,2025.0,UHSTSTORBOT,0.0
7.0,2025.0,UHSTSTORTOP,0.0
7.0,2025.0,UHSTTW93306,0.0
7.0,2025.0,UHSTWZ93302,0.0
7.0,2025.0,UHSTZPLCK10X14,0.0
7.0,2025.0,UHSWATCHAA,20000.0
7.0,2025.0,UHSWATCHAG,20000.0
7.0,2025.0,UHSWATCHAS,20000.0
7.0,2025.0,UHSWATCHBRG,0.0
7.0,2025.0,UHSWATCHMG,20000.0
7.0,2025.0,UHSWATCHRG,0.0
7.0,2025.0,UHSWATCHRT,20000.0
7.0,2025.0,UHTAPECESTIC,370.0
7.0,2025.0,UHTAPEDC10X8,77866.0
7.0,2025.0,UHTAPES6010X8,0.0
7.0,2025.0,UHTAPS607X145,105140.0
7.0,2025.0,UHTAPS67X125,0.0
7.0,2025.0,UHTAPS69X363,2548.0
7.0,2025.0,UHTDKMLZ1608,0.0
7.0,2025.0,UHTETLV71310,0.0
7.0,2025.0,UHTIJWAABS05,0.0
7.0,2025.0,UHTIJWAABS06,0.0
7.0,2025.0,UHTIJWAABS07,0.0
7.0,2025.0,UHTIJWAABS08,0.0
7.0,2025.0,UHTIJWAABS09,0.0
7.0,2025.0,UHTIJWAABS10,0.0
7.0,2025.0,UHTIJWAABS11,0.0
7.0,2025.0,UHTIJWAABS12,0.0
7.0,2025.0,UHTIJWAABS13,0.0
7.0,2025.0,UHTIJWAABS14,0.0
7.0,2025.0,UHTIJWMGLS05,0.0
7.0,2025.0,UHTIJWMGLS06,0.0
7.0,2025.0,UHTIJWMGLS07,0.0
7.0,2025.0,UHTIJWMGLS08,100.0
7.0,2025.0,UHTIJWMGLS09,50.0
7.0,2025.0,UHTIJWMGLS10,290.0
7.0,2025.0,UHTIJWMGLS11,170.0
7.0,2025.0,UHTIJWMGLS12,0.0
7.0,2025.0,UHTIJWMGLS13,0.0
7.0,2025.0,UHTIJWMGLS14,0.0
7.0,2025.0,UHTIJWRTLS05,5.0
7.0,2025.0,UHTIJWRTLS06,5.0
7.0,2025.0,UHTIJWRTLS07,20.0
7.0,2025.0,UHTIJWRTLS08,0.0
7.0,2025.0,UHTIJWRTLS09,0.0
7.0,2025.0,UHTIJWRTLS10,0.0
7.0,2025.0,UHTIJWRTLS11,20.0
7.0,2025.0,UHTIJWRTLS12,20.0
7.0,2025.0,UHTIJWRTLS13,0.0
7.0,2025.0,UHTIJWRTLS14,0.0
7.0,2025.0,UHTITANTOKEN,0.0
7.0,2025.0,UHTLOSPB470,0.0
7.0,2025.0,UHTRAEPC200V,40648.0
7.0,2025.0,UHTYUMK107BJ,0.0
7.0,2025.0,UHUSB4105GFAN,40648.0
7.0,2025.0,UHUSBCGCT24P,0.0
7.0,2025.0,UHWAWR02X00,0.0
7.0,2025.0,UHYGRC0402JR,0.0
7.0,2025.0,UHYGRC1206JR,0.0
7.0,2025.0,UNICHTEX7A02,16347.0
7.0,2025.0,VLMS1500-GS08,0.0
7.0,2025.0,W25Q128JVPIQ,0.0
7.0,2025.0,[Polishing pads UHCONSPOLPAD,0.0
6.0,2025.0,3M PERFECT IT-EX RUBING COUMPOUND,0.0
6.0,2025.0,FACEMASK,0.0
6.0,2025.0,UH0.2AA05,60.0
6.0,2025.0,UH0.2AA06,161.0
6.0,2025.0,UH0.2AA07,722.0
6.0,2025.0,UH0.2AA08,348.0
6.0,2025.0,UH0.2AA09,396.0
6.0,2025.0,UH0.2AA10,401.0
6.0,2025.0,UH0.2AA11,300.0
6.0,2025.0,UH0.2AA12,3.0
6.0,2025.0,UH0.2AA13,468.0
6.0,2025.0,UH0.2ACRMST05,0.0
6.0,2025.0,UH0.2ACRMST06,0.0
6.0,2025.0,UH0.2ACRMST07,0.0
6.0,2025.0,UH0.2ACRMST08,0.0
6.0,2025.0,UH0.2ACRMST09,0.0
6.0,2025.0,UH0.2ACRMST10,0.0
6.0,2025.0,UH0.2ACRMST11,0.0
6.0,2025.0,UH0.2ACRMST12,0.0
6.0,2025.0,UH0.2ACRMST13,0.0
6.0,2025.0,UH0.2ACRMST14,0.0
6.0,2025.0,UH0.2AG05,425.0
6.0,2025.0,UH0.2AG06,4151.0
6.0,2025.0,UH0.2AG07,10426.0
6.0,2025.0,UH0.2AG08,5287.0
6.0,2025.0,UH0.2AG09,3667.0
6.0,2025.0,UH0.2AG10,901.0
6.0,2025.0,UH0.2AS05,668.0
6.0,2025.0,UH0.2AS06,1676.0
6.0,2025.0,UH0.2AS07,3661.0
6.0,2025.0,UH0.2AS08,3364.0
6.0,2025.0,UH0.2AS09,488.0
6.0,2025.0,UH0.2AS10,120.0
6.0,2025.0,UH0.2AS13,0.0
6.0,2025.0,UH0.2BB05,978.0
6.0,2025.0,UH0.2BB06,509.0
6.0,2025.0,UH0.2BB08,1700.0
6.0,2025.0,UH0.2BB09,3153.0
6.0,2025.0,UH0.2BB10,4470.0
6.0,2025.0,UH0.2BB11,1392.0
6.0,2025.0,UH0.2BB12,657.0
6.0,2025.0,UH0.2BB13,0.0
6.0,2025.0,UH0.2BB14,0.0
6.0,2025.0,UH0.2MACHINS05,685.0
6.0,2025.0,UH0.2MACHINS06,338.0
6.0,2025.0,UH0.2MACHINS07,0.0
6.0,2025.0,UH0.2MACHINS08,1081.0
6.0,2025.0,UH0.2MACHINS09,3306.0
6.0,2025.0,UH0.2MACHINS10,2660.0
6.0,2025.0,UH0.2MACHINS11,1460.0
6.0,2025.0,UH0.2MACHINS12,697.0
6.0,2025.0,UH0.2MACHINS13,487.0
6.0,2025.0,UH0.2MACHINS14,1192.0
6.0,2025.0,UH0.2MG05,0.0
6.0,2025.0,UH0.2MG06,0.0
6.0,2025.0,UH0.2MG08,660.0
6.0,2025.0,UH0.2MG09,360.0
6.0,2025.0,UH0.2MG10,0.0
6.0,2025.0,UH0.2MG11,0.0
6.0,2025.0,UH0.2MG12,0.0
6.0,2025.0,UH0.2MIRROR05,469.0
6.0,2025.0,UH0.2MIRROR06,648.0
6.0,2025.0,UH0.2MIRROR07,555.0
6.0,2025.0,UH0.2MIRROR08,1047.0
6.0,2025.0,UH0.2MIRROR09,587.0
6.0,2025.0,UH0.2MIRROR10,406.0
6.0,2025.0,UH0.2MIRROR11,427.0
6.0,2025.0,UH0.2MIRROR12,50.0
6.0,2025.0,UH0.2MIRROR13,430.0
6.0,2025.0,UH0.2RT09,0.0
6.0,2025.0,UHACCSTM6DSO,61270.0
6.0,2025.0,UHACRPOLMSTS05,0.0
6.0,2025.0,UHACRPOLMSTS06,0.0
6.0,2025.0,UHACRPOLMSTS08,0.0
6.0,2025.0,UHACRPOLMSTS10,0.0
6.0,2025.0,UHACRPOLMSTS12,0.0
6.0,2025.0,UHACRPOLMSTS13,0.0
6.0,2025.0,UHACRPOLMSTS14,0.0
6.0,2025.0,UHAIRBEADBS05,0.0
6.0,2025.0,UHAIRBEADBS06,195.0
6.0,2025.0,UHAIRBEADBS07,494.0
6.0,2025.0,UHAIRBEADBS08,1646.0
6.0,2025.0,UHAIRBEADBS09,1535.0
6.0,2025.0,UHAIRBEADBS10,1962.0
6.0,2025.0,UHAIRBEADBS11,0.0
6.0,2025.0,UHAIRBEADBS12,536.0
6.0,2025.0,UHAIRBOXTOP,0.0
6.0,2025.0,UHAIRG0LDS05,0.0
6.0,2025.0,UHAIRG0LDS06,0.0
6.0,2025.0,UHAIRG0LDS07,0.0
6.0,2025.0,UHAIRG0LDS08,0.0
6.0,2025.0,UHAIRG0LDS09,0.0
6.0,2025.0,UHAIRG0LDS10,0.0
6.0,2025.0,UHAIRG0LDS11,726.0
6.0,2025.0,UHAIRG0LDS12,540.0
6.0,2025.0,UHAIRG0LDS13,420.0
6.0,2025.0,UHAIRG0LDS14,120.0
6.0,2025.0,UHAIRMACSHL05,0.0
6.0,2025.0,UHAIRMACSHL06,375.0
6.0,2025.0,UHAIRMACSHL07,0.0
6.0,2025.0,UHAIRMACSHL08,0.0
6.0,2025.0,UHAIRMACSHL09,1500.0
6.0,2025.0,UHAIRMACSHL10,0.0
6.0,2025.0,UHAIRMACSHL11,0.0
6.0,2025.0,UHAIRMACSHL12,558.0
6.0,2025.0,UHAIRMACSHL13,0.0
6.0,2025.0,UHAIRMACSHL14,0.0
6.0,2025.0,UHAIRMIRSHEL05,0.0
6.0,2025.0,UHAIRMIRSHEL06,988.0
6.0,2025.0,UHAIRMIRSHEL07,0.0
6.0,2025.0,UHAIRMIRSHEL08,1628.0
6.0,2025.0,UHAIRMIRSHEL09,49.0
6.0,2025.0,UHAIRMIRSHEL11,50.0
6.0,2025.0,UHAIRMIRSHEL12,199.0
6.0,2025.0,UHAIRSILVS05,0.0
6.0,2025.0,UHAIRSILVS06,453.0
6.0,2025.0,UHAIRSILVS08,361.0
6.0,2025.0,UHAIRSILVS09,0.0
6.0,2025.0,UHAIRSILVS10,2.0
6.0,2025.0,UHAIRSILVS11,180.0
6.0,2025.0,UHAIRSILVS12,480.0
6.0,2025.0,UHAIRSILVS13,170.0
6.0,2025.0,UHAIRSILVS14,0.0
6.0,2025.0,UHARPVDCHCT,0.0
6.0,2025.0,UHARTSRGBR10,0.0
6.0,2025.0,UHARTSRGBR11,0.0
6.0,2025.0,UHARTSRGBR6,0.0
6.0,2025.0,UHARTSRGBR7,0.0
6.0,2025.0,UHARTSRGBR8,0.0
6.0,2025.0,UHARTSRGBR9,0.0
6.0,2025.0,UHASRINGTRY,0.0
6.0,2025.0,UHBLTP204M7M,60019.0
6.0,2025.0,UHBOTTOMPADS,81719.0
6.0,2025.0,UHBOXTBTTRAY,0.0
6.0,2025.0,UHBOXTOPTRAY,0.0
6.0,2025.0,UHBRUSBCABLE,0.0
6.0,2025.0,UHBRUSHARG05,720.0
6.0,2025.0,UHBRUSHARG06,2460.0
6.0,2025.0,UHBRUSHARG07,2580.0
6.0,2025.0,UHBRUSHARG08,2825.0
6.0,2025.0,UHBRUSHARG09,2160.0
6.0,2025.0,UHBRUSHARG10,660.0
6.0,2025.0,UHBRUSHARG11,240.0
6.0,2025.0,UHBRUSHARG12,180.0
6.0,2025.0,UHBRUSHARG13,96.0
6.0,2025.0,UHBRUSHARG14,90.0
6.0,2025.0,UHC2068NF50V,173434.0
6.0,2025.0,UHC2100NF50V,173434.0
6.0,2025.0,UHC2C10UF50V,173434.0
6.0,2025.0,UHC2C1KPF50V,173434.0
6.0,2025.0,UHC2C47PF25V,173434.0
6.0,2025.0,UHC2CUMO10MA,86717.0
6.0,2025.0,UHC2FB30OM1L,86717.0
6.0,2025.0,UHC2FFCCN4P,86717.0
6.0,2025.0,UHC2INDU6.8UH,86717.0
6.0,2025.0,UHC2PCBAREV21,91919.0
6.0,2025.0,UHC2PCBREV21,86717.0
6.0,2025.0,UHC2RES0OM42,260151.0
6.0,2025.0,UHC2RES0OM85,86717.0
6.0,2025.0,UHC2RES27OHM,173434.0
6.0,2025.0,UHC2TRCL72UH,81719.0
6.0,2025.0,UHC3BASEPAINT,0.0
6.0,2025.0,UHC3BOTTPAD,10200.0
6.0,2025.0,UHC3FINFGS06,0.0
6.0,2025.0,UHC3FINFGS07,0.0
6.0,2025.0,UHC3FINFGS08,0.0
6.0,2025.0,UHC3FINFGS09,0.0
6.0,2025.0,UHC3FINFGS10,0.0
6.0,2025.0,UHC3FINFGS11,0.0
6.0,2025.0,UHC3FINFGS12,0.0
6.0,2025.0,UHC3FINFGS13,0.0
6.0,2025.0,UHC3FINFGS14,0.0
6.0,2025.0,UHC3LASERTOPS06,279.0
6.0,2025.0,UHC3LASERTOPS07,1221.0
6.0,2025.0,UHC3LASERTOPS08,1600.0
6.0,2025.0,UHC3LASERTOPS09,1500.0
6.0,2025.0,UHC3LASERTOPS10,2500.0
6.0,2025.0,UHC3LASERTOPS11,1500.0
6.0,2025.0,UHC3LASERTOPS12,1200.0
6.0,2025.0,UHC3LASERTOPS13,300.0
6.0,2025.0,UHC3LASERTOPS14,100.0
6.0,2025.0,UHC3PAINBASES06,279.0
6.0,2025.0,UHC3PAINBASES07,1221.0
6.0,2025.0,UHC3PAINBASES08,1600.0
6.0,2025.0,UHC3PAINBASES09,1500.0
6.0,2025.0,UHC3PAINBASES10,2500.0
6.0,2025.0,UHC3PAINBASES11,1500.0
6.0,2025.0,UHC3PAINBASES12,1200.0
6.0,2025.0,UHC3PAINBASES13,300.0
6.0,2025.0,UHC3PAINBASES14,100.0
6.0,2025.0,UHC3TXCOIL,10200.0
6.0,2025.0,UHCAPMUR01UF,490160.0
6.0,2025.0,UHCAPMUR047F,61270.0
6.0,2025.0,UHCAPMUR10UF,867170.0
6.0,2025.0,UHCAPMUR12PF,245080.0
6.0,2025.0,UHCAPMUR220F,86717.0
6.0,2025.0,UHCAPMUR22UF,61270.0
6.0,2025.0,UHCAPMUR820F,61270.0
6.0,2025.0,UHCAPMURE14D,953887.0
6.0,2025.0,UHCAPMURE1UF,490160.0
6.0,2025.0,UHCAPSAM22UF,61270.0
6.0,2025.0,UHCAPSAM43UF,61270.0
6.0,2025.0,UHCAPTAY27PF,61270.0
6.0,2025.0,UHCAPYAG10PF,61270.0
6.0,2025.0,UHCH2COHOS05,4200.0
6.0,2025.0,UHCH2COHOS06,10900.0
6.0,2025.0,UHCH2COHOS07,23950.0
6.0,2025.0,UHCH2COHOS08,17400.0
6.0,2025.0,UHCH2COHOS09,11800.0
6.0,2025.0,UHCH2COHOS10,4500.0
6.0,2025.0,UHCH2COHOS11,4469.0
6.0,2025.0,UHCH2COHOS12,3200.0
6.0,2025.0,UHCH2COHOS13,1300.0
6.0,2025.0,UHCH2FINISHS05,5411.0
6.0,2025.0,UHCH2FINISHS06,20815.0
6.0,2025.0,UHCH2FINISHS07,41153.0
6.0,2025.0,UHCH2FINISHS08,34943.0
6.0,2025.0,UHCH2FINISHS09,23948.0
6.0,2025.0,UHCH2FINISHS10,12009.0
6.0,2025.0,UHCH2FINISHS11,6756.0
6.0,2025.0,UHCH2FINISHS12,3321.0
6.0,2025.0,UHCH2FINISHS13,1137.0
6.0,2025.0,UHCH2FINISHS14,484.0
6.0,2025.0,UHCHA2BASS05,4200.0
6.0,2025.0,UHCHA2BASS06,10900.0
6.0,2025.0,UHCHA2BASS07,23950.0
6.0,2025.0,UHCHA2BASS08,17400.0
6.0,2025.0,UHCHA2BASS09,11800.0
6.0,2025.0,UHCHA2BASS10,4500.0
6.0,2025.0,UHCHA2BASS11,4469.0
6.0,2025.0,UHCHA2BASS12,3200.0
6.0,2025.0,UHCHA2BASS13,1300.0
6.0,2025.0,UHCHARTOPS05,4200.0
6.0,2025.0,UHCHARTOPS06,10900.0
6.0,2025.0,UHCHARTOPS07,23950.0
6.0,2025.0,UHCHARTOPS08,17400.0
6.0,2025.0,UHCHARTOPS09,11800.0
6.0,2025.0,UHCHARTOPS10,4500.0
6.0,2025.0,UHCHARTOPS11,4469.0
6.0,2025.0,UHCHARTOPS12,3200.0
6.0,2025.0,UHCHARTOPS13,1300.0
6.0,2025.0,UHCHARTOPS14,0.0
6.0,2025.0,UHCHCOMPERJ,86717.0
6.0,2025.0,UHCONSACETON,0.0
6.0,2025.0,UHCONSCLOTH,0.0
6.0,2025.0,UHCONSCLSWAB,0.0
6.0,2025.0,UHCONSCOTNWASTE,0.0
6.0,2025.0,UHCONSDBRBLD,0.0
6.0,2025.0,UHCONSDBRTL,0.0
6.0,2025.0,UHCONSEARBD,0.0
6.0,2025.0,UHCONSEMR1000,0.0
6.0,2025.0,UHCONSEMR1500,0.0
6.0,2025.0,UHCONSEMR2000,0.0
6.0,2025.0,UHCONSEMR2500,0.0
6.0,2025.0,UHCONSFEVICRL,0.0
6.0,2025.0,UHCONSIPA,0.0
6.0,2025.0,UHCONSJSSPR,0.0
6.0,2025.0,UHCONSLAQUERPAI,0.0
6.0,2025.0,UHCONSLC5366,0.0
6.0,2025.0,UHCONSLOC406,233.0
6.0,2025.0,UHCONSLOC495,217.0
6.0,2025.0,UHCONSNTRLGLOV,0.0
6.0,2025.0,UHCONSPAINTBRSH,0.0
6.0,2025.0,UHCONSPOL3M,0.0
6.0,2025.0,UHCONSPOLPAD,0.0
6.0,2025.0,UHCONSPRSPRAY,0.0
6.0,2025.0,UHCONSSHIPCLOTH,0.0
6.0,2025.0,UHCONSSICOMET,0.0
6.0,2025.0,UHCONSSIHARD,0.0
6.0,2025.0,UHCONSSIRES,0.0
6.0,2025.0,UHCONSSTPPINSML,0.0
6.0,2025.0,UHCONSTOOTPICK,0.0
6.0,2025.0,UHCONSTOTPCK,0.0
6.0,2025.0,UHCRYDIO32MH,0.0
6.0,2025.0,UHCXLWMCW52,0.0
6.0,2025.0,UHDEBONDGLUE,0.0
6.0,2025.0,UHDIOCOMT33V,86717.0
6.0,2025.0,UHDIODIO100V,86717.0
6.0,2025.0,UHDIODIOI40V,86717.0
6.0,2025.0,UHDIODIOI75V,86717.0
6.0,2025.0,UHDIOSMCAV99,86717.0
6.0,2025.0,UHDIOTEXI14V,86717.0
6.0,2025.0,UHDRLDOVTG1,0.0
6.0,2025.0,UHFERRTSHTUNCUT,200.0
6.0,2025.0,UHFQCAUTMAC,0.0
6.0,2025.0,UHFSJW10M8M,183838.0
6.0,2025.0,UHFSJW5.6M7M,60019.0
6.0,2025.0,UHHDRWHSPRG,0.0
6.0,2025.0,UHHMDVFGWEN,0.0
6.0,2025.0,UHHRDOODLVR,0.0
6.0,2025.0,UHHROODAHVR,555210.05
6.0,2025.0,UHHWSS1.8X6-H,367676.0
6.0,2025.0,UHHWSSM1.8X6S,0.0
6.0,2025.0,UHICHANA4124,61270.0
6.0,2025.0,UHICHNRF5284,61270.0
6.0,2025.0,UHICHSTM3117,61270.0
6.0,2025.0,UHICHSTM32G0,86717.0
6.0,2025.0,UHICHTEXLMR6,86717.0
6.0,2025.0,UHICHTEXTLV7,86717.0
6.0,2025.0,UHICHTEXTMP1,86717.0
6.0,2025.0,UHICHTEXTPS2,86717.0
6.0,2025.0,UHICHTEXUCC2,86717.0
6.0,2025.0,UHIND2213A156,173434.0
6.0,2025.0,UHINDKYO15NH,61270.0
6.0,2025.0,UHINDMUR1OUH,61270.0
6.0,2025.0,UHLEDWOR812B,86717.0
6.0,2025.0,UHLUXAGBASES05,0.0
6.0,2025.0,UHLUXAGBASES06,0.0
6.0,2025.0,UHLUXAGS05-S11,0.0
6.0,2025.0,UHLUXCHTOPS06,0.0
6.0,2025.0,UHOPSANA61EF,61270.0
6.0,2025.0,UHOSCECS27MH,86717.0
6.0,2025.0,UHPCBREV15S6,61270.0
6.0,2025.0,UHPCBRXCOS05,1876.0
6.0,2025.0,UHPCBRXCOS06,8858.0
6.0,2025.0,UHPCBRXCOS07,17985.0
6.0,2025.0,UHPCBRXCOS08,13352.0
6.0,2025.0,UHPCBRXCOS09,8789.0
6.0,2025.0,UHPCBRXCOS10,3246.0
6.0,2025.0,UHPCBRXCOS11,2204.0
6.0,2025.0,UHPCBRXCOS12,1981.0
6.0,2025.0,UHPCBRXCOS13,1158.0
6.0,2025.0,UHPCBRXCOS14,570.0
6.0,2025.0,UHPLASIZRS05,0.0
6.0,2025.0,UHPLASIZRS06,0.0
6.0,2025.0,UHPLASIZRS07,0.0
6.0,2025.0,UHPLASIZRS08,0.0
6.0,2025.0,UHPLASIZRS09,0.0
6.0,2025.0,UHPLASIZRS10,0.0
6.0,2025.0,UHPLASIZRS11,0.0
6.0,2025.0,UHPLASIZRS12,0.0
6.0,2025.0,UHPLASIZRS13,0.0
6.0,2025.0,UHPLASIZRS14,0.0
6.0,2025.0,UHPRINTBATPCB,153903.0
6.0,2025.0,UHRD01UFX7R,0.0
6.0,2025.0,UHRD01X7S26,0.0
6.0,2025.0,UHRD0201Q20,0.0
6.0,2025.0,UHRD0201X6S,0.0
6.0,2025.0,UHRD022UF10,0.0
6.0,2025.0,UHRD100CHP3,0.0
6.0,2025.0,UHRD109ISTR,0.0
6.0,2025.0,UHRD10KSCPS,0.0
6.0,2025.0,UHRD10PINSM,0.0
6.0,2025.0,UHRD10UF50V,0.0
6.0,2025.0,UHRD1447360,0.0
6.0,2025.0,UHRD14VCMP5,0.0
6.0,2025.0,UHRD16WOHS5,0.0
6.0,2025.0,UHRD196AEC2,0.0
6.0,2025.0,UHRD1CIL270,0.0
6.0,2025.0,UHRD1PFX8R9,0.0
6.0,2025.0,UHRD1UFCMIC,0.0
6.0,2025.0,UHRD20ATCSF,0.0
6.0,2025.0,UHRD20PPM92,0.0
6.0,2025.0,UHRD2200PF5,0.0
6.0,2025.0,UHRD220CPTR,0.0
6.0,2025.0,UHRD220WGK7,0.0
6.0,2025.0,UHRD22UFX51,0.0
6.0,2025.0,UHRD25COGPF,0.0
6.0,2025.0,UHRD25VDCX8,0.0
6.0,2025.0,UHRD27063RS,0.0
6.0,2025.0,UHRD2VCPTR7,0.0
6.0,2025.0,UHRD30METCS,0.0
6.0,2025.0,UHRD30MHZ1P,0.0
6.0,2025.0,UHRD315575V,0.0
6.0,2025.0,UHRD330AEC2,0.0
6.0,2025.0,UHRD359GREY,0.0
6.0,2025.0,UHRD35VDCX5,0.0
6.0,2025.0,UHRD39NHMA6,0.0
6.0,2025.0,UHRD3PLTRNR,0.0
6.0,2025.0,UHRD40PSTCT,0.0
6.0,2025.0,UHRD472608M,0.0
6.0,2025.0,UHRD47KH021,0.0
6.0,2025.0,UHRD47MTURE,0.0
6.0,2025.0,UHRD47TINFL,0.0
6.0,2025.0,UHRD499RSTR,0.0
6.0,2025.0,UHRD4MMBRAS,0.0
6.0,2025.0,UHRD66AUTVE,0.0
6.0,2025.0,UHRD8751001,0.0
6.0,2025.0,UHRD903004B,0.0
6.0,2025.0,UHRDACCMTER,0.0
6.0,2025.0,UHRDADHSIVE,0.0
6.0,2025.0,UHRDAECQ200,0.0
6.0,2025.0,UHRDAIRGAAE,0.0
6.0,2025.0,UHRDAIUM392,0.0
6.0,2025.0,UHRDALUM731,0.0
6.0,2025.0,UHRDALUM761,0.0
6.0,2025.0,UHRDALUMHDW,0.0
6.0,2025.0,UHRDALYTHEX,0.0
6.0,2025.0,UHRDARYLCTP,0.0
6.0,2025.0,UHRDAS01508,0.0
6.0,2025.0,UHRDBM29B06,0.0
6.0,2025.0,UHRDBM29B2D,0.0
6.0,2025.0,UHRDBRDTMPE,0.0
6.0,2025.0,UHRDBTRYAO4,0.0
6.0,2025.0,UHRDCAC1608,0.0
6.0,2025.0,UHRDCBR04C2,0.0
6.0,2025.0,UHRDCL1SZ10,0.0
6.0,2025.0,UHRDCL1SZ11,0.0
6.0,2025.0,UHRDCL1SZ12,0.0
6.0,2025.0,UHRDCL1SZ13,0.0
6.0,2025.0,UHRDCL1SZ14,0.0
6.0,2025.0,UHRDCMCTOR7,0.0
6.0,2025.0,UHRDCMIC106,0.0
6.0,2025.0,UHRDCNL320X,0.0
6.0,2025.0,UHRDCNTSPGH,0.0
6.0,2025.0,UHRDCOGNPO1,0.0
6.0,2025.0,UHRDCRTM106,0.0
6.0,2025.0,UHRDCRYT32H,0.0
6.0,2025.0,UHRDDS1921H,0.0
6.0,2025.0,UHRDE220FML,0.0
6.0,2025.0,UHRDELGOBCK,0.0
6.0,2025.0,UHRDELRWUWB,0.0
6.0,2025.0,UHRDESD7080,0.0
6.0,2025.0,UHRDESVQ200,0.0
6.0,2025.0,UHRDEVLTION,0.0
6.0,2025.0,UHRDFLHIC64,0.0
6.0,2025.0,UHRDFLHNOR7,0.0
6.0,2025.0,UHRDGNRLTOP,0.0
6.0,2025.0,UHRDGRUB410,0.0
6.0,2025.0,UHRDGRUB416,0.0
6.0,2025.0,UHRDHALGNAC,0.0
6.0,2025.0,UHRDHALLSN5,0.0
6.0,2025.0,UHRDHARDHY,0.0
6.0,2025.0,UHRDHSSTAP4,0.0
6.0,2025.0,UHRDIMUSMEM,0.0
6.0,2025.0,UHRDINDRF15,0.0
6.0,2025.0,UHRDIQC1459,0.0
6.0,2025.0,UHRDJPR200Q,0.0
6.0,2025.0,UHRDLNRSOT5,0.0
6.0,2025.0,UHRDLOCT595,0.0
6.0,2025.0,UHRDLVCMOS4,0.0
6.0,2025.0,UHRDMAX2035,0.0
6.0,2025.0,UHRDMAX8617,0.0
6.0,2025.0,UHRDMAX9835,0.0
6.0,2025.0,UHRDMCP7382,0.0
6.0,2025.0,UHRDMDE1210,0.0
6.0,2025.0,UHRDMFTARY9,0.0
6.0,2025.0,UHRDMICSDBK,0.0
6.0,2025.0,UHRDMICSDRD,0.0
6.0,2025.0,UHRDMJTP117,0.0
6.0,2025.0,UHRDMLCC161,0.0
6.0,2025.0,UHRDMLYRCIP,0.0
6.0,2025.0,UHRDMRE4078,0.0
6.0,2025.0,UHRDMTRC126,0.0
6.0,2025.0,UHRDMTRIGON,0.0
6.0,2025.0,UHRDMTYQ200,0.0
6.0,2025.0,UHRDNRF5340,0.0
6.0,2025.0,UHRDNRFDKBL,0.0
6.0,2025.0,UHRDOPLAMT6,0.0
6.0,2025.0,UHRDOQCJIG1,0.0
6.0,2025.0,UHRDP6100SC,0.0
6.0,2025.0,UHRDPACKING,0.0
6.0,2025.0,UHRDPCF8575,0.0
6.0,2025.0,UHRDPIGMENT,0.0
6.0,2025.0,UHRDPINRECL,0.0
6.0,2025.0,UHRDPRBA161,0.0
6.0,2025.0,UHRDPRCR162,0.0
6.0,2025.0,UHRDPS1CO10,0.0
6.0,2025.0,UHRDPUTUBE4,0.0
6.0,2025.0,UHRDPWR0603,0.0
6.0,2025.0,UHRDPWRICS1,0.0
6.0,2025.0,UHRDPWRIDTR,0.0
6.0,2025.0,UHRDPZOBURS,0.0
6.0,2025.0,UHRDQCS05AL,0.0
6.0,2025.0,UHRDR150157,0.0
6.0,2025.0,UHRDRCL1SZ5,0.0
6.0,2025.0,UHRDRCL1SZ6,0.0
6.0,2025.0,UHRDRCL1SZ7,0.0
6.0,2025.0,UHRDRCL1SZ8,0.0
6.0,2025.0,UHRDRCL1SZ9,0.0
6.0,2025.0,UHRDRED624D,0.0
6.0,2025.0,UHRDRESINCY,0.0
6.0,2025.0,UHRDRFATNNA,0.0
6.0,2025.0,UHRDRSTR105,0.0
6.0,2025.0,UHRDRT042FR,0.0
6.0,2025.0,UHRDSCNTRPT,0.0
6.0,2025.0,UHRDSELODGE,0.0
6.0,2025.0,UHRDSHDWRE2,0.0
6.0,2025.0,UHRDSILCON6,0.0
6.0,2025.0,UHRDSLDMTYA,0.0
6.0,2025.0,UHRDSLICONR,0.0
6.0,2025.0,UHRDSM06BGH,0.0
6.0,2025.0,UHRDSMD0201,0.0
6.0,2025.0,UHRDSMD0603,0.0
6.0,2025.0,UHRDSMD10MS,0.0
6.0,2025.0,UHRDSMD2042,0.0
6.0,2025.0,UHRDSMD526,0.0
6.0,2025.0,UHRDSMPSPS,0.0
6.0,2025.0,UHRDSMT10VD,0.0
6.0,2025.0,UHRDSMT8TXS,0.0
6.0,2025.0,UHRDSODRGBT,0.0
6.0,2025.0,UHRDSTCKR30,0.0
6.0,2025.0,UHRDSTM32GT,0.0
6.0,2025.0,UHRDSWGVLE5,0.0
6.0,2025.0,UHRDTALETE1,0.0
6.0,2025.0,UHRDTCXOBGA,0.0
6.0,2025.0,UHRDTEMPE26,0.0
6.0,2025.0,UHRDTEMTRSR,0.0
6.0,2025.0,UHRDTL2203E,0.0
6.0,2025.0,UHRDTLUM150,0.0
6.0,2025.0,UHRDTPS2500,0.0
6.0,2025.0,UHRDTRHLRES,0.0
6.0,2025.0,UHRDTXS018E,0.0
6.0,2025.0,UHRDUF16102,0.0
6.0,2025.0,UHRDUSB2ANY,0.0
6.0,2025.0,UHRDUSBANY8,0.0
6.0,2025.0,UHRDUSBCNT2,0.0
6.0,2025.0,UHRDUSBCNTR,0.0
6.0,2025.0,UHRDUSDMLR9,0.0
6.0,2025.0,UHRDVCNOZZL,0.0
6.0,2025.0,UHRDVCSPLIT,0.0
6.0,2025.0,UHRDVDCX7S1,0.0
6.0,2025.0,UHRDVEM3328,0.0
6.0,2025.0,UHRDW25Q128,0.0
6.0,2025.0,UHRDWREBOXD,0.0
6.0,2025.0,UHRDWRLSICF,0.0
6.0,2025.0,UHRDWRSTTST,0.0
6.0,2025.0,UHRDWTHDEIN,0.0
6.0,2025.0,UHRESBOU01BO,122540.0
6.0,2025.0,UHRESNMUR8PF,61270.0
6.0,2025.0,UHRESPAN01KO,122540.0
6.0,2025.0,UHRESPAN1MOH,260151.0
6.0,2025.0,UHRESPAN47KO,306350.0
6.0,2025.0,UHRESSTA10MO,61270.0
6.0,2025.0,UHRESVIS10OH,173434.0
6.0,2025.0,UHRESYAG074O,173434.0
6.0,2025.0,UHRESYAG0OHM,86717.0
6.0,2025.0,UHRESYAG100K,306350.0
6.0,2025.0,UHRESYAG10KO,260151.0
6.0,2025.0,UHRESYAG22KO,173434.0
6.0,2025.0,UHRESYAG22MO,86717.0
6.0,2025.0,UHRESYAG22OH,86717.0
6.0,2025.0,UHRESYAG27KO,86717.0
6.0,2025.0,UHRESYAG47KO,86717.0
6.0,2025.0,UHRESYAG60KO,86717.0
6.0,2025.0,UHRFAJOH24GH,61270.0
6.0,2025.0,UHRGBTR24MAH,42071.0
6.0,2025.0,UHRGBTR32MAH,17948.0
6.0,2025.0,UHRINGECS320,61270.0
6.0,2025.0,UHRINGPCBA,60019.0
6.0,2025.0,UHROUNDTAPES05,0.0
6.0,2025.0,UHROUNDTAPES06,0.0
6.0,2025.0,UHROUNDTAPES07,0.0
6.0,2025.0,UHROUNDTAPES08,0.0
6.0,2025.0,UHROUNDTAPES09,0.0
6.0,2025.0,UHROUNDTAPES10,0.0
6.0,2025.0,UHROUNDTAPES11,0.0
6.0,2025.0,UHROUNDTAPES12,0.0
6.0,2025.0,UHRSOODAHVR,1108643.75
6.0,2025.0,UHSENSMLX36V,61270.0
6.0,2025.0,UHSPACLVLMD,0.0
6.0,2025.0,UHSTCELLOPEN1,0.0
6.0,2025.0,UHSTESD60X90,0.0
6.0,2025.0,UHSTFACEMASK,0.0
6.0,2025.0,UHSTMASKTAP,0.0
6.0,2025.0,UHSTMICCABL,0.0
6.0,2025.0,UHSTOHPMARKR,0.0
6.0,2025.0,UHSTPRTONER,0.0
6.0,2025.0,UHSTSTORBOT,0.0
6.0,2025.0,UHSTSTORTOP,0.0
6.0,2025.0,UHSTTW93306,0.0
6.0,2025.0,UHSTUSBCCBL,0.0
6.0,2025.0,UHSTWZ93302,0.0
6.0,2025.0,UHSTZPLCK10X14,0.0
6.0,2025.0,UHSWATCHAA,0.0
6.0,2025.0,UHSWATCHAG,0.0
6.0,2025.0,UHSWATCHAS,0.0
6.0,2025.0,UHSWATCHMG,0.0
6.0,2025.0,UHSWATCHRT,0.0
6.0,2025.0,UHTAPEBATPCB,137480.0
6.0,2025.0,UHTAPECESTIC,23481.0
6.0,2025.0,UHTAPEDC10X8,175438.0
6.0,2025.0,UHTAPS607X145,0.0
6.0,2025.0,UHTAPS69X363,60520.0
6.0,2025.0,UHTIJWAABS06,0.0
6.0,2025.0,UHTIJWAABS07,240.0
6.0,2025.0,UHTIJWAABS08,120.0
6.0,2025.0,UHTIJWAABS09,960.0
6.0,2025.0,UHTIJWAABS11,360.0
6.0,2025.0,UHTIJWAABS12,288.0
6.0,2025.0,UHTIJWAABS13,0.0
6.0,2025.0,UHTIJWAABS14,180.0
6.0,2025.0,UHTIJWMGLS05,5.0
6.0,2025.0,UHTIJWMGLS06,60.0
6.0,2025.0,UHTIJWMGLS07,354.0
6.0,2025.0,UHTIJWMGLS08,427.0
6.0,2025.0,UHTIJWMGLS09,758.0
6.0,2025.0,UHTIJWMGLS10,1162.0
6.0,2025.0,UHTIJWMGLS11,398.0
6.0,2025.0,UHTIJWMGLS12,490.0
6.0,2025.0,UHTIJWMGLS13,4.0
6.0,2025.0,UHTIJWMGLS14,180.0
6.0,2025.0,UHTIJWRTLS06,3.0
6.0,2025.0,UHTIJWRTLS07,2.0
6.0,2025.0,UHTIJWRTLS08,0.0
6.0,2025.0,UHTIJWRTLS09,0.0
6.0,2025.0,UHTIJWRTLS12,0.0
6.0,2025.0,UHTIJWRTLS14,0.0
6.0,2025.0,UHTLOSPB470,0.0
6.0,2025.0,UHTRAEPC200V,86717.0
6.0,2025.0,UHUSB4105GFAN,86717.0
6.0,2025.0,UNICHTEX7A02,61270.0
5.0,2025.0,0402ZD105KAT2A,0.0
5.0,2025.0,1N4148WS,0.0
5.0,2025.0,687106182122,0.0
5.0,2025.0,687108182122,0.0
5.0,2025.0,687608050002,0.0
5.0,2025.0,687708050002,0.0
5.0,2025.0,AP2112K-1.8TRG1,0.0
5.0,2025.0,AP2112K-3.3TRG1,0.0
5.0,2025.0,AS7331-AQFM OLGA16 LF T&R,0.0
5.0,2025.0,B3U-1100PM,0.0
5.0,2025.0,BSS138,0.0
5.0,2025.0,BU27006MUC-ZTR,0.0
5.0,2025.0,CL05B104KP5NNNC,0.0
5.0,2025.0,CL10E224KA84PNC,0.0
5.0,2025.0,DFE201610P-2R2M=P2,0.0
5.0,2025.0,DMP2035U-7,0.0
5.0,2025.0,ECS-.327-12.5-34B-TR,0.0
5.0,2025.0,ERA-2AEB303X,0.0
5.0,2025.0,ERJ-2LWFR010X,0.0
5.0,2025.0,FACEMASK,0.0
5.0,2025.0,FMMT619TA,0.0
5.0,2025.0,GRM155R60J474KE19D,0.0
5.0,2025.0,GRM155R61A106ME11D,0.0
5.0,2025.0,LSM6DSVTR,0.0
5.0,2025.0,MLZ1608N100LT000,0.0
5.0,2025.0,RC0402FR-07470RL,0.0
5.0,2025.0,RC0402FR-074K7L,0.0
5.0,2025.0,RC0402JR-07100KL,0.0
5.0,2025.0,RC0402JR-0710KL,0.0
5.0,2025.0,RC0402JR-071KL,0.0
5.0,2025.0,RMCF0402FT270K,0.0
5.0,2025.0,Retsol D-5025A BT 2D Barcode scanner,0.0
5.0,2025.0,SEK-SEN5X,0.0
5.0,2025.0,SFH 2703,0.0
5.0,2025.0,SFH 7016,0.0
5.0,2025.0,TCS34303     ,0.0
5.0,2025.0,TLV61070ADBVR,0.0
5.0,2025.0,UH0.2AA05,300.0
5.0,2025.0,UH0.2AA06,300.0
5.0,2025.0,UH0.2AA07,1528.0
5.0,2025.0,UH0.2AA08,1422.0
5.0,2025.0,UH0.2AA09,1180.0
5.0,2025.0,UH0.2AA10,1073.0
5.0,2025.0,UH0.2AA11,228.0
5.0,2025.0,UH0.2AA12,357.0
5.0,2025.0,UH0.2AA13,0.0
5.0,2025.0,UH0.2ACRMST05,0.0
5.0,2025.0,UH0.2ACRMST06,0.0
5.0,2025.0,UH0.2ACRMST07,0.0
5.0,2025.0,UH0.2ACRMST08,0.0
5.0,2025.0,UH0.2ACRMST09,0.0
5.0,2025.0,UH0.2ACRMST10,0.0
5.0,2025.0,UH0.2ACRMST11,0.0
5.0,2025.0,UH0.2ACRMST12,0.0
5.0,2025.0,UH0.2ACRMST13,0.0
5.0,2025.0,UH0.2ACRMST14,0.0
5.0,2025.0,UH0.2AG05,1017.0
5.0,2025.0,UH0.2AG06,5130.0
5.0,2025.0,UH0.2AG07,12174.0
5.0,2025.0,UH0.2AG08,6973.0
5.0,2025.0,UH0.2AG09,4493.0
5.0,2025.0,UH0.2AG10,359.0
5.0,2025.0,UH0.2AS05,472.0
5.0,2025.0,UH0.2AS06,640.0
5.0,2025.0,UH0.2AS07,1679.0
5.0,2025.0,UH0.2AS08,1316.0
5.0,2025.0,UH0.2AS09,1612.0
5.0,2025.0,UH0.2BB05,0.0
5.0,2025.0,UH0.2BB06,0.0
5.0,2025.0,UH0.2BB07,0.0
5.0,2025.0,UH0.2BB08,0.0
5.0,2025.0,UH0.2BB09,0.0
5.0,2025.0,UH0.2BB10,0.0
5.0,2025.0,UH0.2MACHINS05,540.0
5.0,2025.0,UH0.2MACHINS06,401.0
5.0,2025.0,UH0.2MACHINS07,452.0
5.0,2025.0,UH0.2MACHINS08,1867.0
5.0,2025.0,UH0.2MACHINS09,2096.0
5.0,2025.0,UH0.2MACHINS10,3819.0
5.0,2025.0,UH0.2MACHINS11,1000.0
5.0,2025.0,UH0.2MACHINS13,269.0
5.0,2025.0,UH0.2MACHINS14,0.0
5.0,2025.0,UH0.2MG07,0.0
5.0,2025.0,UH0.2MIRROR05,257.0
5.0,2025.0,UH0.2MIRROR06,25.0
5.0,2025.0,UH0.2MIRROR07,2285.0
5.0,2025.0,UH0.2MIRROR08,1267.0
5.0,2025.0,UH0.2MIRROR09,1128.0
5.0,2025.0,UH0.2MIRROR10,1766.0
5.0,2025.0,UH0.2MIRROR11,726.0
5.0,2025.0,UH0.2MIRROR12,4.0
5.0,2025.0,UH0.2MIRROR13,274.0
5.0,2025.0,UH0.2RT05,0.0
5.0,2025.0,UH0.2RT06,0.0
5.0,2025.0,UH0.2RT07,0.0
5.0,2025.0,UH0.2RT08,0.0
5.0,2025.0,UH0.2RT09,0.0
5.0,2025.0,UH0.2RT10,0.0
5.0,2025.0,UH0.2RT11,0.0
5.0,2025.0,UH0.2RT13,0.0
5.0,2025.0,UHACCSTM6DSO,117686.0
5.0,2025.0,UHACRPOLMSTS05,0.0
5.0,2025.0,UHACRPOLMSTS06,0.0
5.0,2025.0,UHACRPOLMSTS07,0.0
5.0,2025.0,UHACRPOLMSTS08,0.0
5.0,2025.0,UHACRPOLMSTS09,0.0
5.0,2025.0,UHACRPOLMSTS10,0.0
5.0,2025.0,UHACRPOLMSTS12,0.0
5.0,2025.0,UHACRPOLMSTS13,0.0
5.0,2025.0,UHACRPOLMSTS14,0.0
5.0,2025.0,UHAIRBEADBS05,352.0
5.0,2025.0,UHAIRBEADBS06,478.0
5.0,2025.0,UHAIRBEADBS07,3051.0
5.0,2025.0,UHAIRBEADBS08,2464.0
5.0,2025.0,UHAIRBEADBS09,2477.0
5.0,2025.0,UHAIRBEADBS10,2530.0
5.0,2025.0,UHAIRBEADBS11,1089.0
5.0,2025.0,UHAIRBEADBS12,750.0
5.0,2025.0,UHAIRBEADBS13,423.0
5.0,2025.0,UHAIRBEADBS14,851.0
5.0,2025.0,UHAIRG0LDS05,995.0
5.0,2025.0,UHAIRG0LDS06,1066.0
5.0,2025.0,UHAIRG0LDS07,5746.0
5.0,2025.0,UHAIRG0LDS08,4496.0
5.0,2025.0,UHAIRG0LDS09,0.0
5.0,2025.0,UHAIRG0LDS10,1830.0
5.0,2025.0,UHAIRG0LDS11,1314.0
5.0,2025.0,UHAIRG0LDS12,420.0
5.0,2025.0,UHAIRG0LDS13,170.0
5.0,2025.0,UHAIRG0LDS14,60.0
5.0,2025.0,UHAIRMACSHL05,389.0
5.0,2025.0,UHAIRMACSHL06,327.0
5.0,2025.0,UHAIRMACSHL07,3814.0
5.0,2025.0,UHAIRMACSHL08,134.0
5.0,2025.0,UHAIRMACSHL09,1964.0
5.0,2025.0,UHAIRMACSHL10,425.0
5.0,2025.0,UHAIRMACSHL11,1000.0
5.0,2025.0,UHAIRMACSHL12,936.0
5.0,2025.0,UHAIRMACSHL13,0.0
5.0,2025.0,UHAIRMACSHL14,1053.0
5.0,2025.0,UHAIRMIRSHEL07,2111.0
5.0,2025.0,UHAIRMIRSHEL08,2288.0
5.0,2025.0,UHAIRMIRSHEL09,3060.0
5.0,2025.0,UHAIRMIRSHEL10,6.0
5.0,2025.0,UHAIRMIRSHEL11,2150.0
5.0,2025.0,UHAIRMIRSHEL12,43.0
5.0,2025.0,UHAIRSILVS05,176.0
5.0,2025.0,UHAIRSILVS06,636.0
5.0,2025.0,UHAIRSILVS07,4900.0
5.0,2025.0,UHAIRSILVS08,1185.0
5.0,2025.0,UHAIRSILVS09,2394.0
5.0,2025.0,UHAIRSILVS10,3117.0
5.0,2025.0,UHAIRSILVS11,790.0
5.0,2025.0,UHAIRSILVS12,410.0
5.0,2025.0,UHAIRSILVS13,140.0
5.0,2025.0,UHAIRSILVS14,0.0
5.0,2025.0,UHASCHARTRY,0.0
5.0,2025.0,UHASRINGTRY,0.0
5.0,2025.0,UHBLTP204M7M,99975.0
5.0,2025.0,UHBOTTOMPADS,72920.0
5.0,2025.0,UHBOXTBTTRAY,0.0
5.0,2025.0,UHBOXTOPTRAY,0.0
5.0,2025.0,UHBRUSBCABLE,0.0
5.0,2025.0,UHBRUSHARG06,240.0
5.0,2025.0,UHBRUSHARG07,1220.0
5.0,2025.0,UHBRUSHARG08,675.0
5.0,2025.0,UHC2068NF50V,131676.0
5.0,2025.0,UHC2100NF50V,131676.0
5.0,2025.0,UHC2C10UF50V,131676.0
5.0,2025.0,UHC2C1KPF50V,131676.0
5.0,2025.0,UHC2C47PF25V,131676.0
5.0,2025.0,UHC2CUMO10MA,65838.0
5.0,2025.0,UHC2FB30OM1L,65838.0
5.0,2025.0,UHC2FFCCN4P,65838.0
5.0,2025.0,UHC2INDU6.8UH,65838.0
5.0,2025.0,UHC2PCBAREV21,78150.0
5.0,2025.0,UHC2PCBREV21,65838.0
5.0,2025.0,UHC2RES0OM42,197514.0
5.0,2025.0,UHC2RES0OM85,65838.0
5.0,2025.0,UHC2RES27OHM,131676.0
5.0,2025.0,UHC2TRCL72UH,72920.0
5.0,2025.0,UHC3BASEPAINT,0.0
5.0,2025.0,UHC3BOTTPAD,5000.0
5.0,2025.0,UHC3FINFGS05,0.0
5.0,2025.0,UHC3FINFGS06,0.0
5.0,2025.0,UHC3FINFGS07,0.0
5.0,2025.0,UHC3FINFGS08,0.0
5.0,2025.0,UHC3FINFGS09,0.0
5.0,2025.0,UHC3LASERTOPS05,1000.0
5.0,2025.0,UHC3LASERTOPS06,1000.0
5.0,2025.0,UHC3LASERTOPS07,1000.0
5.0,2025.0,UHC3LASERTOPS08,1000.0
5.0,2025.0,UHC3LASERTOPS09,1000.0
5.0,2025.0,UHC3PAINBASES05,1000.0
5.0,2025.0,UHC3PAINBASES06,1000.0
5.0,2025.0,UHC3PAINBASES07,1000.0
5.0,2025.0,UHC3PAINBASES08,1000.0
5.0,2025.0,UHC3PAINBASES09,1000.0
5.0,2025.0,UHC3TXCOIL,5000.0
5.0,2025.0,UHCAPMUR01UF,941488.0
5.0,2025.0,UHCAPMUR047F,117686.0
5.0,2025.0,UHCAPMUR10UF,658380.0
5.0,2025.0,UHCAPMUR12PF,470744.0
5.0,2025.0,UHCAPMUR220F,65838.0
5.0,2025.0,UHCAPMUR22UF,117686.0
5.0,2025.0,UHCAPMUR820F,117686.0
5.0,2025.0,UHCAPMURE14D,724218.0
5.0,2025.0,UHCAPMURE1UF,941488.0
5.0,2025.0,UHCAPSAM22UF,117686.0
5.0,2025.0,UHCAPSAM43UF,117686.0
5.0,2025.0,UHCAPTAY27PF,117686.0
5.0,2025.0,UHCAPYAG10PF,117686.0
5.0,2025.0,UHCH2COHOS05,2730.0
5.0,2025.0,UHCH2COHOS06,11150.0
5.0,2025.0,UHCH2COHOS07,15600.0
5.0,2025.0,UHCH2COHOS08,22230.0
5.0,2025.0,UHCH2COHOS09,9400.0
5.0,2025.0,UHCH2COHOS10,7410.0
5.0,2025.0,UHCH2COHOS11,4200.0
5.0,2025.0,UHCH2COHOS12,200.0
5.0,2025.0,UHCH2FINISHS05,1518.0
5.0,2025.0,UHCH2FINISHS06,7239.0
5.0,2025.0,UHCH2FINISHS07,11308.0
5.0,2025.0,UHCH2FINISHS08,12962.0
5.0,2025.0,UHCH2FINISHS09,4443.0
5.0,2025.0,UHCH2FINISHS10,2642.0
5.0,2025.0,UHCH2FINISHS11,1186.0
5.0,2025.0,UHCH2FINISHS12,819.0
5.0,2025.0,UHCH2FINISHS13,153.0
5.0,2025.0,UHCH2FINISHS14,4.0
5.0,2025.0,UHCHA2BASS05,2730.0
5.0,2025.0,UHCHA2BASS06,15850.0
5.0,2025.0,UHCHA2BASS07,15600.0
5.0,2025.0,UHCHA2BASS08,22230.0
5.0,2025.0,UHCHA2BASS09,9400.0
5.0,2025.0,UHCHA2BASS10,7410.0
5.0,2025.0,UHCHA2BASS11,4200.0
5.0,2025.0,UHCHA2BASS12,200.0
5.0,2025.0,UHCHA2BASS13,0.0
5.0,2025.0,UHCHA2BASS14,0.0
5.0,2025.0,UHCHARTOPS05,2730.0
5.0,2025.0,UHCHARTOPS06,11150.0
5.0,2025.0,UHCHARTOPS07,25000.0
5.0,2025.0,UHCHARTOPS08,22730.0
5.0,2025.0,UHCHARTOPS09,9400.0
5.0,2025.0,UHCHARTOPS10,7410.0
5.0,2025.0,UHCHARTOPS11,4200.0
5.0,2025.0,UHCHARTOPS12,200.0
5.0,2025.0,UHCHARTOPS13,0.0
5.0,2025.0,UHCHARTOPS14,0.0
5.0,2025.0,UHCHCOMPERJ,65838.0
5.0,2025.0,UHCMPCHKGS10,0.0
5.0,2025.0,UHCMPCHKGS11,0.0
5.0,2025.0,UHCMPCHKGS12,0.0
5.0,2025.0,UHCMPCHKGS13,0.0
5.0,2025.0,UHCMPCHKGS14,0.0
5.0,2025.0,UHCMPCHKGS5,0.0
5.0,2025.0,UHCMPCHKGS6,0.0
5.0,2025.0,UHCMPCHKGS7,0.0
5.0,2025.0,UHCMPCHKGS8,0.0
5.0,2025.0,UHCMPCHKGS9,0.0
5.0,2025.0,UHCONSACETON,0.0
5.0,2025.0,UHCONSACRSM,0.0
5.0,2025.0,UHCONSACRYBIG,0.0
5.0,2025.0,UHCONSACRYSML,0.0
5.0,2025.0,UHCONSCLOTH,0.0
5.0,2025.0,UHCONSCOTWASTE,0.0
5.0,2025.0,UHCONSDBRBLD,0.0
5.0,2025.0,UHCONSDBRTL,0.0
5.0,2025.0,UHCONSEMR1000,0.0
5.0,2025.0,UHCONSEMR1500,0.0
5.0,2025.0,UHCONSEMR2000,0.0
5.0,2025.0,UHCONSEMR600,0.0
5.0,2025.0,UHCONSIPA,0.0
5.0,2025.0,UHCONSJSSPR,0.0
5.0,2025.0,UHCONSLOC406,0.0
5.0,2025.0,UHCONSLOC495,0.0
5.0,2025.0,UHCONSNTRLGLOV,0.0
5.0,2025.0,UHCONSPOL3M,0.0
5.0,2025.0,UHCONSPRSPRAY,0.0
5.0,2025.0,UHCONSSHIPCLOTH,0.0
5.0,2025.0,UHCONSSICOMET,0.0
5.0,2025.0,UHCONSSIHARD,0.0
5.0,2025.0,UHCONSSIRES,0.0
5.0,2025.0,UHCONSSTPPINLRG,0.0
5.0,2025.0,UHCONSTAPE2BRWN,0.0
5.0,2025.0,UHCONSTAPE2TRNS,0.0
5.0,2025.0,UHCONSTOOTPICK,0.0
5.0,2025.0,UHDIOCOMT33V,65838.0
5.0,2025.0,UHDIODIO100V,65838.0
5.0,2025.0,UHDIODIOI40V,65838.0
5.0,2025.0,UHDIODIOI75V,65838.0
5.0,2025.0,UHDIOSMCAV99,65838.0
5.0,2025.0,UHDIOTEXI14V,65838.0
5.0,2025.0,UHFERRTSHTUNCUT,451.65999999999997
5.0,2025.0,UHFSJW10M8M,155840.0
5.0,2025.0,UHFSJW5.6M7M,99975.0
5.0,2025.0,UHHMDVFGWEN,0.0
5.0,2025.0,UHHMDVFGWOE,0.0
5.0,2025.0,UHHROODAHVR,141091.06
5.0,2025.0,UHHWSS1.8X6-H,311680.0
5.0,2025.0,UHICHANA4124,117686.0
5.0,2025.0,UHICHNRF5284,117686.0
5.0,2025.0,UHICHSTM3117,117686.0
5.0,2025.0,UHICHSTM32G0,65838.0
5.0,2025.0,UHICHTEXLMR6,65838.0
5.0,2025.0,UHICHTEXTLV7,65838.0
5.0,2025.0,UHICHTEXTMP1,65838.0
5.0,2025.0,UHICHTEXTPS2,65838.0
5.0,2025.0,UHICHTEXUCC2,65838.0
5.0,2025.0,UHIGPACRMASS07,0.0
5.0,2025.0,UHIGPACRMASS13,0.0
5.0,2025.0,UHIND2213A156,131676.0
5.0,2025.0,UHINDKYO15NH,117686.0
5.0,2025.0,UHINDMUR1OUH,117686.0
5.0,2025.0,UHLEDWOR812B,65838.0
5.0,2025.0,UHLUXAGBASE,0.0
5.0,2025.0,UHLUXAGBASES05,0.0
5.0,2025.0,UHLUXRXCS11,0.0
5.0,2025.0,UHOPSANA61EF,117686.0
5.0,2025.0,UHOSCECS27MH,65838.0
5.0,2025.0,UHPCBREV15S6,117686.0
5.0,2025.0,UHPCBRXCOS05,4665.0
5.0,2025.0,UHPCBRXCOS06,10402.0
5.0,2025.0,UHPCBRXCOS07,31940.0
5.0,2025.0,UHPCBRXCOS08,19519.0
5.0,2025.0,UHPCBRXCOS09,15127.0
5.0,2025.0,UHPCBRXCOS10,8550.0
5.0,2025.0,UHPCBRXCOS11,5640.0
5.0,2025.0,UHPCBRXCOS12,2812.0
5.0,2025.0,UHPCBRXCOS13,1000.0
5.0,2025.0,UHPCBRXCOS14,320.0
5.0,2025.0,UHPLASIZRS05,0.0
5.0,2025.0,UHPLASIZRS06,0.0
5.0,2025.0,UHPLASIZRS07,0.0
5.0,2025.0,UHPLASIZRS08,0.0
5.0,2025.0,UHPLASIZRS09,0.0
5.0,2025.0,UHPLASIZRS10,0.0
5.0,2025.0,UHPLASIZRS11,0.0
5.0,2025.0,UHPLASIZRS12,0.0
5.0,2025.0,UHPLASIZRS13,0.0
5.0,2025.0,UHPLASIZRS14,0.0
5.0,2025.0,UHPOSMPT208,0.0
5.0,2025.0,UHPRINTBATPCB,10536.0
5.0,2025.0,UHRDARSW630,0.0
5.0,2025.0,UHRDBOTM101,0.0
5.0,2025.0,UHRDMA98357,0.0
5.0,2025.0,UHRDNMDLE11,0.0
5.0,2025.0,UHRDRPL3471,0.0
5.0,2025.0,UHRDRPL3478,0.0
5.0,2025.0,UHRDRPRCANTTDK,0.0
5.0,2025.0,UHRDTOPP101,0.0
5.0,2025.0,UHRESBOU01BO,235372.0
5.0,2025.0,UHRESNMUR8PF,117686.0
5.0,2025.0,UHRESPAN01KO,235372.0
5.0,2025.0,UHRESPAN1MOH,197514.0
5.0,2025.0,UHRESPAN47KO,588430.0
5.0,2025.0,UHRESSTA10MO,117686.0
5.0,2025.0,UHRESVIS10OH,131676.0
5.0,2025.0,UHRESYAG074O,131676.0
5.0,2025.0,UHRESYAG0OHM,65838.0
5.0,2025.0,UHRESYAG100K,588430.0
5.0,2025.0,UHRESYAG10KO,197514.0
5.0,2025.0,UHRESYAG22KO,131676.0
5.0,2025.0,UHRESYAG22MO,65838.0
5.0,2025.0,UHRESYAG22OH,65838.0
5.0,2025.0,UHRESYAG27KO,65838.0
5.0,2025.0,UHRESYAG47KO,65838.0
5.0,2025.0,UHRESYAG60KO,65838.0
5.0,2025.0,UHRFAJOH24GH,117686.0
5.0,2025.0,UHRGBTR24MAH,67626.0
5.0,2025.0,UHRGBTR32MAH,32349.0
5.0,2025.0,UHRGOUTTAPS05,0.0
5.0,2025.0,UHRGOUTTAPS06,0.0
5.0,2025.0,UHRGOUTTAPS07,0.0
5.0,2025.0,UHRGOUTTAPS08,0.0
5.0,2025.0,UHRGOUTTAPS09,0.0
5.0,2025.0,UHRGOUTTAPS10,0.0
5.0,2025.0,UHRGOUTTAPS11,0.0
5.0,2025.0,UHRGOUTTAPS12,0.0
5.0,2025.0,UHRINGBOXBUILD,0.0
5.0,2025.0,UHRINGECS320,117686.0
5.0,2025.0,UHRINGPCBA,102584.0
5.0,2025.0,UHROUNDTAPES07,0.0
5.0,2025.0,UHROUNDTAPES08,0.0
5.0,2025.0,UHROUNDTAPES09,0.0
5.0,2025.0,UHROUNDTAPES10,0.0
5.0,2025.0,UHRSOODAHVR,282895.0
5.0,2025.0,UHSENSMLX36V,117686.0
5.0,2025.0,UHSWATCHAA,0.0
5.0,2025.0,UHSWATCHAG,0.0
5.0,2025.0,UHSWATCHAS,0.0
5.0,2025.0,UHSWATCHMG,0.0
5.0,2025.0,UHSWATCHRT,0.0
5.0,2025.0,UHTAPEBATPCB,113935.0
5.0,2025.0,UHTAPECESTIC,34351.0
5.0,2025.0,UHTAPEDC10X8,112540.0
5.0,2025.0,UHTAPES6010X8,0.0
5.0,2025.0,UHTAPS607X145,0.0
5.0,2025.0,UHTAPS69X363,99975.0
5.0,2025.0,UHTIJWAABS05,160.0
5.0,2025.0,UHTIJWAABS06,323.0
5.0,2025.0,UHTIJWAABS07,529.0
5.0,2025.0,UHTIJWAABS08,895.0
5.0,2025.0,UHTIJWAABS09,1178.0
5.0,2025.0,UHTIJWAABS10,0.0
5.0,2025.0,UHTIJWAABS11,830.0
5.0,2025.0,UHTIJWAABS12,260.0
5.0,2025.0,UHTIJWAABS13,20.0
5.0,2025.0,UHTIJWAABS14,60.0
5.0,2025.0,UHTIJWMGLS05,795.0
5.0,2025.0,UHTIJWMGLS06,1190.0
5.0,2025.0,UHTIJWMGLS07,3232.0
5.0,2025.0,UHTIJWMGLS08,2120.0
5.0,2025.0,UHTIJWMGLS09,3200.0
5.0,2025.0,UHTIJWMGLS10,1426.0
5.0,2025.0,UHTIJWMGLS11,1388.0
5.0,2025.0,UHTIJWMGLS12,725.0
5.0,2025.0,UHTIJWMGLS13,420.0
5.0,2025.0,UHTIJWMGLS14,160.0
5.0,2025.0,UHTIJWRTLS05,750.0
5.0,2025.0,UHTIJWRTLS06,877.0
5.0,2025.0,UHTIJWRTLS07,1428.0
5.0,2025.0,UHTIJWRTLS08,437.0
5.0,2025.0,UHTIJWRTLS09,1070.0
5.0,2025.0,UHTIJWRTLS10,745.0
5.0,2025.0,UHTIJWRTLS11,1090.0
5.0,2025.0,UHTIJWRTLS12,640.0
5.0,2025.0,UHTIJWRTLS13,250.0
5.0,2025.0,UHTIJWRTLS14,40.0
5.0,2025.0,UHTRAEPC200V,65838.0
5.0,2025.0,UHUSB4105GFAN,65838.0
5.0,2025.0,UNICHTEX7A02,117686.0
5.0,2025.0,VLMS1500-GS08,0.0
5.0,2025.0,W25Q128JVPIQ,0.0
4.0,2025.0,UH0.2AA05,0.0
4.0,2025.0,UH0.2AA06,390.0
4.0,2025.0,UH0.2AA07,700.0
4.0,2025.0,UH0.2AA08,890.0
4.0,2025.0,UH0.2AA09,1050.0
4.0,2025.0,UH0.2AA10,460.0
4.0,2025.0,UH0.2AA11,0.0
4.0,2025.0,UH0.2AA12,30.0
4.0,2025.0,UH0.2AA13,0.0
4.0,2025.0,UH0.2AA14,0.0
4.0,2025.0,UH0.2ACRMS08,0.0
4.0,2025.0,UH0.2ACRMS10,0.0
4.0,2025.0,UH0.2ACRMST05,0.0
4.0,2025.0,UH0.2ACRMST06,0.0
4.0,2025.0,UH0.2ACRMST07,0.0
4.0,2025.0,UH0.2ACRMST08,0.0
4.0,2025.0,UH0.2ACRMST09,0.0
4.0,2025.0,UH0.2ACRMST10,0.0
4.0,2025.0,UH0.2ACRMST11,0.0
4.0,2025.0,UH0.2ACRMST12,0.0
4.0,2025.0,UH0.2ACRMST13,0.0
4.0,2025.0,UH0.2ACRMST14,0.0
4.0,2025.0,UH0.2AG05,0.0
4.0,2025.0,UH0.2AG06,0.0
4.0,2025.0,UH0.2AG07,0.0
4.0,2025.0,UH0.2AG08,0.0
4.0,2025.0,UH0.2AG09,0.0
4.0,2025.0,UH0.2AG10,0.0
4.0,2025.0,UH0.2AG11,0.0
4.0,2025.0,UH0.2AG12,0.0
4.0,2025.0,UH0.2AG13,0.0
4.0,2025.0,UH0.2AG14,0.0
4.0,2025.0,UH0.2AS05,0.0
4.0,2025.0,UH0.2AS06,0.0
4.0,2025.0,UH0.2AS07,0.0
4.0,2025.0,UH0.2AS08,0.0
4.0,2025.0,UH0.2AS09,0.0
4.0,2025.0,UH0.2AS10,0.0
4.0,2025.0,UH0.2BB07,0.0
4.0,2025.0,UH0.2BB09,0.0
4.0,2025.0,UH0.2MACHINS05,0.0
4.0,2025.0,UH0.2MACHINS06,0.0
4.0,2025.0,UH0.2MACHINS07,0.0
4.0,2025.0,UH0.2MACHINS08,0.0
4.0,2025.0,UH0.2MACHINS09,0.0
4.0,2025.0,UH0.2MACHINS10,0.0
4.0,2025.0,UH0.2MACHINS11,0.0
4.0,2025.0,UH0.2MACHINS12,0.0
4.0,2025.0,UH0.2MACHINS14,0.0
4.0,2025.0,UH0.2MG07,0.0
4.0,2025.0,UH0.2MG09,0.0
4.0,2025.0,UH0.2MIRROR05,215.0
4.0,2025.0,UH0.2MIRROR06,383.0
4.0,2025.0,UH0.2MIRROR07,1662.0
4.0,2025.0,UH0.2MIRROR08,2231.0
4.0,2025.0,UH0.2MIRROR09,1538.0
4.0,2025.0,UH0.2MIRROR10,540.0
4.0,2025.0,UH0.2MIRROR11,42.0
4.0,2025.0,UH0.2MIRROR12,0.0
4.0,2025.0,UH0.2MIRROR13,4.0
4.0,2025.0,UH0.2MIRROR14,4.0
4.0,2025.0,UH0.2RT08,0.0
4.0,2025.0,UH06031AVX2A,0.0
4.0,2025.0,UH0805RSVS0O,0.0
4.0,2025.0,UH32BTELQFP48,0.0
4.0,2025.0,UH6063IAV52A,0.0
4.0,2025.0,UHACCSTM6DSO,72778.0
4.0,2025.0,UHACRPOLMSTS05,0.0
4.0,2025.0,UHACRPOLMSTS06,0.0
4.0,2025.0,UHACRPOLMSTS07,0.0
4.0,2025.0,UHACRPOLMSTS08,0.0
4.0,2025.0,UHACRPOLMSTS09,0.0
4.0,2025.0,UHACRPOLMSTS10,0.0
4.0,2025.0,UHACRPOLMSTS11,0.0
4.0,2025.0,UHACRPOLMSTS12,0.0
4.0,2025.0,UHACRPOLMSTS13,0.0
4.0,2025.0,UHACRPOLMSTS14,0.0
4.0,2025.0,UHACRUNPOLMSTS05,0.0
4.0,2025.0,UHACRUNPOLMSTS06,0.0
4.0,2025.0,UHACRUNPOLMSTS08,0.0
4.0,2025.0,UHACRUNPOLMSTS09,0.0
4.0,2025.0,UHACRUNPOLMSTS11,0.0
4.0,2025.0,UHACRUNPOLMSTS12,0.0
4.0,2025.0,UHACRUNPOLMSTS13,0.0
4.0,2025.0,UHACRUNPOLMSTS14,0.0
4.0,2025.0,UHAIRBEADBS05,826.0
4.0,2025.0,UHAIRBEADBS06,1954.0
4.0,2025.0,UHAIRBEADBS07,1484.0
4.0,2025.0,UHAIRBEADBS08,2152.0
4.0,2025.0,UHAIRBEADBS09,0.0
4.0,2025.0,UHAIRBEADBS10,438.0
4.0,2025.0,UHAIRBEADBS11,1271.0
4.0,2025.0,UHAIRBEADBS12,0.0
4.0,2025.0,UHAIRBEADBS13,439.0
4.0,2025.0,UHAIRBEADBS14,0.0
4.0,2025.0,UHAIRBLKMS05,0.0
4.0,2025.0,UHAIRBLKMS06,0.0
4.0,2025.0,UHAIRBLKMS07,0.0
4.0,2025.0,UHAIRBLKMS08,0.0
4.0,2025.0,UHAIRBLKMS09,0.0
4.0,2025.0,UHAIRBLKMS10,0.0
4.0,2025.0,UHAIRBLKMS11,0.0
4.0,2025.0,UHAIRBLKMS12,0.0
4.0,2025.0,UHAIRBLKMS13,0.0
4.0,2025.0,UHAIRBLKMS14,0.0
4.0,2025.0,UHAIRBOXTOP,0.0
4.0,2025.0,UHAIRG0LDS05,3800.0
4.0,2025.0,UHAIRG0LDS06,8531.0
4.0,2025.0,UHAIRG0LDS07,9474.0
4.0,2025.0,UHAIRG0LDS08,13498.0
4.0,2025.0,UHAIRG0LDS09,6526.0
4.0,2025.0,UHAIRG0LDS10,1649.0
4.0,2025.0,UHAIRG0LDS11,869.0
4.0,2025.0,UHAIRG0LDS12,620.0
4.0,2025.0,UHAIRG0LDS13,210.0
4.0,2025.0,UHAIRG0LDS14,0.0
4.0,2025.0,UHAIRMACSHL05,1150.0
4.0,2025.0,UHAIRMACSHL06,4984.0
4.0,2025.0,UHAIRMACSHL07,9219.0
4.0,2025.0,UHAIRMACSHL08,6431.0
4.0,2025.0,UHAIRMACSHL09,9472.0
4.0,2025.0,UHAIRMACSHL10,4169.0
4.0,2025.0,UHAIRMACSHL11,1860.0
4.0,2025.0,UHAIRMACSHL12,5878.0
4.0,2025.0,UHAIRMACSHL13,400.0
4.0,2025.0,UHAIRMACSHL14,538.0
4.0,2025.0,UHAIRMIRSHEL05,0.0
4.0,2025.0,UHAIRMIRSHEL06,0.0
4.0,2025.0,UHAIRMIRSHEL07,657.0
4.0,2025.0,UHAIRMIRSHEL08,957.0
4.0,2025.0,UHAIRMIRSHEL09,279.0
4.0,2025.0,UHAIRMIRSHEL10,195.0
4.0,2025.0,UHAIRMIRSHEL11,0.0
4.0,2025.0,UHAIRMIRSHEL12,0.0
4.0,2025.0,UHAIRMIRSHEL13,0.0
4.0,2025.0,UHAIRMIRSHEL14,0.0
4.0,2025.0,UHAIRMONOCORT,0.0
4.0,2025.0,UHAIRRGTOPG,0.0
4.0,2025.0,UHAIRRGTOPS,0.0
4.0,2025.0,UHAIRROG0LDS05,0.0
4.0,2025.0,UHAIRROG0LDS06,0.0
4.0,2025.0,UHAIRROG0LDS07,0.0
4.0,2025.0,UHAIRROG0LDS08,0.0
4.0,2025.0,UHAIRROG0LDS09,0.0
4.0,2025.0,UHAIRROG0LDS10,0.0
4.0,2025.0,UHAIRROG0LDS11,0.0
4.0,2025.0,UHAIRROG0LDS12,0.0
4.0,2025.0,UHAIRSILVS05,900.0
4.0,2025.0,UHAIRSILVS06,2484.0
4.0,2025.0,UHAIRSILVS07,2412.0
4.0,2025.0,UHAIRSILVS08,3722.0
4.0,2025.0,UHAIRSILVS09,3139.0
4.0,2025.0,UHAIRSILVS10,1040.0
4.0,2025.0,UHAIRSILVS11,550.0
4.0,2025.0,UHAIRSILVS12,200.0
4.0,2025.0,UHAIRSILVS13,70.0
4.0,2025.0,UHAIRSILVS14,0.0
4.0,2025.0,UHALCASTEDSHLS05,0.0
4.0,2025.0,UHALCASTEDSHLS06,0.0
4.0,2025.0,UHALCASTEDSHLS07,0.0
4.0,2025.0,UHALCASTEDSHLS08,0.0
4.0,2025.0,UHALCASTEDSHLS09,0.0
4.0,2025.0,UHALCASTEDSHLS10,0.0
4.0,2025.0,UHALCASTEDSHLS11,0.0
4.0,2025.0,UHALCASTEDSHLS12,0.0
4.0,2025.0,UHALCASTEDSHLS13,0.0
4.0,2025.0,UHALCASTEDSHLS14,0.0
4.0,2025.0,UHALENGSHELLS05,0.0
4.0,2025.0,UHALENGSHELLS06,0.0
4.0,2025.0,UHALENGSHELLS07,0.0
4.0,2025.0,UHALENGSHELLS08,0.0
4.0,2025.0,UHALENGSHELLS09,0.0
4.0,2025.0,UHALENGSHELLS10,0.0
4.0,2025.0,UHALENGSHELLS11,0.0
4.0,2025.0,UHALENGSHELLS12,0.0
4.0,2025.0,UHALENGSHELLS13,0.0
4.0,2025.0,UHALENGSHELLS14,0.0
4.0,2025.0,UHALSHELLS05,0.0
4.0,2025.0,UHALSHELLS06,0.0
4.0,2025.0,UHALSHELLS07,0.0
4.0,2025.0,UHALSHELLS08,0.0
4.0,2025.0,UHALSHELLS09,0.0
4.0,2025.0,UHALSHELLS10,0.0
4.0,2025.0,UHALSHELLS11,0.0
4.0,2025.0,UHALSHELLS12,0.0
4.0,2025.0,UHALSHELLS13,0.0
4.0,2025.0,UHALSHELLS14,0.0
4.0,2025.0,UHBLTP204M7M,84017.0
4.0,2025.0,UHBOTTOMPADS,53519.0
4.0,2025.0,UHBOXTBTTRAY,0.0
4.0,2025.0,UHBOXTOPTRAY,0.0
4.0,2025.0,UHBRUSBCABLE,0.0
4.0,2025.0,UHC2068NF50V,126058.0
4.0,2025.0,UHC2100NF50V,126058.0
4.0,2025.0,UHC2C10UF50V,126058.0
4.0,2025.0,UHC2C1KPF50V,126058.0
4.0,2025.0,UHC2C47PF25V,126058.0
4.0,2025.0,UHC2CUMO10MA,63029.0
4.0,2025.0,UHC2FB30OM1L,63029.0
4.0,2025.0,UHC2FFCCN4P,63029.0
4.0,2025.0,UHC2INDU6.8UH,63029.0
4.0,2025.0,UHC2PCBAREV21,53519.0
4.0,2025.0,UHC2PCBREV21,63029.0
4.0,2025.0,UHC2RES0OM42,189087.0
4.0,2025.0,UHC2RES0OM85,63029.0
4.0,2025.0,UHC2RES27OHM,126058.0
4.0,2025.0,UHC2TRCL72UH,53519.0
4.0,2025.0,UHC3BASEPAINT,0.0
4.0,2025.0,UHC3BBBASE,0.0
4.0,2025.0,UHC3BOTTPAD,0.0
4.0,2025.0,UHC3FINFGS05,0.0
4.0,2025.0,UHC3FINFGS06,0.0
4.0,2025.0,UHC3FINFGS07,0.0
4.0,2025.0,UHC3FINFGS08,0.0
4.0,2025.0,UHC3FINFGS09,0.0
4.0,2025.0,UHC3FINFGS10,0.0
4.0,2025.0,UHC3FINFGS11,0.0
4.0,2025.0,UHC3FINFGS12,0.0
4.0,2025.0,UHC3FINFGS13,0.0
4.0,2025.0,UHC3FINFGS14,0.0
4.0,2025.0,UHC3LASERTOPS05,0.0
4.0,2025.0,UHC3LASERTOPS06,0.0
4.0,2025.0,UHC3LASERTOPS07,0.0
4.0,2025.0,UHC3LASERTOPS08,0.0
4.0,2025.0,UHC3LASERTOPS09,0.0
4.0,2025.0,UHC3LASERTOPS10,0.0
4.0,2025.0,UHC3LASERTOPS11,0.0
4.0,2025.0,UHC3LASERTOPS12,0.0
4.0,2025.0,UHC3LASERTOPS13,0.0
4.0,2025.0,UHC3LASERTOPS14,0.0
4.0,2025.0,UHC3PAINBASES05,0.0
4.0,2025.0,UHC3PAINBASES06,0.0
4.0,2025.0,UHC3PAINBASES07,0.0
4.0,2025.0,UHC3PAINBASES08,0.0
4.0,2025.0,UHC3PAINBASES09,0.0
4.0,2025.0,UHC3PAINBASES10,0.0
4.0,2025.0,UHC3PAINBASES11,0.0
4.0,2025.0,UHC3PAINBASES12,0.0
4.0,2025.0,UHC3PAINBASES13,0.0
4.0,2025.0,UHC3PAINBASES14,0.0
4.0,2025.0,UHC3PAINTOPS05,0.0
4.0,2025.0,UHC3PAINTOPS06,0.0
4.0,2025.0,UHC3PAINTOPS07,0.0
4.0,2025.0,UHC3PAINTOPS08,0.0
4.0,2025.0,UHC3PAINTOPS09,0.0
4.0,2025.0,UHC3PAINTOPS10,0.0
4.0,2025.0,UHC3PAINTOPS11,0.0
4.0,2025.0,UHC3PAINTOPS12,0.0
4.0,2025.0,UHC3PAINTOPS13,0.0
4.0,2025.0,UHC3PAINTOPS14,0.0
4.0,2025.0,UHC3TRANTOPS05,0.0
4.0,2025.0,UHC3TRANTOPS06,0.0
4.0,2025.0,UHC3TRANTOPS07,0.0
4.0,2025.0,UHC3TRANTOPS08,0.0
4.0,2025.0,UHC3TRANTOPS09,0.0
4.0,2025.0,UHC3TRANTOPS10,0.0
4.0,2025.0,UHC3TRANTOPS11,0.0
4.0,2025.0,UHC3TRANTOPS12,0.0
4.0,2025.0,UHC3TRANTOPS13,0.0
4.0,2025.0,UHC3TRANTOPS14,0.0
4.0,2025.0,UHC3TXCOIL,0.0
4.0,2025.0,UHCAP101206MR,0.0
4.0,2025.0,UHCAP27PFMUR,0.0
4.0,2025.0,UHCAPMUR01UF,582224.0
4.0,2025.0,UHCAPMUR047F,72778.0
4.0,2025.0,UHCAPMUR10UF,630290.0
4.0,2025.0,UHCAPMUR12PF,291112.0
4.0,2025.0,UHCAPMUR220F,63029.0
4.0,2025.0,UHCAPMUR22UF,72778.0
4.0,2025.0,UHCAPMUR820F,72778.0
4.0,2025.0,UHCAPMURE14D,693319.0
4.0,2025.0,UHCAPMURE1UF,582224.0
4.0,2025.0,UHCAPSAM22UF,72778.0
4.0,2025.0,UHCAPSAM43UF,72778.0
4.0,2025.0,UHCAPTAY27PF,72778.0
4.0,2025.0,UHCAPYAG10PF,72778.0
4.0,2025.0,UHCH1COHOS05,0.0
4.0,2025.0,UHCH1COHOS06,0.0
4.0,2025.0,UHCH1COHOS07,0.0
4.0,2025.0,UHCH1COHOS08,0.0
4.0,2025.0,UHCH1COHOS09,0.0
4.0,2025.0,UHCH1COHOS10,0.0
4.0,2025.0,UHCH1COHOS11,0.0
4.0,2025.0,UHCH1COHOS12,0.0
4.0,2025.0,UHCH1COHOS13,0.0
4.0,2025.0,UHCH1COHOS14,0.0
4.0,2025.0,UHCH1FINGDS05,0.0
4.0,2025.0,UHCH1FINGDS06,0.0
4.0,2025.0,UHCH1FINGDS07,0.0
4.0,2025.0,UHCH1FINGDS08,0.0
4.0,2025.0,UHCH1FINGDS09,0.0
4.0,2025.0,UHCH1FINGDS10,0.0
4.0,2025.0,UHCH1FINGDS11,0.0
4.0,2025.0,UHCH1FINGDS12,0.0
4.0,2025.0,UHCH1FINGDS13,0.0
4.0,2025.0,UHCH1FINGDS14,0.0
4.0,2025.0,UHCH1PCB,0.0
4.0,2025.0,UHCH1TXCOIL,0.0
4.0,2025.0,UHCH2COHOS05,2348.0
4.0,2025.0,UHCH2COHOS06,7141.0
4.0,2025.0,UHCH2COHOS07,14491.0
4.0,2025.0,UHCH2COHOS08,11189.0
4.0,2025.0,UHCH2COHOS09,8968.0
4.0,2025.0,UHCH2COHOS10,5399.0
4.0,2025.0,UHCH2COHOS11,1070.0
4.0,2025.0,UHCH2COHOS12,1530.0
4.0,2025.0,UHCH2COHOS13,1283.0
4.0,2025.0,UHCH2COHOS14,100.0
4.0,2025.0,UHCH2FINISHS05,6.0
4.0,2025.0,UHCH2FINISHS06,0.0
4.0,2025.0,UHCH2FINISHS07,0.0
4.0,2025.0,UHCH2FINISHS08,0.0
4.0,2025.0,UHCH2FINISHS09,0.0
4.0,2025.0,UHCH2FINISHS10,0.0
4.0,2025.0,UHCH2FINISHS11,0.0
4.0,2025.0,UHCH2FINISHS12,0.0
4.0,2025.0,UHCH2FINISHS13,0.0
4.0,2025.0,UHCH2FINISHS14,0.0
4.0,2025.0,UHCHA1BASS05,0.0
4.0,2025.0,UHCHA1BASS06,0.0
4.0,2025.0,UHCHA1BASS07,0.0
4.0,2025.0,UHCHA1BASS08,0.0
4.0,2025.0,UHCHA1BASS09,0.0
4.0,2025.0,UHCHA1BASS10,0.0
4.0,2025.0,UHCHA1BASS11,0.0
4.0,2025.0,UHCHA1BASS12,0.0
4.0,2025.0,UHCHA1BASS13,0.0
4.0,2025.0,UHCHA1BASS14,0.0
4.0,2025.0,UHCHA2BASS05,2348.0
4.0,2025.0,UHCHA2BASS06,7141.0
4.0,2025.0,UHCHA2BASS07,14491.0
4.0,2025.0,UHCHA2BASS08,10989.0
4.0,2025.0,UHCHA2BASS09,8968.0
4.0,2025.0,UHCHA2BASS10,5399.0
4.0,2025.0,UHCHA2BASS11,1070.0
4.0,2025.0,UHCHA2BASS12,1530.0
4.0,2025.0,UHCHA2BASS13,1283.0
4.0,2025.0,UHCHA2BASS14,100.0
4.0,2025.0,UHCHARTOPS05,2348.0
4.0,2025.0,UHCHARTOPS06,7141.0
4.0,2025.0,UHCHARTOPS07,14491.0
4.0,2025.0,UHCHARTOPS08,11189.0
4.0,2025.0,UHCHARTOPS09,8968.0
4.0,2025.0,UHCHARTOPS10,5399.0
4.0,2025.0,UHCHARTOPS11,1070.0
4.0,2025.0,UHCHARTOPS12,1530.0
4.0,2025.0,UHCHARTOPS13,1283.0
4.0,2025.0,UHCHARTOPS14,100.0
4.0,2025.0,UHCHCOMPERJ,63029.0
4.0,2025.0,UHCHPCBA,0.0
4.0,2025.0,UHCHRC1PCB,0.0
4.0,2025.0,UHCHRC1PCBAG,0.0
4.0,2025.0,UHCHRC1PCBAR,0.0
4.0,2025.0,UHCHRC1TXCOIL,0.0
4.0,2025.0,UHCONSACETON,0.0
4.0,2025.0,UHCONSACRVARNISH,0.0
4.0,2025.0,UHCONSAIRMASCURV,0.0
4.0,2025.0,UHCONSAIRMASFLAT,0.0
4.0,2025.0,UHCONSCLOTH,0.0
4.0,2025.0,UHCONSEMR1000,0.0
4.0,2025.0,UHCONSEMR1500,0.0
4.0,2025.0,UHCONSEMR2000,0.0
4.0,2025.0,UHCONSFEVICRL,0.0
4.0,2025.0,UHCONSFILTRCLOTH,0.0
4.0,2025.0,UHCONSIPA,0.0
4.0,2025.0,UHCONSLAQUERPAI,0.0
4.0,2025.0,UHCONSLEADROLL,0.0
4.0,2025.0,UHCONSLOC403,0.0
4.0,2025.0,UHCONSLOC406,0.0
4.0,2025.0,UHCONSLOC495,0.0
4.0,2025.0,UHCONSMOLDPINS,0.0
4.0,2025.0,UHCONSNTRLGLOV,0.0
4.0,2025.0,UHCONSPAINTBRSH,0.0
4.0,2025.0,UHCONSPOL3M,0.0
4.0,2025.0,UHCONSPOLPAD,0.0
4.0,2025.0,UHCONSPRSPRAY,0.0
4.0,2025.0,UHCONSR1MASTER,0.0
4.0,2025.0,UHCONSSHIPCLOTH,0.0
4.0,2025.0,UHCONSSICOMET,0.0
4.0,2025.0,UHCONSSIRES,0.0
4.0,2025.0,UHCONSSTPPINLRG,0.0
4.0,2025.0,UHCONSSTPPINSML,0.0
4.0,2025.0,UHCONSTAPE2BRWN,0.0
4.0,2025.0,UHCONSTAPE2TRNS,0.0
4.0,2025.0,UHCONSTOOTPICK,0.0
4.0,2025.0,UHCRYDIO32MH,0.0
4.0,2025.0,UHDIOCOMT33V,63029.0
4.0,2025.0,UHDIODIO100V,63029.0
4.0,2025.0,UHDIODIOI40V,63029.0
4.0,2025.0,UHDIODIOI75V,63029.0
4.0,2025.0,UHDIOSMCAV99,63029.0
4.0,2025.0,UHDIOTEXI14V,63029.0
4.0,2025.0,UHDMCBASES05,0.0
4.0,2025.0,UHDMCBASES06,0.0
4.0,2025.0,UHDMCBASES07,0.0
4.0,2025.0,UHDMCBASES08,0.0
4.0,2025.0,UHDMCBASES09,0.0
4.0,2025.0,UHDMCBASES10,0.0
4.0,2025.0,UHDMCBASES11,0.0
4.0,2025.0,UHDMCBASES12,0.0
4.0,2025.0,UHDMCBASES13,0.0
4.0,2025.0,UHDMCBASES14,0.0
4.0,2025.0,UHDMCBOTPADS,0.0
4.0,2025.0,UHDMCCHRBASE,0.0
4.0,2025.0,UHDMCCHRTOP,0.0
4.0,2025.0,UHDMCFINGOOD,0.0
4.0,2025.0,UHDMCLITGUIDE,0.0
4.0,2025.0,UHDMCPCB,0.0
4.0,2025.0,UHDMCPCBA,0.0
4.0,2025.0,UHDMCPOGOFEM,0.0
4.0,2025.0,UHDMCPOGOMAL,0.0
4.0,2025.0,UHDMCSCRW1.8X6,0.0
4.0,2025.0,UHDMCSUBAY05,0.0
4.0,2025.0,UHDMCSUBAY06,0.0
4.0,2025.0,UHDMCSUBAY07,0.0
4.0,2025.0,UHDMCSUBAY08,0.0
4.0,2025.0,UHDMCSUBAY09,0.0
4.0,2025.0,UHDMCSUBAY10,0.0
4.0,2025.0,UHDMCSUBAY11,0.0
4.0,2025.0,UHDMCSUBAY12,0.0
4.0,2025.0,UHDMCSUBAY13,0.0
4.0,2025.0,UHDMCSUBAY14,0.0
4.0,2025.0,UHDMCTOPS05,0.0
4.0,2025.0,UHDMCTOPS06,0.0
4.0,2025.0,UHDMCTOPS07,0.0
4.0,2025.0,UHDMCTOPS08,0.0
4.0,2025.0,UHDMCTOPS09,0.0
4.0,2025.0,UHDMCTOPS10,0.0
4.0,2025.0,UHDMCTOPS11,0.0
4.0,2025.0,UHDMCTOPS12,0.0
4.0,2025.0,UHDMCTOPS13,0.0
4.0,2025.0,UHDMCTOPS14,0.0
4.0,2025.0,UHDMCTXCOL05-07,0.0
4.0,2025.0,UHDMCTXCOL08-14,0.0
4.0,2025.0,UHDMCTXCOLBIG,0.0
4.0,2025.0,UHDMCTXCOLSML,0.0
4.0,2025.0,UHDSTAP30.9X30.4,0.0
4.0,2025.0,UHFERRITE96M76M,0.0
4.0,2025.0,UHFERRTSHTUNCUT,193.20000000000002
4.0,2025.0,UHFSJW10M8M,107038.0
4.0,2025.0,UHFSJW5.6M7M,84017.0
4.0,2025.0,UHFSJW7.5M7M,0.0
4.0,2025.0,UHHRDOODHVR,0.0
4.0,2025.0,UHHRDOODLVR,0.0
4.0,2025.0,UHHROODAHVR,188826.41
4.0,2025.0,UHHWSS1.8X6-H,214076.0
4.0,2025.0,UHHWSSM1.8X6S,0.0
4.0,2025.0,UHICHANA4124,72778.0
4.0,2025.0,UHICHNRF5284,72778.0
4.0,2025.0,UHICHSTM3117,72778.0
4.0,2025.0,UHICHSTM32G0,63029.0
4.0,2025.0,UHICHTEXLMR6,63029.0
4.0,2025.0,UHICHTEXTLV7,63029.0
4.0,2025.0,UHICHTEXTMP1,63029.0
4.0,2025.0,UHICHTEXTPS2,63029.0
4.0,2025.0,UHICHTEXUCC2,63029.0
4.0,2025.0,UHINA219AIDTE,0.0
4.0,2025.0,UHIND2213A156,126058.0
4.0,2025.0,UHINDKYO15NH,72778.0
4.0,2025.0,UHINDMUR1OUH,72778.0
4.0,2025.0,UHKEMC0603C1,0.0
4.0,2025.0,UHLEDWOR812B,63029.0
4.0,2025.0,UHLF9VPICOSM,0.0
4.0,2025.0,UHLUXADAP,0.0
4.0,2025.0,UHLUXAGBASE,0.0
4.0,2025.0,UHLUXAGBASES05,0.0
4.0,2025.0,UHLUXAGBASES06,0.0
4.0,2025.0,UHLUXAGBASES07,0.0
4.0,2025.0,UHLUXAGBASES08,0.0
4.0,2025.0,UHLUXAGBASES09,0.0
4.0,2025.0,UHLUXAGBASES10,0.0
4.0,2025.0,UHLUXAGBASES11,0.0
4.0,2025.0,UHLUXAGBASES12,0.0
4.0,2025.0,UHLUXAGBASES13,0.0
4.0,2025.0,UHLUXAGBASES14,0.0
4.0,2025.0,UHLUXAGS05-S11,0.0
4.0,2025.0,UHLUXAGS12-S14,0.0
4.0,2025.0,UHLUXASBASE,0.0
4.0,2025.0,UHLUXASBASES05,0.0
4.0,2025.0,UHLUXASBASES06,0.0
4.0,2025.0,UHLUXASBASES07,0.0
4.0,2025.0,UHLUXASBASES08,0.0
4.0,2025.0,UHLUXASBASES09,0.0
4.0,2025.0,UHLUXASBASES10,0.0
4.0,2025.0,UHLUXASBASES11,0.0
4.0,2025.0,UHLUXASBASES12,0.0
4.0,2025.0,UHLUXASBASES13,0.0
4.0,2025.0,UHLUXASBASES14,0.0
4.0,2025.0,UHLUXASCHRGS05,0.0
4.0,2025.0,UHLUXASCHRGS07,0.0
4.0,2025.0,UHLUXASCHRGS10,0.0
4.0,2025.0,UHLUXASCHRGS11,0.0
4.0,2025.0,UHLUXASCHRGS12,0.0
4.0,2025.0,UHLUXASCHRGS13,0.0
4.0,2025.0,UHLUXASCHRGS14,0.0
4.0,2025.0,UHLUXASS05-S11,0.0
4.0,2025.0,UHLUXASS12-S14,0.0
4.0,2025.0,UHLUXCHTOPS05,0.0
4.0,2025.0,UHLUXCHTOPS06,0.0
4.0,2025.0,UHLUXCHTOPS07,0.0
4.0,2025.0,UHLUXCHTOPS08,0.0
4.0,2025.0,UHLUXCHTOPS09,0.0
4.0,2025.0,UHLUXCHTOPS10,0.0
4.0,2025.0,UHLUXCHTOPS11,0.0
4.0,2025.0,UHLUXCHTOPS12,0.0
4.0,2025.0,UHLUXCHTOPS13,0.0
4.0,2025.0,UHLUXCHTOPS14,0.0
4.0,2025.0,UHLUXDIECUT,0.0
4.0,2025.0,UHLUXGLUE,0.0
4.0,2025.0,UHLUXMRBASE,0.0
4.0,2025.0,UHLUXRGBASE,0.0
4.0,2025.0,UHLUXRGBASES05,0.0
4.0,2025.0,UHLUXRGBASES06,0.0
4.0,2025.0,UHLUXRGBASES07,0.0
4.0,2025.0,UHLUXRGBASES08,0.0
4.0,2025.0,UHLUXRGBASES09,0.0
4.0,2025.0,UHLUXRGBASES10,0.0
4.0,2025.0,UHLUXRGBASES11,0.0
4.0,2025.0,UHLUXRGBASES12,0.0
4.0,2025.0,UHLUXRGBASES13,0.0
4.0,2025.0,UHLUXRGBASES14,0.0
4.0,2025.0,UHLUXRGCHRGS05,0.0
4.0,2025.0,UHLUXRGCHRGS06,0.0
4.0,2025.0,UHLUXRGCHRGS07,0.0
4.0,2025.0,UHLUXRGCHRGS08,0.0
4.0,2025.0,UHLUXRGCHRGS09,0.0
4.0,2025.0,UHLUXRGCHRGS10,0.0
4.0,2025.0,UHLUXRGCHRGS11,0.0
4.0,2025.0,UHLUXRGCHRGS12,0.0
4.0,2025.0,UHLUXRGCHRGS13,0.0
4.0,2025.0,UHLUXRGCHRGS14,0.0
4.0,2025.0,UHLUXRGS05-S11,0.0
4.0,2025.0,UHLUXRGS12-S14,0.0
4.0,2025.0,UHLUXRXCS05,0.0
4.0,2025.0,UHLUXRXCS06,0.0
4.0,2025.0,UHLUXRXCS07,0.0
4.0,2025.0,UHLUXRXCS08,0.0
4.0,2025.0,UHLUXRXCS09,0.0
4.0,2025.0,UHLUXRXCS10,0.0
4.0,2025.0,UHLUXRXCS11,0.0
4.0,2025.0,UHLUXRXCS12,0.0
4.0,2025.0,UHLUXRXCS13,0.0
4.0,2025.0,UHLUXRXCS14,0.0
4.0,2025.0,UHLUXYGCHRGS05,0.0
4.0,2025.0,UHLUXYGCHRGS06,0.0
4.0,2025.0,UHLUXYGCHRGS07,0.0
4.0,2025.0,UHLUXYGCHRGS08,0.0
4.0,2025.0,UHLUXYGCHRGS09,0.0
4.0,2025.0,UHLUXYGCHRGS10,0.0
4.0,2025.0,UHLUXYGCHRGS11,0.0
4.0,2025.0,UHLUXYGCHRGS12,0.0
4.0,2025.0,UHLUXYGCHRGS13,0.0
4.0,2025.0,UHLUXYGCHRGS14,0.0
4.0,2025.0,UHM2X5SCREW,0.0
4.0,2025.0,UHMAGCABLE,0.0
4.0,2025.0,UHMIC550433YM,0.0
4.0,2025.0,UHMMSSBUFS05,0.0
4.0,2025.0,UHMMSSBUFS08,0.0
4.0,2025.0,UHMMSSBUFS10,0.0
4.0,2025.0,UHMMSSMACS05,0.0
4.0,2025.0,UHMMSSMACS06,0.0
4.0,2025.0,UHMMSSMACS07,0.0
4.0,2025.0,UHMMSSMACS08,0.0
4.0,2025.0,UHMMSSMACS09,0.0
4.0,2025.0,UHMMSSMACS10,0.0
4.0,2025.0,UHMMSSMACS11,0.0
4.0,2025.0,UHMMSSMACS12,0.0
4.0,2025.0,UHMMSSMACS13,0.0
4.0,2025.0,UHMMSSMACS14,0.0
4.0,2025.0,UHMMTTBUFS05,0.0
4.0,2025.0,UHMMTTBUFS06,0.0
4.0,2025.0,UHMMTTBUFS07,0.0
4.0,2025.0,UHMMTTBUFS08,0.0
4.0,2025.0,UHMMTTBUFS09,0.0
4.0,2025.0,UHMMTTBUFS10,0.0
4.0,2025.0,UHMMTTBUFS11,0.0
4.0,2025.0,UHMMTTMACS05,0.0
4.0,2025.0,UHMMTTMACS06,0.0
4.0,2025.0,UHMMTTMACS07,0.0
4.0,2025.0,UHMMTTMACS08,0.0
4.0,2025.0,UHMMTTMACS09,0.0
4.0,2025.0,UHMMTTMACS10,0.0
4.0,2025.0,UHMMTTMACS11,0.0
4.0,2025.0,UHMMTTMACS13,0.0
4.0,2025.0,UHOODARESINBLK,0.0
4.0,2025.0,UHOPSANA61EF,72778.0
4.0,2025.0,UHOSCECS27MH,63029.0
4.0,2025.0,UHPA201FRLRES,0.0
4.0,2025.0,UHPACSIZKIBO,0.0
4.0,2025.0,UHPCBREV15S6,72778.0
4.0,2025.0,UHPCBRXCOS05,5550.0
4.0,2025.0,UHPCBRXCOS06,13933.0
4.0,2025.0,UHPCBRXCOS07,15883.0
4.0,2025.0,UHPCBRXCOS08,23242.0
4.0,2025.0,UHPCBRXCOS09,14300.0
4.0,2025.0,UHPCBRXCOS10,5813.0
4.0,2025.0,UHPCBRXCOS11,2349.0
4.0,2025.0,UHPCBRXCOS12,1976.0
4.0,2025.0,UHPCBRXCOS13,880.0
4.0,2025.0,UHPCBRXCOS14,90.0
4.0,2025.0,UHPLASINSS05,0.0
4.0,2025.0,UHPLASINSS06,0.0
4.0,2025.0,UHPLASINSS07,0.0
4.0,2025.0,UHPLASINSS08,0.0
4.0,2025.0,UHPLASINSS09,0.0
4.0,2025.0,UHPLASINSS10,0.0
4.0,2025.0,UHPLASINSS11,0.0
4.0,2025.0,UHPLASINSS12,0.0
4.0,2025.0,UHPLASINSS13,0.0
4.0,2025.0,UHPLASINSS14,0.0
4.0,2025.0,UHPLASIZRS05,0.0
4.0,2025.0,UHPLASIZRS06,0.0
4.0,2025.0,UHPLASIZRS07,0.0
4.0,2025.0,UHPLASIZRS08,0.0
4.0,2025.0,UHPLASIZRS09,0.0
4.0,2025.0,UHPLASIZRS10,0.0
4.0,2025.0,UHPLASIZRS11,0.0
4.0,2025.0,UHPLASIZRS12,0.0
4.0,2025.0,UHPLASIZRS13,0.0
4.0,2025.0,UHPLASIZRS14,0.0
4.0,2025.0,UHPRC3CALBBB,0.0
4.0,2025.0,UHPRINTBATPCB,6.0
4.0,2025.0,UHR1AIRCVS05,0.0
4.0,2025.0,UHR1AIRCVS06,0.0
4.0,2025.0,UHR1AIRCVS07,0.0
4.0,2025.0,UHR1AIRCVS08,0.0
4.0,2025.0,UHR1AIRCVS09,0.0
4.0,2025.0,UHR1AIRCVS10,0.0
4.0,2025.0,UHR1AIRCVS11,0.0
4.0,2025.0,UHR1AIRCVS12,0.0
4.0,2025.0,UHR1AIRCVS13,0.0
4.0,2025.0,UHR1AIRCVS14,0.0
4.0,2025.0,UHR1MIRSHEL07,0.0
4.0,2025.0,UHR1MIRSHEL08,0.0
4.0,2025.0,UHR1MIRSHEL09,0.0
4.0,2025.0,UHR1MIRSHEL10,0.0
4.0,2025.0,UHR1MIRSHEL11,0.0
4.0,2025.0,UHR1MIRSHEL12,0.0
4.0,2025.0,UHR1PCB1.3,0.0
4.0,2025.0,UHR1PCB1.7,0.0
4.0,2025.0,UHR1PCBWING,0.0
4.0,2025.0,UHR1RINGBOX,0.0
4.0,2025.0,UHR1SANDBSL05,0.0
4.0,2025.0,UHR1SANDBSL06,0.0
4.0,2025.0,UHR1SANDBSL07,0.0
4.0,2025.0,UHR1SANDBSL08,0.0
4.0,2025.0,UHR1SANDBSL09,0.0
4.0,2025.0,UHR1SANDBSL10,0.0
4.0,2025.0,UHR1SANDBSL11,0.0
4.0,2025.0,UHR1SANDBSL12,0.0
4.0,2025.0,UHR1SIZERING06,0.0
4.0,2025.0,UHR1SIZERING07,0.0
4.0,2025.0,UHR1SIZERING08,0.0
4.0,2025.0,UHR1SIZERING09,0.0
4.0,2025.0,UHR1SIZERING10,0.0
4.0,2025.0,UHR1SIZERING11,0.0
4.0,2025.0,UHR1SIZERING12,0.0
4.0,2025.0,UHR1USBCABLES,0.0
4.0,2025.0,UHRAREPLATINS06,0.0
4.0,2025.0,UHRAREPLATINS07,0.0
4.0,2025.0,UHRAREPLATINS08,0.0
4.0,2025.0,UHRAREPLATINS09,0.0
4.0,2025.0,UHRAREPLATINS10,0.0
4.0,2025.0,UHRAREPLATINS11,0.0
4.0,2025.0,UHRAREPLATINS12,0.0
4.0,2025.0,UHRAREPLATINS13,0.0
4.0,2025.0,UHRARERSG0LDS05,0.0
4.0,2025.0,UHRARERSG0LDS06,0.0
4.0,2025.0,UHRARERSG0LDS07,0.0
4.0,2025.0,UHRARERSG0LDS08,0.0
4.0,2025.0,UHRARERSG0LDS10,0.0
4.0,2025.0,UHRARERSG0LDS11,0.0
4.0,2025.0,UHRARERSG0LDS12,0.0
4.0,2025.0,UHRAREYLG0LDS05,0.0
4.0,2025.0,UHRAREYLG0LDS06,0.0
4.0,2025.0,UHRAREYLG0LDS07,0.0
4.0,2025.0,UHRAREYLG0LDS08,0.0
4.0,2025.0,UHRAREYLG0LDS10,0.0
4.0,2025.0,UHRAREYLG0LDS11,0.0
4.0,2025.0,UHRESBOU01BO,145556.0
4.0,2025.0,UHRESMBUV16,0.0
4.0,2025.0,UHRESNMUR8PF,72778.0
4.0,2025.0,UHRESOODHVR,0.0
4.0,2025.0,UHRESPAN01KO,145556.0
4.0,2025.0,UHRESPAN1MOH,189087.0
4.0,2025.0,UHRESPAN47KO,363890.0
4.0,2025.0,UHRESSTA10MO,72778.0
4.0,2025.0,UHRESVIS10OH,126058.0
4.0,2025.0,UHRESYAG074O,126058.0
4.0,2025.0,UHRESYAG0OHM,63029.0
4.0,2025.0,UHRESYAG100K,363890.0
4.0,2025.0,UHRESYAG10KO,189087.0
4.0,2025.0,UHRESYAG22KO,126058.0
4.0,2025.0,UHRESYAG22MO,63029.0
4.0,2025.0,UHRESYAG22OH,63029.0
4.0,2025.0,UHRESYAG27KO,63029.0
4.0,2025.0,UHRESYAG47KO,63029.0
4.0,2025.0,UHRESYAG60KO,63029.0
4.0,2025.0,UHRFAJOH24GH,72778.0
4.0,2025.0,UHRGBTR20.5MAH,0.0
4.0,2025.0,UHRGBTR21.5MAH,0.0
4.0,2025.0,UHRGBTR24MAH,58609.0
4.0,2025.0,UHRGBTR32MAH,25408.0
4.0,2025.0,UHRGBTR39MAH,0.0
4.0,2025.0,UHRGOUTTAPS06,0.0
4.0,2025.0,UHRGOUTTAPS07,0.0
4.0,2025.0,UHRGOUTTAPS08,0.0
4.0,2025.0,UHRGOUTTAPS09,0.0
4.0,2025.0,UHRGOUTTAPS10,0.0
4.0,2025.0,UHRGOUTTAPS11,0.0
4.0,2025.0,UHRGOUTTAPS12,0.0
4.0,2025.0,UHRINGAIRREV113S8CNA,0.0
4.0,2025.0,UHRINGCOMPFA,0.0
4.0,2025.0,UHRINGECS320,72778.0
4.0,2025.0,UHRINGPCBA,84030.0
4.0,2025.0,UHRINGRXR1S06,0.0
4.0,2025.0,UHRINGRXR1S07,0.0
4.0,2025.0,UHRINGRXR1S08,0.0
4.0,2025.0,UHRINGRXR1S09,0.0
4.0,2025.0,UHRINGRXR1S10,0.0
4.0,2025.0,UHRINGRXR1S11,0.0
4.0,2025.0,UHRINGRXR1S12,0.0
4.0,2025.0,UHRPROLEDAS,0.0
4.0,2025.0,UHRPRONRFR7,0.0
4.0,2025.0,UHRSOODAHVR,377300.0
4.0,2025.0,UHSENSMLX36V,72778.0
4.0,2025.0,UHSS6PA41DT,0.0
4.0,2025.0,UHSWATCHAA,0.0
4.0,2025.0,UHSWATCHAG,0.0
4.0,2025.0,UHSWATCHAS,0.0
4.0,2025.0,UHSWATCHMG,0.0
4.0,2025.0,UHSWATCHRG,0.0
4.0,2025.0,UHSWATCHRT,0.0
4.0,2025.0,UHTAPEBATPCB,132525.0
4.0,2025.0,UHTAPECESTIC,60362.0
4.0,2025.0,UHTAPEDC10X8,1575.0
4.0,2025.0,UHTAPES6010X8,0.0
4.0,2025.0,UHTAPS607X145,45396.0
4.0,2025.0,UHTAPS67X125,0.0
4.0,2025.0,UHTAPS69X363,84017.0
4.0,2025.0,UHTDKMLZ1608,0.0
4.0,2025.0,UHTDXVLS504EX,0.0
4.0,2025.0,UHTETLV71310,0.0
4.0,2025.0,UHTHTP68M4MM,0.0
4.0,2025.0,UHTIJWAABS05,180.0
4.0,2025.0,UHTIJWAABS06,40.0
4.0,2025.0,UHTIJWAABS07,349.0
4.0,2025.0,UHTIJWAABS08,685.0
4.0,2025.0,UHTIJWAABS09,120.0
4.0,2025.0,UHTIJWAABS10,392.0
4.0,2025.0,UHTIJWAABS11,160.0
4.0,2025.0,UHTIJWAABS12,470.0
4.0,2025.0,UHTIJWAABS13,50.0
4.0,2025.0,UHTIJWAABS14,0.0
4.0,2025.0,UHTIJWMGLS05,340.0
4.0,2025.0,UHTIJWMGLS06,919.0
4.0,2025.0,UHTIJWMGLS07,1297.0
4.0,2025.0,UHTIJWMGLS08,1763.0
4.0,2025.0,UHTIJWMGLS09,320.0
4.0,2025.0,UHTIJWMGLS10,880.0
4.0,2025.0,UHTIJWMGLS11,250.0
4.0,2025.0,UHTIJWMGLS12,30.0
4.0,2025.0,UHTIJWMGLS13,330.0
4.0,2025.0,UHTIJWMGLS14,90.0
4.0,2025.0,UHTIJWR1RG06,0.0
4.0,2025.0,UHTIJWR1RG07,0.0
4.0,2025.0,UHTIJWR1RG08,0.0
4.0,2025.0,UHTIJWR1RG09,0.0
4.0,2025.0,UHTIJWR1RG10,0.0
4.0,2025.0,UHTIJWR1RG11,0.0
4.0,2025.0,UHTIJWR1RG12,0.0
4.0,2025.0,UHTIJWRTLS05,330.0
4.0,2025.0,UHTIJWRTLS06,1570.0
4.0,2025.0,UHTIJWRTLS07,1664.0
4.0,2025.0,UHTIJWRTLS08,2684.0
4.0,2025.0,UHTIJWRTLS09,3145.0
4.0,2025.0,UHTIJWRTLS10,1392.0
4.0,2025.0,UHTIJWRTLS11,520.0
4.0,2025.0,UHTIJWRTLS12,626.0
4.0,2025.0,UHTIJWRTLS13,220.0
4.0,2025.0,UHTIJWRTLS14,0.0
4.0,2025.0,UHTITANTOKEN,0.0
4.0,2025.0,UHTRAEPC200V,63029.0
4.0,2025.0,UHTYUMK105CB,0.0
4.0,2025.0,UHTYUMK107BJ,0.0
4.0,2025.0,UHUSB4105GFAN,63029.0
4.0,2025.0,UHUSBCGCT24P,0.0
4.0,2025.0,UHWAWR02X00,0.0
4.0,2025.0,UHYGRC0201FR,0.0
4.0,2025.0,UHYGRC0402FR,0.0
4.0,2025.0,UHYGRC0402JR,0.0
4.0,2025.0,UHYGRC1206JR,0.0
4.0,2025.0,UHZRB15XR61A,0.0
4.0,2025.0,UNICHTEX7A02,72778.0
4.0,2025.0,[Tape DC 6.9x36.3] UHTAPS69X363,0.0
3.0,2025.0,UH0.2AA05,0.0
3.0,2025.0,UH0.2AA06,0.0
3.0,2025.0,UH0.2AA07,0.0
3.0,2025.0,UH0.2AA08,0.0
3.0,2025.0,UH0.2AA09,0.0
3.0,2025.0,UH0.2AA10,0.0
3.0,2025.0,UH0.2AA12,0.0
3.0,2025.0,UH0.2AG07,0.0
3.0,2025.0,UH0.2AG08,0.0
3.0,2025.0,UH0.2AG09,0.0
3.0,2025.0,UH0.2AG10,0.0
3.0,2025.0,UH0.2AS07,0.0
3.0,2025.0,UH0.2AS08,0.0
3.0,2025.0,UH0.2AS09,0.0
3.0,2025.0,UH0.2AS10,0.0
3.0,2025.0,UH0.2BB07,0.0
3.0,2025.0,UH0.2MACHINS05,0.0
3.0,2025.0,UH0.2MACHINS06,0.0
3.0,2025.0,UH0.2MACHINS07,0.0
3.0,2025.0,UH0.2MACHINS08,0.0
3.0,2025.0,UH0.2MACHINS09,0.0
3.0,2025.0,UH0.2MACHINS10,0.0
3.0,2025.0,UH0.2MACHINS11,0.0
3.0,2025.0,UH0.2MACHINS14,0.0
3.0,2025.0,UH0.2MG07,0.0
3.0,2025.0,UH0.2MIRROR05,501.0
3.0,2025.0,UH0.2MIRROR06,166.0
3.0,2025.0,UH0.2MIRROR07,292.0
3.0,2025.0,UH0.2MIRROR08,498.0
3.0,2025.0,UH0.2MIRROR09,436.0
3.0,2025.0,UH0.2MIRROR10,54.0
3.0,2025.0,UH0.2MIRROR11,0.0
3.0,2025.0,UH0.2MIRROR12,0.0
3.0,2025.0,UH0.2MIRROR13,0.0
3.0,2025.0,UH0.2MIRROR14,0.0
3.0,2025.0,UH0.2RT08,0.0
3.0,2025.0,UH06031AVX2A,0.0
3.0,2025.0,UH0805RSVS0O,0.0
3.0,2025.0,UH32BTELQFP48,0.0
3.0,2025.0,UHACCSTM6DSO,79367.0
3.0,2025.0,UHAIRBEADBS05,0.0
3.0,2025.0,UHAIRBEADBS06,0.0
3.0,2025.0,UHAIRBEADBS07,0.0
3.0,2025.0,UHAIRBEADBS08,0.0
3.0,2025.0,UHAIRBEADBS09,0.0
3.0,2025.0,UHAIRBEADBS10,0.0
3.0,2025.0,UHAIRBEADBS11,0.0
3.0,2025.0,UHAIRBEADBS12,0.0
3.0,2025.0,UHAIRBEADBS13,0.0
3.0,2025.0,UHAIRBEADBS14,0.0
3.0,2025.0,UHAIRBLKMS05,0.0
3.0,2025.0,UHAIRBLKMS06,0.0
3.0,2025.0,UHAIRBLKMS07,0.0
3.0,2025.0,UHAIRBLKMS08,0.0
3.0,2025.0,UHAIRBLKMS09,0.0
3.0,2025.0,UHAIRBLKMS10,0.0
3.0,2025.0,UHAIRBLKMS11,0.0
3.0,2025.0,UHAIRBLKMS12,0.0
3.0,2025.0,UHAIRBLKMS13,0.0
3.0,2025.0,UHAIRBLKMS14,0.0
3.0,2025.0,UHAIRBOXTOP,0.0
3.0,2025.0,UHAIRG0LDS05,1890.0
3.0,2025.0,UHAIRG0LDS06,8236.0
3.0,2025.0,UHAIRG0LDS07,14284.0
3.0,2025.0,UHAIRG0LDS08,7910.0
3.0,2025.0,UHAIRG0LDS09,4491.0
3.0,2025.0,UHAIRG0LDS10,2262.0
3.0,2025.0,UHAIRG0LDS11,911.0
3.0,2025.0,UHAIRG0LDS12,338.0
3.0,2025.0,UHAIRG0LDS13,50.0
3.0,2025.0,UHAIRG0LDS14,1.0
3.0,2025.0,UHAIRMACSHL05,0.0
3.0,2025.0,UHAIRMACSHL06,0.0
3.0,2025.0,UHAIRMACSHL07,0.0
3.0,2025.0,UHAIRMACSHL08,0.0
3.0,2025.0,UHAIRMACSHL09,0.0
3.0,2025.0,UHAIRMACSHL10,0.0
3.0,2025.0,UHAIRMACSHL11,0.0
3.0,2025.0,UHAIRMACSHL12,0.0
3.0,2025.0,UHAIRMACSHL13,0.0
3.0,2025.0,UHAIRMACSHL14,0.0
3.0,2025.0,UHAIRMIRSHEL05,0.0
3.0,2025.0,UHAIRMIRSHEL06,0.0
3.0,2025.0,UHAIRMIRSHEL07,0.0
3.0,2025.0,UHAIRMIRSHEL08,0.0
3.0,2025.0,UHAIRMIRSHEL09,0.0
3.0,2025.0,UHAIRMIRSHEL10,0.0
3.0,2025.0,UHAIRMIRSHEL11,0.0
3.0,2025.0,UHAIRMIRSHEL12,0.0
3.0,2025.0,UHAIRMIRSHEL14,0.0
3.0,2025.0,UHAIRMONOCORT,0.0
3.0,2025.0,UHAIRRGTOPG,0.0
3.0,2025.0,UHAIRRGTOPS,0.0
3.0,2025.0,UHAIRROG0LDS05,0.0
3.0,2025.0,UHAIRROG0LDS06,0.0
3.0,2025.0,UHAIRROG0LDS07,0.0
3.0,2025.0,UHAIRROG0LDS08,0.0
3.0,2025.0,UHAIRROG0LDS09,0.0
3.0,2025.0,UHAIRROG0LDS10,0.0
3.0,2025.0,UHAIRROG0LDS11,0.0
3.0,2025.0,UHAIRROG0LDS12,0.0
3.0,2025.0,UHAIRSILVS05,130.0
3.0,2025.0,UHAIRSILVS06,1682.0
3.0,2025.0,UHAIRSILVS07,3322.0
3.0,2025.0,UHAIRSILVS08,5993.0
3.0,2025.0,UHAIRSILVS09,2515.0
3.0,2025.0,UHAIRSILVS10,1279.0
3.0,2025.0,UHAIRSILVS11,455.0
3.0,2025.0,UHAIRSILVS12,400.0
3.0,2025.0,UHAIRSILVS13,179.0
3.0,2025.0,UHAIRSILVS14,1.0
3.0,2025.0,UHALCASTEDSHLS05,0.0
3.0,2025.0,UHALCASTEDSHLS06,0.0
3.0,2025.0,UHALCASTEDSHLS07,0.0
3.0,2025.0,UHALCASTEDSHLS08,0.0
3.0,2025.0,UHALCASTEDSHLS09,0.0
3.0,2025.0,UHALCASTEDSHLS10,0.0
3.0,2025.0,UHALCASTEDSHLS11,0.0
3.0,2025.0,UHALCASTEDSHLS12,0.0
3.0,2025.0,UHALCASTEDSHLS13,0.0
3.0,2025.0,UHALCASTEDSHLS14,0.0
3.0,2025.0,UHALENGSHELLS05,0.0
3.0,2025.0,UHALENGSHELLS06,0.0
3.0,2025.0,UHALENGSHELLS07,0.0
3.0,2025.0,UHALENGSHELLS08,0.0
3.0,2025.0,UHALENGSHELLS09,0.0
3.0,2025.0,UHALENGSHELLS10,0.0
3.0,2025.0,UHALENGSHELLS11,0.0
3.0,2025.0,UHALENGSHELLS12,0.0
3.0,2025.0,UHALENGSHELLS13,0.0
3.0,2025.0,UHALENGSHELLS14,0.0
3.0,2025.0,UHALSHELLS05,0.0
3.0,2025.0,UHALSHELLS06,0.0
3.0,2025.0,UHALSHELLS07,0.0
3.0,2025.0,UHALSHELLS08,0.0
3.0,2025.0,UHALSHELLS09,0.0
3.0,2025.0,UHALSHELLS10,0.0
3.0,2025.0,UHALSHELLS11,0.0
3.0,2025.0,UHALSHELLS12,0.0
3.0,2025.0,UHALSHELLS13,0.0
3.0,2025.0,UHALSHELLS14,0.0
3.0,2025.0,UHBLTP204M7M,73453.0
3.0,2025.0,UHBOTTOMPADS,34669.0
3.0,2025.0,UHBOXTBTTRAY,0.0
3.0,2025.0,UHBOXTOPTRAY,0.0
3.0,2025.0,UHBRUSBCABLE,0.0
3.0,2025.0,UHC2068NF50V,80566.0
3.0,2025.0,UHC2100NF50V,80566.0
3.0,2025.0,UHC2C10UF50V,80566.0
3.0,2025.0,UHC2C1KPF50V,80566.0
3.0,2025.0,UHC2C47PF25V,80566.0
3.0,2025.0,UHC2CUMO10MA,40283.0
3.0,2025.0,UHC2FB30OM1L,40283.0
3.0,2025.0,UHC2FFCCN4P,40283.0
3.0,2025.0,UHC2INDU6.8UH,40283.0
3.0,2025.0,UHC2PCBAREV21,34669.0
3.0,2025.0,UHC2PCBREV21,40283.0
3.0,2025.0,UHC2RES0OM42,120849.0
3.0,2025.0,UHC2RES0OM85,40283.0
3.0,2025.0,UHC2RES27OHM,80566.0
3.0,2025.0,UHC2TRCL72UH,34669.0
3.0,2025.0,UHC3BBBASE,0.0
3.0,2025.0,UHC3BOTTPAD,0.0
3.0,2025.0,UHC3FINFGS05,0.0
3.0,2025.0,UHC3FINFGS07,0.0
3.0,2025.0,UHC3FINFGS08,0.0
3.0,2025.0,UHC3FINFGS09,0.0
3.0,2025.0,UHC3FINFGS10,0.0
3.0,2025.0,UHC3FINFGS11,0.0
3.0,2025.0,UHC3FINFGS12,0.0
3.0,2025.0,UHC3FINFGS13,0.0
3.0,2025.0,UHC3LASERTOPS05,0.0
3.0,2025.0,UHC3LASERTOPS06,0.0
3.0,2025.0,UHC3LASERTOPS07,0.0
3.0,2025.0,UHC3LASERTOPS08,0.0
3.0,2025.0,UHC3LASERTOPS09,0.0
3.0,2025.0,UHC3LASERTOPS10,0.0
3.0,2025.0,UHC3LASERTOPS11,0.0
3.0,2025.0,UHC3LASERTOPS12,0.0
3.0,2025.0,UHC3LASERTOPS13,0.0
3.0,2025.0,UHC3LASERTOPS14,0.0
3.0,2025.0,UHC3PAINBASES05,0.0
3.0,2025.0,UHC3PAINBASES06,0.0
3.0,2025.0,UHC3PAINBASES07,0.0
3.0,2025.0,UHC3PAINBASES08,0.0
3.0,2025.0,UHC3PAINBASES09,0.0
3.0,2025.0,UHC3PAINBASES10,0.0
3.0,2025.0,UHC3PAINBASES11,0.0
3.0,2025.0,UHC3PAINBASES12,0.0
3.0,2025.0,UHC3PAINBASES13,0.0
3.0,2025.0,UHC3PAINBASES14,0.0
3.0,2025.0,UHC3PAINTOPS05,0.0
3.0,2025.0,UHC3PAINTOPS06,0.0
3.0,2025.0,UHC3PAINTOPS07,0.0
3.0,2025.0,UHC3PAINTOPS08,0.0
3.0,2025.0,UHC3PAINTOPS09,0.0
3.0,2025.0,UHC3PAINTOPS10,0.0
3.0,2025.0,UHC3PAINTOPS11,0.0
3.0,2025.0,UHC3PAINTOPS12,0.0
3.0,2025.0,UHC3PAINTOPS13,0.0
3.0,2025.0,UHC3PAINTOPS14,0.0
3.0,2025.0,UHC3TRANTOPS05,0.0
3.0,2025.0,UHC3TRANTOPS06,0.0
3.0,2025.0,UHC3TRANTOPS07,0.0
3.0,2025.0,UHC3TRANTOPS08,0.0
3.0,2025.0,UHC3TRANTOPS09,0.0
3.0,2025.0,UHC3TRANTOPS10,0.0
3.0,2025.0,UHC3TRANTOPS11,0.0
3.0,2025.0,UHC3TRANTOPS12,0.0
3.0,2025.0,UHC3TRANTOPS13,0.0
3.0,2025.0,UHC3TRANTOPS14,0.0
3.0,2025.0,UHC3TXCOIL,0.0
3.0,2025.0,UHCAP101206MR,0.0
3.0,2025.0,UHCAP27PFMUR,0.0
3.0,2025.0,UHCAPKYO10UF,0.0
3.0,2025.0,UHCAPMUR01UF,634936.0
3.0,2025.0,UHCAPMUR047F,79367.0
3.0,2025.0,UHCAPMUR10UF,402830.0
3.0,2025.0,UHCAPMUR12PF,317468.0
3.0,2025.0,UHCAPMUR220F,40283.0
3.0,2025.0,UHCAPMUR22UF,79367.0
3.0,2025.0,UHCAPMUR820F,79367.0
3.0,2025.0,UHCAPMURE14D,443113.0
3.0,2025.0,UHCAPMURE1UF,634936.0
3.0,2025.0,UHCAPSAM22UF,79367.0
3.0,2025.0,UHCAPSAM43UF,79367.0
3.0,2025.0,UHCAPTAY27PF,79367.0
3.0,2025.0,UHCAPYAG10PF,79367.0
3.0,2025.0,UHCH1COHOS05,0.0
3.0,2025.0,UHCH1COHOS06,0.0
3.0,2025.0,UHCH1COHOS07,0.0
3.0,2025.0,UHCH1COHOS08,0.0
3.0,2025.0,UHCH1COHOS09,0.0
3.0,2025.0,UHCH1COHOS10,0.0
3.0,2025.0,UHCH1COHOS11,0.0
3.0,2025.0,UHCH1COHOS12,0.0
3.0,2025.0,UHCH1COHOS13,0.0
3.0,2025.0,UHCH1COHOS14,0.0
3.0,2025.0,UHCH1FINGDS05,0.0
3.0,2025.0,UHCH1FINGDS06,0.0
3.0,2025.0,UHCH1FINGDS07,0.0
3.0,2025.0,UHCH1FINGDS08,0.0
3.0,2025.0,UHCH1FINGDS09,0.0
3.0,2025.0,UHCH1FINGDS10,0.0
3.0,2025.0,UHCH1FINGDS11,0.0
3.0,2025.0,UHCH1FINGDS12,0.0
3.0,2025.0,UHCH1FINGDS13,0.0
3.0,2025.0,UHCH1FINGDS14,0.0
3.0,2025.0,UHCH1PCB,0.0
3.0,2025.0,UHCH1TXCOIL,0.0
3.0,2025.0,UHCH2COHOS05,2239.0
3.0,2025.0,UHCH2COHOS06,5739.0
3.0,2025.0,UHCH2COHOS07,7795.0
3.0,2025.0,UHCH2COHOS08,10977.0
3.0,2025.0,UHCH2COHOS09,4997.0
3.0,2025.0,UHCH2COHOS10,2083.0
3.0,2025.0,UHCH2COHOS11,545.0
3.0,2025.0,UHCH2COHOS12,10.0
3.0,2025.0,UHCH2COHOS13,270.0
3.0,2025.0,UHCH2COHOS14,14.0
3.0,2025.0,UHCH2FINISHS05,0.0
3.0,2025.0,UHCH2FINISHS06,0.0
3.0,2025.0,UHCH2FINISHS07,0.0
3.0,2025.0,UHCH2FINISHS08,0.0
3.0,2025.0,UHCH2FINISHS09,0.0
3.0,2025.0,UHCH2FINISHS10,0.0
3.0,2025.0,UHCH2FINISHS11,0.0
3.0,2025.0,UHCH2FINISHS12,0.0
3.0,2025.0,UHCH2FINISHS13,0.0
3.0,2025.0,UHCH2FINISHS14,0.0
3.0,2025.0,UHCHA1BASS05,0.0
3.0,2025.0,UHCHA1BASS06,0.0
3.0,2025.0,UHCHA1BASS07,0.0
3.0,2025.0,UHCHA1BASS08,0.0
3.0,2025.0,UHCHA1BASS09,0.0
3.0,2025.0,UHCHA1BASS10,0.0
3.0,2025.0,UHCHA1BASS11,0.0
3.0,2025.0,UHCHA1BASS12,0.0
3.0,2025.0,UHCHA1BASS13,0.0
3.0,2025.0,UHCHA1BASS14,0.0
3.0,2025.0,UHCHA2BASS05,2239.0
3.0,2025.0,UHCHA2BASS06,5739.0
3.0,2025.0,UHCHA2BASS07,7795.0
3.0,2025.0,UHCHA2BASS08,10977.0
3.0,2025.0,UHCHA2BASS09,4997.0
3.0,2025.0,UHCHA2BASS10,2083.0
3.0,2025.0,UHCHA2BASS11,545.0
3.0,2025.0,UHCHA2BASS12,10.0
3.0,2025.0,UHCHA2BASS13,270.0
3.0,2025.0,UHCHA2BASS14,14.0
3.0,2025.0,UHCHARTOPS05,2239.0
3.0,2025.0,UHCHARTOPS06,5739.0
3.0,2025.0,UHCHARTOPS07,7795.0
3.0,2025.0,UHCHARTOPS08,10977.0
3.0,2025.0,UHCHARTOPS09,4997.0
3.0,2025.0,UHCHARTOPS10,2083.0
3.0,2025.0,UHCHARTOPS11,545.0
3.0,2025.0,UHCHARTOPS12,10.0
3.0,2025.0,UHCHARTOPS13,270.0
3.0,2025.0,UHCHARTOPS14,14.0
3.0,2025.0,UHCHCOMPERJ,40283.0
3.0,2025.0,UHCHRC1PCB,0.0
3.0,2025.0,UHCHRC1PCBAG,0.0
3.0,2025.0,UHCHRC1PCBAR,0.0
3.0,2025.0,UHCHRC1TXCOIL,0.0
3.0,2025.0,UHCONSACRVARNISH,0.0
3.0,2025.0,UHCONSAIRMASCURV,0.0
3.0,2025.0,UHCONSAIRMASFLAT,0.0
3.0,2025.0,UHCONSEMR1000,0.0
3.0,2025.0,UHCONSEMR1500,0.0
3.0,2025.0,UHCONSEMR2000,0.0
3.0,2025.0,UHCONSIPA,0.0
3.0,2025.0,UHCONSLAQUERPAI,0.0
3.0,2025.0,UHCONSLOC403,0.0
3.0,2025.0,UHCONSLOC406,0.0
3.0,2025.0,UHCONSLOC495,0.0
3.0,2025.0,UHCONSMOLDPINS,0.0
3.0,2025.0,UHCONSNTRLGLOV,0.0
3.0,2025.0,UHCONSPOL3M,0.0
3.0,2025.0,UHCONSPOLPAD,0.0
3.0,2025.0,UHCONSPRSPRAY,0.0
3.0,2025.0,UHCONSR1MASTER,0.0
3.0,2025.0,UHCONSSHIPCLOTH,0.0
3.0,2025.0,UHCONSSICOMET,0.0
3.0,2025.0,UHCONSSIRES,0.0
3.0,2025.0,UHCONSTAPE2BRWN,0.0
3.0,2025.0,UHCONSTOOTPICK,0.0
3.0,2025.0,UHCRYDIO32MH,0.0
3.0,2025.0,UHDIOCOMT33V,40283.0
3.0,2025.0,UHDIODIO100V,40283.0
3.0,2025.0,UHDIODIOI40V,40283.0
3.0,2025.0,UHDIODIOI75V,40283.0
3.0,2025.0,UHDIOSMCAV99,40283.0
3.0,2025.0,UHDIOTEXI14V,40283.0
3.0,2025.0,UHDMCBASES05,0.0
3.0,2025.0,UHDMCBASES06,0.0
3.0,2025.0,UHDMCBASES07,0.0
3.0,2025.0,UHDMCBASES08,0.0
3.0,2025.0,UHDMCBASES09,0.0
3.0,2025.0,UHDMCBASES10,0.0
3.0,2025.0,UHDMCBASES11,0.0
3.0,2025.0,UHDMCBASES12,0.0
3.0,2025.0,UHDMCBASES13,0.0
3.0,2025.0,UHDMCBASES14,0.0
3.0,2025.0,UHDMCBOTPADS,0.0
3.0,2025.0,UHDMCCHRBASE,0.0
3.0,2025.0,UHDMCCHRTOP,0.0
3.0,2025.0,UHDMCFINGOOD,0.0
3.0,2025.0,UHDMCLITGUIDE,0.0
3.0,2025.0,UHDMCPCB,0.0
3.0,2025.0,UHDMCPCBA,0.0
3.0,2025.0,UHDMCPOGOFEM,0.0
3.0,2025.0,UHDMCPOGOMAL,0.0
3.0,2025.0,UHDMCSCRW1.8X6,0.0
3.0,2025.0,UHDMCSUBAY05,0.0
3.0,2025.0,UHDMCSUBAY06,0.0
3.0,2025.0,UHDMCSUBAY07,0.0
3.0,2025.0,UHDMCSUBAY08,0.0
3.0,2025.0,UHDMCSUBAY09,0.0
3.0,2025.0,UHDMCSUBAY10,0.0
3.0,2025.0,UHDMCSUBAY11,0.0
3.0,2025.0,UHDMCSUBAY12,0.0
3.0,2025.0,UHDMCSUBAY13,0.0
3.0,2025.0,UHDMCSUBAY14,0.0
3.0,2025.0,UHDMCTOPS05,0.0
3.0,2025.0,UHDMCTOPS06,0.0
3.0,2025.0,UHDMCTOPS07,0.0
3.0,2025.0,UHDMCTOPS08,0.0
3.0,2025.0,UHDMCTOPS09,0.0
3.0,2025.0,UHDMCTOPS10,0.0
3.0,2025.0,UHDMCTOPS11,0.0
3.0,2025.0,UHDMCTOPS12,0.0
3.0,2025.0,UHDMCTOPS13,0.0
3.0,2025.0,UHDMCTOPS14,0.0
3.0,2025.0,UHDMCTXCOL05-07,0.0
3.0,2025.0,UHDMCTXCOL08-14,0.0
3.0,2025.0,UHDMCTXCOLBIG,0.0
3.0,2025.0,UHDMCTXCOLSML,0.0
3.0,2025.0,UHDSTAP30.9X30.4,0.0
3.0,2025.0,UHFERRITE96M76M,0.0
3.0,2025.0,UHFERRTSHTUNCUT,204.0
3.0,2025.0,UHFSJW10M8M,69338.0
3.0,2025.0,UHFSJW5.6M7M,73453.0
3.0,2025.0,UHFSJW7.5M7M,0.0
3.0,2025.0,UHHRDOODHVR,0.0
3.0,2025.0,UHHRDOODLVR,0.0
3.0,2025.0,UHHROODAHVR,7928.29
3.0,2025.0,UHHWSS1.8X6-H,138676.0
3.0,2025.0,UHHWSSM1.8X6S,0.0
3.0,2025.0,UHICHANA4124,79367.0
3.0,2025.0,UHICHNRF5284,79367.0
3.0,2025.0,UHICHSTM3117,79367.0
3.0,2025.0,UHICHSTM32G0,40283.0
3.0,2025.0,UHICHTEXLMR6,40283.0
3.0,2025.0,UHICHTEXTLV7,40283.0
3.0,2025.0,UHICHTEXTMP1,40283.0
3.0,2025.0,UHICHTEXTPS2,40283.0
3.0,2025.0,UHICHTEXUCC2,40283.0
3.0,2025.0,UHINA219AIDTE,0.0
3.0,2025.0,UHIND2213A156,80566.0
3.0,2025.0,UHINDKYO15NH,79367.0
3.0,2025.0,UHINDMUR1OUH,79367.0
3.0,2025.0,UHKEMC0603C1,0.0
3.0,2025.0,UHLEDWOR812B,40283.0
3.0,2025.0,UHLF9VPICOSM,0.0
3.0,2025.0,UHLUXAGBASE,0.0
3.0,2025.0,UHLUXAGBASES05,0.0
3.0,2025.0,UHLUXAGBASES07,0.0
3.0,2025.0,UHLUXAGBASES08,0.0
3.0,2025.0,UHLUXAGBASES10,0.0
3.0,2025.0,UHLUXAGBASES11,0.0
3.0,2025.0,UHLUXAGBASES12,0.0
3.0,2025.0,UHLUXAGS05-S11,0.0
3.0,2025.0,UHLUXAGS12-S14,0.0
3.0,2025.0,UHLUXASBASE,0.0
3.0,2025.0,UHLUXASBASES05,0.0
3.0,2025.0,UHLUXASBASES06,0.0
3.0,2025.0,UHLUXASBASES07,0.0
3.0,2025.0,UHLUXASBASES08,0.0
3.0,2025.0,UHLUXASBASES09,0.0
3.0,2025.0,UHLUXASBASES10,0.0
3.0,2025.0,UHLUXASBASES11,0.0
3.0,2025.0,UHLUXASCHRGS05,0.0
3.0,2025.0,UHLUXASCHRGS07,0.0
3.0,2025.0,UHLUXASCHRGS10,0.0
3.0,2025.0,UHLUXASCHRGS11,0.0
3.0,2025.0,UHLUXASCHRGS12,0.0
3.0,2025.0,UHLUXASCHRGS13,0.0
3.0,2025.0,UHLUXASCHRGS14,0.0
3.0,2025.0,UHLUXASS05-S11,0.0
3.0,2025.0,UHLUXASS12-S14,0.0
3.0,2025.0,UHLUXCHTOPS05,0.0
3.0,2025.0,UHLUXCHTOPS06,0.0
3.0,2025.0,UHLUXCHTOPS07,0.0
3.0,2025.0,UHLUXCHTOPS08,0.0
3.0,2025.0,UHLUXCHTOPS09,0.0
3.0,2025.0,UHLUXCHTOPS10,0.0
3.0,2025.0,UHLUXCHTOPS11,0.0
3.0,2025.0,UHLUXCHTOPS12,0.0
3.0,2025.0,UHLUXCHTOPS13,0.0
3.0,2025.0,UHLUXCHTOPS14,0.0
3.0,2025.0,UHLUXDIECUT,0.0
3.0,2025.0,UHLUXGLUE,0.0
3.0,2025.0,UHLUXMRBASE,0.0
3.0,2025.0,UHLUXRGBASE,0.0
3.0,2025.0,UHLUXRGBASES05,0.0
3.0,2025.0,UHLUXRGBASES06,0.0
3.0,2025.0,UHLUXRGBASES07,0.0
3.0,2025.0,UHLUXRGBASES08,0.0
3.0,2025.0,UHLUXRGBASES09,0.0
3.0,2025.0,UHLUXRGCHRGS05,0.0
3.0,2025.0,UHLUXRGCHRGS06,0.0
3.0,2025.0,UHLUXRGCHRGS07,0.0
3.0,2025.0,UHLUXRGCHRGS08,0.0
3.0,2025.0,UHLUXRGCHRGS09,0.0
3.0,2025.0,UHLUXRGCHRGS10,0.0
3.0,2025.0,UHLUXRGCHRGS11,0.0
3.0,2025.0,UHLUXRGCHRGS12,0.0
3.0,2025.0,UHLUXRGCHRGS13,0.0
3.0,2025.0,UHLUXRGCHRGS14,0.0
3.0,2025.0,UHLUXRGS05-S11,0.0
3.0,2025.0,UHLUXRGS12-S14,0.0
3.0,2025.0,UHLUXRXCS05,0.0
3.0,2025.0,UHLUXRXCS06,0.0
3.0,2025.0,UHLUXRXCS07,0.0
3.0,2025.0,UHLUXRXCS08,0.0
3.0,2025.0,UHLUXRXCS09,0.0
3.0,2025.0,UHLUXRXCS10,0.0
3.0,2025.0,UHLUXRXCS11,0.0
3.0,2025.0,UHLUXRXCS12,0.0
3.0,2025.0,UHLUXRXCS13,0.0
3.0,2025.0,UHLUXRXCS14,0.0
3.0,2025.0,UHLUXYGCHRGS05,0.0
3.0,2025.0,UHLUXYGCHRGS06,0.0
3.0,2025.0,UHLUXYGCHRGS07,0.0
3.0,2025.0,UHLUXYGCHRGS08,0.0
3.0,2025.0,UHLUXYGCHRGS09,0.0
3.0,2025.0,UHLUXYGCHRGS10,0.0
3.0,2025.0,UHLUXYGCHRGS11,0.0
3.0,2025.0,UHLUXYGCHRGS12,0.0
3.0,2025.0,UHLUXYGCHRGS13,0.0
3.0,2025.0,UHLUXYGCHRGS14,0.0
3.0,2025.0,UHM2X5SCREW,0.0
3.0,2025.0,UHMAGCABLE,0.0
3.0,2025.0,UHMIC550433YM,0.0
3.0,2025.0,UHMMSSBUFS05,0.0
3.0,2025.0,UHMMSSBUFS08,0.0
3.0,2025.0,UHMMSSBUFS10,0.0
3.0,2025.0,UHMMSSMACS07,0.0
3.0,2025.0,UHMMTTBUFS05,0.0
3.0,2025.0,UHMMTTBUFS06,0.0
3.0,2025.0,UHMMTTBUFS07,0.0
3.0,2025.0,UHMMTTBUFS08,0.0
3.0,2025.0,UHMMTTBUFS09,0.0
3.0,2025.0,UHMMTTBUFS10,0.0
3.0,2025.0,UHMMTTBUFS11,0.0
3.0,2025.0,UHMMTTMACS06,0.0
3.0,2025.0,UHMMTTMACS07,0.0
3.0,2025.0,UHMMTTMACS08,0.0
3.0,2025.0,UHMMTTMACS09,0.0
3.0,2025.0,UHMMTTMACS10,0.0
3.0,2025.0,UHMMTTMACS11,0.0
3.0,2025.0,UHOODARESINBLK,0.0
3.0,2025.0,UHOPSANA61EF,79367.0
3.0,2025.0,UHOSCECS27MH,40283.0
3.0,2025.0,UHPA201FRLRES,0.0
3.0,2025.0,UHPACSIZKIBO,0.0
3.0,2025.0,UHPCBREV15S6,79367.0
3.0,2025.0,UHPCBRXCOS05,2730.0
3.0,2025.0,UHPCBRXCOS06,10972.0
3.0,2025.0,UHPCBRXCOS07,19284.0
3.0,2025.0,UHPCBRXCOS08,16701.0
3.0,2025.0,UHPCBRXCOS09,11311.0
3.0,2025.0,UHPCBRXCOS10,6405.0
3.0,2025.0,UHPCBRXCOS11,3112.0
3.0,2025.0,UHPCBRXCOS12,1919.0
3.0,2025.0,UHPCBRXCOS13,768.0
3.0,2025.0,UHPCBRXCOS14,251.0
3.0,2025.0,UHPLASINSS05,0.0
3.0,2025.0,UHPLASINSS06,0.0
3.0,2025.0,UHPLASINSS07,0.0
3.0,2025.0,UHPLASINSS08,0.0
3.0,2025.0,UHPLASINSS09,0.0
3.0,2025.0,UHPLASINSS10,0.0
3.0,2025.0,UHPLASINSS11,0.0
3.0,2025.0,UHPLASINSS12,0.0
3.0,2025.0,UHPLASINSS13,0.0
3.0,2025.0,UHPLASINSS14,0.0
3.0,2025.0,UHPLASIZRS05,0.0
3.0,2025.0,UHPLASIZRS06,0.0
3.0,2025.0,UHPLASIZRS07,0.0
3.0,2025.0,UHPLASIZRS08,0.0
3.0,2025.0,UHPLASIZRS09,0.0
3.0,2025.0,UHPLASIZRS10,0.0
3.0,2025.0,UHPLASIZRS11,0.0
3.0,2025.0,UHPLASIZRS12,0.0
3.0,2025.0,UHPLASIZRS13,0.0
3.0,2025.0,UHPLASIZRS14,0.0
3.0,2025.0,UHPRC3CALBBB,0.0
3.0,2025.0,UHPRINTBATPCB,0.0
3.0,2025.0,UHR1AIRCVS05,0.0
3.0,2025.0,UHR1AIRCVS06,0.0
3.0,2025.0,UHR1AIRCVS07,0.0
3.0,2025.0,UHR1AIRCVS08,0.0
3.0,2025.0,UHR1AIRCVS09,0.0
3.0,2025.0,UHR1AIRCVS10,0.0
3.0,2025.0,UHR1AIRCVS11,0.0
3.0,2025.0,UHR1AIRCVS12,0.0
3.0,2025.0,UHR1AIRCVS13,0.0
3.0,2025.0,UHR1AIRCVS14,0.0
3.0,2025.0,UHR1PCB1.3,0.0
3.0,2025.0,UHR1PCB1.7,0.0
3.0,2025.0,UHR1PCBWING,0.0
3.0,2025.0,UHR1RINGBOX,0.0
3.0,2025.0,UHR1SANDBSL05,0.0
3.0,2025.0,UHR1SANDBSL06,0.0
3.0,2025.0,UHR1SANDBSL07,0.0
3.0,2025.0,UHR1SANDBSL08,0.0
3.0,2025.0,UHR1SANDBSL09,0.0
3.0,2025.0,UHR1SANDBSL10,0.0
3.0,2025.0,UHR1SANDBSL11,0.0
3.0,2025.0,UHR1SANDBSL12,0.0
3.0,2025.0,UHR1SIZERING06,0.0
3.0,2025.0,UHR1SIZERING07,0.0
3.0,2025.0,UHR1SIZERING08,0.0
3.0,2025.0,UHR1SIZERING09,0.0
3.0,2025.0,UHR1SIZERING10,0.0
3.0,2025.0,UHR1SIZERING11,0.0
3.0,2025.0,UHR1SIZERING12,0.0
3.0,2025.0,UHR1USBCABLES,0.0
3.0,2025.0,UHRAREPLATINS06,0.0
3.0,2025.0,UHRAREPLATINS07,0.0
3.0,2025.0,UHRAREPLATINS08,0.0
3.0,2025.0,UHRAREPLATINS09,0.0
3.0,2025.0,UHRAREPLATINS10,0.0
3.0,2025.0,UHRAREPLATINS11,0.0
3.0,2025.0,UHRAREPLATINS12,0.0
3.0,2025.0,UHRAREPLATINS13,0.0
3.0,2025.0,UHRARERSG0LDS05,0.0
3.0,2025.0,UHRARERSG0LDS06,0.0
3.0,2025.0,UHRARERSG0LDS07,0.0
3.0,2025.0,UHRARERSG0LDS08,0.0
3.0,2025.0,UHRARERSG0LDS10,0.0
3.0,2025.0,UHRARERSG0LDS11,0.0
3.0,2025.0,UHRARERSG0LDS12,0.0
3.0,2025.0,UHRAREYLG0LDS05,0.0
3.0,2025.0,UHRAREYLG0LDS06,0.0
3.0,2025.0,UHRAREYLG0LDS07,0.0
3.0,2025.0,UHRAREYLG0LDS08,0.0
3.0,2025.0,UHRAREYLG0LDS10,0.0
3.0,2025.0,UHRAREYLG0LDS11,0.0
3.0,2025.0,UHRDRPCBSRTI,0.0
3.0,2025.0,UHRDRPCLVRTI,0.0
3.0,2025.0,UHRDRPCMFTTI,0.0
3.0,2025.0,UHRDRPCTMPTI,0.0
3.0,2025.0,UHRESBOU01BO,158734.0
3.0,2025.0,UHRESMBUV16,0.0
3.0,2025.0,UHRESNMUR8PF,79367.0
3.0,2025.0,UHRESOODHVR,0.0
3.0,2025.0,UHRESPAN01KO,158734.0
3.0,2025.0,UHRESPAN1MOH,120849.0
3.0,2025.0,UHRESPAN47KO,396835.0
3.0,2025.0,UHRESSTA10MO,79367.0
3.0,2025.0,UHRESVIS10OH,80566.0
3.0,2025.0,UHRESYAG074O,80566.0
3.0,2025.0,UHRESYAG0OHM,40283.0
3.0,2025.0,UHRESYAG100K,396835.0
3.0,2025.0,UHRESYAG10KO,120849.0
3.0,2025.0,UHRESYAG22KO,80566.0
3.0,2025.0,UHRESYAG22MO,40283.0
3.0,2025.0,UHRESYAG22OH,40283.0
3.0,2025.0,UHRESYAG27KO,40283.0
3.0,2025.0,UHRESYAG47KO,40283.0
3.0,2025.0,UHRESYAG60KO,40283.0
3.0,2025.0,UHRFAJOH24GH,79367.0
3.0,2025.0,UHRGBTR20.5MAH,0.0
3.0,2025.0,UHRGBTR21.5MAH,0.0
3.0,2025.0,UHRGBTR24MAH,49687.0
3.0,2025.0,UHRGBTR32MAH,23766.0
3.0,2025.0,UHRGBTR39MAH,0.0
3.0,2025.0,UHRGOUTTAPS06,0.0
3.0,2025.0,UHRGOUTTAPS07,0.0
3.0,2025.0,UHRGOUTTAPS08,0.0
3.0,2025.0,UHRGOUTTAPS09,0.0
3.0,2025.0,UHRGOUTTAPS10,0.0
3.0,2025.0,UHRGOUTTAPS11,0.0
3.0,2025.0,UHRGOUTTAPS12,0.0
3.0,2025.0,UHRINGCOMPFA,0.0
3.0,2025.0,UHRINGECS320,79367.0
3.0,2025.0,UHRINGPCBA,73453.0
3.0,2025.0,UHRINGRXR1S06,0.0
3.0,2025.0,UHRINGRXR1S07,0.0
3.0,2025.0,UHRINGRXR1S08,0.0
3.0,2025.0,UHRINGRXR1S09,0.0
3.0,2025.0,UHRINGRXR1S10,0.0
3.0,2025.0,UHRINGRXR1S11,0.0
3.0,2025.0,UHRINGRXR1S12,0.0
3.0,2025.0,UHRPROLEDAS,0.0
3.0,2025.0,UHRPRONRFR7,0.0
3.0,2025.0,UHRSOODAHVR,15831.25
3.0,2025.0,UHSENSMLX36V,79367.0
3.0,2025.0,UHSS6PA41DT,0.0
3.0,2025.0,UHSWATCHAA,0.0
3.0,2025.0,UHSWATCHAG,0.0
3.0,2025.0,UHSWATCHAS,0.0
3.0,2025.0,UHSWATCHMG,0.0
3.0,2025.0,UHSWATCHRG,0.0
3.0,2025.0,UHSWATCHRT,0.0
3.0,2025.0,UHTAPEBATPCB,47497.0
3.0,2025.0,UHTAPECESTIC,2533.0
3.0,2025.0,UHTAPS607X145,32430.0
3.0,2025.0,UHTAPS67X125,0.0
3.0,2025.0,UHTAPS69X363,73453.0
3.0,2025.0,UHTDKMLZ1608,0.0
3.0,2025.0,UHTDXVLS504EX,0.0
3.0,2025.0,UHTETLV71310,0.0
3.0,2025.0,UHTHTP68M4MM,0.0
3.0,2025.0,UHTIJWAABS05,290.0
3.0,2025.0,UHTIJWAABS06,375.0
3.0,2025.0,UHTIJWAABS07,105.0
3.0,2025.0,UHTIJWAABS08,40.0
3.0,2025.0,UHTIJWAABS09,36.0
3.0,2025.0,UHTIJWAABS10,333.0
3.0,2025.0,UHTIJWAABS11,650.0
3.0,2025.0,UHTIJWAABS12,319.0
3.0,2025.0,UHTIJWAABS13,308.0
3.0,2025.0,UHTIJWAABS14,82.0
3.0,2025.0,UHTIJWMGLS05,208.0
3.0,2025.0,UHTIJWMGLS06,239.0
3.0,2025.0,UHTIJWMGLS07,608.0
3.0,2025.0,UHTIJWMGLS08,1541.0
3.0,2025.0,UHTIJWMGLS09,1944.0
3.0,2025.0,UHTIJWMGLS10,914.0
3.0,2025.0,UHTIJWMGLS11,516.0
3.0,2025.0,UHTIJWMGLS12,611.0
3.0,2025.0,UHTIJWMGLS13,220.0
3.0,2025.0,UHTIJWMGLS14,31.0
3.0,2025.0,UHTIJWR1RG06,0.0
3.0,2025.0,UHTIJWR1RG07,0.0
3.0,2025.0,UHTIJWR1RG08,0.0
3.0,2025.0,UHTIJWR1RG09,0.0
3.0,2025.0,UHTIJWR1RG10,0.0
3.0,2025.0,UHTIJWR1RG11,0.0
3.0,2025.0,UHTIJWR1RG12,0.0
3.0,2025.0,UHTIJWRTLS05,212.0
3.0,2025.0,UHTIJWRTLS06,440.0
3.0,2025.0,UHTIJWRTLS07,965.0
3.0,2025.0,UHTIJWRTLS08,1217.0
3.0,2025.0,UHTIJWRTLS09,2325.0
3.0,2025.0,UHTIJWRTLS10,1617.0
3.0,2025.0,UHTIJWRTLS11,580.0
3.0,2025.0,UHTIJWRTLS12,251.0
3.0,2025.0,UHTIJWRTLS13,11.0
3.0,2025.0,UHTIJWRTLS14,136.0
3.0,2025.0,UHTRAEPC200V,40283.0
3.0,2025.0,UHTYUMK105CB,0.0
3.0,2025.0,UHTYUMK107BJ,0.0
3.0,2025.0,UHUSB4105GFAN,40283.0
3.0,2025.0,UHUSBCGCT24P,0.0
3.0,2025.0,UHWAWR02X00,0.0
3.0,2025.0,UHYGRC0201FR,0.0
3.0,2025.0,UHYGRC0402FR,0.0
3.0,2025.0,UHYGRC0402JR,0.0
3.0,2025.0,UHYGRC1206JR,0.0
3.0,2025.0,UHZRB15XR61A,0.0
3.0,2025.0,UNICHTEX7A02,79367.0
3.0,2025.0,[Tape DC 6.9x36.3] UHTAPS69X363,0.0
