date,product_name,vendor_name,inward_qty,return_qty,net_qty,avg_unit_price,total_value
2025-03-12,UHACCSTM6DSO,Ramakrishna Electro Components Pvt. Ltd.,20000.0,0.0,20000.0,146.0,2920000.0
2025-03-12,UHAIRG0LDS05,CN Innovations Limited,350.0,0.0,350.0,641.23,224431.2
2025-03-12,UHAIRG0LDS06,CN Innovations Limited,6650.0,0.0,6650.0,641.23,4264192.8
2025-03-12,UHAIRG0LDS07,CN Innovations Limited,3500.0,0.0,3500.0,641.23,2244312.0
2025-03-12,UHAIRG0LDS08,CN Innovations Limited,4200.0,0.0,4200.0,641.23,2693174.4
2025-03-12,UHAIRG0LDS09,CN Innovations Limited,2100.0,0.0,2100.0,641.23,1346587.2
2025-03-12,UHAIRG0LDS10,CN Innovations Limited,1050.0,0.0,1050.0,755.42,793195.2
2025-03-12,UHAIRSILVS06,CN Innovations Limited,700.0,0.0,700.0,606.1,424267.2
2025-03-12,UHAIRSILVS07,CN Innovations Limited,1050.0,0.0,1050.0,606.1,636400.8
2025-03-12,UHAIRSILVS08,CN Innovations Limited,1750.0,0.0,1750.0,606.1,1060668.0
2025-03-12,UHC2C1KPF50V,SEMISEARCH TECHNOLOGIES PRIVATE LIMITED,40000.0,0.0,40000.0,1.1,44000.0
2025-03-12,UHC2CUMO10MA,ARROW ELECTRONICS ASIA (S) PTE LTD,60000.0,0.0,60000.0,39.0,2340057.6
2025-03-12,UHCAPYAG10PF,SEMISEARCH TECHNOLOGIES PRIVATE LIMITED,105000.0,0.0,105000.0,0.25,26250.0
2025-03-12,UHCHA2BASS06,Aaru Plastics,2031.0,0.0,2031.0,250.0,507750.0
2025-03-12,UHCHA2BASS07,Aaru Plastics,217.0,0.0,217.0,250.0,54250.0
2025-03-12,UHCHA2BASS08,Aaru Plastics,874.0,0.0,874.0,250.0,218500.0
2025-03-12,UHCHA2BASS09,Aaru Plastics,1095.0,0.0,1095.0,250.0,273750.0
2025-03-12,UHCHARTOPS06,Aaru Plastics,6859.0,0.0,6859.0,38.0,260642.0
2025-03-12,UHCHARTOPS07,Aaru Plastics,5858.0,0.0,5858.0,38.0,222604.0
2025-03-12,UHCHARTOPS08,Aaru Plastics,6182.0,0.0,6182.0,38.0,234916.0
2025-03-12,UHCHARTOPS09,Aaru Plastics,706.0,0.0,706.0,38.0,26828.0
2025-03-12,UHCHARTOPS10,Aaru Plastics,57.0,0.0,57.0,38.0,2166.0
2025-03-12,UHCHARTOPS11,Aaru Plastics,27.0,0.0,27.0,38.0,1026.0
2025-03-12,UHDIOTEXI14V,ARROW ELECTRONICS ASIA (S) PTE LTD,60000.0,0.0,60000.0,3.16,189734.4
2025-03-12,UHICHANA4124,Macnica Cytech Pte Ltd,50000.0,40000.0,10000.0,245.07,2450736.0
2025-03-12,UHICHNRF5284,MILLENNIUM SEMICONDUCTORS INDIA PRIVATE LIMITED,42000.0,0.0,42000.0,149.0,6258000.0
2025-03-12,UHICHSTM32G0,Ramakrishna Electro Components Pvt. Ltd.,69000.0,0.0,69000.0,41.76,2881440.0
2025-03-12,UHICHTEXTLV7,ARROW ELECTRONICS ASIA (S) PTE LTD,30000.0,0.0,30000.0,2.11,63244.8
2025-03-12,UHICHTEXTMP1,ARROW ELECTRONICS ASIA (S) PTE LTD,54000.0,0.0,54000.0,11.77,635610.24
2025-03-12,UHICHTEXTPS2,ARROW ELECTRONICS ASIA (S) PTE LTD,6000.0,0.0,6000.0,15.72,94340.16
2025-03-12,UHICHTEXUCC2,ARROW ELECTRONICS ASIA (S) PTE LTD,57000.0,0.0,57000.0,47.87,2728749.6
2025-03-12,UHINDKYO15NH,"Swift Electrocomp Solutions Pvt Ltd.,",30000.0,0.0,30000.0,1.6,48000.0
2025-03-12,UHLROODALVR,OODA INDUSTRIAL PRODUCTS,50000.0,0.0,50000.0,8.35,417500.0
2025-03-12,UHLUXASBASE,METALRIPPER MANUFACTURING,60.0,0.0,60.0,1200.0,72000.0
2025-03-12,UHOPSANA61EF,Macnica Cytech Pte Ltd,40000.0,0.0,40000.0,265.1,10604044.8
2025-03-12,UHPLASIZRS05,ZOEONE INDUSTRIES,12500.0,0.0,12500.0,3.5,43750.0
2025-03-12,UHPLASIZRS06,ZOEONE INDUSTRIES,12500.0,0.0,12500.0,3.5,43750.0
2025-03-12,UHPLASIZRS07,ZOEONE INDUSTRIES,12500.0,0.0,12500.0,3.5,43750.0
2025-03-12,UHPLASIZRS08,ZOEONE INDUSTRIES,12500.0,0.0,12500.0,3.5,43750.0
2025-03-12,UHPLASIZRS09,ZOEONE INDUSTRIES,12500.0,0.0,12500.0,3.5,43750.0
2025-03-12,UHPLASIZRS10,ZOEONE INDUSTRIES,12500.0,0.0,12500.0,3.5,43750.0
2025-03-12,UHPLASIZRS11,ZOEONE INDUSTRIES,12500.0,0.0,12500.0,3.5,43750.0
2025-03-12,UHPLASIZRS12,ZOEONE INDUSTRIES,12500.0,0.0,12500.0,3.5,43750.0
2025-03-12,UHPLASIZRS13,ZOEONE INDUSTRIES,12500.0,0.0,12500.0,3.5,43750.0
2025-03-12,UHPLASIZRS14,ZOEONE INDUSTRIES,12500.0,0.0,12500.0,3.5,43750.0
2025-03-12,UHRESYAG22MO,SEMISEARCH TECHNOLOGIES PRIVATE LIMITED,30000.0,0.0,30000.0,5.95,178500.0
2025-03-12,UHRESYAG60KO,SEMISEARCH TECHNOLOGIES PRIVATE LIMITED,10000.0,0.0,10000.0,0.29,2900.0
2025-03-12,UHRGBTR24MAH,"Shenzhen Grepow Battery Co.,Ltd",23320.0,0.0,23320.0,342.58,7988872.32
2025-03-12,UHRSOODALVR,OODA INDUSTRIAL PRODUCTS,100000.0,0.0,100000.0,9.82,982100.0
2025-03-12,UHSENSMLX36V,MILLENNIUM SEMICONDUCTORS INDIA PRIVATE LIMITED,90000.0,0.0,90000.0,234.0,21060000.0
2025-03-12,UHSWATCHAA,Mudra innovation,15000.0,0.0,15000.0,12.2,183000.0
2025-03-12,UHSWATCHAG,Mudra innovation,15000.0,0.0,15000.0,12.2,183000.0
2025-03-12,UHSWATCHAS,Mudra innovation,15000.0,0.0,15000.0,12.2,183000.0
2025-03-12,UHSWATCHMG,Mudra innovation,15000.0,0.0,15000.0,12.2,183000.0
2025-03-12,UHSWATCHRT,Mudra innovation,15000.0,0.0,15000.0,12.0,180000.0
2025-03-13,UHAIRG0LDS05,CN Innovations Limited,1050.0,0.0,1050.0,641.23,673293.6
2025-03-13,UHAIRG0LDS06,CN Innovations Limited,1400.0,0.0,1400.0,641.23,897724.8
2025-03-13,UHAIRG0LDS07,CN Innovations Limited,1400.0,0.0,1400.0,641.23,897724.8
2025-03-13,UHAIRG0LDS08,CN Innovations Limited,1750.0,0.0,1750.0,641.23,1122156.0
2025-03-13,UHAIRG0LDS09,CN Innovations Limited,350.0,0.0,350.0,641.23,224431.2
2025-03-13,UHAIRG0LDS10,CN Innovations Limited,350.0,0.0,350.0,755.42,264398.4
2025-03-13,UHAIRSILVS07,CN Innovations Limited,700.0,0.0,700.0,606.1,424267.2
2025-03-13,UHAIRSILVS08,CN Innovations Limited,1050.0,0.0,1050.0,606.1,636400.8
2025-03-13,UHAIRSILVS09,CN Innovations Limited,1400.0,0.0,1400.0,606.1,848534.4
2025-03-13,UHCHA2BASS05,Aaru Plastics,833.0,0.0,833.0,250.0,208250.0
2025-03-13,UHCHA2BASS07,Aaru Plastics,1694.0,0.0,1694.0,250.0,423500.0
2025-03-13,UHCHA2BASS08,Aaru Plastics,2035.0,0.0,2035.0,250.0,508750.0
2025-03-13,UHCHA2BASS10,Aaru Plastics,999.0,0.0,999.0,250.0,249750.0
2025-03-14,UH0.2MIRROR05,HANAV MANUFACTURING AND BUSINESS PRIVATE LIMITED,181.0,0.0,181.0,530.0,95930.0
2025-03-14,UH0.2MIRROR06,HANAV MANUFACTURING AND BUSINESS PRIVATE LIMITED,71.0,0.0,71.0,530.0,37630.0
2025-03-14,UH0.2MIRROR07,HANAV MANUFACTURING AND BUSINESS PRIVATE LIMITED,59.0,0.0,59.0,530.0,31270.0
2025-03-14,UH0.2MIRROR08,HANAV MANUFACTURING AND BUSINESS PRIVATE LIMITED,974.0,0.0,974.0,530.0,516220.0
2025-03-14,UH0.2MIRROR09,HANAV MANUFACTURING AND BUSINESS PRIVATE LIMITED,206.0,0.0,206.0,530.0,109180.0
2025-03-14,UH0.2MIRROR10,HANAV MANUFACTURING AND BUSINESS PRIVATE LIMITED,301.0,0.0,301.0,530.0,159530.0
2025-03-14,UHC2RES0OM42,SEMISEARCH TECHNOLOGIES PRIVATE LIMITED,60000.0,0.0,60000.0,0.11,6600.0
2025-03-14,UHC2RES0OM85,SEMISEARCH TECHNOLOGIES PRIVATE LIMITED,20000.0,0.0,20000.0,0.3,6000.0
2025-03-14,UHC2RES27OHM,SEMISEARCH TECHNOLOGIES PRIVATE LIMITED,40000.0,0.0,40000.0,0.25,10000.0
2025-03-14,UHCHA2BASS06,HANAV MANUFACTURING AND BUSINESS PRIVATE LIMITED,1008.0,0.0,1008.0,260.0,262080.0
2025-03-14,UHCHA2BASS07,HANAV MANUFACTURING AND BUSINESS PRIVATE LIMITED,3024.0,0.0,3024.0,260.0,786240.0
2025-03-14,UHCHA2BASS08,HANAV MANUFACTURING AND BUSINESS PRIVATE LIMITED,2016.0,0.0,2016.0,260.0,524160.0
2025-03-14,UHCHA2BASS09,HANAV MANUFACTURING AND BUSINESS PRIVATE LIMITED,462.0,0.0,462.0,260.0,120120.0
2025-03-14,UHCHA2BASS10,HANAV MANUFACTURING AND BUSINESS PRIVATE LIMITED,1008.0,0.0,1008.0,260.0,262080.0
2025-03-14,UHCHARTOPS05,Aaru Plastics,193.0,0.0,193.0,38.0,7334.0
2025-03-14,UHCHARTOPS06,Aaru Plastics,611.0,0.0,611.0,38.0,23218.0
2025-03-14,UHCHARTOPS07,Aaru Plastics,2420.0,0.0,2420.0,38.0,91960.0
2025-03-14,UHCHARTOPS08,Aaru Plastics,2569.0,0.0,2569.0,38.0,97622.0
2025-03-14,UHCHARTOPS09,Aaru Plastics,99.0,0.0,99.0,38.0,3762.0
2025-03-14,UHCHARTOPS10,Aaru Plastics,461.0,0.0,461.0,38.0,17518.0
2025-03-14,UHCHARTOPS11,Aaru Plastics,99.0,0.0,99.0,38.0,3762.0
2025-03-14,UHCHARTOPS13,Aaru Plastics,224.0,0.0,224.0,38.0,8512.0
2025-03-14,UHIND2213A156,UNIVERSAL COMPONENTS,114000.0,0.0,114000.0,11.45,1305300.0
2025-03-14,UHPLASIZRS05,ZOEONE INDUSTRIES,2500.0,0.0,2500.0,3.5,8750.0
2025-03-14,UHPLASIZRS06,ZOEONE INDUSTRIES,2500.0,0.0,2500.0,3.5,8750.0
2025-03-14,UHPLASIZRS07,ZOEONE INDUSTRIES,2500.0,0.0,2500.0,3.5,8750.0
2025-03-14,UHPLASIZRS08,ZOEONE INDUSTRIES,2500.0,0.0,2500.0,3.5,8750.0
2025-03-14,UHPLASIZRS09,ZOEONE INDUSTRIES,2500.0,0.0,2500.0,3.5,8750.0
2025-03-14,UHPLASIZRS10,ZOEONE INDUSTRIES,2500.0,0.0,2500.0,3.5,8750.0
2025-03-14,UHPLASIZRS11,ZOEONE INDUSTRIES,2500.0,0.0,2500.0,3.5,8750.0
2025-03-14,UHPLASIZRS12,ZOEONE INDUSTRIES,2500.0,0.0,2500.0,3.5,8750.0
2025-03-14,UHPLASIZRS13,ZOEONE INDUSTRIES,2500.0,0.0,2500.0,3.5,8750.0
2025-03-14,UHPLASIZRS14,ZOEONE INDUSTRIES,2500.0,0.0,2500.0,3.5,8750.0
2025-03-14,UHRESYAG0OHM,SEMISEARCH TECHNOLOGIES PRIVATE LIMITED,20000.0,0.0,20000.0,0.3,6000.0
2025-03-14,UHRESYAG100K,SEMISEARCH TECHNOLOGIES PRIVATE LIMITED,430000.0,0.0,430000.0,0.48,206400.0
2025-03-14,UHRESYAG10KO,SEMISEARCH TECHNOLOGIES PRIVATE LIMITED,50000.0,0.0,50000.0,0.29,14500.0
2025-03-14,UHRESYAG22KO,SEMISEARCH TECHNOLOGIES PRIVATE LIMITED,40000.0,0.0,40000.0,0.29,11600.0
2025-03-14,UHRESYAG22OH,SEMISEARCH TECHNOLOGIES PRIVATE LIMITED,20000.0,0.0,20000.0,0.43,8600.0
2025-03-14,UHRESYAG27KO,SEMISEARCH TECHNOLOGIES PRIVATE LIMITED,20000.0,0.0,20000.0,0.29,5800.0
2025-03-14,UHRESYAG47KO,SEMISEARCH TECHNOLOGIES PRIVATE LIMITED,20000.0,0.0,20000.0,0.29,5800.0
2025-03-14,UHRESYAG60KO,SEMISEARCH TECHNOLOGIES PRIVATE LIMITED,10000.0,0.0,10000.0,0.29,2900.0
2025-03-15,UH0.2MIRROR05,HANAV MANUFACTURING AND BUSINESS PRIVATE LIMITED,12.0,0.0,12.0,530.0,6360.0
2025-03-15,UH0.2MIRROR06,HANAV MANUFACTURING AND BUSINESS PRIVATE LIMITED,16.0,0.0,16.0,530.0,8480.0
2025-03-15,UH0.2MIRROR07,HANAV MANUFACTURING AND BUSINESS PRIVATE LIMITED,30.0,0.0,30.0,530.0,15900.0
2025-03-15,UH0.2MIRROR08,HANAV MANUFACTURING AND BUSINESS PRIVATE LIMITED,88.0,0.0,88.0,530.0,46640.0
2025-03-15,UH0.2MIRROR09,HANAV MANUFACTURING AND BUSINESS PRIVATE LIMITED,2.0,0.0,2.0,530.0,1060.0
2025-03-15,UH0.2MIRROR10,HANAV MANUFACTURING AND BUSINESS PRIVATE LIMITED,1.0,0.0,1.0,530.0,530.0
2025-03-15,UHACCSTM6DSO,Ramakrishna Electro Components Pvt. Ltd.,70000.0,0.0,70000.0,146.0,10220000.0
2025-03-15,UHAIRSILVS05,CN Innovations Limited,700.0,0.0,700.0,606.1,424267.2
2025-03-15,UHAIRSILVS06,CN Innovations Limited,1050.0,0.0,1050.0,606.1,636400.8
2025-03-15,UHAIRSILVS07,CN Innovations Limited,1750.0,0.0,1750.0,606.1,1060668.0
2025-03-15,UHAIRSILVS08,CN Innovations Limited,1050.0,0.0,1050.0,606.1,636400.8
2025-03-15,UHAIRSILVS09,CN Innovations Limited,700.0,0.0,700.0,606.1,424267.2
2025-03-15,UHC2068NF50V,"Swift Electrocomp Solutions Pvt Ltd.,",100000.0,0.0,100000.0,0.91,91000.0
2025-03-15,UHCHA2BASS07,HANAV MANUFACTURING AND BUSINESS PRIVATE LIMITED,1008.0,0.0,1008.0,260.0,262080.0
2025-03-15,UHCHA2BASS08,HANAV MANUFACTURING AND BUSINESS PRIVATE LIMITED,1008.0,0.0,1008.0,260.0,262080.0
2025-03-15,UHCHA2BASS09,Aaru Plastics,207.0,0.0,207.0,250.0,51750.0
2025-03-15,UHICHNRF5284,MILLENNIUM SEMICONDUCTORS INDIA PRIVATE LIMITED,7000.0,0.0,7000.0,149.0,1043000.0
2025-03-15,UHIND2213A156,UNIVERSAL COMPONENTS,51000.0,0.0,51000.0,11.45,583950.0
2025-03-15,UHLUXASBASE,METALRIPPER MANUFACTURING,66.0,0.0,66.0,1200.0,79200.0
2025-03-15,UHPLASIZRS05,ZOEONE INDUSTRIES,3500.0,0.0,3500.0,3.5,12250.0
2025-03-15,UHPLASIZRS06,ZOEONE INDUSTRIES,3500.0,0.0,3500.0,3.5,12250.0
2025-03-15,UHPLASIZRS07,ZOEONE INDUSTRIES,3500.0,0.0,3500.0,3.5,12250.0
2025-03-15,UHPLASIZRS08,ZOEONE INDUSTRIES,3500.0,0.0,3500.0,3.5,12250.0
2025-03-15,UHPLASIZRS09,ZOEONE INDUSTRIES,3500.0,0.0,3500.0,3.5,12250.0
2025-03-15,UHPLASIZRS10,ZOEONE INDUSTRIES,3500.0,0.0,3500.0,3.5,12250.0
2025-03-15,UHPLASIZRS11,ZOEONE INDUSTRIES,3500.0,0.0,3500.0,3.5,12250.0
2025-03-15,UHPLASIZRS12,ZOEONE INDUSTRIES,3500.0,0.0,3500.0,3.5,12250.0
2025-03-15,UHPLASIZRS13,ZOEONE INDUSTRIES,3500.0,0.0,3500.0,3.5,12250.0
2025-03-15,UHPLASIZRS14,ZOEONE INDUSTRIES,3500.0,0.0,3500.0,3.5,12250.0
2025-03-15,UHPRC3CALBBB,HANAV MANUFACTURING AND BUSINESS PRIVATE LIMITED,11500.0,0.0,11500.0,218.0,2507000.0
2025-03-15,UHRESBOU01BO,"Swift Electrocomp Solutions Pvt Ltd.,",90000.0,0.0,90000.0,0.3,27000.0
2025-03-15,UHRGBTR24MAH,"Shenzhen Grepow Battery Co.,Ltd",56320.0,0.0,56320.0,342.58,19293880.32
2025-03-15,UHRGBTR32MAH,"Shenzhen Grepow Battery Co.,Ltd",32560.0,0.0,32560.0,307.44,10010246.4
2025-03-15,UHTAPEBATPCB,"Shenzhen JDB Technology Co., Ltd.",60000.0,0.0,60000.0,4.86,291611.23
2025-03-16,UHACCSTM6DSO,Ramakrishna Electro Components Pvt. Ltd.,30000.0,0.0,30000.0,146.0,4380000.0
2025-03-16,UHAIRG0LDS05,CN Innovations Limited,1050.0,0.0,1050.0,641.23,673293.6
2025-03-16,UHAIRG0LDS07,CN Innovations Limited,8051.0,0.0,8051.0,641.23,5162558.83
2025-03-16,UHAIRG0LDS08,CN Innovations Limited,1050.0,0.0,1050.0,641.23,673293.6
2025-03-16,UHAIRG0LDS09,CN Innovations Limited,3850.0,0.0,3850.0,641.23,2468743.2
2025-03-17,UHCHA2BASS05,Aaru Plastics,600.0,0.0,600.0,250.0,150000.0
2025-03-17,UHCHA2BASS07,HANAV MANUFACTURING AND BUSINESS PRIVATE LIMITED,1008.0,0.0,1008.0,260.0,262080.0
2025-03-17,UHCHA2BASS08,Aaru Plastics,483.0,0.0,483.0,250.0,120750.0
2025-03-17,UHCHA2BASS08,HANAV MANUFACTURING AND BUSINESS PRIVATE LIMITED,1008.0,0.0,1008.0,260.0,262080.0
2025-03-17,UHCHA2BASS09,Aaru Plastics,840.0,0.0,840.0,250.0,210000.0
2025-03-17,UHCHARTOPS05,Aaru Plastics,355.0,0.0,355.0,38.0,13490.0
2025-03-17,UHCHARTOPS06,Aaru Plastics,4033.0,0.0,4033.0,38.0,153254.0
2025-03-17,UHCHARTOPS07,Aaru Plastics,1105.0,0.0,1105.0,38.0,41990.0
2025-03-17,UHCHARTOPS08,Aaru Plastics,1497.0,0.0,1497.0,38.0,56886.0
2025-03-17,UHCHARTOPS09,Aaru Plastics,39.0,0.0,39.0,38.0,1482.0
2025-03-17,UHCHARTOPS10,Aaru Plastics,781.0,0.0,781.0,38.0,29678.0
2025-03-18,UHAIRG0LDS06,CN Innovations Limited,2800.0,0.0,2800.0,641.23,1795449.6
2025-03-18,UHAIRG0LDS11,CN Innovations Limited,350.0,0.0,350.0,755.42,264398.4
2025-03-18,UHCHARTOPS05,Aaru Plastics,296.0,0.0,296.0,38.0,11248.0
2025-03-18,UHCHARTOPS06,Aaru Plastics,1293.0,0.0,1293.0,38.0,49134.0
2025-03-18,UHCHARTOPS07,Aaru Plastics,142.0,0.0,142.0,38.0,5396.0
2025-03-18,UHCHARTOPS08,Aaru Plastics,226.0,0.0,226.0,38.0,8588.0
2025-03-18,UHCHARTOPS10,Aaru Plastics,65.0,0.0,65.0,38.0,2470.0
2025-03-19,UHCAPSAM22UF,SEMISEARCH TECHNOLOGIES PRIVATE LIMITED,40000.0,0.0,40000.0,12.5,500000.0
2025-03-19,UHCAPSAM43UF,SEMISEARCH TECHNOLOGIES PRIVATE LIMITED,40000.0,0.0,40000.0,7.24,289600.0
2025-03-19,UHCHA2BASS07,Aaru Plastics,738.0,0.0,738.0,250.0,184500.0
2025-03-19,UHCHA2BASS07,HANAV MANUFACTURING AND BUSINESS PRIVATE LIMITED,2520.0,0.0,2520.0,260.0,655200.0
2025-03-19,UHCHA2BASS08,HANAV MANUFACTURING AND BUSINESS PRIVATE LIMITED,2520.0,0.0,2520.0,260.0,655200.0
2025-03-19,UHCHARTOPS05,Aaru Plastics,1104.0,0.0,1104.0,38.0,41952.0
2025-03-19,UHCHARTOPS06,Aaru Plastics,438.0,0.0,438.0,38.0,16644.0
2025-03-19,UHCHARTOPS07,Aaru Plastics,917.0,0.0,917.0,38.0,34846.0
2025-03-19,UHCHARTOPS08,Aaru Plastics,840.0,0.0,840.0,38.0,31920.0
2025-03-19,UHPCBRXCOS07,WITGAIN TECHNOLOGY LIMITED,47972.0,0.0,47972.0,20.2,969187.91
2025-03-19,UHPLASIZRS05,ZOEONE INDUSTRIES,2000.0,0.0,2000.0,3.5,7000.0
2025-03-19,UHPLASIZRS07,ZOEONE INDUSTRIES,2000.0,0.0,2000.0,3.5,7000.0
2025-03-19,UHPLASIZRS08,ZOEONE INDUSTRIES,2000.0,0.0,2000.0,3.5,7000.0
2025-03-19,UHPLASIZRS09,ZOEONE INDUSTRIES,2000.0,0.0,2000.0,3.5,7000.0
2025-03-19,UHPLASIZRS10,ZOEONE INDUSTRIES,2000.0,0.0,2000.0,3.5,7000.0
2025-03-19,UHPLASIZRS11,ZOEONE INDUSTRIES,2000.0,0.0,2000.0,3.5,7000.0
2025-03-19,UHPLASIZRS12,ZOEONE INDUSTRIES,2000.0,0.0,2000.0,3.5,7000.0
2025-03-19,UHPLASIZRS13,ZOEONE INDUSTRIES,2000.0,0.0,2000.0,3.5,7000.0
2025-03-19,UHPLASIZRS14,ZOEONE INDUSTRIES,2000.0,0.0,2000.0,3.5,7000.0
2025-03-19,UHRESSTA10MO,SEMISEARCH TECHNOLOGIES PRIVATE LIMITED,30000.0,0.0,30000.0,21.5,645000.0
2025-03-19,UHSWATCHAA,Mudra innovation,10000.0,0.0,10000.0,12.2,122000.0
2025-03-19,UHSWATCHAG,Mudra innovation,10000.0,0.0,10000.0,12.2,122000.0
2025-03-19,UHSWATCHAS,Mudra innovation,10000.0,0.0,10000.0,12.2,122000.0
2025-03-19,UHSWATCHMG,Mudra innovation,10000.0,0.0,10000.0,12.2,122000.0
2025-03-19,UHSWATCHRT,Mudra innovation,10000.0,0.0,10000.0,12.0,120000.0
2025-03-20,UH0.2MIRROR05,HANAV MANUFACTURING AND BUSINESS PRIVATE LIMITED,18.0,0.0,18.0,530.0,9540.0
2025-03-20,UH0.2MIRROR06,HANAV MANUFACTURING AND BUSINESS PRIVATE LIMITED,65.0,0.0,65.0,530.0,34450.0
2025-03-20,UH0.2MIRROR07,HANAV MANUFACTURING AND BUSINESS PRIVATE LIMITED,164.0,0.0,164.0,530.0,86920.0
2025-03-20,UH0.2MIRROR08,HANAV MANUFACTURING AND BUSINESS PRIVATE LIMITED,154.0,0.0,154.0,530.0,81620.0
2025-03-20,UH0.2MIRROR09,HANAV MANUFACTURING AND BUSINESS PRIVATE LIMITED,12.0,0.0,12.0,530.0,6360.0
2025-03-20,UH0.2MIRROR10,HANAV MANUFACTURING AND BUSINESS PRIVATE LIMITED,48.0,0.0,48.0,530.0,25440.0
2025-03-20,UH0.2MIRROR11,HANAV MANUFACTURING AND BUSINESS PRIVATE LIMITED,1.0,0.0,1.0,530.0,530.0
2025-03-20,UHC2100NF50V,Avnet Asia Pte Ltd,88000.0,0.0,88000.0,2.59,228032.64
2025-03-20,UHC2FFCCN4P,Avnet Asia Pte Ltd,72000.0,0.0,72000.0,10.54,758937.6
2025-03-20,UHC2PCBREV21,"Shenzhen JDB Technology Co., Ltd.",18168.0,0.0,18168.0,15.39,279597.67
2025-03-20,UHCAPMUR01UF,Avnet Asia Pte Ltd,150000.0,0.0,150000.0,0.21,31622.4
2025-03-20,UHCAPMUR10UF,Avnet Asia Pte Ltd,72000.0,0.0,72000.0,3.16,227681.28
2025-03-20,UHCAPMUR820F,Avnet Asia Pte Ltd,45000.0,0.0,45000.0,0.1,4348.08
2025-03-20,UHCAPMURE14D,Avnet Asia Pte Ltd,140000.0,0.0,140000.0,0.19,27054.72
2025-03-20,UHCAPMURE1UF,Avnet Asia Pte Ltd,150000.0,0.0,150000.0,0.45,67197.6
2025-03-20,UHCH2COHOS07,Fabforma Technologies Private Limited,10000.0,0.0,10000.0,35.0,350000.0
2025-03-20,UHCH2COHOS08,Fabforma Technologies Private Limited,8000.0,0.0,8000.0,35.0,280000.0
2025-03-20,UHCH2COHOS09,Fabforma Technologies Private Limited,3000.0,0.0,3000.0,35.0,105000.0
2025-03-20,UHCH2COHOS10,Fabforma Technologies Private Limited,1500.0,0.0,1500.0,50.0,75000.0
2025-03-20,UHCH2COHOS11,Fabforma Technologies Private Limited,2500.0,0.0,2500.0,50.0,125000.0
2025-03-20,UHCH2COHOS12,Fabforma Technologies Private Limited,1500.0,0.0,1500.0,50.0,75000.0
2025-03-20,UHCH2COHOS13,Fabforma Technologies Private Limited,1000.0,0.0,1000.0,50.0,50000.0
2025-03-20,UHCHA2BASS05,Aaru Plastics,1202.0,0.0,1202.0,250.0,300500.0
2025-03-20,UHCHA2BASS06,HANAV MANUFACTURING AND BUSINESS PRIVATE LIMITED,1008.0,0.0,1008.0,260.0,262080.0
2025-03-20,UHCHA2BASS08,Aaru Plastics,903.0,0.0,903.0,250.0,225750.0
2025-03-20,UHCHA2BASS09,HANAV MANUFACTURING AND BUSINESS PRIVATE LIMITED,1008.0,0.0,1008.0,260.0,262080.0
2025-03-20,UHCHA2BASS11,Aaru Plastics,523.0,0.0,523.0,250.0,130750.0
2025-03-20,UHCHARTOPS05,Aaru Plastics,135.0,0.0,135.0,38.0,5130.0
2025-03-20,UHCHARTOPS06,Aaru Plastics,640.0,0.0,640.0,38.0,24320.0
2025-03-20,UHCHARTOPS07,Aaru Plastics,825.0,0.0,825.0,38.0,31350.0
2025-03-20,UHCHARTOPS08,Aaru Plastics,619.0,0.0,619.0,38.0,23522.0
2025-03-20,UHCHARTOPS09,Aaru Plastics,422.0,0.0,422.0,38.0,16036.0
2025-03-20,UHCHARTOPS10,Aaru Plastics,558.0,0.0,558.0,38.0,21204.0
2025-03-20,UHCHARTOPS11,Aaru Plastics,47.0,0.0,47.0,38.0,1786.0
2025-03-20,UHCHARTOPS13,Aaru Plastics,117.0,0.0,117.0,38.0,4446.0
2025-03-20,UHDIODIOI75V,Avnet Asia Pte Ltd,75000.0,0.0,75000.0,1.26,94208.4
2025-03-20,UHICHSTM3117,Ramakrishna Electro Components Pvt. Ltd.,50000.0,0.0,50000.0,20.0,1000000.0
2025-03-20,UHINDMUR1OUH,Avnet Asia Pte Ltd,44000.0,0.0,44000.0,3.86,169671.74
2025-03-20,UHOSCECS27MH,Avnet Asia Pte Ltd,40000.0,0.0,40000.0,28.11,1124352.0
2025-03-20,UHPCBREV15S6,WITGAIN TECHNOLOGY LIMITED,32314.0,0.0,32314.0,39.18,1265953.94
2025-03-20,UHPLASIZRS05,ZOEONE INDUSTRIES,4500.0,0.0,4500.0,3.5,15750.0
2025-03-20,UHPLASIZRS06,ZOEONE INDUSTRIES,4500.0,0.0,4500.0,3.5,15750.0
2025-03-20,UHPLASIZRS07,ZOEONE INDUSTRIES,4500.0,0.0,4500.0,3.5,15750.0
2025-03-20,UHPLASIZRS08,ZOEONE INDUSTRIES,4500.0,0.0,4500.0,3.5,15750.0
2025-03-20,UHPLASIZRS09,ZOEONE INDUSTRIES,4500.0,0.0,4500.0,3.5,15750.0
2025-03-20,UHPLASIZRS10,ZOEONE INDUSTRIES,4500.0,0.0,4500.0,3.5,15750.0
2025-03-20,UHPLASIZRS11,ZOEONE INDUSTRIES,4500.0,0.0,4500.0,3.5,15750.0
2025-03-20,UHPLASIZRS12,ZOEONE INDUSTRIES,4500.0,0.0,4500.0,3.5,15750.0
2025-03-20,UHPLASIZRS13,ZOEONE INDUSTRIES,4500.0,0.0,4500.0,3.5,15750.0
2025-03-20,UHPLASIZRS14,ZOEONE INDUSTRIES,4500.0,0.0,4500.0,3.5,15750.0
2025-03-20,UHPRC3CALBBB,HANAV MANUFACTURING AND BUSINESS PRIVATE LIMITED,4000.0,0.0,4000.0,218.0,872000.0
2025-03-20,UHRESBOU01BO,AGILE TRADE SOLUTIONS,80000.0,0.0,80000.0,0.34,27400.0
2025-03-20,UHRESNMUR8PF,AGILE TRADE SOLUTIONS,20000.0,0.0,20000.0,88.75,1775000.0
2025-03-20,UHRESNMUR8PF,Avnet Asia Pte Ltd,40000.0,0.0,40000.0,54.46,2178432.0
2025-03-21,UH0.2AA05,CP Global Solution Technologies,501.0,0.0,501.0,258.86,129688.86
2025-03-21,UH0.2AA08,CP Global Solution Technologies,498.0,0.0,498.0,258.86,128912.28
2025-03-21,UH0.2AA09,CP Global Solution Technologies,436.0,0.0,436.0,258.86,112862.96
2025-03-21,UH0.2AA10,CP Global Solution Technologies,54.0,0.0,54.0,258.86,13978.44
2025-03-21,UH0.2MIRROR05,HANAV MANUFACTURING AND BUSINESS PRIVATE LIMITED,59.0,0.0,59.0,530.0,31270.0
2025-03-21,UH0.2MIRROR06,HANAV MANUFACTURING AND BUSINESS PRIVATE LIMITED,84.0,0.0,84.0,530.0,44520.0
2025-03-21,UH0.2MIRROR07,HANAV MANUFACTURING AND BUSINESS PRIVATE LIMITED,190.0,0.0,190.0,530.0,100700.0
2025-03-21,UH0.2MIRROR08,HANAV MANUFACTURING AND BUSINESS PRIVATE LIMITED,364.0,0.0,364.0,530.0,192920.0
2025-03-21,UH0.2MIRROR09,HANAV MANUFACTURING AND BUSINESS PRIVATE LIMITED,52.0,0.0,52.0,530.0,27560.0
2025-03-21,UH0.2MIRROR10,HANAV MANUFACTURING AND BUSINESS PRIVATE LIMITED,92.0,0.0,92.0,530.0,48760.0
2025-03-21,UH0.2MIRROR11,HANAV MANUFACTURING AND BUSINESS PRIVATE LIMITED,2.0,0.0,2.0,530.0,1060.0
2025-03-21,UH0.2MIRROR13,HANAV MANUFACTURING AND BUSINESS PRIVATE LIMITED,4.0,0.0,4.0,530.0,2120.0
2025-03-21,UH0.2MIRROR14,HANAV MANUFACTURING AND BUSINESS PRIVATE LIMITED,4.0,0.0,4.0,530.0,2120.0
2025-03-21,UHBRUSBCABLE,"HONGKONG PENGLIAN ELECTRONICS CO.,LIMITED",70000.0,0.0,70000.0,87.84,6148800.0
2025-03-21,UHCHARTOPS05,Aaru Plastics,586.0,0.0,586.0,38.0,22268.0
2025-03-21,UHCHARTOPS06,Aaru Plastics,321.0,0.0,321.0,38.0,12198.0
2025-03-21,UHCHARTOPS07,Aaru Plastics,419.0,0.0,419.0,38.0,15922.0
2025-03-21,UHCHARTOPS08,Aaru Plastics,478.0,0.0,478.0,38.0,18164.0
2025-03-21,UHCHARTOPS09,Aaru Plastics,146.0,0.0,146.0,38.0,5548.0
2025-03-21,UHCHARTOPS10,Aaru Plastics,1275.0,0.0,1275.0,38.0,48450.0
2025-03-21,UHCHARTOPS11,Aaru Plastics,13.0,0.0,13.0,38.0,494.0
2025-03-21,UHCHARTOPS13,Aaru Plastics,90.0,0.0,90.0,38.0,3420.0
2025-03-21,UHDIOTEXI14V,ARROW ELECTRONICS ASIA (S) PTE LTD,60000.0,0.0,60000.0,3.16,189734.4
2025-03-21,UHICHTEXLMR6,ARROW ELECTRONICS ASIA (S) PTE LTD,58500.0,0.0,58500.0,26.18,1531314.72
2025-03-21,UHICHTEXTLV7,ARROW ELECTRONICS ASIA (S) PTE LTD,30000.0,0.0,30000.0,2.11,63244.8
2025-03-21,UHICHTEXTMP1,ARROW ELECTRONICS ASIA (S) PTE LTD,6000.0,0.0,6000.0,11.77,70623.36
2025-03-21,UHICHTEXTPS2,ARROW ELECTRONICS ASIA (S) PTE LTD,54000.0,0.0,54000.0,15.72,849061.44
2025-03-21,UHICHTEXUCC2,ARROW ELECTRONICS ASIA (S) PTE LTD,3000.0,0.0,3000.0,47.87,143618.4
2025-03-21,UHPRINTBATPCB,Fortune Plastic Technologies,16515.0,0.0,16515.0,9.0,148635.0
2025-03-21,UHRDRPCMFTTI,ARROW ELECTRONICS ASIA (S) PTE LTD,6000.0,0.0,6000.0,11.33,67988.16
2025-03-21,UHRDRPCTMPTI,ARROW ELECTRONICS ASIA (S) PTE LTD,3000.0,0.0,3000.0,44.36,133077.6
2025-03-21,UHRFAJOH24GH,Zreyah Semiconductor Systems Pvt. Ltd.,102000.0,0.0,102000.0,18.0,1836000.0
2025-03-21,UNICHTEX7A02,ARROW ELECTRONICS ASIA (S) PTE LTD,60000.0,0.0,60000.0,11.86,711504.0
2025-03-22,UH0.2MIRROR05,HANAV MANUFACTURING AND BUSINESS PRIVATE LIMITED,3.0,0.0,3.0,530.0,1590.0
2025-03-22,UH0.2MIRROR06,HANAV MANUFACTURING AND BUSINESS PRIVATE LIMITED,10.0,0.0,10.0,530.0,5300.0
2025-03-22,UH0.2MIRROR07,HANAV MANUFACTURING AND BUSINESS PRIVATE LIMITED,35.0,0.0,35.0,530.0,18550.0
2025-03-22,UH0.2MIRROR08,HANAV MANUFACTURING AND BUSINESS PRIVATE LIMITED,124.0,0.0,124.0,530.0,65720.0
2025-03-22,UH0.2MIRROR09,HANAV MANUFACTURING AND BUSINESS PRIVATE LIMITED,2.0,0.0,2.0,530.0,1060.0
2025-03-22,UH0.2MIRROR10,HANAV MANUFACTURING AND BUSINESS PRIVATE LIMITED,1.0,0.0,1.0,530.0,530.0
2025-03-23,UH0.2MIRROR05,HANAV MANUFACTURING AND BUSINESS PRIVATE LIMITED,24.0,0.0,24.0,530.0,12720.0
2025-03-23,UH0.2MIRROR06,HANAV MANUFACTURING AND BUSINESS PRIVATE LIMITED,86.0,0.0,86.0,530.0,45580.0
2025-03-23,UH0.2MIRROR07,HANAV MANUFACTURING AND BUSINESS PRIVATE LIMITED,323.0,0.0,323.0,530.0,171190.0
2025-03-23,UH0.2MIRROR08,HANAV MANUFACTURING AND BUSINESS PRIVATE LIMITED,275.0,0.0,275.0,530.0,145750.0
2025-03-23,UH0.2MIRROR09,HANAV MANUFACTURING AND BUSINESS PRIVATE LIMITED,91.0,0.0,91.0,530.0,48230.0
2025-03-23,UH0.2MIRROR10,HANAV MANUFACTURING AND BUSINESS PRIVATE LIMITED,17.0,0.0,17.0,530.0,9010.0
2025-03-23,UHC3TRANTOPS05,ZOEONE INDUSTRIES,7990.0,0.0,7990.0,12.0,95880.0
2025-03-23,UHC3TRANTOPS06,ZOEONE INDUSTRIES,6200.0,0.0,6200.0,12.0,74400.0
2025-03-23,UHC3TRANTOPS07,ZOEONE INDUSTRIES,7740.0,0.0,7740.0,12.0,92880.0
2025-03-23,UHC3TRANTOPS08,ZOEONE INDUSTRIES,6470.0,0.0,6470.0,12.0,77640.0
2025-03-23,UHC3TRANTOPS09,ZOEONE INDUSTRIES,2250.0,0.0,2250.0,12.0,27000.0
2025-03-23,UHC3TRANTOPS10,ZOEONE INDUSTRIES,2430.0,0.0,2430.0,12.0,29160.0
2025-03-23,UHC3TRANTOPS11,ZOEONE INDUSTRIES,2490.0,0.0,2490.0,12.0,29880.0
2025-03-23,UHC3TRANTOPS12,ZOEONE INDUSTRIES,2330.0,0.0,2330.0,12.0,27960.0
2025-03-23,UHC3TRANTOPS13,ZOEONE INDUSTRIES,2590.0,0.0,2590.0,12.0,31080.0
2025-03-23,UHC3TRANTOPS14,ZOEONE INDUSTRIES,2369.0,0.0,2369.0,12.0,28428.0
2025-03-23,UHCH2COHOS06,Fabforma Technologies Private Limited,6000.0,0.0,6000.0,35.0,210000.0
2025-03-23,UHCH2COHOS08,Fabforma Technologies Private Limited,2000.0,0.0,2000.0,35.0,70000.0
2025-03-23,UHCHA2BASS05,Aaru Plastics,500.0,0.0,500.0,250.0,125000.0
2025-03-23,UHCHA2BASS05,HANAV MANUFACTURING AND BUSINESS PRIVATE LIMITED,1008.0,0.0,1008.0,260.0,262080.0
2025-03-23,UHCHA2BASS07,Aaru Plastics,427.0,0.0,427.0,250.0,106750.0
2025-03-23,UHCHA2BASS07,HANAV MANUFACTURING AND BUSINESS PRIVATE LIMITED,2016.0,0.0,2016.0,260.0,524160.0
2025-03-23,UHCHA2BASS08,HANAV MANUFACTURING AND BUSINESS PRIVATE LIMITED,2016.0,0.0,2016.0,260.0,524160.0
2025-03-23,UHINDKYO15NH,AGILE TRADE SOLUTIONS,60000.0,0.0,60000.0,2.0,120000.0
2025-03-23,UHPLASIZRS05,ZOEONE INDUSTRIES,2000.0,0.0,2000.0,3.5,7000.0
2025-03-23,UHPLASIZRS06,ZOEONE INDUSTRIES,2000.0,0.0,2000.0,3.5,7000.0
2025-03-23,UHPLASIZRS07,ZOEONE INDUSTRIES,2000.0,0.0,2000.0,3.5,7000.0
2025-03-23,UHPLASIZRS08,ZOEONE INDUSTRIES,2000.0,0.0,2000.0,3.5,7000.0
2025-03-23,UHPLASIZRS09,ZOEONE INDUSTRIES,2000.0,0.0,2000.0,3.5,7000.0
2025-03-23,UHPLASIZRS10,ZOEONE INDUSTRIES,2000.0,0.0,2000.0,3.5,7000.0
2025-03-23,UHPLASIZRS11,ZOEONE INDUSTRIES,2000.0,0.0,2000.0,3.5,7000.0
2025-03-23,UHPLASIZRS12,ZOEONE INDUSTRIES,2000.0,0.0,2000.0,3.5,7000.0
2025-03-23,UHPLASIZRS13,ZOEONE INDUSTRIES,2000.0,0.0,2000.0,3.5,7000.0
2025-03-23,UHPLASIZRS14,ZOEONE INDUSTRIES,2000.0,0.0,2000.0,3.5,7000.0
2025-03-23,UHPRINTBATPCB,Fortune Plastic Technologies,7272.0,0.0,7272.0,9.0,65448.0
2025-03-23,UHRDRPCBSRTI,ARROW ELECTRONICS ASIA (S) PTE LTD,6000.0,0.0,6000.0,10.54,63244.8
2025-03-23,UHRDRPCLVRTI,ARROW ELECTRONICS ASIA (S) PTE LTD,6000.0,0.0,6000.0,12.82,76947.84
2025-03-23,UHSENSMLX36V,MILLENNIUM SEMICONDUCTORS INDIA PRIVATE LIMITED,55000.0,0.0,55000.0,246.32,13547600.0
2025-03-23,UHSWATCHAA,Mudra innovation,10000.0,0.0,10000.0,12.2,122000.0
2025-03-23,UHSWATCHAG,Mudra innovation,10000.0,0.0,10000.0,12.2,122000.0
2025-03-23,UHSWATCHAS,Mudra innovation,10000.0,0.0,10000.0,12.2,122000.0
2025-03-23,UHSWATCHMG,Mudra innovation,10000.0,0.0,10000.0,12.2,122000.0
2025-03-23,UHSWATCHRT,Mudra innovation,10000.0,0.0,10000.0,12.0,120000.0
2025-03-23,UHTAPECESTIC,Punarvasu graphics,104400.0,0.0,104400.0,0.45,46980.0
2025-03-23,UHUSB4105GFAN,"Shenzhen Guozhi Electronic Co., Ltd",100000.0,0.0,100000.0,2.28,228384.0
2025-03-24,UH0.2AA06,CP Global Solution Technologies,166.0,0.0,166.0,258.86,42970.76
2025-03-24,UH0.2AA07,CP Global Solution Technologies,292.0,0.0,292.0,258.86,75587.12
2025-03-24,UHC2PCBAREV21,Zreyah Semiconductor Systems Pvt. Ltd.,19938.0,0.0,19938.0,50.0,996900.0
2025-03-24,UHCAPTAY27PF,"Swift Electrocomp Solutions Pvt Ltd.,",40000.0,0.0,40000.0,0.5,20000.0
2025-03-24,UHCHARTOPS05,Aaru Plastics,92.0,0.0,92.0,38.0,3496.0
2025-03-24,UHCHARTOPS06,Aaru Plastics,630.0,0.0,630.0,38.0,23940.0
2025-03-24,UHCHARTOPS07,Aaru Plastics,402.0,0.0,402.0,38.0,15276.0
2025-03-24,UHCHARTOPS08,Aaru Plastics,573.0,0.0,573.0,38.0,21774.0
2025-03-24,UHCHARTOPS10,Aaru Plastics,991.0,0.0,991.0,38.0,37658.0
2025-03-24,UHCHARTOPS11,Aaru Plastics,32.0,0.0,32.0,38.0,1216.0
2025-03-24,UHCHARTOPS13,Aaru Plastics,203.0,0.0,203.0,38.0,7714.0
2025-03-24,UHCHCOMPERJ,"Swift Electrocomp Solutions Pvt Ltd.,",40000.0,0.0,40000.0,0.31,12400.0
2025-03-24,UHDIOSMCAV99,"Swift Electrocomp Solutions Pvt Ltd.,",60000.0,0.0,60000.0,2.99,179400.0
2025-03-24,UHICHANA4124,Macnica Cytech Pte Ltd,31500.0,0.0,31500.0,208.36,6563229.12
2025-03-24,UHOPSANA61EF,Macnica Cytech Pte Ltd,40000.0,0.0,40000.0,265.1,10604044.8
2025-03-24,UHOSCECS27MH,Avnet Asia Pte Ltd,60000.0,0.0,60000.0,28.11,1686528.0
2025-03-24,UHPCBREV15S6,WITGAIN TECHNOLOGY LIMITED,69100.0,0.0,69100.0,39.18,2707105.82
2025-03-24,UHPRINTBATPCB,Fortune Plastic Technologies,11710.0,0.0,11710.0,9.0,105390.0
2025-03-24,UHRESPAN01KO,"Swift Electrocomp Solutions Pvt Ltd.,",30000.0,0.0,30000.0,0.31,9300.0
2025-03-24,UHRESPAN1MOH,"Swift Electrocomp Solutions Pvt Ltd.,",60000.0,0.0,60000.0,0.36,21600.0
2025-03-24,UHRESPAN47KO,"Swift Electrocomp Solutions Pvt Ltd.,",180000.0,0.0,180000.0,0.55,99000.0
2025-03-24,UHRESVIS10OH,"Swift Electrocomp Solutions Pvt Ltd.,",40000.0,0.0,40000.0,0.3,12000.0
2025-03-24,UHRING1.6PCBA,Zreyah Semiconductor Systems Pvt. Ltd.,44143.0,0.0,44143.0,190.0,8387170.0
2025-03-24,UHSENSMLX36V,MILLENNIUM SEMICONDUCTORS INDIA PRIVATE LIMITED,25000.0,0.0,25000.0,246.32,6158000.0
2025-03-25,UHAIRG0LDS05,CN Innovations Limited,1050.0,0.0,1050.0,641.23,673293.6
2025-03-25,UHAIRG0LDS06,CN Innovations Limited,2100.0,0.0,2100.0,641.23,1346587.2
2025-03-25,UHAIRG0LDS07,CN Innovations Limited,1750.0,0.0,1750.0,641.23,1122156.0
2025-03-25,UHAIRG0LDS08,CN Innovations Limited,8050.0,0.0,8050.0,641.23,5161917.6
2025-03-25,UHAIRG0LDS09,CN Innovations Limited,2800.0,0.0,2800.0,641.23,1795449.6
2025-03-25,UHAIRG0LDS10,CN Innovations Limited,1050.0,0.0,1050.0,755.42,793195.2
2025-03-25,UHAIRG0LDS11,CN Innovations Limited,283.0,0.0,283.0,755.42,213784.99
2025-03-25,UHAIRG0LDS12,CN Innovations Limited,350.0,0.0,350.0,755.42,264398.4
2025-03-25,UHAIRMIRSHEL06,CN Innovations Limited,604.0,0.0,604.0,509.47,307721.09
2025-03-25,UHAIRMIRSHEL07,CN Innovations Limited,1750.0,0.0,1750.0,509.47,891576.0
2025-03-25,UHAIRMIRSHEL08,CN Innovations Limited,1050.0,0.0,1050.0,509.47,534945.6
2025-03-25,UHAIRMIRSHEL09,CN Innovations Limited,350.0,0.0,350.0,509.47,178315.2
2025-03-25,UHAIRMIRSHEL10,CN Innovations Limited,229.0,0.0,229.0,597.31,136784.45
2025-03-25,UHAIRMIRSHEL14,CN Innovations Limited,449.0,0.0,449.0,597.31,268193.09
2025-03-25,UHAIRSILVS06,CN Innovations Limited,1750.0,0.0,1750.0,606.1,1060668.0
2025-03-25,UHAIRSILVS07,CN Innovations Limited,1750.0,0.0,1750.0,606.1,1060668.0
2025-03-25,UHAIRSILVS08,CN Innovations Limited,1400.0,0.0,1400.0,606.1,848534.4
2025-03-25,UHAIRSILVS09,CN Innovations Limited,2800.0,0.0,2800.0,606.1,1697068.8
2025-03-25,UHAIRSILVS10,CN Innovations Limited,350.0,0.0,350.0,720.29,252100.8
2025-03-25,UHAIRSILVS11,CN Innovations Limited,1050.0,0.0,1050.0,720.29,756302.4
2025-03-25,UHAIRSILVS12,CN Innovations Limited,350.0,0.0,350.0,720.29,252100.8
2025-03-25,UHAIRSILVS13,CN Innovations Limited,129.0,0.0,129.0,720.29,92917.15
2025-03-25,UHCHA2BASS06,Aaru Plastics,500.0,0.0,500.0,250.0,125000.0
2025-03-25,UHCHA2BASS06,HANAV MANUFACTURING AND BUSINESS PRIVATE LIMITED,1008.0,0.0,1008.0,260.0,262080.0
2025-03-25,UHCHA2BASS07,Aaru Plastics,1000.0,0.0,1000.0,250.0,250000.0
2025-03-25,UHCHA2BASS07,HANAV MANUFACTURING AND BUSINESS PRIVATE LIMITED,1008.0,0.0,1008.0,260.0,262080.0
2025-03-25,UHCHA2BASS08,Aaru Plastics,1000.0,0.0,1000.0,250.0,250000.0
2025-03-25,UHCHA2BASS08,HANAV MANUFACTURING AND BUSINESS PRIVATE LIMITED,2016.0,0.0,2016.0,260.0,524160.0
2025-03-25,UHCHA2BASS09,Aaru Plastics,415.0,0.0,415.0,250.0,103750.0
2025-03-25,UHCHARTOPS05,Aaru Plastics,401.0,0.0,401.0,38.0,15238.0
2025-03-25,UHCHARTOPS06,Aaru Plastics,1171.0,0.0,1171.0,38.0,44498.0
2025-03-25,UHCHARTOPS07,Aaru Plastics,1132.0,0.0,1132.0,38.0,43016.0
2025-03-25,UHCHARTOPS08,Aaru Plastics,1062.0,0.0,1062.0,38.0,40356.0
2025-03-25,UHCHARTOPS09,Aaru Plastics,45.0,0.0,45.0,38.0,1710.0
2025-03-25,UHCHARTOPS10,Aaru Plastics,3188.0,0.0,3188.0,38.0,121144.0
2025-03-25,UHCHARTOPS11,Aaru Plastics,47.0,0.0,47.0,38.0,1786.0
2025-03-25,UHCHARTOPS12,Aaru Plastics,5.0,0.0,5.0,38.0,190.0
2025-03-25,UHCHARTOPS13,Aaru Plastics,190.0,0.0,190.0,38.0,7220.0
2025-03-25,UHFSJW10M8M,Suprabha ColorGrafix Private Limited,54600.0,0.0,54600.0,0.03,1800.16
2025-03-25,UHFSJW5.6M7M,Suprabha ColorGrafix Private Limited,189000.0,0.0,189000.0,0.01,1799.28
2025-03-25,UHINDKYO15NH,"Swift Electrocomp Solutions Pvt Ltd.,",90000.0,60000.0,30000.0,1.6,48000.0
2025-03-25,UHPRINTBATPCB,Fortune Plastic Technologies,2250.0,0.0,2250.0,9.0,20250.0
2025-03-25,UHRESPAN01KO,"Swift Electrocomp Solutions Pvt Ltd.,",75000.0,0.0,75000.0,0.31,23250.0
2025-03-26,UH0.2MIRROR05,HANAV MANUFACTURING AND BUSINESS PRIVATE LIMITED,55.0,0.0,55.0,530.0,29150.0
2025-03-26,UH0.2MIRROR06,HANAV MANUFACTURING AND BUSINESS PRIVATE LIMITED,50.0,0.0,50.0,530.0,26500.0
2025-03-26,UH0.2MIRROR07,HANAV MANUFACTURING AND BUSINESS PRIVATE LIMITED,226.0,0.0,226.0,530.0,119780.0
2025-03-26,UH0.2MIRROR08,HANAV MANUFACTURING AND BUSINESS PRIVATE LIMITED,475.0,0.0,475.0,530.0,251750.0
2025-03-26,UH0.2MIRROR09,HANAV MANUFACTURING AND BUSINESS PRIVATE LIMITED,69.0,0.0,69.0,530.0,36570.0
2025-03-26,UH0.2MIRROR10,HANAV MANUFACTURING AND BUSINESS PRIVATE LIMITED,51.0,0.0,51.0,530.0,27030.0
2025-03-26,UHAIRG0LDS05,CN Innovations Limited,1050.0,0.0,1050.0,641.23,673293.6
2025-03-26,UHAIRG0LDS06,CN Innovations Limited,1400.0,0.0,1400.0,641.23,897724.8
2025-03-26,UHAIRG0LDS07,CN Innovations Limited,2450.0,0.0,2450.0,641.23,1571018.4
2025-03-26,UHAIRG0LDS08,CN Innovations Limited,3150.0,0.0,3150.0,641.23,2019880.8
2025-03-26,UHAIRG0LDS09,CN Innovations Limited,1400.0,0.0,1400.0,641.23,897724.8
2025-03-26,UHAIRG0LDS10,CN Innovations Limited,350.0,0.0,350.0,755.42,264398.4
2025-03-26,UHAIRSILVS07,CN Innovations Limited,3850.0,0.0,3850.0,606.1,2333469.6
2025-03-26,UHAIRSILVS08,CN Innovations Limited,2100.0,0.0,2100.0,606.1,1272801.6
2025-03-26,UHAIRSILVS09,CN Innovations Limited,350.0,0.0,350.0,606.1,212133.6
2025-03-26,UHAIRSILVS10,CN Innovations Limited,337.0,0.0,337.0,720.29,242737.06
2025-03-26,UHAIRSILVS13,CN Innovations Limited,297.0,0.0,297.0,720.29,213925.54
2025-03-26,UHBRUSBCABLE,"HONGKONG PENGLIAN ELECTRONICS CO.,LIMITED",40000.0,0.0,40000.0,87.84,3513600.0
2025-03-26,UHC2PCBAREV21,Zreyah Semiconductor Systems Pvt. Ltd.,6000.0,0.0,6000.0,50.0,300000.0
2025-03-26,UHCHA2BASS06,HANAV MANUFACTURING AND BUSINESS PRIVATE LIMITED,952.0,0.0,952.0,260.0,247520.0
2025-03-26,UHCHA2BASS07,Aaru Plastics,500.0,0.0,500.0,250.0,125000.0
2025-03-26,UHCHA2BASS08,Aaru Plastics,452.0,0.0,452.0,250.0,113000.0
2025-03-26,UHCHA2BASS08,HANAV MANUFACTURING AND BUSINESS PRIVATE LIMITED,1064.0,0.0,1064.0,260.0,276640.0
2025-03-26,UHCHARTOPS05,Aaru Plastics,12.0,0.0,12.0,38.0,456.0
2025-03-26,UHCHARTOPS06,Aaru Plastics,886.0,0.0,886.0,38.0,33668.0
2025-03-26,UHCHARTOPS07,Aaru Plastics,1819.0,0.0,1819.0,38.0,69122.0
2025-03-26,UHCHARTOPS08,Aaru Plastics,1185.0,0.0,1185.0,38.0,45030.0
2025-03-26,UHCHARTOPS10,Aaru Plastics,851.0,0.0,851.0,38.0,32338.0
2025-03-26,UHCHARTOPS13,Aaru Plastics,26.0,0.0,26.0,38.0,988.0
2025-03-26,UHCHARTOPS14,Aaru Plastics,401.0,0.0,401.0,38.0,15238.0
2025-03-26,UHFERRTSHTUNCUT,"Shenzhen PH functional materials Co., Ltd.",200.0,0.0,200.0,825.7,165139.2
2025-03-26,UHICHANA4124,Macnica Cytech Pte Ltd,35500.0,0.0,35500.0,241.97,8589961.44
2025-03-26,UHOPSANA61EF,Macnica Cytech Pte Ltd,40000.0,0.0,40000.0,265.1,10604044.8
2025-03-26,UHPCBRXCOS06,WITGAIN TECHNOLOGY LIMITED,60180.0,0.0,60180.0,20.2,1215828.58
2025-03-26,UHPCBRXCOS07,WITGAIN TECHNOLOGY LIMITED,52328.0,0.0,52328.0,20.2,1057193.05
2025-03-26,UHPCBRXCOS09,WITGAIN TECHNOLOGY LIMITED,80240.0,0.0,80240.0,20.2,1621104.77
2025-03-26,UHPLASIZRS05,ZOEONE INDUSTRIES,1000.0,0.0,1000.0,3.5,3500.0
2025-03-26,UHPLASIZRS06,ZOEONE INDUSTRIES,1000.0,0.0,1000.0,3.5,3500.0
2025-03-26,UHPLASIZRS07,ZOEONE INDUSTRIES,1000.0,0.0,1000.0,3.5,3500.0
2025-03-26,UHPLASIZRS08,ZOEONE INDUSTRIES,1000.0,0.0,1000.0,3.5,3500.0
2025-03-26,UHPLASIZRS09,ZOEONE INDUSTRIES,1000.0,0.0,1000.0,3.5,3500.0
2025-03-26,UHPLASIZRS10,ZOEONE INDUSTRIES,1000.0,0.0,1000.0,3.5,3500.0
2025-03-26,UHPLASIZRS11,ZOEONE INDUSTRIES,1000.0,0.0,1000.0,3.5,3500.0
2025-03-26,UHPLASIZRS12,ZOEONE INDUSTRIES,1000.0,0.0,1000.0,3.5,3500.0
2025-03-26,UHPLASIZRS13,ZOEONE INDUSTRIES,1000.0,0.0,1000.0,3.5,3500.0
2025-03-26,UHPLASIZRS14,ZOEONE INDUSTRIES,1000.0,0.0,1000.0,3.5,3500.0
2025-03-26,UHPRINTBATPCB,Fortune Plastic Technologies,7500.0,0.0,7500.0,9.0,67500.0
2025-03-26,UHRGBTR24MAH,"Shenzhen Grepow Battery Co.,Ltd",17600.0,0.0,17600.0,342.58,6029337.6
2025-03-26,UHRING1.6PCBA,Zreyah Semiconductor Systems Pvt. Ltd.,19324.0,0.0,19324.0,190.0,3671560.0
2025-03-27,UHPLASIZRS05,ZOEONE INDUSTRIES,4500.0,0.0,4500.0,3.5,15750.0
2025-03-27,UHPLASIZRS06,ZOEONE INDUSTRIES,4500.0,0.0,4500.0,3.5,15750.0
2025-03-27,UHPLASIZRS07,ZOEONE INDUSTRIES,4500.0,0.0,4500.0,3.5,15750.0
2025-03-27,UHPLASIZRS08,ZOEONE INDUSTRIES,4500.0,0.0,4500.0,3.5,15750.0
2025-03-27,UHPLASIZRS09,ZOEONE INDUSTRIES,4500.0,0.0,4500.0,3.5,15750.0
2025-03-27,UHPLASIZRS10,ZOEONE INDUSTRIES,4500.0,0.0,4500.0,3.5,15750.0
2025-03-27,UHPLASIZRS11,ZOEONE INDUSTRIES,4500.0,0.0,4500.0,3.5,15750.0
2025-03-27,UHPLASIZRS12,ZOEONE INDUSTRIES,4500.0,0.0,4500.0,3.5,15750.0
2025-03-27,UHPLASIZRS13,ZOEONE INDUSTRIES,4500.0,0.0,4500.0,3.5,15750.0
2025-03-27,UHPLASIZRS14,ZOEONE INDUSTRIES,4500.0,0.0,4500.0,3.5,15750.0
2025-03-28,UH0.2MIRROR05,HANAV MANUFACTURING AND BUSINESS PRIVATE LIMITED,48.0,0.0,48.0,530.0,25440.0
2025-03-28,UH0.2MIRROR06,HANAV MANUFACTURING AND BUSINESS PRIVATE LIMITED,41.0,0.0,41.0,530.0,21730.0
2025-03-28,UH0.2MIRROR07,HANAV MANUFACTURING AND BUSINESS PRIVATE LIMITED,101.0,0.0,101.0,530.0,53530.0
2025-03-28,UH0.2MIRROR08,HANAV MANUFACTURING AND BUSINESS PRIVATE LIMITED,179.0,0.0,179.0,530.0,94870.0
2025-03-28,UH0.2MIRROR09,HANAV MANUFACTURING AND BUSINESS PRIVATE LIMITED,131.0,0.0,131.0,530.0,69430.0
2025-03-28,UH0.2MIRROR10,HANAV MANUFACTURING AND BUSINESS PRIVATE LIMITED,112.0,0.0,112.0,530.0,59360.0
2025-03-28,UH0.2MIRROR12,HANAV MANUFACTURING AND BUSINESS PRIVATE LIMITED,12.0,0.0,12.0,530.0,6360.0
2025-03-28,UH0.2MIRROR13,HANAV MANUFACTURING AND BUSINESS PRIVATE LIMITED,10.0,0.0,10.0,530.0,5300.0
2025-03-28,UH0.2MIRROR14,HANAV MANUFACTURING AND BUSINESS PRIVATE LIMITED,41.0,0.0,41.0,530.0,21730.0
2025-03-28,UHCHA2BASS06,Aaru Plastics,500.0,0.0,500.0,250.0,125000.0
2025-03-28,UHCHA2BASS09,Aaru Plastics,435.0,0.0,435.0,250.0,108750.0
2025-03-28,UHCHARTOPS05,Aaru Plastics,33.0,0.0,33.0,38.0,1254.0
2025-03-28,UHCHARTOPS06,Aaru Plastics,888.0,0.0,888.0,38.0,33744.0
2025-03-28,UHCHARTOPS07,Aaru Plastics,1121.0,0.0,1121.0,38.0,42598.0
2025-03-28,UHCHARTOPS08,Aaru Plastics,1521.0,0.0,1521.0,38.0,57798.0
2025-03-28,UHCHARTOPS09,Aaru Plastics,477.0,0.0,477.0,38.0,18126.0
2025-03-28,UHCHARTOPS10,Aaru Plastics,719.0,0.0,719.0,38.0,27322.0
2025-03-28,UHCHARTOPS13,Aaru Plastics,36.0,0.0,36.0,38.0,1368.0
2025-03-28,UHCHARTOPS14,Aaru Plastics,209.0,0.0,209.0,38.0,7942.0
2025-03-28,UHPLASIZRS05,ZOEONE INDUSTRIES,2000.0,0.0,2000.0,3.5,7000.0
2025-03-28,UHPLASIZRS06,ZOEONE INDUSTRIES,2000.0,0.0,2000.0,3.5,7000.0
2025-03-28,UHPLASIZRS07,ZOEONE INDUSTRIES,2000.0,0.0,2000.0,3.5,7000.0
2025-03-28,UHPLASIZRS08,ZOEONE INDUSTRIES,2000.0,0.0,2000.0,3.5,7000.0
2025-03-28,UHPLASIZRS09,ZOEONE INDUSTRIES,2000.0,0.0,2000.0,3.5,7000.0
2025-03-28,UHPLASIZRS10,ZOEONE INDUSTRIES,2000.0,0.0,2000.0,3.5,7000.0
2025-03-28,UHPLASIZRS11,ZOEONE INDUSTRIES,2000.0,0.0,2000.0,3.5,7000.0
2025-03-28,UHPLASIZRS12,ZOEONE INDUSTRIES,2000.0,0.0,2000.0,3.5,7000.0
2025-03-28,UHPLASIZRS13,ZOEONE INDUSTRIES,2000.0,0.0,2000.0,3.5,7000.0
2025-03-28,UHPLASIZRS14,ZOEONE INDUSTRIES,2000.0,0.0,2000.0,3.5,7000.0
2025-03-28,UHPRINTBATPCB,Fortune Plastic Technologies,2250.0,0.0,2250.0,9.0,20250.0
2025-03-28,UHRING1.6PCBA,Zreyah Semiconductor Systems Pvt. Ltd.,11760.0,0.0,11760.0,190.0,2234400.0
2025-03-28,UHTAPEBATPCB,"Shenzhen JDB Technology Co., Ltd.",6250.0,0.0,6250.0,3.82,23881.5
2025-03-29,UHC2PCBAREV21,Zreyah Semiconductor Systems Pvt. Ltd.,5958.0,0.0,5958.0,50.0,297900.0
2025-03-29,UHC2TRCL72UH,WITGAIN TECHNOLOGY LIMITED,33604.0,0.0,33604.0,43.92,1475887.68
2025-03-29,UHICHANA4124,Macnica Cytech Pte Ltd,90000.0,0.0,90000.0,208.36,18752083.2
2025-03-29,UHOPSANA61EF,Macnica Cytech Pte Ltd,50000.0,0.0,50000.0,265.1,13255056.0
2025-03-29,UHPLASIZRS06,ZOEONE INDUSTRIES,2000.0,0.0,2000.0,3.5,7000.0
2025-03-29,UHRING1.6PCBA,Zreyah Semiconductor Systems Pvt. Ltd.,4140.0,0.0,4140.0,190.0,786600.0
2025-04-07,UHC2PCBAREV21,Zreyah Semiconductor Systems Pvt. Ltd.,1847.0,0.0,1847.0,50.0,92350.0
2025-04-09,UH0.2MIRROR05,HANAV MANUFACTURING AND BUSINESS PRIVATE LIMITED,4.0,0.0,4.0,530.0,2120.0
2025-04-09,UH0.2MIRROR06,HANAV MANUFACTURING AND BUSINESS PRIVATE LIMITED,19.0,0.0,19.0,530.0,10070.0
2025-04-09,UH0.2MIRROR07,HANAV MANUFACTURING AND BUSINESS PRIVATE LIMITED,128.0,0.0,128.0,530.0,67840.0
2025-04-09,UH0.2MIRROR08,HANAV MANUFACTURING AND BUSINESS PRIVATE LIMITED,215.0,0.0,215.0,530.0,113950.0
2025-04-09,UH0.2MIRROR09,HANAV MANUFACTURING AND BUSINESS PRIVATE LIMITED,371.0,0.0,371.0,530.0,196630.0
2025-04-09,UH0.2MIRROR10,HANAV MANUFACTURING AND BUSINESS PRIVATE LIMITED,40.0,0.0,40.0,530.0,21200.0
2025-04-09,UHAIRG0LDS05,CN Innovations Limited,1050.0,0.0,1050.0,632.73,664367.09
2025-04-09,UHAIRG0LDS06,CN Innovations Limited,5250.0,0.0,5250.0,632.73,3321835.44
2025-04-09,UHAIRG0LDS07,CN Innovations Limited,3850.0,0.0,3850.0,632.73,2436012.66
2025-04-09,UHAIRG0LDS08,CN Innovations Limited,2100.0,0.0,2100.0,632.73,1328734.18
2025-04-09,UHAIRG0LDS11,CN Innovations Limited,700.0,0.0,700.0,745.41,521786.02
2025-04-09,UHAIRG0LDS12,CN Innovations Limited,350.0,0.0,350.0,745.41,260893.01
2025-04-09,UHAIRMIRSHEL07,CN Innovations Limited,1011.0,0.0,1011.0,502.72,508247.32
2025-04-09,UHAIRMIRSHEL08,CN Innovations Limited,350.0,0.0,350.0,502.72,175951.1
2025-04-09,UHAIRMIRSHEL09,CN Innovations Limited,2100.0,0.0,2100.0,502.72,1055706.6
2025-04-09,UHAIRMIRSHEL11,CN Innovations Limited,2800.0,0.0,2800.0,589.39,1650299.98
2025-04-09,UHAIRMIRSHEL12,CN Innovations Limited,250.0,0.0,250.0,589.39,147348.21
2025-04-09,UHAIRSILVS05,CN Innovations Limited,350.0,0.0,350.0,6.9,2415.0
2025-04-09,UHAIRSILVS06,CN Innovations Limited,700.0,0.0,700.0,6.9,4830.0
2025-04-09,UHAIRSILVS07,CN Innovations Limited,1400.0,0.0,1400.0,6.9,9660.0
2025-04-09,UHAIRSILVS08,CN Innovations Limited,1050.0,0.0,1050.0,6.9,7245.0
2025-04-09,UHAIRSILVS09,CN Innovations Limited,350.0,0.0,350.0,6.9,2415.0
2025-04-09,UHAIRSILVS10,CN Innovations Limited,682.0,0.0,682.0,8.2,5592.4
2025-04-09,UHBOTTOMPADS,Radha labels and printers,36000.0,0.0,36000.0,4.51,162256.5
2025-04-09,UHC2100NF50V,Avnet Asia Pte Ltd,64000.0,0.0,64000.0,0.03,1888.0
2025-04-09,UHC2FFCCN4P,Avnet Asia Pte Ltd,66000.0,0.0,66000.0,10.4,686469.3
2025-04-09,UHC2INDU6.8UH,Avnet Asia Pte Ltd,18000.0,0.0,18000.0,8.02,144314.64
2025-04-09,UHC2PCBREV21,"Shenzhen JDB Technology Co., Ltd.",24636.0,0.0,24636.0,0.18,4335.94
2025-04-09,UHC3PAINBASES05,Aaru Plastics,85.0,0.0,85.0,250.0,21250.0
2025-04-09,UHC3PAINBASES06,Aaru Plastics,259.0,0.0,259.0,250.0,64750.0
2025-04-09,UHC3PAINBASES07,Aaru Plastics,255.0,0.0,255.0,250.0,63750.0
2025-04-09,UHC3PAINBASES08,Aaru Plastics,382.0,0.0,382.0,250.0,95500.0
2025-04-09,UHC3PAINBASES09,Aaru Plastics,462.0,0.0,462.0,250.0,115500.0
2025-04-09,UHC3PAINBASES10,Aaru Plastics,440.0,0.0,440.0,250.0,110000.0
2025-04-09,UHC3PAINBASES11,Aaru Plastics,386.0,0.0,386.0,250.0,96500.0
2025-04-09,UHC3PAINBASES12,Aaru Plastics,332.0,0.0,332.0,250.0,83000.0
2025-04-09,UHC3PAINBASES13,Aaru Plastics,29.0,0.0,29.0,250.0,7250.0
2025-04-09,UHC3PAINBASES14,Aaru Plastics,21.0,0.0,21.0,250.0,5250.0
2025-04-09,UHCAPMUR01UF,Avnet Asia Pte Ltd,645000.0,0.0,645000.0,0.21,133682.4
2025-04-09,UHCAPMUR047F,Avnet Asia Pte Ltd,75000.0,0.0,75000.0,0.12,9053.25
2025-04-09,UHCAPMUR10UF,Avnet Asia Pte Ltd,64000.0,0.0,64000.0,3.12,199700.48
2025-04-09,UHCAPMUR12PF,Avnet Asia Pte Ltd,90000.0,0.0,90000.0,0.09,8535.6
2025-04-09,UHCAPMUR820F,Avnet Asia Pte Ltd,150000.0,0.0,150000.0,0.1,14251.0
2025-04-09,UHCAPMURE14D,Avnet Asia Pte Ltd,280000.0,0.0,280000.0,0.0,616.0
2025-04-09,UHCAPMURE1UF,Avnet Asia Pte Ltd,855000.0,0.0,855000.0,0.33,286186.8
2025-04-09,UHCH2COHOS06,Fabforma Technologies Private Limited,6200.0,0.0,6200.0,35.0,217000.0
2025-04-09,UHCH2COHOS07,Fabforma Technologies Private Limited,1750.0,0.0,1750.0,35.0,61250.0
2025-04-09,UHCH2COHOS08,Fabforma Technologies Private Limited,6700.0,0.0,6700.0,35.0,234500.0
2025-04-09,UHCH2COHOS09,Fabforma Technologies Private Limited,6800.0,0.0,6800.0,35.0,238000.0
2025-04-09,UHCH2COHOS10,Fabforma Technologies Private Limited,5000.0,0.0,5000.0,50.0,250000.0
2025-04-09,UHCH2COHOS11,Fabforma Technologies Private Limited,2900.0,0.0,2900.0,50.0,145000.0
2025-04-09,UHCH2COHOS12,Fabforma Technologies Private Limited,1500.0,0.0,1500.0,50.0,75000.0
2025-04-09,UHCHA2BASS06,Aaru Plastics,650.0,0.0,650.0,250.0,162500.0
2025-04-09,UHCHA2BASS06,HANAV MANUFACTURING AND BUSINESS PRIVATE LIMITED,4032.0,0.0,4032.0,260.0,1048320.0
2025-04-09,UHCHA2BASS07,Aaru Plastics,3562.0,0.0,3562.0,250.0,890500.0
2025-04-09,UHCHA2BASS07,HANAV MANUFACTURING AND BUSINESS PRIVATE LIMITED,3024.0,0.0,3024.0,260.0,786240.0
2025-04-09,UHCHA2BASS08,Aaru Plastics,2006.0,0.0,2006.0,250.0,501500.0
2025-04-09,UHCHA2BASS08,HANAV MANUFACTURING AND BUSINESS PRIVATE LIMITED,5040.0,0.0,5040.0,260.0,1310400.0
2025-04-09,UHCHA2BASS09,Aaru Plastics,499.0,0.0,499.0,250.0,124750.0
2025-04-09,UHCHA2BASS09,HANAV MANUFACTURING AND BUSINESS PRIVATE LIMITED,4032.0,0.0,4032.0,260.0,1048320.0
2025-04-09,UHCHARTOPS05,Aaru Plastics,878.0,0.0,878.0,38.0,33364.0
2025-04-09,UHCHARTOPS06,Aaru Plastics,8851.0,0.0,8851.0,38.0,336338.0
2025-04-09,UHCHARTOPS07,Aaru Plastics,6561.0,0.0,6561.0,38.0,249318.0
2025-04-09,UHCHARTOPS08,Aaru Plastics,7208.0,1000.0,6208.0,38.0,235904.0
2025-04-09,UHCHARTOPS09,Aaru Plastics,1125.0,0.0,1125.0,38.0,42750.0
2025-04-09,UHCHARTOPS10,Aaru Plastics,212.0,0.0,212.0,38.0,8056.0
2025-04-09,UHCHARTOPS11,Aaru Plastics,942.0,0.0,942.0,38.0,35796.0
2025-04-09,UHCHARTOPS13,Aaru Plastics,1898.0,0.0,1898.0,38.0,72124.0
2025-04-09,UHCHARTOPS14,Aaru Plastics,1075.0,0.0,1075.0,38.0,40850.0
2025-04-09,UHICHNRF5284,MILLENNIUM SEMICONDUCTORS INDIA PRIVATE LIMITED,70000.0,0.0,70000.0,146.8,10276000.0
2025-04-09,UHOSCECS27MH,Avnet Asia Pte Ltd,40000.0,0.0,40000.0,0.32,12800.0
2025-04-09,UHPCBRXCOS08,WITGAIN TECHNOLOGY LIMITED,34011.0,0.0,34011.0,19.94,678021.19
2025-04-09,UHPLASIZRS05,ZOEONE INDUSTRIES,10500.0,0.0,10500.0,3.5,36750.0
2025-04-09,UHPLASIZRS06,ZOEONE INDUSTRIES,10500.0,0.0,10500.0,3.5,36750.0
2025-04-09,UHPLASIZRS07,ZOEONE INDUSTRIES,10500.0,0.0,10500.0,3.5,36750.0
2025-04-09,UHPLASIZRS08,ZOEONE INDUSTRIES,10500.0,0.0,10500.0,3.5,36750.0
2025-04-09,UHPLASIZRS09,ZOEONE INDUSTRIES,10500.0,0.0,10500.0,3.5,36750.0
2025-04-09,UHPLASIZRS10,ZOEONE INDUSTRIES,10500.0,0.0,10500.0,3.5,36750.0
2025-04-09,UHPLASIZRS11,ZOEONE INDUSTRIES,10500.0,0.0,10500.0,3.5,36750.0
2025-04-09,UHPLASIZRS12,ZOEONE INDUSTRIES,10500.0,0.0,10500.0,3.5,36750.0
2025-04-09,UHPLASIZRS13,ZOEONE INDUSTRIES,10500.0,0.0,10500.0,3.5,36750.0
2025-04-09,UHPLASIZRS14,ZOEONE INDUSTRIES,10500.0,0.0,10500.0,3.5,36750.0
2025-04-09,UHRESNMUR8PF,Avnet Asia Pte Ltd,35000.0,0.0,35000.0,0.62,21700.0
2025-04-09,UHRESSTA10MO,ARROW ELECTRONICS ASIA (S) PTE LTD,150000.0,0.0,150000.0,0.1,14340.0
2025-04-09,UHRINGECS320,Avnet Asia Pte Ltd,70000.0,0.0,70000.0,21.67,1516819.5
2025-04-09,UHSWATCHAA,Mudra innovation,20000.0,1562.0,18438.0,12.2,224943.6
2025-04-09,UHSWATCHAG,Mudra innovation,20000.0,1174.0,18826.0,12.2,229677.2
2025-04-09,UHSWATCHAS,Mudra innovation,20000.0,1734.0,18266.0,12.2,222845.2
2025-04-09,UHSWATCHMG,Mudra innovation,20000.0,712.0,19288.0,12.2,235313.6
2025-04-09,UHSWATCHRT,Mudra innovation,20000.0,1157.0,18843.0,12.2,229884.6
2025-04-09,UHTAPS69X363,Suprabha ColorGrafix Private Limited,68640.0,0.0,68640.0,0.9,61776.0
2025-04-10,UH0.2MIRROR05,HANAV MANUFACTURING AND BUSINESS PRIVATE LIMITED,5.0,0.0,5.0,530.0,2650.0
2025-04-10,UH0.2MIRROR06,HANAV MANUFACTURING AND BUSINESS PRIVATE LIMITED,98.0,0.0,98.0,530.0,51940.0
2025-04-10,UH0.2MIRROR07,HANAV MANUFACTURING AND BUSINESS PRIVATE LIMITED,593.0,0.0,593.0,530.0,314290.0
2025-04-10,UH0.2MIRROR08,HANAV MANUFACTURING AND BUSINESS PRIVATE LIMITED,568.0,0.0,568.0,530.0,301040.0
2025-04-10,UH0.2MIRROR09,HANAV MANUFACTURING AND BUSINESS PRIVATE LIMITED,1150.0,0.0,1150.0,530.0,609500.0
2025-04-10,UH0.2MIRROR10,HANAV MANUFACTURING AND BUSINESS PRIVATE LIMITED,253.0,0.0,253.0,530.0,134090.0
2025-04-10,UH0.2MIRROR11,HANAV MANUFACTURING AND BUSINESS PRIVATE LIMITED,39.0,0.0,39.0,530.0,20670.0
2025-04-10,UHACCSTM6DSO,Ramakrishna Electro Components Pvt. Ltd.,50000.0,0.0,50000.0,146.0,7300000.0
2025-04-10,UHAIRG0LDS05,CN Innovations Limited,350.0,0.0,350.0,632.73,221455.7
2025-04-10,UHAIRG0LDS06,CN Innovations Limited,350.0,0.0,350.0,632.73,221455.7
2025-04-10,UHAIRG0LDS07,CN Innovations Limited,621.0,0.0,621.0,632.73,392925.68
2025-04-10,UHAIRG0LDS08,CN Innovations Limited,3500.0,0.0,3500.0,632.73,2214556.96
2025-04-10,UHAIRMACSHL06,METALRIPPER MANUFACTURING,854.0,0.0,854.0,245.0,209230.0
2025-04-10,UHAIRMACSHL07,HANAV MANUFACTURING AND BUSINESS PRIVATE LIMITED,4322.0,0.0,4322.0,245.0,1058890.0
2025-04-10,UHAIRMACSHL08,METALRIPPER MANUFACTURING,2464.0,0.0,2464.0,245.0,603680.0
2025-04-10,UHAIRMACSHL09,METALRIPPER MANUFACTURING,3937.0,0.0,3937.0,245.0,964565.0
2025-04-10,UHAIRMACSHL10,METALRIPPER MANUFACTURING,1601.0,0.0,1601.0,245.0,392245.0
2025-04-10,UHAIRMIRSHEL08,CN Innovations Limited,700.0,0.0,700.0,502.72,351902.2
2025-04-10,UHAIRMIRSHEL09,CN Innovations Limited,350.0,0.0,350.0,502.72,175951.1
2025-04-10,UHAIRSILVS06,CN Innovations Limited,350.0,0.0,350.0,6.9,2415.0
2025-04-10,UHAIRSILVS07,CN Innovations Limited,350.0,0.0,350.0,6.9,2415.0
2025-04-10,UHAIRSILVS09,CN Innovations Limited,350.0,0.0,350.0,6.9,2415.0
2025-04-10,UHAIRSILVS10,CN Innovations Limited,236.0,0.0,236.0,8.2,1935.2
2025-04-10,UHAIRSILVS11,CN Innovations Limited,290.0,0.0,290.0,8.2,2378.0
2025-04-10,UHC2068NF50V,"Swift Electrocomp Solutions Pvt Ltd.,",92000.0,0.0,92000.0,0.91,83720.0
2025-04-10,UHC2C10UF50V,Avnet Asia Pte Ltd,90000.0,0.0,90000.0,0.04,3339.0
2025-04-10,UHC2C1KPF50V,SEMISEARCH TECHNOLOGIES PRIVATE LIMITED,44000.0,0.0,44000.0,1.1,48400.0
2025-04-10,UHC2INDU6.8UH,Avnet Asia Pte Ltd,42000.0,0.0,42000.0,0.09,3885.0
2025-04-10,UHC2PCBAREV21,Zreyah Semiconductor Systems Pvt. Ltd.,15781.0,0.0,15781.0,50.0,789050.0
2025-04-10,UHCAPMUR047F,Avnet Asia Pte Ltd,45000.0,0.0,45000.0,0.12,5431.95
2025-04-10,UHCAPMUR10UF,Avnet Asia Pte Ltd,72000.0,0.0,72000.0,3.12,224663.04
2025-04-10,UHCAPMUR12PF,Avnet Asia Pte Ltd,180000.0,0.0,180000.0,0.09,17071.2
2025-04-10,UHCAPMUR22UF,Avnet Asia Pte Ltd,45000.0,0.0,45000.0,0.01,355.5
2025-04-10,UHCAPSAM22UF,SEMISEARCH TECHNOLOGIES PRIVATE LIMITED,100000.0,0.0,100000.0,12.5,1250000.0
2025-04-10,UHCAPTAY27PF,"Swift Electrocomp Solutions Pvt Ltd.,",220000.0,0.0,220000.0,0.5,110000.0
2025-04-10,UHCHA2BASS05,Aaru Plastics,660.0,0.0,660.0,250.0,165000.0
2025-04-10,UHCHA2BASS07,Aaru Plastics,880.0,0.0,880.0,250.0,220000.0
2025-04-10,UHCHA2BASS10,Aaru Plastics,1464.0,0.0,1464.0,250.0,366000.0
2025-04-10,UHCHA2BASS10,HANAV MANUFACTURING AND BUSINESS PRIVATE LIMITED,2016.0,0.0,2016.0,260.0,524160.0
2025-04-10,UHCHARTOPS05,Aaru Plastics,461.0,0.0,461.0,38.0,17518.0
2025-04-10,UHCHARTOPS06,Aaru Plastics,2333.0,0.0,2333.0,38.0,88654.0
2025-04-10,UHCHARTOPS07,Aaru Plastics,1160.0,0.0,1160.0,38.0,44080.0
2025-04-10,UHCHARTOPS08,Aaru Plastics,1560.0,0.0,1560.0,38.0,59280.0
2025-04-10,UHCHARTOPS11,Aaru Plastics,719.0,0.0,719.0,38.0,27322.0
2025-04-10,UHCHARTOPS12,Aaru Plastics,233.0,0.0,233.0,38.0,8854.0
2025-04-10,UHCHARTOPS13,Aaru Plastics,87.0,0.0,87.0,38.0,3306.0
2025-04-10,UHCHARTOPS14,Aaru Plastics,83.0,0.0,83.0,38.0,3154.0
2025-04-10,UHDIODIO100V,Avnet Asia Pte Ltd,120000.0,0.0,120000.0,0.01,936.0
2025-04-10,UHDIODIOI75V,Avnet Asia Pte Ltd,15000.0,0.0,15000.0,0.01,214.5
2025-04-10,UHICHSTM3117,Ramakrishna Electro Components Pvt. Ltd.,70000.0,0.0,70000.0,28.15,1970500.0
2025-04-10,UHINDMUR1OUH,"Swift Electrocomp Solutions Pvt Ltd.,",4000.0,0.0,4000.0,9.2,36800.0
2025-04-10,UHRESBOU01BO,"Swift Electrocomp Solutions Pvt Ltd.,",60000.0,0.0,60000.0,0.3,18000.0
2025-04-10,UHRESPAN01KO,"Swift Electrocomp Solutions Pvt Ltd.,",30720.0,0.0,30720.0,0.31,9523.2
2025-04-10,UHRESPAN47KO,"Swift Electrocomp Solutions Pvt Ltd.,",450000.0,0.0,450000.0,0.58,261000.0
2025-04-10,UHRESYAG074O,"Swift Electrocomp Solutions Pvt Ltd.,",71732.0,0.0,71732.0,0.85,60972.2
2025-04-10,UHRGBTR24MAH,"Shenzhen Grepow Battery Co.,Ltd",17600.0,0.0,17600.0,338.03,5949400.69
2025-04-10,UHRING1.6PCBA,Zreyah Semiconductor Systems Pvt. Ltd.,8308.0,0.0,8308.0,190.0,1578520.0
2025-04-10,UHRINGECS320,Avnet Asia Pte Ltd,50000.0,0.0,50000.0,21.67,1083442.5
2025-04-10,UHTRAEPC200V,"Swift Electrocomp Solutions Pvt Ltd.,",112500.0,0.0,112500.0,59.56,6700500.0
2025-04-11,UH0.2AA05,CP Global Solution Technologies,144.0,0.0,144.0,314.0,45216.0
2025-04-11,UH0.2AA06,CP Global Solution Technologies,175.0,0.0,175.0,314.0,54950.0
2025-04-11,UH0.2AA07,CP Global Solution Technologies,687.0,0.0,687.0,314.0,215718.0
2025-04-11,UH0.2AA08,CP Global Solution Technologies,916.0,0.0,916.0,314.0,287624.0
2025-04-11,UH0.2AA09,CP Global Solution Technologies,112.0,0.0,112.0,314.0,35168.0
2025-04-11,UH0.2AA10,CP Global Solution Technologies,161.0,0.0,161.0,314.0,50554.0
2025-04-11,UH0.2AA11,CP Global Solution Technologies,3.0,0.0,3.0,314.0,942.0
2025-04-11,UH0.2AA13,CP Global Solution Technologies,4.0,0.0,4.0,314.0,1256.0
2025-04-11,UH0.2AA14,CP Global Solution Technologies,4.0,0.0,4.0,314.0,1256.0
2025-04-11,UHAIRBEADBS05,IILA INDUSTRIES (Regular Purchase),300.0,0.0,300.0,34.0,10200.0
2025-04-11,UHAIRBEADBS06,IILA INDUSTRIES (Regular Purchase),1199.0,0.0,1199.0,34.0,40766.0
2025-04-11,UHAIRBEADBS07,IILA INDUSTRIES (Regular Purchase),1800.0,0.0,1800.0,34.0,61200.0
2025-04-11,UHAIRBEADBS09,IILA INDUSTRIES (Regular Purchase),2000.0,0.0,2000.0,34.0,68000.0
2025-04-11,UHAIRBEADBS13,IILA INDUSTRIES (Regular Purchase),537.0,0.0,537.0,34.0,18258.0
2025-04-11,UHC2C1KPF50V,SEMISEARCH TECHNOLOGIES PRIVATE LIMITED,100000.0,0.0,100000.0,1.1,110000.0
2025-04-11,UHC2PCBAREV21,Zreyah Semiconductor Systems Pvt. Ltd.,3900.0,0.0,3900.0,50.0,195000.0
2025-04-11,UHCAPSAM22UF,SEMISEARCH TECHNOLOGIES PRIVATE LIMITED,50000.0,0.0,50000.0,12.5,625000.0
2025-04-11,UHCAPSAM43UF,SEMISEARCH TECHNOLOGIES PRIVATE LIMITED,30000.0,0.0,30000.0,7.24,217200.0
2025-04-11,UHCH2COHOS06,Fabforma Technologies Private Limited,1050.0,0.0,1050.0,35.0,36750.0
2025-04-11,UHCH2COHOS07,Fabforma Technologies Private Limited,1500.0,0.0,1500.0,35.0,52500.0
2025-04-11,UHCH2COHOS08,Fabforma Technologies Private Limited,1250.0,0.0,1250.0,35.0,43750.0
2025-04-11,UHCH2COHOS09,Fabforma Technologies Private Limited,650.0,0.0,650.0,35.0,22750.0
2025-04-11,UHCHA2BASS07,Aaru Plastics,2016.0,0.0,2016.0,250.0,504000.0
2025-04-11,UHCHARTOPS05,Aaru Plastics,93.0,0.0,93.0,34.0,3162.0
2025-04-11,UHCHARTOPS06,Aaru Plastics,918.0,0.0,918.0,38.0,34884.0
2025-04-11,UHCHARTOPS07,Aaru Plastics,1032.0,0.0,1032.0,38.0,39216.0
2025-04-11,UHCHARTOPS08,Aaru Plastics,545.0,0.0,545.0,38.0,20710.0
2025-04-11,UHCHARTOPS09,Aaru Plastics,21.0,0.0,21.0,38.0,798.0
2025-04-11,UHCHARTOPS10,Aaru Plastics,28.0,0.0,28.0,38.0,1064.0
2025-04-11,UHCHARTOPS11,Aaru Plastics,863.0,0.0,863.0,38.0,32794.0
2025-04-11,UHCHARTOPS12,Aaru Plastics,951.0,0.0,951.0,38.0,36138.0
2025-04-11,UHCHARTOPS13,Aaru Plastics,23.0,0.0,23.0,38.0,874.0
2025-04-11,UHCHARTOPS14,Aaru Plastics,105.0,0.0,105.0,38.0,3990.0
2025-04-11,UHCTPFGAGS06,3DE Technology Prototype Solutions Pvt Ltd (Casting),3.0,0.0,3.0,380.0,1140.0
2025-04-11,UHCTPFGAGS07,3DE Technology Prototype Solutions Pvt Ltd (Casting),1.0,0.0,1.0,380.0,380.0
2025-04-11,UHCTPFGASS07,3DE Technology Prototype Solutions Pvt Ltd (Casting),1.0,0.0,1.0,380.0,380.0
2025-04-11,UHCTPFGRTS07,3DE Technology Prototype Solutions Pvt Ltd (Casting),1.0,0.0,1.0,190.0,190.0
2025-04-11,UHIND2213A156,SEMISEARCH TECHNOLOGIES PRIVATE LIMITED,48000.0,0.0,48000.0,11.45,549600.0
2025-04-11,UHPLASIZRS05,ZOEONE INDUSTRIES,2000.0,0.0,2000.0,3.5,7000.0
2025-04-11,UHPLASIZRS06,ZOEONE INDUSTRIES,2000.0,0.0,2000.0,3.5,7000.0
2025-04-11,UHPLASIZRS07,ZOEONE INDUSTRIES,2000.0,0.0,2000.0,3.5,7000.0
2025-04-11,UHPLASIZRS08,ZOEONE INDUSTRIES,2000.0,0.0,2000.0,3.5,7000.0
2025-04-11,UHPLASIZRS09,ZOEONE INDUSTRIES,2000.0,0.0,2000.0,3.5,7000.0
2025-04-11,UHPLASIZRS10,ZOEONE INDUSTRIES,2000.0,0.0,2000.0,3.5,7000.0
2025-04-11,UHPLASIZRS11,ZOEONE INDUSTRIES,2000.0,0.0,2000.0,3.5,7000.0
2025-04-11,UHPLASIZRS12,ZOEONE INDUSTRIES,2000.0,0.0,2000.0,3.5,7000.0
2025-04-11,UHPLASIZRS13,ZOEONE INDUSTRIES,2000.0,0.0,2000.0,3.5,7000.0
2025-04-11,UHPLASIZRS14,ZOEONE INDUSTRIES,2000.0,0.0,2000.0,3.5,7000.0
2025-04-11,UHPRINTBATPCB,Fortune Plastic Technologies,9445.0,0.0,9445.0,9.0,85005.0
2025-04-11,UHRESYAG100K,SEMISEARCH TECHNOLOGIES PRIVATE LIMITED,180000.0,0.0,180000.0,0.48,86400.0
2025-04-11,UHRING1.6PCBA,Zreyah Semiconductor Systems Pvt. Ltd.,6452.0,0.0,6452.0,190.0,1225880.0
2025-04-11,UHTAPEBATPCB,"Shenzhen JDB Technology Co., Ltd.",6250.0,0.0,6250.0,0.06,375.0
2025-04-11,UHTIJWAABS07,CP Global Solution Technologies,657.0,0.0,657.0,332.0,218124.0
2025-04-11,UHTIJWAABS08,CP Global Solution Technologies,957.0,0.0,957.0,332.0,317724.0
2025-04-11,UHTIJWAABS09,CP Global Solution Technologies,279.0,0.0,279.0,332.0,92628.0
2025-04-11,UHTIJWAABS10,CP Global Solution Technologies,195.0,0.0,195.0,332.0,64740.0
2025-04-11,UHTIJWRTLS05,IILA INDUSTRIES (Regular Purchase),350.0,0.0,350.0,40.0,14000.0
2025-04-11,UHTIJWRTLS06,IILA INDUSTRIES (Regular Purchase),1200.0,0.0,1200.0,40.0,48000.0
2025-04-11,UHTIJWRTLS07,IILA INDUSTRIES (Regular Purchase),2537.0,0.0,2537.0,40.0,101480.0
2025-04-11,UHTIJWRTLS08,IILA INDUSTRIES (Regular Purchase),1900.0,0.0,1900.0,40.0,76000.0
2025-04-11,UHTIJWRTLS09,IILA INDUSTRIES (Regular Purchase),4746.0,0.0,4746.0,40.0,189840.0
2025-04-11,UHTIJWRTLS10,IILA INDUSTRIES (Regular Purchase),1050.0,0.0,1050.0,40.0,42000.0
2025-04-11,UHTIJWRTLS13,IILA INDUSTRIES (Regular Purchase),400.0,0.0,400.0,40.0,16000.0
2025-04-11,UHTIJWRTLS14,IILA INDUSTRIES (Regular Purchase),538.0,0.0,538.0,40.0,21520.0
2025-04-12,UH0.2MIRROR07,HANAV MANUFACTURING AND BUSINESS PRIVATE LIMITED,162.0,0.0,162.0,530.0,85860.0
2025-04-12,UH0.2MIRROR08,HANAV MANUFACTURING AND BUSINESS PRIVATE LIMITED,6.0,0.0,6.0,530.0,3180.0
2025-04-12,UH0.2MIRROR09,HANAV MANUFACTURING AND BUSINESS PRIVATE LIMITED,113.0,0.0,113.0,530.0,59890.0
2025-04-12,UH0.2MIRROR10,HANAV MANUFACTURING AND BUSINESS PRIVATE LIMITED,42.0,0.0,42.0,530.0,22260.0
2025-04-12,UHAIRG0LDS06,CN Innovations Limited,350.0,0.0,350.0,632.73,221455.7
2025-04-12,UHAIRG0LDS07,CN Innovations Limited,3500.0,0.0,3500.0,632.73,2214556.96
2025-04-12,UHAIRMIRSHEL08,CN Innovations Limited,1586.0,0.0,1586.0,502.72,797309.84
2025-04-12,UHC2C1KPF50V,SEMISEARCH TECHNOLOGIES PRIVATE LIMITED,300000.0,0.0,300000.0,1.1,330000.0
2025-04-12,UHC2PCBAREV21,Zreyah Semiconductor Systems Pvt. Ltd.,4500.0,0.0,4500.0,50.0,225000.0
2025-04-12,UHC2RES0OM42,SEMISEARCH TECHNOLOGIES PRIVATE LIMITED,390000.0,0.0,390000.0,0.11,42900.0
2025-04-12,UHC2RES0OM85,SEMISEARCH TECHNOLOGIES PRIVATE LIMITED,130000.0,0.0,130000.0,0.3,39000.0
2025-04-12,UHC2RES27OHM,SEMISEARCH TECHNOLOGIES PRIVATE LIMITED,260000.0,0.0,260000.0,0.25,65000.0
2025-04-12,UHCAPSAM22UF,SEMISEARCH TECHNOLOGIES PRIVATE LIMITED,50000.0,0.0,50000.0,12.5,625000.0
2025-04-12,UHCAPSAM43UF,SEMISEARCH TECHNOLOGIES PRIVATE LIMITED,150000.0,0.0,150000.0,7.24,1086000.0
2025-04-12,UHCHA2BASS06,Aaru Plastics,550.0,0.0,550.0,250.0,137500.0
2025-04-12,UHCHA2BASS07,Aaru Plastics,1010.0,0.0,1010.0,250.0,252500.0
2025-04-12,UHCHA2BASS09,Aaru Plastics,538.0,0.0,538.0,250.0,134500.0
2025-04-12,UHCHA2BASS09,HANAV MANUFACTURING AND BUSINESS PRIVATE LIMITED,2016.0,0.0,2016.0,250.0,504000.0
2025-04-12,UHCHARTOPS05,Aaru Plastics,199.0,0.0,199.0,34.0,6766.0
2025-04-12,UHCHARTOPS06,Aaru Plastics,187.0,0.0,187.0,38.0,7106.0
2025-04-12,UHCHARTOPS07,Aaru Plastics,593.0,0.0,593.0,38.0,22534.0
2025-04-12,UHCHARTOPS08,Aaru Plastics,682.0,0.0,682.0,38.0,25916.0
2025-04-12,UHCHARTOPS11,Aaru Plastics,1290.0,0.0,1290.0,38.0,49020.0
2025-04-12,UHCHARTOPS12,Aaru Plastics,197.0,0.0,197.0,38.0,7486.0
2025-04-12,UHCHARTOPS13,Aaru Plastics,77.0,0.0,77.0,38.0,2926.0
2025-04-12,UHCHARTOPS14,Aaru Plastics,124.0,0.0,124.0,38.0,4712.0
2025-04-12,UHIND2213A156,SEMISEARCH TECHNOLOGIES PRIVATE LIMITED,153000.0,0.0,153000.0,11.45,1751850.0
2025-04-12,UHPLASIZRS05,ZOEONE INDUSTRIES,2000.0,0.0,2000.0,3.5,7000.0
2025-04-12,UHPLASIZRS06,ZOEONE INDUSTRIES,2000.0,0.0,2000.0,3.5,7000.0
2025-04-12,UHPLASIZRS07,ZOEONE INDUSTRIES,2000.0,0.0,2000.0,3.5,7000.0
2025-04-12,UHPLASIZRS08,ZOEONE INDUSTRIES,2000.0,0.0,2000.0,3.5,7000.0
2025-04-12,UHPLASIZRS09,ZOEONE INDUSTRIES,2000.0,0.0,2000.0,3.5,7000.0
2025-04-12,UHPLASIZRS10,ZOEONE INDUSTRIES,2000.0,0.0,2000.0,3.5,7000.0
2025-04-12,UHPLASIZRS11,ZOEONE INDUSTRIES,2000.0,0.0,2000.0,3.5,7000.0
2025-04-12,UHPLASIZRS12,ZOEONE INDUSTRIES,2000.0,0.0,2000.0,3.5,7000.0
2025-04-12,UHPLASIZRS13,ZOEONE INDUSTRIES,2000.0,0.0,2000.0,3.5,7000.0
2025-04-12,UHPLASIZRS14,ZOEONE INDUSTRIES,2000.0,0.0,2000.0,3.5,7000.0
2025-04-12,UHRESYAG0OHM,SEMISEARCH TECHNOLOGIES PRIVATE LIMITED,130000.0,0.0,130000.0,0.3,39000.0
2025-04-12,UHRESYAG100K,SEMISEARCH TECHNOLOGIES PRIVATE LIMITED,750000.0,0.0,750000.0,0.48,360000.0
2025-04-12,UHRESYAG10KO,SEMISEARCH TECHNOLOGIES PRIVATE LIMITED,400000.0,0.0,400000.0,0.29,116000.0
2025-04-12,UHRESYAG22KO,SEMISEARCH TECHNOLOGIES PRIVATE LIMITED,260000.0,0.0,260000.0,0.29,75400.0
2025-04-12,UHRESYAG22MO,SEMISEARCH TECHNOLOGIES PRIVATE LIMITED,145000.0,0.0,145000.0,5.95,862750.0
2025-04-12,UHRESYAG22OH,SEMISEARCH TECHNOLOGIES PRIVATE LIMITED,130000.0,0.0,130000.0,0.43,55900.0
2025-04-12,UHRESYAG27KO,SEMISEARCH TECHNOLOGIES PRIVATE LIMITED,130000.0,0.0,130000.0,0.29,37700.0
2025-04-12,UHRESYAG47KO,SEMISEARCH TECHNOLOGIES PRIVATE LIMITED,130000.0,0.0,130000.0,0.29,37700.0
2025-04-12,UHSWATCHAA,Mudra innovation,5000.0,0.0,5000.0,12.2,61000.0
2025-04-12,UHSWATCHAG,Mudra innovation,5000.0,931.0,4069.0,12.2,49641.8
2025-04-12,UHSWATCHAS,Mudra innovation,5000.0,0.0,5000.0,12.2,61000.0
2025-04-12,UHSWATCHMG,Mudra innovation,5000.0,195.0,4805.0,12.2,58621.0
2025-04-12,UHSWATCHRT,Mudra innovation,5000.0,532.0,4468.0,12.2,54509.6
2025-04-12,UHTAPEBATPCB,"Shenzhen JDB Technology Co., Ltd.",18750.0,0.0,18750.0,0.06,1125.0
2025-04-14,UH0.2MIRROR07,HANAV MANUFACTURING AND BUSINESS PRIVATE LIMITED,137.0,0.0,137.0,530.0,72610.0
2025-04-14,UH0.2MIRROR08,HANAV MANUFACTURING AND BUSINESS PRIVATE LIMITED,2.0,0.0,2.0,530.0,1060.0
2025-04-14,UH0.2MIRROR09,HANAV MANUFACTURING AND BUSINESS PRIVATE LIMITED,61.0,0.0,61.0,530.0,32330.0
2025-04-14,UH0.2MIRROR10,HANAV MANUFACTURING AND BUSINESS PRIVATE LIMITED,65.0,0.0,65.0,530.0,34450.0
2025-04-14,UHCHA2BASS08,HANAV MANUFACTURING AND BUSINESS PRIVATE LIMITED,2016.0,0.0,2016.0,260.0,524160.0
2025-04-14,UHCHARTOPS05,Aaru Plastics,222.0,0.0,222.0,34.0,7548.0
2025-04-14,UHCHARTOPS06,Aaru Plastics,723.0,0.0,723.0,38.0,27474.0
2025-04-14,UHCHARTOPS07,Aaru Plastics,1056.0,0.0,1056.0,38.0,40128.0
2025-04-14,UHCHARTOPS08,Aaru Plastics,73.0,0.0,73.0,38.0,2774.0
2025-04-14,UHCHARTOPS11,Aaru Plastics,712.0,0.0,712.0,38.0,27056.0
2025-04-14,UHCHARTOPS12,Aaru Plastics,88.0,0.0,88.0,38.0,3344.0
2025-04-14,UHCHARTOPS13,Aaru Plastics,66.0,0.0,66.0,38.0,2508.0
2025-04-14,UHCHARTOPS14,Aaru Plastics,223.0,0.0,223.0,38.0,8474.0
2025-04-14,UHPLASIZRS05,ZOEONE INDUSTRIES,5000.0,0.0,5000.0,3.5,17500.0
2025-04-14,UHPLASIZRS06,ZOEONE INDUSTRIES,5000.0,0.0,5000.0,3.5,17500.0
2025-04-14,UHPLASIZRS07,ZOEONE INDUSTRIES,5000.0,0.0,5000.0,3.5,17500.0
2025-04-14,UHPLASIZRS08,ZOEONE INDUSTRIES,5000.0,0.0,5000.0,3.5,17500.0
2025-04-14,UHPLASIZRS09,ZOEONE INDUSTRIES,5000.0,0.0,5000.0,3.5,17500.0
2025-04-14,UHPLASIZRS10,ZOEONE INDUSTRIES,5000.0,0.0,5000.0,3.5,17500.0
2025-04-14,UHPLASIZRS11,ZOEONE INDUSTRIES,5000.0,0.0,5000.0,3.5,17500.0
2025-04-14,UHPLASIZRS12,ZOEONE INDUSTRIES,5000.0,0.0,5000.0,3.5,17500.0
2025-04-14,UHPLASIZRS13,ZOEONE INDUSTRIES,5000.0,0.0,5000.0,3.5,17500.0
2025-04-14,UHPLASIZRS14,ZOEONE INDUSTRIES,5000.0,0.0,5000.0,3.5,17500.0
2025-04-14,UHRESSTA10MO,SEMISEARCH TECHNOLOGIES PRIVATE LIMITED,70000.0,0.0,70000.0,34.5,2415000.0
2025-04-15,UH0.2AA05,CP Global Solution Technologies,71.0,0.0,71.0,250.0,17750.0
2025-04-15,UH0.2AA06,CP Global Solution Technologies,208.0,0.0,208.0,259.0,53872.0
2025-04-15,UH0.2AA11,CP Global Solution Technologies,39.0,0.0,39.0,250.0,9750.0
2025-04-15,UH0.2MIRROR06,HANAV MANUFACTURING AND BUSINESS PRIVATE LIMITED,1.0,0.0,1.0,530.0,530.0
2025-04-15,UH0.2MIRROR07,HANAV MANUFACTURING AND BUSINESS PRIVATE LIMITED,212.0,0.0,212.0,530.0,112360.0
2025-04-15,UH0.2MIRROR09,HANAV MANUFACTURING AND BUSINESS PRIVATE LIMITED,31.0,0.0,31.0,530.0,16430.0
2025-04-15,UH0.2MIRROR10,HANAV MANUFACTURING AND BUSINESS PRIVATE LIMITED,26.0,0.0,26.0,530.0,13780.0
2025-04-15,UHAIRBEADBS05,IILA INDUSTRIES (Regular Purchase),1000.0,0.0,1000.0,34.0,34000.0
2025-04-15,UHAIRBEADBS07,IILA INDUSTRIES (Regular Purchase),2000.0,0.0,2000.0,34.0,68000.0
2025-04-15,UHAIRBEADBS10,IILA INDUSTRIES (Regular Purchase),500.0,0.0,500.0,34.0,17000.0
2025-04-15,UHAIRBEADBS12,IILA INDUSTRIES (Regular Purchase),1000.0,0.0,1000.0,34.0,34000.0
2025-04-15,UHCH2COHOS06,Fabforma Technologies Private Limited,700.0,0.0,700.0,35.0,24500.0
2025-04-15,UHCH2COHOS07,Fabforma Technologies Private Limited,900.0,0.0,900.0,35.0,31500.0
2025-04-15,UHCH2COHOS08,Fabforma Technologies Private Limited,1150.0,0.0,1150.0,35.0,40250.0
2025-04-15,UHCH2COHOS09,Fabforma Technologies Private Limited,800.0,0.0,800.0,35.0,28000.0
2025-04-15,UHCHA2BASS05,Aaru Plastics,300.0,0.0,300.0,250.0,75000.0
2025-04-15,UHCHA2BASS06,Aaru Plastics,500.0,0.0,500.0,250.0,125000.0
2025-04-15,UHCHA2BASS06,HANAV MANUFACTURING AND BUSINESS PRIVATE LIMITED,1008.0,0.0,1008.0,250.0,252000.0
2025-04-15,UHCHA2BASS07,Aaru Plastics,296.0,0.0,296.0,250.0,74000.0
2025-04-15,UHCHA2BASS09,Aaru Plastics,435.0,0.0,435.0,250.0,108750.0
2025-04-15,UHCHA2BASS09,HANAV MANUFACTURING AND BUSINESS PRIVATE LIMITED,1008.0,0.0,1008.0,250.0,252000.0
2025-04-15,UHCHA2BASS10,Aaru Plastics,438.0,0.0,438.0,250.0,109500.0
2025-04-15,UHPLASIZRS05,ZOEONE INDUSTRIES,1500.0,0.0,1500.0,3.5,5250.0
2025-04-15,UHPLASIZRS06,ZOEONE INDUSTRIES,1500.0,0.0,1500.0,3.5,5250.0
2025-04-15,UHPLASIZRS07,ZOEONE INDUSTRIES,1500.0,0.0,1500.0,3.5,5250.0
2025-04-15,UHPLASIZRS08,ZOEONE INDUSTRIES,1500.0,0.0,1500.0,3.5,5250.0
2025-04-15,UHPLASIZRS09,ZOEONE INDUSTRIES,1500.0,0.0,1500.0,3.5,5250.0
2025-04-15,UHPLASIZRS10,ZOEONE INDUSTRIES,1500.0,0.0,1500.0,3.5,5250.0
2025-04-15,UHPLASIZRS11,ZOEONE INDUSTRIES,1500.0,0.0,1500.0,3.5,5250.0
2025-04-15,UHPLASIZRS12,ZOEONE INDUSTRIES,1500.0,0.0,1500.0,3.5,5250.0
2025-04-15,UHPLASIZRS13,ZOEONE INDUSTRIES,1500.0,0.0,1500.0,3.5,5250.0
2025-04-15,UHPLASIZRS14,ZOEONE INDUSTRIES,1500.0,0.0,1500.0,3.5,5250.0
2025-04-15,UHPRINTBATPCB,Fortune Plastic Technologies,5801.0,0.0,5801.0,9.0,52209.0
2025-04-15,UHTAPEBATPCB,"Shenzhen JDB Technology Co., Ltd.",25000.0,0.0,25000.0,0.06,1486.69
2025-04-15,UHTIJWRTLS05,IILA INDUSTRIES (Regular Purchase),500.0,0.0,500.0,40.0,20000.0
2025-04-15,UHTIJWRTLS06,IILA INDUSTRIES (Regular Purchase),1500.0,0.0,1500.0,40.0,60000.0
2025-04-15,UHTIJWRTLS07,IILA INDUSTRIES (Regular Purchase),2500.0,0.0,2500.0,40.0,100000.0
2025-04-15,UHTIJWRTLS08,IILA INDUSTRIES (Regular Purchase),1300.0,0.0,1300.0,40.0,52000.0
2025-04-15,UHTIJWRTLS10,IILA INDUSTRIES (Regular Purchase),1000.0,0.0,1000.0,40.0,40000.0
2025-04-16,UH0.2AA07,CP Global Solution Technologies,975.0,0.0,975.0,254.34,247982.0
2025-04-16,UH0.2AA08,CP Global Solution Technologies,1315.0,0.0,1315.0,254.42,334558.0
2025-04-16,UH0.2AA09,CP Global Solution Technologies,1426.0,0.0,1426.0,368.29,525179.4
2025-04-16,UH0.2AA10,CP Global Solution Technologies,379.0,0.0,379.0,259.0,98161.0
2025-04-16,UH0.2MIRROR06,HANAV MANUFACTURING AND BUSINESS PRIVATE LIMITED,1.0,0.0,1.0,530.0,530.0
2025-04-16,UH0.2MIRROR07,HANAV MANUFACTURING AND BUSINESS PRIVATE LIMITED,157.0,0.0,157.0,530.0,83210.0
2025-04-16,UH0.2MIRROR09,HANAV MANUFACTURING AND BUSINESS PRIVATE LIMITED,25.0,0.0,25.0,530.0,13250.0
2025-04-16,UH0.2MIRROR10,HANAV MANUFACTURING AND BUSINESS PRIVATE LIMITED,92.0,0.0,92.0,530.0,48760.0
2025-04-16,UHAIRBEADBS06,IILA INDUSTRIES (Regular Purchase),1500.0,0.0,1500.0,34.0,51000.0
2025-04-16,UHAIRBEADBS08,IILA INDUSTRIES (Regular Purchase),2500.0,0.0,2500.0,34.0,85000.0
2025-04-16,UHAIRBEADBS11,IILA INDUSTRIES (Regular Purchase),1500.0,0.0,1500.0,34.0,51000.0
2025-04-16,UHAIRBEADBS12,IILA INDUSTRIES (Regular Purchase),2000.0,0.0,2000.0,34.0,68000.0
2025-04-16,UHC2PCBAREV21,Zreyah Semiconductor Systems Pvt. Ltd.,11297.0,0.0,11297.0,50.0,564850.0
2025-04-16,UHC2TRCL72UH,WITGAIN TECHNOLOGY LIMITED,85870.0,0.0,85870.0,0.5,42935.0
2025-04-16,UHCH2COHOS06,Fabforma Technologies Private Limited,1400.0,0.0,1400.0,35.0,49000.0
2025-04-16,UHCH2COHOS07,Fabforma Technologies Private Limited,730.0,0.0,730.0,35.0,25550.0
2025-04-16,UHCH2COHOS08,Fabforma Technologies Private Limited,1000.0,0.0,1000.0,35.0,35000.0
2025-04-16,UHCH2COHOS09,Fabforma Technologies Private Limited,1450.0,0.0,1450.0,35.0,50750.0
2025-04-16,UHCHA2BASS07,Aaru Plastics,1076.0,0.0,1076.0,250.0,269000.0
2025-04-16,UHCHA2BASS08,Aaru Plastics,495.0,0.0,495.0,250.0,123750.0
2025-04-16,UHCHA2BASS08,HANAV MANUFACTURING AND BUSINESS PRIVATE LIMITED,504.0,0.0,504.0,260.0,131040.0
2025-04-16,UHCHA2BASS09,Aaru Plastics,500.0,0.0,500.0,250.0,125000.0
2025-04-16,UHCHA2BASS09,HANAV MANUFACTURING AND BUSINESS PRIVATE LIMITED,1008.0,0.0,1008.0,250.0,252000.0
2025-04-16,UHCHA2BASS10,Aaru Plastics,334.0,0.0,334.0,250.0,83500.0
2025-04-16,UHPCBRXCOS08,WITGAIN TECHNOLOGY LIMITED,44078.0,0.0,44078.0,19.94,878710.36
2025-04-16,UHPRINTBATPCB,Fortune Plastic Technologies,11031.0,0.0,11031.0,9.0,99279.0
2025-04-16,UHRESYAG074O,"Swift Electrocomp Solutions Pvt Ltd.,",130000.0,0.0,130000.0,0.85,110500.0
2025-04-16,UHSWATCHAA,Mudra innovation,10000.0,1473.0,8527.0,12.2,104029.4
2025-04-16,UHSWATCHAG,Mudra innovation,10000.0,1762.0,8238.0,12.2,100503.6
2025-04-16,UHSWATCHAS,Mudra innovation,10000.0,844.0,9156.0,12.2,111703.2
2025-04-16,UHSWATCHMG,Mudra innovation,10000.0,643.0,9357.0,12.2,114155.4
2025-04-16,UHSWATCHRT,Mudra innovation,10000.0,1391.0,8609.0,12.2,105029.8
2025-04-16,UHTAPEBATPCB,"Shenzhen JDB Technology Co., Ltd.",62500.0,0.0,62500.0,0.06,3750.0
2025-04-16,UHTIJWMGLS05,CP Global Solution Technologies,286.0,0.0,286.0,210.0,60060.0
2025-04-16,UHTIJWMGLS06,CP Global Solution Technologies,1954.0,0.0,1954.0,210.0,410340.0
2025-04-16,UHTIJWMGLS07,CP Global Solution Technologies,1484.0,0.0,1484.0,210.0,311640.0
2025-04-16,UHTIJWMGLS08,CP Global Solution Technologies,1070.0,0.0,1070.0,210.0,224700.0
2025-04-16,UHTIJWMGLS09,CP Global Solution Technologies,1398.0,0.0,1398.0,210.0,293580.0
2025-04-16,UHTIJWRTLS07,IILA INDUSTRIES (Regular Purchase),536.0,0.0,536.0,40.0,21440.0
2025-04-16,UHTIJWRTLS08,IILA INDUSTRIES (Regular Purchase),1576.0,0.0,1576.0,40.0,63040.0
2025-04-16,UHTIJWRTLS10,IILA INDUSTRIES (Regular Purchase),1044.0,0.0,1044.0,40.0,41760.0
2025-04-16,UHTIJWRTLS11,IILA INDUSTRIES (Regular Purchase),700.0,0.0,700.0,40.0,28000.0
2025-04-17,UHAIRMACSHL05,METALRIPPER MANUFACTURING,570.0,0.0,570.0,245.0,139650.0
2025-04-17,UHAIRMACSHL06,METALRIPPER MANUFACTURING,275.0,0.0,275.0,245.0,67375.0
2025-04-17,UHAIRMACSHL07,METALRIPPER MANUFACTURING,776.0,0.0,776.0,245.0,190120.0
2025-04-17,UHAIRMACSHL08,METALRIPPER MANUFACTURING,2623.0,0.0,2623.0,245.0,642635.0
2025-04-17,UHAIRMACSHL09,METALRIPPER MANUFACTURING,818.0,0.0,818.0,245.0,200410.0
2025-04-17,UHAIRMACSHL10,METALRIPPER MANUFACTURING,1108.0,0.0,1108.0,245.0,271460.0
2025-04-17,UHAIRMACSHL11,METALRIPPER MANUFACTURING,2241.0,0.0,2241.0,113.1,253459.99
2025-04-17,UHAIRMACSHL12,METALRIPPER MANUFACTURING,1169.0,0.0,1169.0,245.0,286405.0
2025-04-17,UHAIRMACSHL13,METALRIPPER MANUFACTURING,398.0,0.0,398.0,245.0,97510.0
2025-04-17,UHAIRMACSHL14,METALRIPPER MANUFACTURING,1164.0,0.0,1164.0,245.0,285180.0
2025-04-17,UHC2100NF50V,Avnet Asia Pte Ltd,200000.0,0.0,200000.0,0.03,5900.0
2025-04-17,UHC2C47PF25V,SEMISEARCH TECHNOLOGIES PRIVATE LIMITED,200000.0,0.0,200000.0,0.95,190000.0
2025-04-17,UHC2PCBAREV21,Zreyah Semiconductor Systems Pvt. Ltd.,5046.0,0.0,5046.0,50.0,252300.0
2025-04-17,UHCAPMUR01UF,Avnet Asia Pte Ltd,255000.0,0.0,255000.0,0.21,53045.1
2025-04-17,UHCAPMURE14D,Avnet Asia Pte Ltd,350000.0,0.0,350000.0,0.0,770.0
2025-04-17,UHCAPYAG10PF,SEMISEARCH TECHNOLOGIES PRIVATE LIMITED,105000.0,0.0,105000.0,0.25,26250.0
2025-04-17,UHCHA2BASS06,HANAV MANUFACTURING AND BUSINESS PRIVATE LIMITED,1008.0,0.0,1008.0,250.0,252000.0
2025-04-17,UHCHA2BASS08,HANAV MANUFACTURING AND BUSINESS PRIVATE LIMITED,1008.0,0.0,1008.0,260.0,262080.0
2025-04-17,UHCHARTOPS05,Aaru Plastics,90.0,0.0,90.0,38.0,3420.0
2025-04-17,UHCHARTOPS06,Aaru Plastics,685.0,0.0,685.0,38.0,26030.0
2025-04-17,UHCHARTOPS07,Aaru Plastics,822.0,0.0,822.0,38.0,31236.0
2025-04-17,UHCHARTOPS08,Aaru Plastics,853.0,0.0,853.0,38.0,32414.0
2025-04-17,UHCHARTOPS11,Aaru Plastics,181.0,0.0,181.0,38.0,6878.0
2025-04-17,UHCHARTOPS12,Aaru Plastics,222.0,0.0,222.0,38.0,8436.0
2025-04-17,UHDIOCOMT33V,"Swift Electrocomp Solutions Pvt Ltd.,",68000.0,0.0,68000.0,5.01,340680.0
2025-04-17,UHICHANA4124,Macnica Cytech Pte Ltd,36500.0,0.0,36500.0,205.59,7504184.29
2025-04-17,UHINDKYO15NH,"Swift Electrocomp Solutions Pvt Ltd.,",105000.0,0.0,105000.0,1.6,168000.0
2025-04-17,UHINDMUR1OUH,Avnet Asia Pte Ltd,100000.0,0.0,100000.0,0.04,4390.0
2025-04-17,UHINDMUR1OUH,"Swift Electrocomp Solutions Pvt Ltd.,",48000.0,0.0,48000.0,9.2,441600.0
2025-04-17,UHOPSANA61EF,Macnica Cytech Pte Ltd,50000.0,0.0,50000.0,261.59,13079320.5
2025-04-17,UHOSCECS27MH,Avnet Asia Pte Ltd,40000.0,0.0,40000.0,0.32,12800.0
2025-04-17,UHPCBRXCOS05,WITGAIN TECHNOLOGY LIMITED,5524.0,0.0,5524.0,0.23,1270.52
2025-04-17,UHPLASIZRS05,ZOEONE INDUSTRIES,2500.0,0.0,2500.0,3.5,8750.0
2025-04-17,UHPLASIZRS06,ZOEONE INDUSTRIES,2500.0,0.0,2500.0,3.5,8750.0
2025-04-17,UHPLASIZRS07,ZOEONE INDUSTRIES,2500.0,0.0,2500.0,3.5,8750.0
2025-04-17,UHPLASIZRS08,ZOEONE INDUSTRIES,2500.0,0.0,2500.0,3.5,8750.0
2025-04-17,UHPLASIZRS09,ZOEONE INDUSTRIES,2500.0,0.0,2500.0,3.5,8750.0
2025-04-17,UHPLASIZRS10,ZOEONE INDUSTRIES,2500.0,0.0,2500.0,3.5,8750.0
2025-04-17,UHPLASIZRS11,ZOEONE INDUSTRIES,2500.0,0.0,2500.0,3.5,8750.0
2025-04-17,UHPLASIZRS12,ZOEONE INDUSTRIES,2500.0,0.0,2500.0,3.5,8750.0
2025-04-17,UHPLASIZRS13,ZOEONE INDUSTRIES,2500.0,0.0,2500.0,3.5,8750.0
2025-04-17,UHPLASIZRS14,ZOEONE INDUSTRIES,2500.0,0.0,2500.0,3.5,8750.0
2025-04-17,UHPRINTBATPCB,Fortune Plastic Technologies,33929.0,0.0,33929.0,9.0,305361.0
2025-04-17,UHRESNMUR8PF,Avnet Asia Pte Ltd,140000.0,0.0,140000.0,21.49,3008331.8
2025-04-17,UHRESPAN1MOH,"Swift Electrocomp Solutions Pvt Ltd.,",400000.0,0.0,400000.0,0.36,144000.0
2025-04-17,UHRESPAN47KO,"Swift Electrocomp Solutions Pvt Ltd.,",6448.0,0.0,6448.0,0.58,3739.84
2025-04-17,UHRING1.6PCBA,Zreyah Semiconductor Systems Pvt. Ltd.,20031.0,0.0,20031.0,190.0,3805890.0
2025-04-17,UHTRAEPC200V,"Swift Electrocomp Solutions Pvt Ltd.,",135000.0,0.0,135000.0,59.56,8040600.0
2025-04-18,UH0.2MIRROR07,HANAV MANUFACTURING AND BUSINESS PRIVATE LIMITED,103.0,0.0,103.0,530.0,54590.0
2025-04-18,UH0.2MIRROR08,HANAV MANUFACTURING AND BUSINESS PRIVATE LIMITED,1.0,0.0,1.0,530.0,530.0
2025-04-18,UH0.2MIRROR09,HANAV MANUFACTURING AND BUSINESS PRIVATE LIMITED,41.0,0.0,41.0,530.0,21730.0
2025-04-18,UH0.2MIRROR10,HANAV MANUFACTURING AND BUSINESS PRIVATE LIMITED,203.0,0.0,203.0,530.0,107590.0
2025-04-18,UHC2C10UF50V,Avnet Asia Pte Ltd,183000.0,0.0,183000.0,0.04,6789.3
2025-04-18,UHCAPMUR01UF,Avnet Asia Pte Ltd,120000.0,0.0,120000.0,0.21,24962.4
2025-04-18,UHCAPMUR10UF,Avnet Asia Pte Ltd,348000.0,0.0,348000.0,3.12,1085871.36
2025-04-18,UHCAPMUR12PF,"Swift Electrocomp Solutions Pvt Ltd.,",135000.0,0.0,135000.0,0.2,27000.0
2025-04-18,UHCAPMUR22UF,Avnet Asia Pte Ltd,15000.0,0.0,15000.0,0.01,118.5
2025-04-18,UHCAPMUR820F,"Swift Electrocomp Solutions Pvt Ltd.,",90000.0,0.0,90000.0,0.27,24300.0
2025-04-18,UHCAPMURE14D,"Swift Electrocomp Solutions Pvt Ltd.,",147159.0,0.0,147159.0,0.36,52977.24
2025-04-18,UHCAPMURE1UF,Avnet Asia Pte Ltd,225000.0,0.0,225000.0,0.44,99459.0
2025-04-18,UHCHA2BASS09,Aaru Plastics,754.0,0.0,754.0,250.0,188500.0
2025-04-18,UHFSJW10M8M,Suprabha ColorGrafix Private Limited,100800.0,0.0,100800.0,0.02,1800.29
2025-04-18,UHFSJW5.6M7M,Suprabha ColorGrafix Private Limited,75600.0,0.0,75600.0,0.02,1800.79
2025-04-18,UHPLASIZRS05,ZOEONE INDUSTRIES,5000.0,0.0,5000.0,3.5,17500.0
2025-04-18,UHPLASIZRS06,ZOEONE INDUSTRIES,5000.0,0.0,5000.0,3.5,17500.0
2025-04-18,UHPLASIZRS07,ZOEONE INDUSTRIES,5000.0,0.0,5000.0,3.5,17500.0
2025-04-18,UHPLASIZRS08,ZOEONE INDUSTRIES,5000.0,0.0,5000.0,3.5,17500.0
2025-04-18,UHPLASIZRS09,ZOEONE INDUSTRIES,5000.0,0.0,5000.0,3.5,17500.0
2025-04-18,UHPLASIZRS10,ZOEONE INDUSTRIES,5000.0,0.0,5000.0,3.5,17500.0
2025-04-18,UHPLASIZRS11,ZOEONE INDUSTRIES,5000.0,0.0,5000.0,3.5,17500.0
2025-04-18,UHPLASIZRS12,ZOEONE INDUSTRIES,5000.0,0.0,5000.0,3.5,17500.0
2025-04-18,UHPLASIZRS13,ZOEONE INDUSTRIES,5000.0,0.0,5000.0,3.5,17500.0
2025-04-18,UHPLASIZRS14,ZOEONE INDUSTRIES,5000.0,0.0,5000.0,3.5,17500.0
2025-04-18,UHRESPAN01KO,"Swift Electrocomp Solutions Pvt Ltd.,",90000.0,0.0,90000.0,0.31,27900.0
2025-04-18,UHRESPAN47KO,"Swift Electrocomp Solutions Pvt Ltd.,",645000.0,0.0,645000.0,0.55,354750.0
2025-04-18,UHRING1.6PCBA,Zreyah Semiconductor Systems Pvt. Ltd.,15972.0,0.0,15972.0,190.0,3034680.0
2025-04-18,UHTAPS69X363,Suprabha ColorGrafix Private Limited,119800.0,0.0,119800.0,0.9,107820.0
2025-04-18,UHTIJWRTLS11,IILA INDUSTRIES (Regular Purchase),1100.0,0.0,1100.0,40.0,44000.0
2025-04-18,UHTIJWRTLS12,IILA INDUSTRIES (Regular Purchase),2500.0,0.0,2500.0,40.0,100000.0
2025-04-18,UHUSB4105GFAN,"Shenzhen Guozhi Electronic Co., Ltd",50000.0,0.0,50000.0,0.03,1300.0
2025-04-19,UH0.2MIRROR07,HANAV MANUFACTURING AND BUSINESS PRIVATE LIMITED,228.0,0.0,228.0,530.0,120840.0
2025-04-19,UH0.2MIRROR09,HANAV MANUFACTURING AND BUSINESS PRIVATE LIMITED,25.0,0.0,25.0,530.0,13250.0
2025-04-19,UH0.2MIRROR10,HANAV MANUFACTURING AND BUSINESS PRIVATE LIMITED,51.0,0.0,51.0,530.0,27030.0
2025-04-19,UHC2PCBAREV21,Zreyah Semiconductor Systems Pvt. Ltd.,4605.0,0.0,4605.0,50.0,230250.0
2025-04-19,UHCHA2BASS09,HANAV MANUFACTURING AND BUSINESS PRIVATE LIMITED,1008.0,0.0,1008.0,250.0,252000.0
2025-04-19,UHCHARTOPS05,Aaru Plastics,496.0,0.0,496.0,34.0,16864.0
2025-04-19,UHCHARTOPS06,Aaru Plastics,3256.0,6.0,3250.0,38.0,123500.0
2025-04-19,UHCHARTOPS07,Aaru Plastics,3460.0,0.0,3460.0,38.0,131480.0
2025-04-19,UHCHARTOPS08,Aaru Plastics,3175.0,20.0,3155.0,38.0,119890.0
2025-04-19,UHCHARTOPS11,Aaru Plastics,1367.0,0.0,1367.0,38.0,51946.0
2025-04-19,UHCHARTOPS12,Aaru Plastics,1192.0,0.0,1192.0,38.0,45296.0
2025-04-19,UHCHARTOPS13,Aaru Plastics,10.0,0.0,10.0,38.0,380.0
2025-04-19,UHCHARTOPS14,Aaru Plastics,50.0,0.0,50.0,38.0,1900.0
2025-04-19,UHPLASIZRS05,ZOEONE INDUSTRIES,2000.0,0.0,2000.0,3.5,7000.0
2025-04-19,UHPLASIZRS06,ZOEONE INDUSTRIES,2000.0,0.0,2000.0,3.5,7000.0
2025-04-19,UHPLASIZRS07,ZOEONE INDUSTRIES,2000.0,0.0,2000.0,3.5,7000.0
2025-04-19,UHPLASIZRS08,ZOEONE INDUSTRIES,2000.0,0.0,2000.0,3.5,7000.0
2025-04-19,UHPLASIZRS09,ZOEONE INDUSTRIES,2000.0,0.0,2000.0,3.5,7000.0
2025-04-19,UHPLASIZRS10,ZOEONE INDUSTRIES,2000.0,0.0,2000.0,3.5,7000.0
2025-04-19,UHPLASIZRS11,ZOEONE INDUSTRIES,2000.0,0.0,2000.0,3.5,7000.0
2025-04-19,UHPLASIZRS12,ZOEONE INDUSTRIES,2000.0,0.0,2000.0,3.5,7000.0
2025-04-19,UHPLASIZRS13,ZOEONE INDUSTRIES,2000.0,0.0,2000.0,3.5,7000.0
2025-04-19,UHPLASIZRS14,ZOEONE INDUSTRIES,2000.0,0.0,2000.0,3.5,7000.0
2025-04-19,UHPRINTBATPCB,Fortune Plastic Technologies,1158.0,0.0,1158.0,9.0,10422.0
2025-04-19,UHRING1.6PCBA,Zreyah Semiconductor Systems Pvt. Ltd.,8012.0,0.0,8012.0,190.0,1522280.0
2025-04-19,UHSWATCHAA,Mudra innovation,10000.0,751.0,9249.0,12.2,112837.8
2025-04-19,UHSWATCHAG,Mudra innovation,10000.0,2007.0,7993.0,12.2,97514.6
2025-04-19,UHSWATCHAS,Mudra innovation,10000.0,844.0,9156.0,12.2,111703.2
2025-04-19,UHSWATCHMG,Mudra innovation,10000.0,214.0,9786.0,12.2,119389.2
2025-04-19,UHSWATCHRT,Mudra innovation,10000.0,1091.0,8909.0,12.2,108689.8
2025-04-19,UHTIJWMGLS05,CP Global Solution Technologies,540.0,0.0,540.0,210.0,113400.0
2025-04-19,UHTIJWMGLS10,CP Global Solution Technologies,438.0,0.0,438.0,210.0,91980.0
2025-04-19,UHTIJWMGLS11,CP Global Solution Technologies,1271.0,0.0,1271.0,210.0,266910.0
2025-04-19,UHTIJWMGLS13,CP Global Solution Technologies,439.0,0.0,439.0,210.0,92190.0
2025-04-19,UHTIJWRTLS08,IILA INDUSTRIES (Regular Purchase),859.0,0.0,859.0,40.0,34360.0
2025-04-20,UH0.2MIRROR07,HANAV MANUFACTURING AND BUSINESS PRIVATE LIMITED,69.0,0.0,69.0,530.0,36570.0
2025-04-20,UH0.2MIRROR08,HANAV MANUFACTURING AND BUSINESS PRIVATE LIMITED,8.0,0.0,8.0,530.0,4240.0
2025-04-20,UH0.2MIRROR09,HANAV MANUFACTURING AND BUSINESS PRIVATE LIMITED,25.0,0.0,25.0,530.0,13250.0
2025-04-20,UH0.2MIRROR10,HANAV MANUFACTURING AND BUSINESS PRIVATE LIMITED,62.0,0.0,62.0,530.0,32860.0
2025-04-20,UH0.2MIRROR11,HANAV MANUFACTURING AND BUSINESS PRIVATE LIMITED,1.0,0.0,1.0,530.0,530.0
2025-04-20,UHAIRG0LDS05,CN Innovations Limited,119.0,0.0,119.0,632.73,75294.94
2025-04-20,UHAIRG0LDS06,CN Innovations Limited,238.0,0.0,238.0,632.73,150589.87
2025-04-20,UHAIRG0LDS07,CN Innovations Limited,3850.0,0.0,3850.0,632.73,2436012.66
2025-04-20,UHAIRG0LDS08,CN Innovations Limited,3850.0,0.0,3850.0,632.73,2436012.66
2025-04-20,UHAIRG0LDS10,CN Innovations Limited,33.0,0.0,33.0,745.41,24598.48
2025-04-20,UHAIRG0LDS14,CN Innovations Limited,19.0,0.0,19.0,745.41,14162.76
2025-04-20,UHAIRSILVS05,CN Innovations Limited,116.0,0.0,116.0,6.9,800.4
2025-04-20,UHAIRSILVS06,CN Innovations Limited,112.0,0.0,112.0,6.9,772.8
2025-04-20,UHAIRSILVS07,CN Innovations Limited,1313.0,0.0,1313.0,6.9,9059.7
2025-04-20,UHAIRSILVS08,CN Innovations Limited,1050.0,0.0,1050.0,6.9,7245.0
2025-04-20,UHAIRSILVS09,CN Innovations Limited,115.0,0.0,115.0,6.9,793.5
2025-04-20,UHAIRSILVS10,CN Innovations Limited,34.0,0.0,34.0,8.2,278.8
2025-04-20,UHCAPMUR820F,AGILE TRADE SOLUTIONS,60000.0,0.0,60000.0,0.42,25440.0
2025-04-20,UHCHA2BASS06,HANAV MANUFACTURING AND BUSINESS PRIVATE LIMITED,1470.0,0.0,1470.0,250.0,367500.0
2025-04-20,UHINDKYO15NH,AGILE TRADE SOLUTIONS,60000.0,0.0,60000.0,2.52,151200.0
2025-04-20,UHPLASIZRS05,ZOEONE INDUSTRIES,2500.0,0.0,2500.0,3.5,8750.0
2025-04-20,UHPLASIZRS06,ZOEONE INDUSTRIES,2500.0,0.0,2500.0,3.5,8750.0
2025-04-20,UHPLASIZRS07,ZOEONE INDUSTRIES,2500.0,0.0,2500.0,3.5,8750.0
2025-04-20,UHPLASIZRS08,ZOEONE INDUSTRIES,2500.0,0.0,2500.0,3.5,8750.0
2025-04-20,UHPLASIZRS09,ZOEONE INDUSTRIES,2500.0,0.0,2500.0,3.5,8750.0
2025-04-20,UHPLASIZRS10,ZOEONE INDUSTRIES,2500.0,0.0,2500.0,3.5,8750.0
2025-04-20,UHPLASIZRS11,ZOEONE INDUSTRIES,2500.0,0.0,2500.0,3.5,8750.0
2025-04-20,UHPLASIZRS12,ZOEONE INDUSTRIES,2500.0,0.0,2500.0,3.5,8750.0
2025-04-20,UHPLASIZRS13,ZOEONE INDUSTRIES,2500.0,0.0,2500.0,3.5,8750.0
2025-04-20,UHPLASIZRS14,ZOEONE INDUSTRIES,2500.0,0.0,2500.0,3.5,8750.0
2025-04-20,UHRESBOU01BO,AGILE TRADE SOLUTIONS,60000.0,0.0,60000.0,0.44,26550.0
2025-04-21,UH0.2MG07,CP Global Solution Technologies,188.0,0.0,188.0,210.0,39480.0
2025-04-21,UH0.2MG09,CP Global Solution Technologies,478.0,0.0,478.0,210.0,100380.0
2025-04-21,UHAIRBEADBS08,IILA INDUSTRIES (Regular Purchase),1000.0,0.0,1000.0,34.0,34000.0
2025-04-21,UHAIRBEADBS09,IILA INDUSTRIES (Regular Purchase),1200.0,0.0,1200.0,34.0,40800.0
2025-04-21,UHAIRBEADBS10,IILA INDUSTRIES (Regular Purchase),749.0,0.0,749.0,34.0,25466.0
2025-04-21,UHC3BASEPAINT,Aaru Plastics,1650.0,0.0,1650.0,250.0,412500.0
2025-04-21,UHCH2COHOS06,Fabforma Technologies Private Limited,1250.0,0.0,1250.0,35.0,43750.0
2025-04-21,UHCH2COHOS07,Fabforma Technologies Private Limited,500.0,0.0,500.0,35.0,17500.0
2025-04-21,UHCH2COHOS08,Fabforma Technologies Private Limited,1300.0,0.0,1300.0,35.0,45500.0
2025-04-21,UHCH2COHOS09,Fabforma Technologies Private Limited,1450.0,0.0,1450.0,35.0,50750.0
2025-04-21,UHCHA2BASS06,Aaru Plastics,529.0,0.0,529.0,250.0,132250.0
2025-04-21,UHCHA2BASS07,Aaru Plastics,104.0,0.0,104.0,250.0,26000.0
2025-04-21,UHCHA2BASS08,Aaru Plastics,59.0,0.0,59.0,250.0,14750.0
2025-04-21,UHCHA2BASS09,Aaru Plastics,1130.0,0.0,1130.0,250.0,282500.0
2025-04-21,UHCHA2BASS10,Aaru Plastics,1084.0,0.0,1084.0,250.0,271000.0
2025-04-21,UHCHARTOPS06,Aaru Plastics,904.0,0.0,904.0,38.0,34352.0
2025-04-21,UHCHARTOPS07,Aaru Plastics,683.0,0.0,683.0,38.0,25954.0
2025-04-21,UHCHARTOPS08,Aaru Plastics,858.0,0.0,858.0,38.0,32604.0
2025-04-21,UHCHARTOPS11,Aaru Plastics,109.0,0.0,109.0,38.0,4142.0
2025-04-21,UHCHARTOPS12,Aaru Plastics,62.0,0.0,62.0,38.0,2356.0
2025-04-21,UHPRINTBATPCB,Fortune Plastic Technologies,31250.0,0.0,31250.0,3.25,101562.5
2025-04-21,UHRING1.6PCBA,Zreyah Semiconductor Systems Pvt. Ltd.,4006.0,0.0,4006.0,190.0,761140.0
2025-04-21,UHTAPEDC10X8,Suprabha ColorGrafix Private Limited,204930.0,0.0,204930.0,0.3,61479.0
2025-04-21,UHTIJWMGLS08,CP Global Solution Technologies,1082.0,0.0,1082.0,210.0,227220.0
2025-04-21,UHTIJWRTLS06,IILA INDUSTRIES (Regular Purchase),742.0,0.0,742.0,40.0,29680.0
2025-04-21,UHTIJWRTLS09,IILA INDUSTRIES (Regular Purchase),1461.0,0.0,1461.0,40.0,58440.0
2025-04-21,UHTIJWRTLS10,IILA INDUSTRIES (Regular Purchase),700.0,0.0,700.0,40.0,28000.0
2025-04-22,UH0.2ACRMST08,METALRIPPER MANUFACTURING,120.0,0.0,120.0,165.0,19800.0
2025-04-22,UH0.2ACRMST10,METALRIPPER MANUFACTURING,25.0,0.0,25.0,165.0,4125.0
2025-04-22,UH0.2MIRROR07,HANAV MANUFACTURING AND BUSINESS PRIVATE LIMITED,108.0,0.0,108.0,530.0,57240.0
2025-04-22,UH0.2MIRROR08,HANAV MANUFACTURING AND BUSINESS PRIVATE LIMITED,20.0,0.0,20.0,530.0,10600.0
2025-04-22,UH0.2MIRROR09,HANAV MANUFACTURING AND BUSINESS PRIVATE LIMITED,29.0,0.0,29.0,530.0,15370.0
2025-04-22,UH0.2MIRROR10,HANAV MANUFACTURING AND BUSINESS PRIVATE LIMITED,127.0,0.0,127.0,530.0,67310.0
2025-04-22,UH0.2MIRROR11,HANAV MANUFACTURING AND BUSINESS PRIVATE LIMITED,35.0,0.0,35.0,530.0,18550.0
2025-04-22,UHCH2COHOS06,Fabforma Technologies Private Limited,2000.0,0.0,2000.0,35.0,70000.0
2025-04-22,UHCH2COHOS07,Fabforma Technologies Private Limited,1625.0,0.0,1625.0,35.0,56875.0
2025-04-22,UHCH2COHOS08,Fabforma Technologies Private Limited,1650.0,0.0,1650.0,35.0,57750.0
2025-04-22,UHCH2COHOS09,Fabforma Technologies Private Limited,1200.0,0.0,1200.0,35.0,42000.0
2025-04-22,UHCHA2BASS08,Aaru Plastics,1373.0,0.0,1373.0,250.0,343250.0
2025-04-22,UHCHARTOPS06,Aaru Plastics,1881.0,0.0,1881.0,38.0,71478.0
2025-04-22,UHCHARTOPS07,Aaru Plastics,1262.0,0.0,1262.0,38.0,47956.0
2025-04-22,UHCHARTOPS08,Aaru Plastics,2065.0,0.0,2065.0,38.0,78470.0
2025-04-22,UHCHARTOPS11,Aaru Plastics,833.0,0.0,833.0,38.0,31654.0
2025-04-22,UHCHARTOPS12,Aaru Plastics,661.0,0.0,661.0,38.0,25118.0
2025-04-22,UHLROODALVR,OODA INDUSTRIAL PRODUCTS,25000.0,0.0,25000.0,8.35,208750.0
2025-04-22,UHPRINTBATPCB,Fortune Plastic Technologies,2286.0,0.0,2286.0,9.0,20574.0
2025-04-22,UHRSOODALVR,OODA INDUSTRIAL PRODUCTS,100000.0,0.0,100000.0,9.82,982100.0
2025-04-22,UHTITANTOKEN,HANAV MANUFACTURING AND BUSINESS PRIVATE LIMITED,30.0,0.0,30.0,400.0,12000.0
2025-04-23,UH0.2MIRROR06,HANAV MANUFACTURING AND BUSINESS PRIVATE LIMITED,1.0,0.0,1.0,530.0,530.0
2025-04-23,UH0.2MIRROR07,HANAV MANUFACTURING AND BUSINESS PRIVATE LIMITED,57.0,0.0,57.0,530.0,30210.0
2025-04-23,UH0.2MIRROR08,HANAV MANUFACTURING AND BUSINESS PRIVATE LIMITED,12.0,0.0,12.0,530.0,6360.0
2025-04-23,UH0.2MIRROR09,HANAV MANUFACTURING AND BUSINESS PRIVATE LIMITED,10.0,0.0,10.0,530.0,5300.0
2025-04-23,UH0.2MIRROR10,HANAV MANUFACTURING AND BUSINESS PRIVATE LIMITED,95.0,0.0,95.0,530.0,50350.0
2025-04-23,UH0.2MIRROR11,HANAV MANUFACTURING AND BUSINESS PRIVATE LIMITED,2.0,0.0,2.0,530.0,1060.0
2025-04-23,UHC2TRCL72UH,WITGAIN TECHNOLOGY LIMITED,76200.0,0.0,76200.0,0.5,38100.0
2025-04-23,UHCHA2BASS06,Aaru Plastics,791.0,0.0,791.0,250.0,197750.0
2025-04-23,UHCHA2BASS06,HANAV MANUFACTURING AND BUSINESS PRIVATE LIMITED,1008.0,0.0,1008.0,250.0,252000.0
2025-04-23,UHCHA2BASS08,Aaru Plastics,500.0,0.0,500.0,250.0,125000.0
2025-04-23,UHCHARTOPS06,Aaru Plastics,648.0,0.0,648.0,38.0,24624.0
2025-04-23,UHCHARTOPS07,Aaru Plastics,854.0,0.0,854.0,38.0,32452.0
2025-04-23,UHCHARTOPS08,Aaru Plastics,1287.0,0.0,1287.0,38.0,48906.0
2025-04-23,UHCHARTOPS11,Aaru Plastics,169.0,0.0,169.0,38.0,6422.0
2025-04-23,UHCHARTOPS12,Aaru Plastics,79.0,0.0,79.0,38.0,3002.0
2025-04-23,UHICHSTM32G0,Ramakrishna Electro Components Pvt. Ltd.,54000.0,0.0,54000.0,41.76,2255040.0
2025-04-23,UHPCBREV15S6,WITGAIN TECHNOLOGY LIMITED,53191.0,0.0,53191.0,0.45,23723.19
2025-04-23,UHPLASIZRS05,ZOEONE INDUSTRIES,5000.0,0.0,5000.0,3.5,17500.0
2025-04-23,UHPLASIZRS06,ZOEONE INDUSTRIES,5000.0,0.0,5000.0,3.5,17500.0
2025-04-23,UHPLASIZRS07,ZOEONE INDUSTRIES,5000.0,0.0,5000.0,3.5,17500.0
2025-04-23,UHPLASIZRS08,ZOEONE INDUSTRIES,5000.0,0.0,5000.0,3.5,17500.0
2025-04-23,UHPLASIZRS09,ZOEONE INDUSTRIES,5000.0,0.0,5000.0,3.5,17500.0
2025-04-23,UHPLASIZRS10,ZOEONE INDUSTRIES,5000.0,0.0,5000.0,3.5,17500.0
2025-04-23,UHPLASIZRS11,ZOEONE INDUSTRIES,5000.0,0.0,5000.0,3.5,17500.0
2025-04-23,UHPLASIZRS12,ZOEONE INDUSTRIES,5000.0,0.0,5000.0,3.5,17500.0
2025-04-23,UHPLASIZRS13,ZOEONE INDUSTRIES,5000.0,0.0,5000.0,3.5,17500.0
2025-04-23,UHPLASIZRS14,ZOEONE INDUSTRIES,5000.0,0.0,5000.0,3.5,17500.0
2025-04-23,UHPRINTBATPCB,Fortune Plastic Technologies,2250.0,0.0,2250.0,9.0,20250.0
2025-04-23,UHRING1.6PCBA,Zreyah Semiconductor Systems Pvt. Ltd.,1971.0,0.0,1971.0,190.0,374490.0
2025-04-23,UHRINGAIRREV113S8CNA,WITGAIN TECHNOLOGY LIMITED,1200.0,0.0,1200.0,1.8,2160.0
2025-04-23,UHTAPS69X363,Suprabha ColorGrafix Private Limited,97768.0,0.0,97768.0,0.9,87991.2
2025-04-24,UH0.2ACRMST05,METALRIPPER MANUFACTURING,272.0,0.0,272.0,165.0,44880.0
2025-04-24,UH0.2ACRMST06,METALRIPPER MANUFACTURING,98.0,0.0,98.0,165.0,16170.0
2025-04-24,UH0.2ACRMST08,METALRIPPER MANUFACTURING,41.0,0.0,41.0,165.0,6765.0
2025-04-24,UH0.2MIRROR06,HANAV MANUFACTURING AND BUSINESS PRIVATE LIMITED,1.0,0.0,1.0,530.0,530.0
2025-04-24,UH0.2MIRROR07,HANAV MANUFACTURING AND BUSINESS PRIVATE LIMITED,27.0,0.0,27.0,530.0,14310.0
2025-04-24,UH0.2MIRROR08,HANAV MANUFACTURING AND BUSINESS PRIVATE LIMITED,154.0,0.0,154.0,530.0,81620.0
2025-04-24,UH0.2MIRROR09,HANAV MANUFACTURING AND BUSINESS PRIVATE LIMITED,1.0,0.0,1.0,530.0,530.0
2025-04-24,UH0.2MIRROR10,HANAV MANUFACTURING AND BUSINESS PRIVATE LIMITED,101.0,0.0,101.0,530.0,53530.0
2025-04-24,UH0.2MIRROR11,HANAV MANUFACTURING AND BUSINESS PRIVATE LIMITED,4.0,0.0,4.0,530.0,2120.0
2025-04-24,UHAIRMACSHL07,METALRIPPER MANUFACTURING,2205.0,0.0,2205.0,245.0,540225.0
2025-04-24,UHC2TRCL72UH,WITGAIN TECHNOLOGY LIMITED,61200.0,0.0,61200.0,0.5,30600.0
2025-04-24,UHCHA2BASS06,Aaru Plastics,1508.0,0.0,1508.0,250.0,377000.0
2025-04-24,UHCHA2BASS08,Aaru Plastics,599.0,0.0,599.0,250.0,149750.0
2025-04-24,UHCONSACETON,J V Chemicals,8.0,0.0,8.0,1444.8,11558.4
2025-04-24,UHCONSCLOTH,Hesh opto lab pvt ltd,200.0,0.0,200.0,120.0,24000.0
2025-04-24,UHCONSIPA,J V Chemicals,100.0,0.0,100.0,197.0,19700.0
2025-04-24,UHPLASIZRS05,ZOEONE INDUSTRIES,2000.0,0.0,2000.0,3.5,7000.0
2025-04-24,UHPLASIZRS06,ZOEONE INDUSTRIES,2000.0,0.0,2000.0,3.5,7000.0
2025-04-24,UHPLASIZRS07,ZOEONE INDUSTRIES,2000.0,0.0,2000.0,3.5,7000.0
2025-04-24,UHPLASIZRS08,ZOEONE INDUSTRIES,2000.0,0.0,2000.0,3.5,7000.0
2025-04-24,UHPLASIZRS09,ZOEONE INDUSTRIES,2000.0,0.0,2000.0,3.5,7000.0
2025-04-24,UHPLASIZRS10,ZOEONE INDUSTRIES,2000.0,0.0,2000.0,3.5,7000.0
2025-04-24,UHPLASIZRS11,ZOEONE INDUSTRIES,2000.0,0.0,2000.0,3.5,7000.0
2025-04-24,UHPLASIZRS12,ZOEONE INDUSTRIES,2000.0,0.0,2000.0,3.5,7000.0
2025-04-24,UHPLASIZRS13,ZOEONE INDUSTRIES,2000.0,0.0,2000.0,3.5,7000.0
2025-04-24,UHPLASIZRS14,ZOEONE INDUSTRIES,2000.0,0.0,2000.0,3.5,7000.0
2025-04-24,UHPRINTBATPCB,Fortune Plastic Technologies,2250.0,0.0,2250.0,9.0,20250.0
2025-04-24,UHSWATCHAA,Mudra innovation,10000.0,0.0,10000.0,12.2,122000.0
2025-04-24,UHSWATCHAG,Mudra innovation,10000.0,1748.0,8252.0,12.2,100674.4
2025-04-24,UHSWATCHAS,Mudra innovation,10000.0,436.0,9564.0,12.2,116680.8
2025-04-24,UHSWATCHMG,Mudra innovation,10000.0,274.0,9726.0,12.2,118657.2
2025-04-24,UHSWATCHRT,Mudra innovation,10000.0,781.0,9219.0,12.2,112471.8
2025-04-24,UHTIJWRTLS07,IILA INDUSTRIES (Regular Purchase),383.0,0.0,383.0,40.0,15320.0
2025-04-24,UHTIJWRTLS08,IILA INDUSTRIES (Regular Purchase),796.0,0.0,796.0,40.0,31840.0
2025-04-24,UHTIJWRTLS10,IILA INDUSTRIES (Regular Purchase),375.0,0.0,375.0,40.0,15000.0
2025-04-25,UH0.2MIRROR06,HANAV MANUFACTURING AND BUSINESS PRIVATE LIMITED,8.0,0.0,8.0,530.0,4240.0
2025-04-25,UH0.2MIRROR07,HANAV MANUFACTURING AND BUSINESS PRIVATE LIMITED,19.0,0.0,19.0,530.0,10070.0
2025-04-25,UH0.2MIRROR08,HANAV MANUFACTURING AND BUSINESS PRIVATE LIMITED,165.0,0.0,165.0,530.0,87450.0
2025-04-25,UH0.2MIRROR09,HANAV MANUFACTURING AND BUSINESS PRIVATE LIMITED,12.0,0.0,12.0,530.0,6360.0
2025-04-25,UH0.2MIRROR10,HANAV MANUFACTURING AND BUSINESS PRIVATE LIMITED,63.0,0.0,63.0,530.0,33390.0
2025-04-25,UH0.2MIRROR11,HANAV MANUFACTURING AND BUSINESS PRIVATE LIMITED,7.0,0.0,7.0,530.0,3710.0
2025-04-25,UHAIRBEADBS06,IILA INDUSTRIES (Regular Purchase),343.0,0.0,343.0,34.0,11662.0
2025-04-25,UHAIRBEADBS07,IILA INDUSTRIES (Regular Purchase),500.0,0.0,500.0,34.0,17000.0
2025-04-25,UHAIRBEADBS08,IILA INDUSTRIES (Regular Purchase),900.0,0.0,900.0,34.0,30600.0
2025-04-25,UHAIRBEADBS10,IILA INDUSTRIES (Regular Purchase),881.0,0.0,881.0,34.0,29954.0
2025-04-25,UHAIRBEADBS12,IILA INDUSTRIES (Regular Purchase),378.0,0.0,378.0,34.0,12852.0
2025-04-25,UHC2PCBAREV21,Zreyah Semiconductor Systems Pvt. Ltd.,11190.0,0.0,11190.0,50.0,559500.0
2025-04-25,UHC2PCBREV21,"Shenzhen JDB Technology Co., Ltd.",18000.0,0.0,18000.0,0.18,3240.0
2025-04-25,UHCH2COHOS05,Fabforma Technologies Private Limited,1400.0,0.0,1400.0,35.0,49000.0
2025-04-25,UHCH2COHOS06,Fabforma Technologies Private Limited,1810.0,0.0,1810.0,35.0,63350.0
2025-04-25,UHCH2COHOS07,Fabforma Technologies Private Limited,1875.0,0.0,1875.0,35.0,65625.0
2025-04-25,UHCH2COHOS08,Fabforma Technologies Private Limited,1390.0,0.0,1390.0,35.0,48650.0
2025-04-25,UHCH2COHOS09,Fabforma Technologies Private Limited,790.0,0.0,790.0,35.0,27650.0
2025-04-25,UHCHA2BASS06,HANAV MANUFACTURING AND BUSINESS PRIVATE LIMITED,1260.0,0.0,1260.0,250.0,315000.0
2025-04-25,UHCHA2BASS07,Aaru Plastics,1004.0,0.0,1004.0,250.0,251000.0
2025-04-25,UHCHA2BASS08,Aaru Plastics,490.0,3.0,487.0,250.0,121750.0
2025-04-25,UHCHA2BASS08,HANAV MANUFACTURING AND BUSINESS PRIVATE LIMITED,1008.0,0.0,1008.0,255.0,257040.0
2025-04-25,UHCHA2BASS09,HANAV MANUFACTURING AND BUSINESS PRIVATE LIMITED,504.0,0.0,504.0,250.0,126000.0
2025-04-25,UHCHARTOPS06,Aaru Plastics,1794.0,0.0,1794.0,38.0,68172.0
2025-04-25,UHCHARTOPS07,Aaru Plastics,873.0,0.0,873.0,38.0,33174.0
2025-04-25,UHCHARTOPS08,Aaru Plastics,1242.0,0.0,1242.0,38.0,47196.0
2025-04-25,UHCHARTOPS11,Aaru Plastics,102.0,0.0,102.0,38.0,3876.0
2025-04-25,UHCHARTOPS12,Aaru Plastics,58.0,0.0,58.0,38.0,2204.0
2025-04-25,UHPLASIZRS05,ZOEONE INDUSTRIES,1500.0,0.0,1500.0,3.5,5250.0
2025-04-25,UHPLASIZRS06,ZOEONE INDUSTRIES,1500.0,0.0,1500.0,3.5,5250.0
2025-04-25,UHPLASIZRS07,ZOEONE INDUSTRIES,1500.0,0.0,1500.0,3.5,5250.0
2025-04-25,UHPLASIZRS08,ZOEONE INDUSTRIES,1500.0,0.0,1500.0,3.5,5250.0
2025-04-25,UHPLASIZRS09,ZOEONE INDUSTRIES,1500.0,0.0,1500.0,3.5,5250.0
2025-04-25,UHPLASIZRS10,ZOEONE INDUSTRIES,1500.0,0.0,1500.0,3.5,5250.0
2025-04-25,UHPLASIZRS11,ZOEONE INDUSTRIES,1500.0,0.0,1500.0,3.5,5250.0
2025-04-25,UHPLASIZRS12,ZOEONE INDUSTRIES,1500.0,0.0,1500.0,3.5,5250.0
2025-04-25,UHPLASIZRS13,ZOEONE INDUSTRIES,1500.0,0.0,1500.0,3.5,5250.0
2025-04-25,UHPLASIZRS14,ZOEONE INDUSTRIES,1500.0,0.0,1500.0,3.5,5250.0
2025-04-25,UHPRINTBATPCB,Fortune Plastic Technologies,33125.0,0.0,33125.0,3.25,107656.25
2025-04-25,UHTIJWRTLS09,IILA INDUSTRIES (Regular Purchase),65.0,0.0,65.0,40.0,2600.0
2025-04-25,UHTIJWRTLS11,IILA INDUSTRIES (Regular Purchase),60.0,0.0,60.0,40.0,2400.0
2025-04-26,UH0.2ACRMST08,METALRIPPER MANUFACTURING,184.0,0.0,184.0,165.0,30360.0
2025-04-26,UH0.2ACRMST10,METALRIPPER MANUFACTURING,102.0,0.0,102.0,165.0,16830.0
2025-04-26,UH0.2MIRROR07,HANAV MANUFACTURING AND BUSINESS PRIVATE LIMITED,14.0,0.0,14.0,530.0,7420.0
2025-04-26,UH0.2MIRROR08,HANAV MANUFACTURING AND BUSINESS PRIVATE LIMITED,58.0,0.0,58.0,530.0,30740.0
2025-04-26,UH0.2MIRROR09,HANAV MANUFACTURING AND BUSINESS PRIVATE LIMITED,86.0,0.0,86.0,530.0,45580.0
2025-04-26,UH0.2MIRROR10,HANAV MANUFACTURING AND BUSINESS PRIVATE LIMITED,21.0,0.0,21.0,530.0,11130.0
2025-04-26,UH0.2MIRROR11,HANAV MANUFACTURING AND BUSINESS PRIVATE LIMITED,17.0,0.0,17.0,530.0,9010.0
2025-04-26,UHBOXTBTTRAY,"Bonito Packaging Co.,Ltd",10000.0,0.0,10000.0,31.98,319832.3
2025-04-26,UHBOXTOPTRAY,"Bonito Packaging Co.,Ltd",10000.0,0.0,10000.0,25.31,253092.2
2025-04-26,UHCHA2BASS06,HANAV MANUFACTURING AND BUSINESS PRIVATE LIMITED,540.0,0.0,540.0,250.0,135000.0
2025-04-26,UHCHA2BASS07,HANAV MANUFACTURING AND BUSINESS PRIVATE LIMITED,68.0,0.0,68.0,250.0,17000.0
2025-04-26,UHCHA2BASS08,Aaru Plastics,991.0,0.0,991.0,250.0,247750.0
2025-04-26,UHCHA2BASS08,HANAV MANUFACTURING AND BUSINESS PRIVATE LIMITED,36.0,0.0,36.0,260.0,9360.0
2025-04-26,UHCHA2BASS09,HANAV MANUFACTURING AND BUSINESS PRIVATE LIMITED,12.0,0.0,12.0,250.0,3000.0
2025-04-26,UHCHA2BASS10,HANAV MANUFACTURING AND BUSINESS PRIVATE LIMITED,100.0,0.0,100.0,250.0,25000.0
2025-04-26,UHCHARTOPS06,Aaru Plastics,1793.0,0.0,1793.0,38.0,68134.0
2025-04-26,UHCHARTOPS07,Aaru Plastics,1463.0,0.0,1463.0,38.0,55594.0
2025-04-26,UHCHARTOPS11,Aaru Plastics,146.0,0.0,146.0,38.0,5548.0
2025-04-26,UHCHARTOPS12,Aaru Plastics,83.0,0.0,83.0,38.0,3154.0
2025-04-26,UHPLASIZRS05,ZOEONE INDUSTRIES,1000.0,0.0,1000.0,3.5,3500.0
2025-04-26,UHPLASIZRS06,ZOEONE INDUSTRIES,1000.0,0.0,1000.0,3.5,3500.0
2025-04-26,UHPLASIZRS07,ZOEONE INDUSTRIES,1000.0,0.0,1000.0,3.5,3500.0
2025-04-26,UHPLASIZRS08,ZOEONE INDUSTRIES,1000.0,0.0,1000.0,3.5,3500.0
2025-04-26,UHPLASIZRS09,ZOEONE INDUSTRIES,1000.0,0.0,1000.0,3.5,3500.0
2025-04-26,UHPLASIZRS10,ZOEONE INDUSTRIES,1000.0,0.0,1000.0,3.5,3500.0
2025-04-26,UHPLASIZRS11,ZOEONE INDUSTRIES,1000.0,0.0,1000.0,3.5,3500.0
2025-04-26,UHPLASIZRS12,ZOEONE INDUSTRIES,1000.0,0.0,1000.0,3.5,3500.0
2025-04-26,UHPLASIZRS13,ZOEONE INDUSTRIES,1000.0,0.0,1000.0,3.5,3500.0
2025-04-26,UHPLASIZRS14,ZOEONE INDUSTRIES,1000.0,0.0,1000.0,3.5,3500.0
2025-04-27,UHAIRG0LDS07,CN Innovations Limited,700.0,0.0,700.0,632.73,442911.39
2025-04-27,UHAIRG0LDS08,CN Innovations Limited,350.0,0.0,350.0,632.73,221455.7
2025-04-27,UHAIRMACSHL08,METALRIPPER MANUFACTURING,151.0,0.0,151.0,245.0,36995.0
2025-04-27,UHAIRMACSHL09,METALRIPPER MANUFACTURING,587.0,0.0,587.0,245.0,143815.0
2025-04-27,UHAIRSILVS06,CN Innovations Limited,350.0,0.0,350.0,6.9,2415.0
2025-04-27,UHAIRSILVS07,CN Innovations Limited,350.0,0.0,350.0,6.9,2415.0
2025-04-27,UHAIRSILVS08,CN Innovations Limited,1050.0,0.0,1050.0,6.9,7245.0
2025-04-27,UHAIRSILVS09,CN Innovations Limited,280.0,0.0,280.0,6.9,1932.0
2025-04-27,UHCHA2BASS08,HANAV MANUFACTURING AND BUSINESS PRIVATE LIMITED,1260.0,0.0,1260.0,250.0,315000.0
2025-04-27,UHCHARTOPS06,Aaru Plastics,966.0,0.0,966.0,38.0,36708.0
2025-04-27,UHCHARTOPS07,Aaru Plastics,1731.0,0.0,1731.0,38.0,65778.0
2025-04-27,UHCHARTOPS08,Aaru Plastics,1256.0,0.0,1256.0,38.0,47728.0
2025-04-27,UHCHARTOPS11,Aaru Plastics,549.0,0.0,549.0,38.0,20862.0
2025-04-27,UHCHARTOPS12,Aaru Plastics,122.0,0.0,122.0,38.0,4636.0
2025-04-27,UHPCBRXCOS05,WITGAIN TECHNOLOGY LIMITED,14106.0,0.0,14106.0,0.23,3244.38
2025-04-27,UHPCBRXCOS13,WITGAIN TECHNOLOGY LIMITED,5000.0,0.0,5000.0,0.23,1150.0
2025-04-27,UHPLASIZRS05,ZOEONE INDUSTRIES,1000.0,0.0,1000.0,3.5,3500.0
2025-04-27,UHPLASIZRS06,ZOEONE INDUSTRIES,1000.0,0.0,1000.0,3.5,3500.0
2025-04-27,UHPLASIZRS07,ZOEONE INDUSTRIES,1000.0,0.0,1000.0,3.5,3500.0
2025-04-27,UHPLASIZRS08,ZOEONE INDUSTRIES,1000.0,0.0,1000.0,3.5,3500.0
2025-04-27,UHPLASIZRS09,ZOEONE INDUSTRIES,1000.0,0.0,1000.0,3.5,3500.0
2025-04-27,UHPLASIZRS10,ZOEONE INDUSTRIES,1000.0,0.0,1000.0,3.5,3500.0
2025-04-27,UHPLASIZRS11,ZOEONE INDUSTRIES,1000.0,0.0,1000.0,3.5,3500.0
2025-04-27,UHPLASIZRS12,ZOEONE INDUSTRIES,1000.0,0.0,1000.0,3.5,3500.0
2025-04-27,UHPLASIZRS13,ZOEONE INDUSTRIES,1000.0,0.0,1000.0,3.5,3500.0
2025-04-27,UHPLASIZRS14,ZOEONE INDUSTRIES,1000.0,0.0,1000.0,3.5,3500.0
2025-04-28,UH0.2ACRMST08,METALRIPPER MANUFACTURING,71.0,0.0,71.0,165.0,11715.0
2025-04-28,UH0.2ACRMST10,METALRIPPER MANUFACTURING,76.0,0.0,76.0,165.0,12540.0
2025-04-28,UH0.2AG05,CN Innovations Limited,350.0,0.0,350.0,577.11,201988.08
2025-04-28,UH0.2AG06,CN Innovations Limited,700.0,0.0,700.0,577.11,403976.16
2025-04-28,UH0.2AG07,CN Innovations Limited,2100.0,0.0,2100.0,577.11,1211928.48
2025-04-28,UH0.2AG08,CN Innovations Limited,1750.0,0.0,1750.0,577.11,1009940.4
2025-04-28,UH0.2AG09,CN Innovations Limited,2800.0,0.0,2800.0,577.11,1615904.64
2025-04-28,UHC2068NF50V,"Swift Electrocomp Solutions Pvt Ltd.,",252000.0,0.0,252000.0,0.91,229320.0
2025-04-28,UHCH2COHOS06,Fabforma Technologies Private Limited,1115.0,0.0,1115.0,35.0,39025.0
2025-04-28,UHCH2COHOS07,Fabforma Technologies Private Limited,1280.0,0.0,1280.0,35.0,44800.0
2025-04-28,UHCH2COHOS08,Fabforma Technologies Private Limited,1500.0,0.0,1500.0,35.0,52500.0
2025-04-28,UHCH2COHOS09,Fabforma Technologies Private Limited,250.0,0.0,250.0,35.0,8750.0
2025-04-28,UHCHA2BASS07,Aaru Plastics,500.0,0.0,500.0,250.0,125000.0
2025-04-28,UHCHA2BASS07,HANAV MANUFACTURING AND BUSINESS PRIVATE LIMITED,336.0,0.0,336.0,250.0,84000.0
2025-04-28,UHCHA2BASS08,Aaru Plastics,1000.0,0.0,1000.0,250.0,250000.0
2025-04-28,UHCHA2BASS08,HANAV MANUFACTURING AND BUSINESS PRIVATE LIMITED,396.0,0.0,396.0,260.0,102960.0
2025-04-28,UHCHA2BASS09,Aaru Plastics,336.0,0.0,336.0,250.0,84000.0
2025-04-28,UHCHA2BASS09,HANAV MANUFACTURING AND BUSINESS PRIVATE LIMITED,1008.0,0.0,1008.0,250.0,252000.0
2025-04-28,UHLROODALVR,OODA INDUSTRIAL PRODUCTS,25000.0,0.0,25000.0,8.35,208750.0
2025-04-28,UHRESPAN01KO,"Swift Electrocomp Solutions Pvt Ltd.,",119280.0,0.0,119280.0,0.31,36976.8
2025-04-28,UHRESPAN47KO,"Swift Electrocomp Solutions Pvt Ltd.,",90000.0,0.0,90000.0,0.58,52200.0
2025-04-28,UHRESYAG074O,"Swift Electrocomp Solutions Pvt Ltd.,",60000.0,0.0,60000.0,0.85,51000.0
2025-04-28,UHRING1.6PCBA,Zreyah Semiconductor Systems Pvt. Ltd.,4008.0,0.0,4008.0,190.0,761520.0
2025-04-28,UHRSOODALVR,OODA INDUSTRIAL PRODUCTS,100000.0,0.0,100000.0,9.82,982100.0
2025-04-29,UH0.2AG05,CN Innovations Limited,1050.0,0.0,1050.0,577.11,605964.24
2025-04-29,UH0.2AG06,CN Innovations Limited,2800.0,0.0,2800.0,577.11,1615904.64
2025-04-29,UH0.2AG07,CN Innovations Limited,3150.0,0.0,3150.0,577.11,1817892.72
2025-04-29,UH0.2AG08,CN Innovations Limited,1750.0,0.0,1750.0,577.11,1009940.4
2025-04-29,UH0.2AG09,CN Innovations Limited,1400.0,1050.0,350.0,577.11,201988.08
2025-04-29,UH0.2MIRROR06,HANAV MANUFACTURING AND BUSINESS PRIVATE LIMITED,2.0,0.0,2.0,530.0,1060.0
2025-04-29,UH0.2MIRROR07,HANAV MANUFACTURING AND BUSINESS PRIVATE LIMITED,26.0,0.0,26.0,530.0,13780.0
2025-04-29,UH0.2MIRROR08,HANAV MANUFACTURING AND BUSINESS PRIVATE LIMITED,52.0,0.0,52.0,530.0,27560.0
2025-04-29,UH0.2MIRROR09,HANAV MANUFACTURING AND BUSINESS PRIVATE LIMITED,175.0,0.0,175.0,530.0,92750.0
2025-04-29,UH0.2MIRROR10,HANAV MANUFACTURING AND BUSINESS PRIVATE LIMITED,69.0,0.0,69.0,530.0,36570.0
2025-04-29,UH0.2MIRROR11,HANAV MANUFACTURING AND BUSINESS PRIVATE LIMITED,61.0,0.0,61.0,530.0,32330.0
2025-04-29,UHAIRMACSHL08,METALRIPPER MANUFACTURING,151.0,0.0,151.0,245.0,36995.0
2025-04-29,UHAIRMACSHL09,METALRIPPER MANUFACTURING,935.0,0.0,935.0,245.0,229075.0
2025-04-29,UHAIRMACSHL10,METALRIPPER MANUFACTURING,477.0,0.0,477.0,245.0,116865.0
2025-04-29,UHBOTTOMPADS,Radha labels and printers,18000.0,0.0,18000.0,4.95,89100.0
2025-04-29,UHC2PCBREV21,"Shenzhen JDB Technology Co., Ltd.",30192.0,0.0,30192.0,0.17,5258.54
2025-04-29,UHCAPMUR047F,"Swift Electrocomp Solutions Pvt Ltd.,",50000.0,0.0,50000.0,0.25,12500.0
2025-04-29,UHCAPMUR12PF,"Swift Electrocomp Solutions Pvt Ltd.,",200000.0,0.0,200000.0,0.2,40000.0
2025-04-29,UHCHA2BASS08,HANAV MANUFACTURING AND BUSINESS PRIVATE LIMITED,1512.0,0.0,1512.0,260.0,393120.0
2025-04-29,UHCHARTOPS06,Aaru Plastics,1498.0,0.0,1498.0,38.0,56924.0
2025-04-29,UHCHARTOPS07,Aaru Plastics,1640.0,0.0,1640.0,38.0,62320.0
2025-04-29,UHCHARTOPS08,Aaru Plastics,1490.0,0.0,1490.0,38.0,56620.0
2025-04-29,UHCHARTOPS11,Aaru Plastics,255.0,0.0,255.0,38.0,9690.0
2025-04-29,UHCHARTOPS12,Aaru Plastics,77.0,0.0,77.0,38.0,2926.0
2025-04-29,UHPCBRXCOS05,WITGAIN TECHNOLOGY LIMITED,370.0,0.0,370.0,20.2,7475.18
2025-04-29,UHPCBRXCOS10,WITGAIN TECHNOLOGY LIMITED,30000.0,0.0,30000.0,20.2,606096.0
2025-04-29,UHPCBRXCOS11,WITGAIN TECHNOLOGY LIMITED,20000.0,0.0,20000.0,20.2,404064.0
2025-04-29,UHPCBRXCOS12,WITGAIN TECHNOLOGY LIMITED,20000.0,0.0,20000.0,20.2,404064.0
2025-04-29,UHPLASIZRS05,ZOEONE INDUSTRIES,1000.0,0.0,1000.0,3.5,3500.0
2025-04-29,UHPLASIZRS06,ZOEONE INDUSTRIES,1000.0,0.0,1000.0,3.5,3500.0
2025-04-29,UHPLASIZRS07,ZOEONE INDUSTRIES,1000.0,0.0,1000.0,3.5,3500.0
2025-04-29,UHPLASIZRS08,ZOEONE INDUSTRIES,1000.0,0.0,1000.0,3.5,3500.0
2025-04-29,UHPLASIZRS09,ZOEONE INDUSTRIES,1000.0,0.0,1000.0,3.5,3500.0
2025-04-29,UHPLASIZRS10,ZOEONE INDUSTRIES,1000.0,0.0,1000.0,3.5,3500.0
2025-04-29,UHPLASIZRS11,ZOEONE INDUSTRIES,1000.0,0.0,1000.0,3.5,3500.0
2025-04-29,UHPLASIZRS12,ZOEONE INDUSTRIES,1000.0,0.0,1000.0,3.5,3500.0
2025-04-29,UHPLASIZRS13,ZOEONE INDUSTRIES,1000.0,0.0,1000.0,3.5,3500.0
2025-04-29,UHPLASIZRS14,ZOEONE INDUSTRIES,1000.0,0.0,1000.0,3.5,3500.0
2025-04-29,UHRESPAN47KO,"Swift Electrocomp Solutions Pvt Ltd.,",60000.0,0.0,60000.0,0.58,34800.0
2025-04-29,UHSWATCHAA,Mudra innovation,10000.0,333.0,9667.0,12.2,117937.4
2025-04-29,UHSWATCHAG,Mudra innovation,10000.0,1010.0,8990.0,12.2,109678.0
2025-04-29,UHSWATCHAS,Mudra innovation,10000.0,517.0,9483.0,12.2,115692.6
2025-04-29,UHSWATCHMG,Mudra innovation,10000.0,110.0,9890.0,12.2,120658.0
2025-04-29,UHSWATCHRT,Mudra innovation,10000.0,372.0,9628.0,12.2,117461.6
2025-04-29,UHTAPEBATPCB,"Shenzhen JDB Technology Co., Ltd.",37500.0,0.0,37500.0,0.06,2126.25
2025-04-30,UH0.2ACRMST06,METALRIPPER MANUFACTURING,385.0,0.0,385.0,165.0,63525.0
2025-04-30,UH0.2ACRMST08,METALRIPPER MANUFACTURING,50.0,0.0,50.0,165.0,8250.0
2025-04-30,UH0.2ACRMST10,METALRIPPER MANUFACTURING,80.0,0.0,80.0,165.0,13200.0
2025-04-30,UH0.2ACRMST11,METALRIPPER MANUFACTURING,152.0,0.0,152.0,165.0,25080.0
2025-04-30,UH0.2AS09,CN Innovations Limited,1050.0,0.0,1050.0,545.49,572760.72
2025-04-30,UHACRPOLMSTS07,METALRIPPER MANUFACTURING,192.0,0.0,192.0,250.0,48000.0
2025-04-30,UHAIRMACSHL07,METALRIPPER MANUFACTURING,1171.0,0.0,1171.0,245.0,286895.0
2025-04-30,UHBLTP204M7M,Suprabha ColorGrafix Private Limited,94000.0,0.0,94000.0,2.1,197400.0
2025-04-30,UHCHA2BASS05,HANAV MANUFACTURING AND BUSINESS PRIVATE LIMITED,504.0,0.0,504.0,250.0,126000.0
2025-04-30,UHCHA2BASS07,Aaru Plastics,500.0,0.0,500.0,250.0,125000.0
2025-04-30,UHCHA2BASS08,Aaru Plastics,1462.0,0.0,1462.0,250.0,365500.0
2025-04-30,UHCHA2BASS08,HANAV MANUFACTURING AND BUSINESS PRIVATE LIMITED,1008.0,0.0,1008.0,250.0,252000.0
2025-04-30,UHCHA2BASS09,Aaru Plastics,741.0,0.0,741.0,250.0,185250.0
2025-04-30,UHCHARTOPS06,Aaru Plastics,420.0,0.0,420.0,38.0,15960.0
2025-04-30,UHCHARTOPS07,Aaru Plastics,1576.0,0.0,1576.0,38.0,59888.0
2025-04-30,UHCHARTOPS08,Aaru Plastics,1494.0,0.0,1494.0,38.0,56772.0
2025-04-30,UHCHARTOPS11,Aaru Plastics,309.0,0.0,309.0,38.0,11742.0
2025-04-30,UHCHARTOPS12,Aaru Plastics,53.0,0.0,53.0,38.0,2014.0
2025-04-30,UHRING1.6PCBA,Zreyah Semiconductor Systems Pvt. Ltd.,8017.0,0.0,8017.0,190.0,1523230.0
2025-05-02,UH0.2AA06,CP Global Solution Technologies,4.0,0.0,4.0,250.0,1000.0
2025-05-02,UH0.2AA07,CP Global Solution Technologies,1175.0,0.0,1175.0,250.0,293750.0
2025-05-02,UH0.2AA08,CP Global Solution Technologies,204.0,0.0,204.0,250.0,51000.0
2025-05-02,UH0.2AA09,CP Global Solution Technologies,361.0,0.0,361.0,250.0,90250.0
2025-05-02,UH0.2AA10,CP Global Solution Technologies,863.0,0.0,863.0,250.0,215750.0
2025-05-02,UH0.2AA11,CP Global Solution Technologies,42.0,0.0,42.0,250.0,10500.0
2025-05-02,UH0.2ACRMST05,METALRIPPER MANUFACTURING,107.0,0.0,107.0,165.0,17655.0
2025-05-02,UH0.2ACRMST10,METALRIPPER MANUFACTURING,105.0,0.0,105.0,165.0,17325.0
2025-05-02,UH0.2ACRMST11,METALRIPPER MANUFACTURING,53.0,0.0,53.0,165.0,8745.0
2025-05-02,UH0.2ACRMST14,METALRIPPER MANUFACTURING,115.0,0.0,115.0,165.0,18975.0
2025-05-02,UH0.2MIRROR06,HANAV MANUFACTURING AND BUSINESS PRIVATE LIMITED,5.0,0.0,5.0,530.0,2650.0
2025-05-02,UH0.2MIRROR07,HANAV MANUFACTURING AND BUSINESS PRIVATE LIMITED,209.0,0.0,209.0,530.0,110770.0
2025-05-02,UH0.2MIRROR08,HANAV MANUFACTURING AND BUSINESS PRIVATE LIMITED,18.0,0.0,18.0,530.0,9540.0
2025-05-02,UH0.2MIRROR09,HANAV MANUFACTURING AND BUSINESS PRIVATE LIMITED,255.0,0.0,255.0,530.0,135150.0
2025-05-02,UH0.2MIRROR10,HANAV MANUFACTURING AND BUSINESS PRIVATE LIMITED,44.0,0.0,44.0,530.0,23320.0
2025-05-02,UH0.2MIRROR11,HANAV MANUFACTURING AND BUSINESS PRIVATE LIMITED,146.0,0.0,146.0,530.0,77380.0
2025-05-02,UH0.2MIRROR12,HANAV MANUFACTURING AND BUSINESS PRIVATE LIMITED,2.0,0.0,2.0,530.0,1060.0
2025-05-02,UHACRPOLMSTS08,METALRIPPER MANUFACTURING,118.0,0.0,118.0,250.0,29500.0
2025-05-02,UHAIRBEADBS11,IILA INDUSTRIES (Regular Purchase),608.0,0.0,608.0,34.0,20672.0
2025-05-02,UHAIRBEADBS13,IILA INDUSTRIES (Regular Purchase),448.0,0.0,448.0,34.0,15232.0
2025-05-02,UHAIRMACSHL08,METALRIPPER MANUFACTURING,286.0,0.0,286.0,245.0,70070.0
2025-05-02,UHBOXTBTTRAY,"Bonito Packaging Co.,Ltd",10000.0,0.0,10000.0,31.98,319832.3
2025-05-02,UHBOXTOPTRAY,"Bonito Packaging Co.,Ltd",10000.0,0.0,10000.0,25.31,253092.2
2025-05-02,UHC2PCBAREV21,Zreyah Semiconductor Systems Pvt. Ltd.,6401.0,0.0,6401.0,50.0,320050.0
2025-05-02,UHCHA2BASS07,HANAV MANUFACTURING AND BUSINESS PRIVATE LIMITED,504.0,0.0,504.0,250.0,126000.0
2025-05-02,UHCHA2BASS08,Aaru Plastics,1234.0,0.0,1234.0,250.0,308500.0
2025-05-02,UHCHA2BASS08,HANAV MANUFACTURING AND BUSINESS PRIVATE LIMITED,504.0,0.0,504.0,260.0,131040.0
2025-05-02,UHCHA2BASS09,HANAV MANUFACTURING AND BUSINESS PRIVATE LIMITED,1008.0,0.0,1008.0,250.0,252000.0
2025-05-02,UHCHARTOPS07,Aaru Plastics,2628.0,0.0,2628.0,38.0,99864.0
2025-05-02,UHCHARTOPS08,Aaru Plastics,2970.0,0.0,2970.0,38.0,112860.0
2025-05-02,UHCHARTOPS09,Aaru Plastics,581.0,0.0,581.0,38.0,22078.0
2025-05-02,UHCHARTOPS10,Aaru Plastics,627.0,0.0,627.0,38.0,23826.0
2025-05-02,UHCHARTOPS11,Aaru Plastics,436.0,0.0,436.0,38.0,16568.0
2025-05-02,UHCHARTOPS12,Aaru Plastics,221.0,0.0,221.0,38.0,8398.0
2025-05-02,UHCHARTOPS13,Aaru Plastics,6.0,0.0,6.0,38.0,228.0
2025-05-02,UHCHARTOPS14,Aaru Plastics,16.0,0.0,16.0,38.0,608.0
2025-05-02,UHDIOCOMT33V,"Swift Electrocomp Solutions Pvt Ltd.,",56000.0,0.0,56000.0,5.01,280560.0
2025-05-02,UHICHNRF5284,MILLENNIUM SEMICONDUCTORS INDIA PRIVATE LIMITED,28000.0,0.0,28000.0,150.83,4223240.0
2025-05-02,UHLROODALVR,OODA INDUSTRIAL PRODUCTS,25000.0,0.0,25000.0,8.35,208750.0
2025-05-02,UHPCBREV15S6,WITGAIN TECHNOLOGY LIMITED,37910.0,0.0,37910.0,39.18,1485186.42
2025-05-02,UHPLASIZRS05,ZOEONE INDUSTRIES,1000.0,0.0,1000.0,3.5,3500.0
2025-05-02,UHPLASIZRS06,ZOEONE INDUSTRIES,1000.0,0.0,1000.0,3.5,3500.0
2025-05-02,UHPLASIZRS07,ZOEONE INDUSTRIES,1000.0,0.0,1000.0,3.5,3500.0
2025-05-02,UHPLASIZRS08,ZOEONE INDUSTRIES,1000.0,0.0,1000.0,3.5,3500.0
2025-05-02,UHPLASIZRS09,ZOEONE INDUSTRIES,1000.0,0.0,1000.0,3.5,3500.0
2025-05-02,UHPLASIZRS10,ZOEONE INDUSTRIES,1000.0,0.0,1000.0,3.5,3500.0
2025-05-02,UHPLASIZRS11,ZOEONE INDUSTRIES,1000.0,0.0,1000.0,3.5,3500.0
2025-05-02,UHPLASIZRS12,ZOEONE INDUSTRIES,1000.0,0.0,1000.0,3.5,3500.0
2025-05-02,UHPLASIZRS13,ZOEONE INDUSTRIES,1000.0,0.0,1000.0,3.5,3500.0
2025-05-02,UHPLASIZRS14,ZOEONE INDUSTRIES,1000.0,0.0,1000.0,3.5,3500.0
2025-05-02,UHPRINTBATPCB,Fortune Plastic Technologies,4500.0,0.0,4500.0,9.0,40500.0
2025-05-02,UHRESBOU01BO,"Swift Electrocomp Solutions Pvt Ltd.,",150000.0,0.0,150000.0,0.3,45000.0
2025-05-02,UHRGBTR24MAH,"Shenzhen Grepow Battery Co.,Ltd",11120.0,0.0,11120.0,338.03,3758939.53
2025-05-02,UHRING1.6PCBA,Zreyah Semiconductor Systems Pvt. Ltd.,12023.0,0.0,12023.0,190.0,2284370.0
2025-05-02,UHRSOODALVR,OODA INDUSTRIAL PRODUCTS,100000.0,0.0,100000.0,9.82,982100.0
2025-05-02,UHTIJWMGLS08,CP Global Solution Technologies,657.0,0.0,657.0,210.0,137970.0
2025-05-02,UHTIJWMGLS09,CP Global Solution Technologies,1062.0,0.0,1062.0,210.0,223020.0
2025-05-02,UHTIJWMGLS10,CP Global Solution Technologies,655.0,0.0,655.0,210.0,137550.0
2025-05-02,UHTIJWMGLS11,CP Global Solution Technologies,74.0,0.0,74.0,210.0,15540.0
2025-05-03,UHAIRBEADBS08,IILA INDUSTRIES (Regular Purchase),142.0,0.0,142.0,34.0,4828.0
2025-05-03,UHAIRBEADBS09,IILA INDUSTRIES (Regular Purchase),590.0,0.0,590.0,34.0,20060.0
2025-05-03,UHAIRBEADBS10,IILA INDUSTRIES (Regular Purchase),257.0,0.0,257.0,34.0,8738.0
2025-05-03,UHCHA2BASS07,HANAV MANUFACTURING AND BUSINESS PRIVATE LIMITED,1512.0,0.0,1512.0,250.0,378000.0
2025-05-03,UHCHA2BASS08,HANAV MANUFACTURING AND BUSINESS PRIVATE LIMITED,504.0,0.0,504.0,260.0,131040.0
2025-05-03,UHCHA2BASS09,Aaru Plastics,704.0,0.0,704.0,250.0,176000.0
2025-05-03,UHCHA2BASS10,Aaru Plastics,708.0,0.0,708.0,250.0,177000.0
2025-05-03,UHCHARTOPS07,Aaru Plastics,722.0,0.0,722.0,38.0,27436.0
2025-05-03,UHCHARTOPS08,Aaru Plastics,609.0,0.0,609.0,38.0,23142.0
2025-05-03,UHCHARTOPS09,Aaru Plastics,697.0,0.0,697.0,38.0,26486.0
2025-05-03,UHCHARTOPS10,Aaru Plastics,574.0,0.0,574.0,38.0,21812.0
2025-05-03,UHCHARTOPS11,Aaru Plastics,59.0,0.0,59.0,38.0,2242.0
2025-05-03,UHCHARTOPS12,Aaru Plastics,66.0,0.0,66.0,38.0,2508.0
2025-05-03,UHICHNRF5284,MILLENNIUM SEMICONDUCTORS INDIA PRIVATE LIMITED,63000.0,0.0,63000.0,150.83,9502290.0
2025-05-03,UHPLASIZRS05,ZOEONE INDUSTRIES,500.0,0.0,500.0,3.5,1750.0
2025-05-03,UHPLASIZRS06,ZOEONE INDUSTRIES,500.0,0.0,500.0,3.5,1750.0
2025-05-03,UHPLASIZRS07,ZOEONE INDUSTRIES,500.0,0.0,500.0,3.5,1750.0
2025-05-03,UHPLASIZRS08,ZOEONE INDUSTRIES,500.0,0.0,500.0,3.5,1750.0
2025-05-03,UHPLASIZRS09,ZOEONE INDUSTRIES,500.0,0.0,500.0,3.5,1750.0
2025-05-03,UHPLASIZRS10,ZOEONE INDUSTRIES,500.0,0.0,500.0,3.5,1750.0
2025-05-03,UHPLASIZRS11,ZOEONE INDUSTRIES,500.0,0.0,500.0,3.5,1750.0
2025-05-03,UHPLASIZRS12,ZOEONE INDUSTRIES,500.0,0.0,500.0,3.5,1750.0
2025-05-03,UHPLASIZRS13,ZOEONE INDUSTRIES,500.0,0.0,500.0,3.5,1750.0
2025-05-03,UHPLASIZRS14,ZOEONE INDUSTRIES,500.0,0.0,500.0,3.5,1750.0
2025-05-03,UHTIJWAABS06,CP Global Solution Technologies,550.0,0.0,550.0,250.0,137500.0
2025-05-03,UHTIJWAABS07,CP Global Solution Technologies,750.0,0.0,750.0,250.0,187500.0
2025-05-03,UHTIJWAABS08,CP Global Solution Technologies,1300.0,0.0,1300.0,250.0,325000.0
2025-05-03,UHTIJWAABS09,CP Global Solution Technologies,1400.0,0.0,1400.0,250.0,350000.0
2025-05-03,UHTIJWAABS11,CP Global Solution Technologies,1200.0,0.0,1200.0,250.0,300000.0
2025-05-05,UH0.2MIRROR07,HANAV MANUFACTURING AND BUSINESS PRIVATE LIMITED,86.0,0.0,86.0,530.0,45580.0
2025-05-05,UH0.2MIRROR08,HANAV MANUFACTURING AND BUSINESS PRIVATE LIMITED,47.0,0.0,47.0,530.0,24910.0
2025-05-05,UH0.2MIRROR09,HANAV MANUFACTURING AND BUSINESS PRIVATE LIMITED,100.0,0.0,100.0,530.0,53000.0
2025-05-05,UH0.2MIRROR10,HANAV MANUFACTURING AND BUSINESS PRIVATE LIMITED,45.0,0.0,45.0,530.0,23850.0
2025-05-05,UH0.2MIRROR11,HANAV MANUFACTURING AND BUSINESS PRIVATE LIMITED,29.0,0.0,29.0,530.0,15370.0
2025-05-05,UH0.2MIRROR12,HANAV MANUFACTURING AND BUSINESS PRIVATE LIMITED,2.0,0.0,2.0,530.0,1060.0
2025-05-05,UHAIRMACSHL08,METALRIPPER MANUFACTURING,86.0,0.0,86.0,245.0,21070.0
2025-05-05,UHAIRMACSHL11,METALRIPPER MANUFACTURING,1618.0,0.0,1618.0,245.0,396410.0
2025-05-05,UHC2PCBAREV21,Zreyah Semiconductor Systems Pvt. Ltd.,3000.0,0.0,3000.0,50.0,150000.0
2025-05-05,UHCH2COHOS07,Fabforma Technologies Private Limited,1500.0,0.0,1500.0,35.0,52500.0
2025-05-05,UHCH2COHOS08,Fabforma Technologies Private Limited,1400.0,0.0,1400.0,35.0,49000.0
2025-05-05,UHCHA2BASS07,HANAV MANUFACTURING AND BUSINESS PRIVATE LIMITED,1008.0,0.0,1008.0,260.0,262080.0
2025-05-05,UHCHA2BASS08,HANAV MANUFACTURING AND BUSINESS PRIVATE LIMITED,1008.0,0.0,1008.0,250.0,252000.0
2025-05-05,UHICHTEXTPS2,ARROW ELECTRONICS ASIA (S) PTE LTD,60000.0,0.0,60000.0,15.51,930894.0
2025-05-05,UHRING1.6PCBA,Zreyah Semiconductor Systems Pvt. Ltd.,6000.0,0.0,6000.0,190.0,1140000.0
2025-05-05,UHTAPEBATPCB,"Shenzhen JDB Technology Co., Ltd.",31250.0,0.0,31250.0,5.27,164700.0
2025-05-06,UH0.2AG05,CN Innovations Limited,1400.0,0.0,1400.0,577.11,807952.32
2025-05-06,UH0.2AG06,CN Innovations Limited,1050.0,0.0,1050.0,577.11,605964.24
2025-05-06,UH0.2AG07,CN Innovations Limited,4200.0,0.0,4200.0,577.11,2423856.96
2025-05-06,UH0.2AG08,CN Innovations Limited,3500.0,0.0,3500.0,577.11,2019880.8
2025-05-06,UH0.2AG09,CN Innovations Limited,2100.0,0.0,2100.0,577.11,1211928.48
2025-05-06,UH0.2MIRROR06,HANAV MANUFACTURING AND BUSINESS PRIVATE LIMITED,3.0,0.0,3.0,530.0,1590.0
2025-05-06,UH0.2MIRROR07,HANAV MANUFACTURING AND BUSINESS PRIVATE LIMITED,131.0,0.0,131.0,530.0,69430.0
2025-05-06,UH0.2MIRROR08,HANAV MANUFACTURING AND BUSINESS PRIVATE LIMITED,75.0,0.0,75.0,530.0,39750.0
2025-05-06,UH0.2MIRROR09,HANAV MANUFACTURING AND BUSINESS PRIVATE LIMITED,28.0,0.0,28.0,530.0,14840.0
2025-05-06,UH0.2MIRROR10,HANAV MANUFACTURING AND BUSINESS PRIVATE LIMITED,46.0,0.0,46.0,530.0,24380.0
2025-05-06,UH0.2MIRROR11,HANAV MANUFACTURING AND BUSINESS PRIVATE LIMITED,33.0,0.0,33.0,530.0,17490.0
2025-05-06,UHAIRG0LDS08,CN Innovations Limited,350.0,0.0,350.0,632.73,221455.7
2025-05-06,UHAIRMACSHL11,METALRIPPER MANUFACTURING,49.0,0.0,49.0,245.0,12005.0
2025-05-06,UHAIRMACSHL12,METALRIPPER MANUFACTURING,1041.0,0.0,1041.0,245.0,255045.0
2025-05-06,UHAIRSILVS08,CN Innovations Limited,350.0,0.0,350.0,6.9,2415.0
2025-05-06,UHAIRSILVS11,CN Innovations Limited,350.0,0.0,350.0,8.2,2870.0
2025-05-06,UHC2068NF50V,"Swift Electrocomp Solutions Pvt Ltd.,",91500.0,0.0,91500.0,0.91,83265.0
2025-05-06,UHC2FFCCN4P,Avnet Asia Pte Ltd,30000.0,0.0,30000.0,10.4,312031.5
2025-05-06,UHC2PCBAREV21,Zreyah Semiconductor Systems Pvt. Ltd.,3600.0,0.0,3600.0,50.0,180000.0
2025-05-06,UHCAPMUR01UF,Avnet Asia Pte Ltd,195000.0,0.0,195000.0,0.2,39969.15
2025-05-06,UHCAPMUR10UF,Avnet Asia Pte Ltd,20000.0,0.0,20000.0,3.12,62406.4
2025-05-06,UHCAPMUR12PF,Avnet Asia Pte Ltd,195000.0,0.0,195000.0,0.1,18841.68
2025-05-06,UHCAPMUR220F,Avnet Asia Pte Ltd,70000.0,0.0,70000.0,0.18,12297.6
2025-05-06,UHCAPMURE14D,Avnet Asia Pte Ltd,230000.0,0.0,230000.0,0.19,44447.04
2025-05-06,UHCHA2BASS07,Aaru Plastics,800.0,0.0,800.0,250.0,200000.0
2025-05-06,UHCHA2BASS08,Aaru Plastics,759.0,0.0,759.0,250.0,189750.0
2025-05-06,UHCHARTOPS06,Aaru Plastics,3163.0,0.0,3163.0,38.0,120194.0
2025-05-06,UHCHARTOPS07,Aaru Plastics,1567.0,0.0,1567.0,38.0,59546.0
2025-05-06,UHCHARTOPS08,Aaru Plastics,2284.0,0.0,2284.0,38.0,86792.0
2025-05-06,UHCHARTOPS09,Aaru Plastics,243.0,0.0,243.0,38.0,9234.0
2025-05-06,UHCHARTOPS10,Aaru Plastics,1036.0,0.0,1036.0,38.0,39368.0
2025-05-06,UHCHARTOPS11,Aaru Plastics,417.0,0.0,417.0,38.0,15846.0
2025-05-06,UHCHARTOPS12,Aaru Plastics,158.0,0.0,158.0,38.0,6004.0
2025-05-06,UHDIOTEXI14V,ARROW ELECTRONICS ASIA (S) PTE LTD,100000.0,0.0,100000.0,1.89,188856.0
2025-05-06,UHICHNRF5284,MILLENNIUM SEMICONDUCTORS INDIA PRIVATE LIMITED,14000.0,0.0,14000.0,150.83,2111620.0
2025-05-06,UHICHTEXLMR6,ARROW ELECTRONICS ASIA (S) PTE LTD,54000.0,0.0,54000.0,24.68,1332884.16
2025-05-06,UHICHTEXTPS2,ARROW ELECTRONICS ASIA (S) PTE LTD,72000.0,0.0,72000.0,17.3,1245922.56
2025-05-06,UHICHTEXUCC2,ARROW ELECTRONICS ASIA (S) PTE LTD,57000.0,0.0,57000.0,0.55,31065.0
2025-05-06,UHINDKYO15NH,"Swift Electrocomp Solutions Pvt Ltd.,",89975.0,0.0,89975.0,1.6,143960.0
2025-05-06,UHOSCECS27MH,Avnet Asia Pte Ltd,60000.0,0.0,60000.0,0.32,19200.0
2025-05-06,UHPLASIZRS05,ZOEONE INDUSTRIES,2000.0,0.0,2000.0,3.5,7000.0
2025-05-06,UHPLASIZRS06,ZOEONE INDUSTRIES,2000.0,0.0,2000.0,3.5,7000.0
2025-05-06,UHPLASIZRS07,ZOEONE INDUSTRIES,2000.0,0.0,2000.0,3.5,7000.0
2025-05-06,UHPLASIZRS08,ZOEONE INDUSTRIES,2000.0,0.0,2000.0,3.5,7000.0
2025-05-06,UHPLASIZRS09,ZOEONE INDUSTRIES,2000.0,0.0,2000.0,3.5,7000.0
2025-05-06,UHPLASIZRS10,ZOEONE INDUSTRIES,2000.0,0.0,2000.0,3.5,7000.0
2025-05-06,UHPLASIZRS11,ZOEONE INDUSTRIES,2000.0,0.0,2000.0,3.5,7000.0
2025-05-06,UHPLASIZRS12,ZOEONE INDUSTRIES,2000.0,0.0,2000.0,3.5,7000.0
2025-05-06,UHPLASIZRS13,ZOEONE INDUSTRIES,2000.0,0.0,2000.0,3.5,7000.0
2025-05-06,UHPLASIZRS14,ZOEONE INDUSTRIES,2000.0,0.0,2000.0,3.5,7000.0
2025-05-06,UHPRINTBATPCB,Fortune Plastic Technologies,7000.0,0.0,7000.0,9.0,63000.0
2025-05-06,UHRESPAN01KO,"Swift Electrocomp Solutions Pvt Ltd.,",150000.0,0.0,150000.0,0.31,46500.0
2025-05-06,UHRESVIS10OH,"Swift Electrocomp Solutions Pvt Ltd.,",90000.0,0.0,90000.0,0.3,27000.0
2025-05-06,UHRING1.6PCBA,Zreyah Semiconductor Systems Pvt. Ltd.,6492.0,0.0,6492.0,190.0,1233480.0
2025-05-06,UHSWATCHAA,Mudra innovation,5000.0,208.0,4792.0,12.2,58462.4
2025-05-06,UHSWATCHAG,Mudra innovation,5000.0,366.0,4634.0,12.2,56534.8
2025-05-06,UHSWATCHAS,Mudra innovation,5000.0,278.0,4722.0,12.2,57608.4
2025-05-06,UHSWATCHMG,Mudra innovation,5000.0,94.0,4906.0,12.2,59853.2
2025-05-06,UHSWATCHRT,Mudra innovation,5000.0,73.0,4927.0,12.2,60109.4
2025-05-06,UHTAPEBATPCB,"Shenzhen JDB Technology Co., Ltd.",68750.0,0.0,68750.0,2.42,166451.62
2025-05-06,UHTIJWMGLS06,CP Global Solution Technologies,191.0,0.0,191.0,210.0,40110.0
2025-05-06,UHTIJWMGLS07,CP Global Solution Technologies,428.0,0.0,428.0,210.0,89880.0
2025-05-06,UHTIJWMGLS08,CP Global Solution Technologies,912.0,0.0,912.0,210.0,191520.0
2025-05-06,UHTIJWMGLS10,CP Global Solution Technologies,728.0,0.0,728.0,210.0,152880.0
2025-05-06,UHTIJWMGLS12,CP Global Solution Technologies,336.0,0.0,336.0,210.0,70560.0
2025-05-07,UH0.2ACRMST12,METALRIPPER MANUFACTURING,274.0,0.0,274.0,165.0,45210.0
2025-05-07,UH0.2MIRROR07,HANAV MANUFACTURING AND BUSINESS PRIVATE LIMITED,98.0,0.0,98.0,530.0,51940.0
2025-05-07,UH0.2MIRROR08,HANAV MANUFACTURING AND BUSINESS PRIVATE LIMITED,79.0,0.0,79.0,530.0,41870.0
2025-05-07,UH0.2MIRROR09,HANAV MANUFACTURING AND BUSINESS PRIVATE LIMITED,15.0,0.0,15.0,530.0,7950.0
2025-05-07,UH0.2MIRROR10,HANAV MANUFACTURING AND BUSINESS PRIVATE LIMITED,170.0,0.0,170.0,530.0,90100.0
2025-05-07,UH0.2MIRROR11,HANAV MANUFACTURING AND BUSINESS PRIVATE LIMITED,8.0,0.0,8.0,530.0,4240.0
2025-05-07,UHACRPOLMSTS07,METALRIPPER MANUFACTURING,195.0,0.0,195.0,250.0,48750.0
2025-05-07,UHACRPOLMSTS08,METALRIPPER MANUFACTURING,85.0,0.0,85.0,250.0,21250.0
2025-05-07,UHACRPOLMSTS09,METALRIPPER MANUFACTURING,187.0,0.0,187.0,250.0,46750.0
2025-05-07,UHACRPOLMSTS10,METALRIPPER MANUFACTURING,153.0,0.0,153.0,250.0,38250.0
2025-05-07,UHACRPOLMSTS12,METALRIPPER MANUFACTURING,69.0,0.0,69.0,250.0,17250.0
2025-05-07,UHAIRBEADBS05,IILA INDUSTRIES (Regular Purchase),249.0,0.0,249.0,34.0,8466.0
2025-05-07,UHAIRBEADBS07,IILA INDUSTRIES (Regular Purchase),2001.0,0.0,2001.0,34.0,68034.0
2025-05-07,UHAIRBEADBS08,IILA INDUSTRIES (Regular Purchase),273.0,0.0,273.0,34.0,9282.0
2025-05-07,UHAIRBEADBS14,IILA INDUSTRIES (Regular Purchase),1053.0,0.0,1053.0,34.0,35802.0
2025-05-07,UHAIRMACSHL06,METALRIPPER MANUFACTURING,246.0,0.0,246.0,245.0,60270.0
2025-05-07,UHAIRMACSHL07,METALRIPPER MANUFACTURING,829.0,0.0,829.0,245.0,203105.0
2025-05-07,UHAIRMACSHL09,METALRIPPER MANUFACTURING,500.0,0.0,500.0,245.0,122500.0
2025-05-07,UHCAPMUR10UF,Avnet Asia Pte Ltd,348000.0,0.0,348000.0,3.12,1085871.36
2025-05-07,UHCH2COHOS06,Fabforma Technologies Private Limited,3250.0,0.0,3250.0,35.0,113750.0
2025-05-07,UHCHA2BASS07,Aaru Plastics,915.0,0.0,915.0,250.0,228750.0
2025-05-07,UHCHA2BASS07,HANAV MANUFACTURING AND BUSINESS PRIVATE LIMITED,1008.0,0.0,1008.0,250.0,252000.0
2025-05-07,UHCHA2BASS09,Aaru Plastics,545.0,0.0,545.0,250.0,136250.0
2025-05-07,UHCHA2BASS09,HANAV MANUFACTURING AND BUSINESS PRIVATE LIMITED,1008.0,0.0,1008.0,250.0,252000.0
2025-05-07,UHCHARTOPS06,Aaru Plastics,72.0,0.0,72.0,38.0,2736.0
2025-05-07,UHCHARTOPS07,Aaru Plastics,680.0,0.0,680.0,38.0,25840.0
2025-05-07,UHCHARTOPS08,Aaru Plastics,1059.0,0.0,1059.0,38.0,40242.0
2025-05-07,UHCHARTOPS09,Aaru Plastics,57.0,0.0,57.0,38.0,2166.0
2025-05-07,UHICHNRF5284,MILLENNIUM SEMICONDUCTORS INDIA PRIVATE LIMITED,14000.0,0.0,14000.0,150.83,2111620.0
2025-05-07,UHIND2213A156,AGILE TRADE SOLUTIONS,100.0,0.0,100.0,12.5,1250.0
2025-05-07,UHLEDWOR812B,AGILE TRADE SOLUTIONS,50000.0,0.0,50000.0,7.06,353000.0
2025-05-07,UHLROODALVR,OODA INDUSTRIAL PRODUCTS,95000.0,0.0,95000.0,8.35,793250.0
2025-05-07,UHPCBREV15S6,WITGAIN TECHNOLOGY LIMITED,61032.0,0.0,61032.0,39.18,2391028.69
2025-05-07,UHPCBRXCOS07,WITGAIN TECHNOLOGY LIMITED,65000.0,0.0,65000.0,36.01,2340936.0
2025-05-07,UHPCBRXCOS08,WITGAIN TECHNOLOGY LIMITED,46911.0,0.0,46911.0,27.23,1277405.29
2025-05-07,UHRDRPRCANTTDK,Avnet Asia Pte Ltd,12000.0,0.0,12000.0,0.12,1452.0
2025-05-07,UHRESBOU01BO,AGILE TRADE SOLUTIONS,40000.0,0.0,40000.0,0.44,17700.0
2025-05-07,UHRGBTR24MAH,"Shenzhen Grepow Battery Co.,Ltd",47430.0,0.0,47430.0,338.03,16032958.79
2025-05-07,UHRSOODALVR,OODA INDUSTRIAL PRODUCTS,208000.0,0.0,208000.0,9.82,2042768.0
2025-05-07,UHSENSMLX36V,MILLENNIUM SEMICONDUCTORS INDIA PRIVATE LIMITED,40000.0,0.0,40000.0,246.32,9852800.0
2025-05-08,UH0.2ACRMST05,METALRIPPER MANUFACTURING,131.0,0.0,131.0,250.0,32750.0
2025-05-08,UH0.2ACRMST06,METALRIPPER MANUFACTURING,563.0,0.0,563.0,250.0,140750.0
2025-05-08,UH0.2ACRMST07,METALRIPPER MANUFACTURING,92.0,0.0,92.0,250.0,23000.0
2025-05-08,UH0.2ACRMST08,METALRIPPER MANUFACTURING,186.0,0.0,186.0,250.0,46500.0
2025-05-08,UH0.2ACRMST09,METALRIPPER MANUFACTURING,116.0,0.0,116.0,250.0,29000.0
2025-05-08,UH0.2ACRMST10,METALRIPPER MANUFACTURING,57.0,0.0,57.0,165.0,9405.0
2025-05-08,UH0.2ACRMST12,METALRIPPER MANUFACTURING,365.0,0.0,365.0,250.0,91250.0
2025-05-08,UH0.2MIRROR06,HANAV MANUFACTURING AND BUSINESS PRIVATE LIMITED,2.0,0.0,2.0,530.0,1060.0
2025-05-08,UH0.2MIRROR07,HANAV MANUFACTURING AND BUSINESS PRIVATE LIMITED,63.0,0.0,63.0,530.0,33390.0
2025-05-08,UH0.2MIRROR08,HANAV MANUFACTURING AND BUSINESS PRIVATE LIMITED,24.0,0.0,24.0,530.0,12720.0
2025-05-08,UH0.2MIRROR09,HANAV MANUFACTURING AND BUSINESS PRIVATE LIMITED,68.0,0.0,68.0,530.0,36040.0
2025-05-08,UH0.2MIRROR10,HANAV MANUFACTURING AND BUSINESS PRIVATE LIMITED,76.0,0.0,76.0,530.0,40280.0
2025-05-08,UH0.2MIRROR11,HANAV MANUFACTURING AND BUSINESS PRIVATE LIMITED,1.0,0.0,1.0,530.0,530.0
2025-05-08,UHACRPOLMSTS05,METALRIPPER MANUFACTURING,149.0,0.0,149.0,250.0,37250.0
2025-05-08,UHAIRMACSHL06,METALRIPPER MANUFACTURING,87.0,0.0,87.0,245.0,21315.0
2025-05-08,UHAIRMACSHL08,METALRIPPER MANUFACTURING,129.0,0.0,129.0,245.0,31605.0
2025-05-08,UHAIRMACSHL09,METALRIPPER MANUFACTURING,216.0,0.0,216.0,245.0,52920.0
2025-05-08,UHAIRMACSHL10,METALRIPPER MANUFACTURING,79.0,0.0,79.0,245.0,19355.0
2025-05-08,UHCH2COHOS06,Fabforma Technologies Private Limited,4280.0,0.0,4280.0,35.0,149800.0
2025-05-08,UHCH2COHOS07,Fabforma Technologies Private Limited,2150.0,0.0,2150.0,35.0,75250.0
2025-05-08,UHCH2COHOS08,Fabforma Technologies Private Limited,2470.0,0.0,2470.0,35.0,86450.0
2025-05-08,UHCH2COHOS09,Fabforma Technologies Private Limited,875.0,0.0,875.0,35.0,30625.0
2025-05-08,UHCHA2BASS05,Aaru Plastics,500.0,0.0,500.0,250.0,125000.0
2025-05-08,UHCHA2BASS07,Aaru Plastics,500.0,0.0,500.0,250.0,125000.0
2025-05-08,UHCHA2BASS07,HANAV MANUFACTURING AND BUSINESS PRIVATE LIMITED,1008.0,0.0,1008.0,250.0,252000.0
2025-05-08,UHCHA2BASS08,HANAV MANUFACTURING AND BUSINESS PRIVATE LIMITED,384.0,0.0,384.0,260.0,99840.0
2025-05-08,UHCHA2BASS09,Aaru Plastics,500.0,0.0,500.0,250.0,125000.0
2025-05-08,UHCHA2BASS10,Aaru Plastics,990.0,0.0,990.0,250.0,247500.0
2025-05-08,UHCHARTOPS07,Aaru Plastics,14.0,0.0,14.0,38.0,532.0
2025-05-08,UHCHARTOPS08,Aaru Plastics,49.0,0.0,49.0,38.0,1862.0
2025-05-08,UHCHARTOPS09,Aaru Plastics,1191.0,0.0,1191.0,38.0,45258.0
2025-05-08,UHCHARTOPS10,Aaru Plastics,869.0,0.0,869.0,38.0,33022.0
2025-05-08,UHCHARTOPS11,Aaru Plastics,131.0,0.0,131.0,38.0,4978.0
2025-05-08,UHCHARTOPS12,Aaru Plastics,65.0,0.0,65.0,38.0,2470.0
2025-05-08,UHIGPACRMASS07,METALRIPPER MANUFACTURING,179.0,0.0,179.0,205.0,36695.0
2025-05-08,UHIGPACRMASS13,METALRIPPER MANUFACTURING,223.0,0.0,223.0,218.72,48775.0
2025-05-08,UHPCBREV15S6,WITGAIN TECHNOLOGY LIMITED,82001.0,0.0,82001.0,39.18,3212523.66
2025-05-08,UHPCBRXCOS07,WITGAIN TECHNOLOGY LIMITED,30000.0,0.0,30000.0,28.11,843264.0
2025-05-08,UHPCBRXCOS08,WITGAIN TECHNOLOGY LIMITED,33089.0,0.0,33089.0,27.23,901026.71
2025-05-08,UHPCBRXCOS09,WITGAIN TECHNOLOGY LIMITED,100000.0,0.0,100000.0,28.11,2810880.0
2025-05-09,UH0.2ACRMST07,METALRIPPER MANUFACTURING,137.0,0.0,137.0,250.0,34250.0
2025-05-09,UH0.2ACRMST09,METALRIPPER MANUFACTURING,60.0,0.0,60.0,250.0,15000.0
2025-05-09,UH0.2ACRMST14,METALRIPPER MANUFACTURING,180.0,0.0,180.0,250.0,45000.0
2025-05-09,UH0.2AG05,CN Innovations Limited,700.0,0.0,700.0,577.11,403976.16
2025-05-09,UH0.2AG06,CN Innovations Limited,3850.0,0.0,3850.0,577.11,2221868.88
2025-05-09,UH0.2AG07,CN Innovations Limited,5250.0,0.0,5250.0,577.11,3029821.2
2025-05-09,UH0.2AG08,CN Innovations Limited,4550.0,0.0,4550.0,577.11,2625845.04
2025-05-09,UH0.2AS09,CN Innovations Limited,350.0,0.0,350.0,545.49,190920.24
2025-05-09,UH0.2MIRROR07,HANAV MANUFACTURING AND BUSINESS PRIVATE LIMITED,44.0,0.0,44.0,530.0,23320.0
2025-05-09,UH0.2MIRROR08,HANAV MANUFACTURING AND BUSINESS PRIVATE LIMITED,92.0,0.0,92.0,530.0,48760.0
2025-05-09,UH0.2MIRROR09,HANAV MANUFACTURING AND BUSINESS PRIVATE LIMITED,21.0,0.0,21.0,530.0,11130.0
2025-05-09,UH0.2MIRROR10,HANAV MANUFACTURING AND BUSINESS PRIVATE LIMITED,144.0,0.0,144.0,530.0,76320.0
2025-05-09,UH0.2MIRROR11,HANAV MANUFACTURING AND BUSINESS PRIVATE LIMITED,1.0,0.0,1.0,530.0,530.0
2025-05-09,UH0.2MIRROR13,HANAV MANUFACTURING AND BUSINESS PRIVATE LIMITED,2.0,0.0,2.0,530.0,1060.0
2025-05-09,UHACCSTM6DSO,Ramakrishna Electro Components Pvt. Ltd.,40000.0,0.0,40000.0,146.0,5840000.0
2025-05-09,UHACRPOLMSTS08,METALRIPPER MANUFACTURING,100.0,0.0,100.0,250.0,25000.0
2025-05-09,UHAIRG0LDS05,CN Innovations Limited,350.0,0.0,350.0,641.23,224431.2
2025-05-09,UHAIRG0LDS06,CN Innovations Limited,668.0,0.0,668.0,637.18,425639.52
2025-05-09,UHAIRG0LDS07,CN Innovations Limited,1392.0,0.0,1392.0,639.14,889687.45
2025-05-09,UHAIRG0LDS08,CN Innovations Limited,3150.0,0.0,3150.0,641.23,2019880.8
2025-05-09,UHAIRG0LDS09,CN Innovations Limited,700.0,0.0,700.0,641.23,448862.4
2025-05-09,UHAIRG0LDS12,CN Innovations Limited,350.0,0.0,350.0,755.42,264398.4
2025-05-09,UHAIRMACSHL05,METALRIPPER MANUFACTURING,144.0,0.0,144.0,245.0,35280.0
2025-05-09,UHAIRMACSHL08,METALRIPPER MANUFACTURING,528.0,0.0,528.0,245.0,129360.0
2025-05-09,UHAIRMACSHL09,METALRIPPER MANUFACTURING,187.0,0.0,187.0,245.0,45815.0
2025-05-09,UHAIRMACSHL10,METALRIPPER MANUFACTURING,116.0,0.0,116.0,245.0,28420.0
2025-05-09,UHAIRMIRSHEL09,CN Innovations Limited,1050.0,0.0,1050.0,502.72,527853.3
2025-05-09,UHAIRSILVS06,CN Innovations Limited,350.0,0.0,350.0,6.9,2415.0
2025-05-09,UHAIRSILVS07,CN Innovations Limited,285.0,0.0,285.0,6.9,1966.5
2025-05-09,UHAIRSILVS08,CN Innovations Limited,282.0,0.0,282.0,6.9,1945.8
2025-05-09,UHBLTP204M7M,Suprabha ColorGrafix Private Limited,293154.0,0.0,293154.0,2.1,615623.4
2025-05-09,UHC2PCBREV21,"Shenzhen JDB Technology Co., Ltd.",30540.0,0.0,30540.0,0.19,5794.97
2025-05-09,UHCAPMUR01UF,SEMISEARCH TECHNOLOGIES PRIVATE LIMITED,600000.0,0.0,600000.0,0.48,288000.0
2025-05-09,UHCAPMUR047F,SEMISEARCH TECHNOLOGIES PRIVATE LIMITED,150000.0,0.0,150000.0,0.45,67500.0
2025-05-09,UHCAPMUR12PF,SEMISEARCH TECHNOLOGIES PRIVATE LIMITED,60000.0,0.0,60000.0,0.2,12000.0
2025-05-09,UHCAPMURE14D,SEMISEARCH TECHNOLOGIES PRIVATE LIMITED,250000.0,0.0,250000.0,0.36,90000.0
2025-05-09,UHCAPMURE1UF,SEMISEARCH TECHNOLOGIES PRIVATE LIMITED,600000.0,0.0,600000.0,1.35,810000.0
2025-05-09,UHCHA2BASS05,HANAV MANUFACTURING AND BUSINESS PRIVATE LIMITED,1008.0,0.0,1008.0,250.0,252000.0
2025-05-09,UHCHA2BASS08,HANAV MANUFACTURING AND BUSINESS PRIVATE LIMITED,1008.0,0.0,1008.0,250.0,252000.0
2025-05-09,UHCHA2BASS09,HANAV MANUFACTURING AND BUSINESS PRIVATE LIMITED,1000.0,0.0,1000.0,250.0,250000.0
2025-05-09,UHCHARTOPS06,Aaru Plastics,199.0,0.0,199.0,38.0,7562.0
2025-05-09,UHCHARTOPS07,Aaru Plastics,1009.0,0.0,1009.0,38.0,38342.0
2025-05-09,UHCHARTOPS08,Aaru Plastics,1755.0,0.0,1755.0,38.0,66690.0
2025-05-09,UHCHARTOPS10,Aaru Plastics,206.0,0.0,206.0,38.0,7828.0
2025-05-09,UHFSJW10M8M,Suprabha ColorGrafix Private Limited,33600.0,0.0,33600.0,0.05,1800.96
2025-05-09,UHICHSTM3117,Ramakrishna Electro Components Pvt. Ltd.,50000.0,0.0,50000.0,20.0,1000000.0
2025-05-09,UHICHSTM32G0,Ramakrishna Electro Components Pvt. Ltd.,30000.0,0.0,30000.0,41.76,1252800.0
2025-05-09,UHPCBRXCOS06,WITGAIN TECHNOLOGY LIMITED,30000.0,0.0,30000.0,44.8,1343952.0
2025-05-09,UHPLASIZRS05,ZOEONE INDUSTRIES,4500.0,0.0,4500.0,3.5,15750.0
2025-05-09,UHPLASIZRS06,ZOEONE INDUSTRIES,4500.0,0.0,4500.0,3.5,15750.0
2025-05-09,UHPLASIZRS07,ZOEONE INDUSTRIES,4500.0,0.0,4500.0,3.5,15750.0
2025-05-09,UHPLASIZRS08,ZOEONE INDUSTRIES,4500.0,0.0,4500.0,3.5,15750.0
2025-05-09,UHPLASIZRS09,ZOEONE INDUSTRIES,4500.0,0.0,4500.0,3.5,15750.0
2025-05-09,UHPLASIZRS10,ZOEONE INDUSTRIES,4500.0,0.0,4500.0,3.5,15750.0
2025-05-09,UHPLASIZRS11,ZOEONE INDUSTRIES,4500.0,0.0,4500.0,3.5,15750.0
2025-05-09,UHPLASIZRS12,ZOEONE INDUSTRIES,4500.0,0.0,4500.0,3.5,15750.0
2025-05-09,UHPLASIZRS13,ZOEONE INDUSTRIES,4500.0,0.0,4500.0,3.5,15750.0
2025-05-09,UHPLASIZRS14,ZOEONE INDUSTRIES,4500.0,0.0,4500.0,3.5,15750.0
2025-05-09,UHTAPEDC10X8,Suprabha ColorGrafix Private Limited,195620.0,0.0,195620.0,0.3,58686.0
2025-05-09,UHTAPS607X145,Suprabha ColorGrafix Private Limited,202000.0,0.0,202000.0,0.3,60600.0
2025-05-09,UHTAPS69X363,Suprabha ColorGrafix Private Limited,179418.0,0.0,179418.0,0.9,161476.2
2025-05-09,UHTIJWMGLS11,Oerlikon balzers coating india pvt ltd,80.0,0.0,80.0,207.0,16560.0
2025-05-09,UHTIJWMGLS13,Oerlikon balzers coating india pvt ltd,423.0,0.0,423.0,207.0,87561.0
2025-05-10,UH0.2ACRMST07,METALRIPPER MANUFACTURING,308.0,0.0,308.0,250.0,77000.0
2025-05-10,UH0.2AG05,CN Innovations Limited,350.0,0.0,350.0,577.11,201988.08
2025-05-10,UH0.2AG06,CN Innovations Limited,2100.0,0.0,2100.0,577.11,1211928.48
2025-05-10,UH0.2AG07,CN Innovations Limited,4550.0,0.0,4550.0,577.11,2625845.04
2025-05-10,UH0.2AG09,CN Innovations Limited,350.0,0.0,350.0,577.11,201988.08
2025-05-10,UH0.2AS09,CN Innovations Limited,350.0,0.0,350.0,545.49,190920.24
2025-05-10,UH0.2MIRROR07,HANAV MANUFACTURING AND BUSINESS PRIVATE LIMITED,6.0,0.0,6.0,530.0,3180.0
2025-05-10,UH0.2MIRROR08,HANAV MANUFACTURING AND BUSINESS PRIVATE LIMITED,97.0,0.0,97.0,530.0,51410.0
2025-05-10,UH0.2MIRROR09,HANAV MANUFACTURING AND BUSINESS PRIVATE LIMITED,5.0,0.0,5.0,530.0,2650.0
2025-05-10,UH0.2MIRROR10,HANAV MANUFACTURING AND BUSINESS PRIVATE LIMITED,132.0,0.0,132.0,530.0,69960.0
2025-05-10,UH0.2MIRROR13,HANAV MANUFACTURING AND BUSINESS PRIVATE LIMITED,2.0,0.0,2.0,530.0,1060.0
2025-05-10,UHAIRBEADBS06,IILA INDUSTRIES (Regular Purchase),246.0,0.0,246.0,34.0,8364.0
2025-05-10,UHAIRBEADBS07,IILA INDUSTRIES (Regular Purchase),800.0,0.0,800.0,34.0,27200.0
2025-05-10,UHAIRBEADBS09,IILA INDUSTRIES (Regular Purchase),547.0,0.0,547.0,34.0,18598.0
2025-05-10,UHAIRBEADBS11,IILA INDUSTRIES (Regular Purchase),519.0,0.0,519.0,34.0,17646.0
2025-05-10,UHAIRBEADBS12,IILA INDUSTRIES (Regular Purchase),436.0,0.0,436.0,34.0,14824.0
2025-05-10,UHAIRMACSHL08,METALRIPPER MANUFACTURING,158.0,0.0,158.0,245.0,38710.0
2025-05-10,UHAIRMACSHL09,METALRIPPER MANUFACTURING,323.0,0.0,323.0,245.0,79135.0
2025-05-10,UHAIRMACSHL10,METALRIPPER MANUFACTURING,192.0,0.0,192.0,245.0,47040.0
2025-05-10,UHBRUSHARG07,CN Innovations Limited,942.0,0.0,942.0,588.53,554393.38
2025-05-10,UHBRUSHARG08,CN Innovations Limited,425.0,0.0,425.0,588.53,250124.4
2025-05-10,UHC2FFCCN4P,AGILE TRADE SOLUTIONS,100000.0,0.0,100000.0,19.75,1975000.0
2025-05-10,UHC2INDU6.8UH,AGILE TRADE SOLUTIONS,102000.0,0.0,102000.0,16.9,1723800.0
2025-05-10,UHC2INDU6.8UH,ARROW ELECTRONICS ASIA (S) PTE LTD,201000.0,0.0,201000.0,6.45,1296998.01
2025-05-10,UHC2PCBAREV21,PODRAIN ELECTRONICS PRIVATE LIMITED,50.0,0.0,50.0,32.0,1600.0
2025-05-10,UHC2PCBAREV21,Zreyah Semiconductor Systems Pvt. Ltd.,9600.0,0.0,9600.0,50.0,480000.0
2025-05-10,UHC3BASEPAINT,Aaru Plastics,2008.0,0.0,2008.0,250.0,502000.0
2025-05-10,UHCAPMUR220F,SEMISEARCH TECHNOLOGIES PRIVATE LIMITED,30000.0,0.0,30000.0,0.71,21300.0
2025-05-10,UHCHA2BASS07,HANAV MANUFACTURING AND BUSINESS PRIVATE LIMITED,1008.0,0.0,1008.0,250.0,252000.0
2025-05-10,UHCHA2BASS08,Aaru Plastics,500.0,0.0,500.0,250.0,125000.0
2025-05-10,UHCHA2BASS09,Aaru Plastics,426.0,0.0,426.0,250.0,106500.0
2025-05-10,UHCHA2BASS09,HANAV MANUFACTURING AND BUSINESS PRIVATE LIMITED,1008.0,0.0,1008.0,250.0,252000.0
2025-05-10,UHCHARTOPS06,Aaru Plastics,82.0,0.0,82.0,38.0,3116.0
2025-05-10,UHCHARTOPS07,Aaru Plastics,969.0,0.0,969.0,38.0,36822.0
2025-05-10,UHCHARTOPS08,Aaru Plastics,488.0,0.0,488.0,38.0,18544.0
2025-05-10,UHCHARTOPS09,Aaru Plastics,940.0,0.0,940.0,38.0,35720.0
2025-05-10,UHCHARTOPS10,Aaru Plastics,1051.0,0.0,1051.0,38.0,39938.0
2025-05-10,UHCHARTOPS11,Aaru Plastics,94.0,0.0,94.0,38.0,3572.0
2025-05-10,UHCHARTOPS12,Aaru Plastics,51.0,0.0,51.0,38.0,1938.0
2025-05-10,UHCONSCLOTH,Hesh opto lab pvt ltd,50.0,0.0,50.0,120.0,6000.0
2025-05-10,UHINDKYO15NH,AGILE TRADE SOLUTIONS,105000.0,0.0,105000.0,2.52,264600.0
2025-05-10,UHLROODALVR,OODA INDUSTRIAL PRODUCTS,20500.0,0.0,20500.0,8.35,171175.0
2025-05-10,UHRING1.6PCBA,Zreyah Semiconductor Systems Pvt. Ltd.,13116.0,0.0,13116.0,190.0,2492040.0
2025-05-10,UHRINGECS320,Avnet Asia Pte Ltd,70000.0,0.0,70000.0,21.96,1537200.0
2025-05-10,UHRINGPCBA,PODRAIN ELECTRONICS PRIVATE LIMITED,48.0,0.0,48.0,75.0,3600.0
2025-05-10,UHRSOODALVR,OODA INDUSTRIAL PRODUCTS,82000.0,0.0,82000.0,9.82,805322.0
2025-05-11,UHAIRBEADBS05,IILA INDUSTRIES (Regular Purchase),140.0,0.0,140.0,279.0,39060.0
2025-05-11,UHAIRBEADBS06,IILA INDUSTRIES (Regular Purchase),81.0,0.0,81.0,34.0,2754.0
2025-05-11,UHAIRBEADBS08,IILA INDUSTRIES (Regular Purchase),635.0,0.0,635.0,34.0,21590.0
2025-05-11,UHAIRBEADBS09,IILA INDUSTRIES (Regular Purchase),387.0,0.0,387.0,34.0,13158.0
2025-05-12,UH0.2ACRMST07,METALRIPPER MANUFACTURING,135.0,0.0,135.0,250.0,33750.0
2025-05-12,UH0.2ACRMST09,METALRIPPER MANUFACTURING,96.0,0.0,96.0,165.0,15840.0
2025-05-12,UH0.2MIRROR06,HANAV MANUFACTURING AND BUSINESS PRIVATE LIMITED,1.0,0.0,1.0,530.0,530.0
2025-05-12,UH0.2MIRROR07,HANAV MANUFACTURING AND BUSINESS PRIVATE LIMITED,75.0,0.0,75.0,530.0,39750.0
2025-05-12,UH0.2MIRROR08,HANAV MANUFACTURING AND BUSINESS PRIVATE LIMITED,17.0,0.0,17.0,530.0,9010.0
2025-05-12,UH0.2MIRROR09,HANAV MANUFACTURING AND BUSINESS PRIVATE LIMITED,1.0,0.0,1.0,530.0,530.0
2025-05-12,UH0.2MIRROR10,HANAV MANUFACTURING AND BUSINESS PRIVATE LIMITED,35.0,0.0,35.0,530.0,18550.0
2025-05-12,UHAIRMACSHL08,METALRIPPER MANUFACTURING,45.0,0.0,45.0,245.0,11025.0
2025-05-12,UHAIRMACSHL09,HANAV MANUFACTURING AND BUSINESS PRIVATE LIMITED,385.0,0.0,385.0,245.0,94325.0
2025-05-12,UHAIRMACSHL10,HANAV MANUFACTURING AND BUSINESS PRIVATE LIMITED,1544.0,0.0,1544.0,245.0,378280.0
2025-05-12,UHAIRMACSHL10,METALRIPPER MANUFACTURING,509.0,0.0,509.0,245.0,124705.0
2025-05-12,UHAIRMACSHL13,HANAV MANUFACTURING AND BUSINESS PRIVATE LIMITED,269.0,0.0,269.0,245.0,65905.0
2025-05-12,UHAIRSILVS07,CN Innovations Limited,700.0,0.0,700.0,6.9,4830.0
2025-05-12,UHBOXTBTTRAY,"Bonito Packaging Co.,Ltd",10000.0,0.0,10000.0,31.98,319832.3
2025-05-12,UHBOXTOPTRAY,"Bonito Packaging Co.,Ltd",10000.0,0.0,10000.0,25.31,253092.2
2025-05-12,UHCHA2BASS07,Aaru Plastics,800.0,0.0,800.0,250.0,200000.0
2025-05-12,UHCHA2BASS07,HANAV MANUFACTURING AND BUSINESS PRIVATE LIMITED,1008.0,0.0,1008.0,250.0,252000.0
2025-05-12,UHCHA2BASS08,Aaru Plastics,500.0,0.0,500.0,235.0,117500.0
2025-05-12,UHCHA2BASS08,HANAV MANUFACTURING AND BUSINESS PRIVATE LIMITED,1008.0,0.0,1008.0,260.0,262080.0
2025-05-12,UHCHA2BASS09,Aaru Plastics,1219.0,0.0,1219.0,243.97,297400.0
2025-05-12,UHCHA2BASS10,HANAV MANUFACTURING AND BUSINESS PRIVATE LIMITED,1008.0,0.0,1008.0,250.0,252000.0
2025-05-12,UHCHARTOPS06,Aaru Plastics,1068.0,0.0,1068.0,38.0,40584.0
2025-05-12,UHCHARTOPS07,Aaru Plastics,1164.0,0.0,1164.0,34.0,39576.0
2025-05-12,UHCHARTOPS08,Aaru Plastics,697.0,0.0,697.0,34.0,23698.0
2025-05-12,UHCHARTOPS09,Aaru Plastics,342.0,0.0,342.0,38.0,12996.0
2025-05-12,UHCHARTOPS10,Aaru Plastics,390.0,0.0,390.0,38.0,14820.0
2025-05-12,UHCHARTOPS11,Aaru Plastics,213.0,0.0,213.0,38.0,8094.0
2025-05-12,UHCHARTOPS12,Aaru Plastics,242.0,0.0,242.0,38.0,9196.0
2025-05-12,UHCONSEMR1000,Bharath Hardware & Industrial Suppliers,1000.0,0.0,1000.0,18.0,18000.0
2025-05-12,UHCONSEMR1500,Bharath Hardware & Industrial Suppliers,950.0,0.0,950.0,18.0,17100.0
2025-05-12,UHCONSEMR2000,Bharath Hardware & Industrial Suppliers,1000.0,0.0,1000.0,18.0,18000.0
2025-05-12,UHCONSEMR600,Bharath Hardware & Industrial Suppliers,1000.0,0.0,1000.0,18.0,18000.0
2025-05-12,UHPLASIZRS05,ZOEONE INDUSTRIES,3000.0,0.0,3000.0,3.5,10500.0
2025-05-12,UHPLASIZRS06,ZOEONE INDUSTRIES,3000.0,0.0,3000.0,3.5,10500.0
2025-05-12,UHPLASIZRS07,ZOEONE INDUSTRIES,3000.0,0.0,3000.0,3.5,10500.0
2025-05-12,UHPLASIZRS08,ZOEONE INDUSTRIES,3000.0,0.0,3000.0,3.5,10500.0
2025-05-12,UHPLASIZRS09,ZOEONE INDUSTRIES,3000.0,0.0,3000.0,3.5,10500.0
2025-05-12,UHPLASIZRS10,ZOEONE INDUSTRIES,3000.0,0.0,3000.0,3.5,10500.0
2025-05-12,UHPLASIZRS11,ZOEONE INDUSTRIES,3000.0,0.0,3000.0,3.5,10500.0
2025-05-12,UHPLASIZRS12,ZOEONE INDUSTRIES,3000.0,0.0,3000.0,3.5,10500.0
2025-05-12,UHPLASIZRS13,ZOEONE INDUSTRIES,3000.0,0.0,3000.0,3.5,10500.0
2025-05-12,UHPLASIZRS14,ZOEONE INDUSTRIES,3000.0,0.0,3000.0,3.5,10500.0
2025-05-12,UHRDARSW630,Bharath Hardware & Industrial Suppliers,20.0,0.0,20.0,5.45,109.0
2025-05-12,UHRESBOU01BO,"Swift Electrocomp Solutions Pvt Ltd.,",140000.0,0.0,140000.0,0.3,42000.0
2025-05-12,UHRESVIS10OH,"Swift Electrocomp Solutions Pvt Ltd.,",240000.0,0.0,240000.0,0.3,72000.0
2025-05-13,UH0.2ACRMST07,METALRIPPER MANUFACTURING,64.0,0.0,64.0,250.0,16000.0
2025-05-13,UH0.2ACRMST13,METALRIPPER MANUFACTURING,125.0,0.0,125.0,250.0,31250.0
2025-05-13,UHAIRMACSHL07,METALRIPPER MANUFACTURING,408.0,0.0,408.0,245.0,99960.0
2025-05-13,UHAIRMACSHL09,METALRIPPER MANUFACTURING,166.0,0.0,166.0,245.0,40670.0
2025-05-13,UHAIRMACSHL10,METALRIPPER MANUFACTURING,241.0,0.0,241.0,245.0,59045.0
2025-05-13,UHC2068NF50V,"Swift Electrocomp Solutions Pvt Ltd.,",96000.0,0.0,96000.0,0.91,87360.0
2025-05-13,UHC2PCBAREV21,Zreyah Semiconductor Systems Pvt. Ltd.,7200.0,0.0,7200.0,50.0,360000.0
2025-05-13,UHCHA2BASS09,HANAV MANUFACTURING AND BUSINESS PRIVATE LIMITED,714.0,0.0,714.0,250.0,178500.0
2025-05-13,UHCHARTOPS07,Aaru Plastics,936.0,0.0,936.0,34.0,31824.0
2025-05-13,UHCHARTOPS08,Aaru Plastics,1605.0,0.0,1605.0,34.0,54570.0
2025-05-13,UHCHARTOPS09,Aaru Plastics,630.0,0.0,630.0,38.0,23940.0
2025-05-13,UHCHARTOPS10,Aaru Plastics,384.0,0.0,384.0,38.0,14592.0
2025-05-13,UHCHARTOPS11,Aaru Plastics,453.0,0.0,453.0,38.0,17214.0
2025-05-13,UHCHARTOPS12,Aaru Plastics,139.0,0.0,139.0,38.0,5282.0
2025-05-13,UHCONSDBRBLD,SUNRISE ENTERPRISE,1500.0,0.0,1500.0,38.5,57750.0
2025-05-13,UHCONSIPA,J V Chemicals,100.0,0.0,100.0,197.0,19700.0
2025-05-13,UHCONSLOC406,Sellex Incorp,600.0,0.0,600.0,276.0,165600.0
2025-05-13,UHCONSLOC495,Sellex Incorp,200.0,0.0,200.0,450.0,90000.0
2025-05-13,UHCONSPOL3M,HP ENTERPRISES,500.0,0.0,500.0,137.47,68737.5
2025-05-13,UHCONSSIHARD,EFIL ADDITIVE PRIVATE LIMITED,48.0,0.0,48.0,1310.0,62880.0
2025-05-13,UHCONSSIRES,EFIL ADDITIVE PRIVATE LIMITED,480.0,0.0,480.0,1240.0,595200.0
2025-05-13,UHCTPFGAAS05,3DE Technology Prototype Solutions Pvt Ltd (Casting),10.0,0.0,10.0,380.0,3800.0
2025-05-13,UHCTPFGAAS09,3DE Technology Prototype Solutions Pvt Ltd (Casting),4.0,0.0,4.0,380.0,1520.0
2025-05-13,UHCTPFGRTS09,3DE Technology Prototype Solutions Pvt Ltd (Casting),1.0,0.0,1.0,190.0,190.0
2025-05-13,UHDIOCOMT33V,"Swift Electrocomp Solutions Pvt Ltd.,",12000.0,0.0,12000.0,5.01,60120.0
2025-05-13,UHPLASIZRS05,ZOEONE INDUSTRIES,3500.0,0.0,3500.0,3.5,12250.0
2025-05-13,UHPLASIZRS06,ZOEONE INDUSTRIES,3500.0,0.0,3500.0,3.5,12250.0
2025-05-13,UHPLASIZRS07,ZOEONE INDUSTRIES,3500.0,0.0,3500.0,3.5,12250.0
2025-05-13,UHPLASIZRS08,ZOEONE INDUSTRIES,3500.0,0.0,3500.0,3.5,12250.0
2025-05-13,UHPLASIZRS09,ZOEONE INDUSTRIES,3500.0,0.0,3500.0,3.5,12250.0
2025-05-13,UHPLASIZRS10,ZOEONE INDUSTRIES,3500.0,0.0,3500.0,3.5,12250.0
2025-05-13,UHPLASIZRS11,ZOEONE INDUSTRIES,3500.0,0.0,3500.0,3.5,12250.0
2025-05-13,UHPLASIZRS12,ZOEONE INDUSTRIES,3500.0,0.0,3500.0,3.5,12250.0
2025-05-13,UHPLASIZRS13,ZOEONE INDUSTRIES,3500.0,0.0,3500.0,3.5,12250.0
2025-05-13,UHPLASIZRS14,ZOEONE INDUSTRIES,3500.0,0.0,3500.0,3.5,12250.0
2025-05-13,UHPRINTBATPCB,Fortune Plastic Technologies,11810.0,0.0,11810.0,3.25,38382.5
2025-05-13,UHRESBOU01BO,"Swift Electrocomp Solutions Pvt Ltd.,",30000.0,0.0,30000.0,0.3,9000.0
2025-05-13,UHRESPAN01KO,"Swift Electrocomp Solutions Pvt Ltd.,",12764.0,0.0,12764.0,0.31,3956.84
2025-05-13,UHRESPAN1MOH,"Swift Electrocomp Solutions Pvt Ltd.,",250000.0,0.0,250000.0,0.36,90000.0
2025-05-13,UHRESVIS10OH,"Swift Electrocomp Solutions Pvt Ltd.,",20000.0,0.0,20000.0,0.3,6000.0
2025-05-13,UHRFAJOH24GH,Zreyah Semiconductor Systems Pvt. Ltd.,84000.0,0.0,84000.0,18.0,1512000.0
2025-05-13,UHRING1.6PCBA,Zreyah Semiconductor Systems Pvt. Ltd.,3992.0,0.0,3992.0,190.0,758480.0
2025-05-13,UHTIJWMGLS05,CP Global Solution Technologies,226.0,0.0,226.0,210.0,47460.0
2025-05-13,UHTIJWMGLS07,CP Global Solution Technologies,1883.0,0.0,1883.0,210.0,395430.0
2025-05-13,UHTIJWMGLS08,CP Global Solution Technologies,260.0,0.0,260.0,210.0,54600.0
2025-05-14,UH0.2AA06,CP Global Solution Technologies,20.0,0.0,20.0,250.0,5000.0
2025-05-14,UH0.2AA07,CP Global Solution Technologies,630.0,0.0,630.0,250.0,157500.0
2025-05-14,UH0.2AA08,CP Global Solution Technologies,512.0,0.0,512.0,250.0,128000.0
2025-05-14,UH0.2AA09,CP Global Solution Technologies,637.0,0.0,637.0,250.0,159250.0
2025-05-14,UH0.2AA10,CP Global Solution Technologies,510.0,0.0,510.0,250.0,127500.0
2025-05-14,UH0.2AA11,CP Global Solution Technologies,287.0,0.0,287.0,250.0,71750.0
2025-05-14,UH0.2AA12,CP Global Solution Technologies,4.0,0.0,4.0,250.0,1000.0
2025-05-14,UH0.2ACRMST07,METALRIPPER MANUFACTURING,55.0,0.0,55.0,250.0,13750.0
2025-05-14,UH0.2ACRMST09,METALRIPPER MANUFACTURING,90.0,0.0,90.0,250.0,22500.0
2025-05-14,UH0.2ACRMST11,METALRIPPER MANUFACTURING,319.0,0.0,319.0,250.0,79750.0
2025-05-14,UH0.2MACHINS09,HANAV MANUFACTURING AND BUSINESS PRIVATE LIMITED,385.0,0.0,385.0,245.0,94325.0
2025-05-14,UH0.2MACHINS10,HANAV MANUFACTURING AND BUSINESS PRIVATE LIMITED,1945.0,0.0,1945.0,245.0,476525.0
2025-05-14,UH0.2MACHINS13,HANAV MANUFACTURING AND BUSINESS PRIVATE LIMITED,269.0,0.0,269.0,245.0,65905.0
2025-05-14,UH0.2MACHINS14,HANAV MANUFACTURING AND BUSINESS PRIVATE LIMITED,942.0,0.0,942.0,245.0,230790.0
2025-05-14,UHACCSTM6DSO,Ramakrishna Electro Components Pvt. Ltd.,45000.0,0.0,45000.0,146.0,6570000.0
2025-05-14,UHAIRBEADBS11,IILA INDUSTRIES (Regular Purchase),132.0,0.0,132.0,34.0,4488.0
2025-05-14,UHAIRMACSHL10,METALRIPPER MANUFACTURING,438.0,0.0,438.0,245.0,107310.0
2025-05-14,UHCH2COHOS06,Fabforma Technologies Private Limited,550.0,0.0,550.0,35.0,19250.0
2025-05-14,UHCH2COHOS07,Fabforma Technologies Private Limited,1000.0,0.0,1000.0,35.0,35000.0
2025-05-14,UHCH2COHOS08,Fabforma Technologies Private Limited,1075.0,0.0,1075.0,35.0,37625.0
2025-05-14,UHCH2COHOS09,Fabforma Technologies Private Limited,150.0,0.0,150.0,35.0,5250.0
2025-05-14,UHCHA2BASS06,Aaru Plastics,1020.0,0.0,1020.0,250.0,255000.0
2025-05-14,UHCHA2BASS07,HANAV MANUFACTURING AND BUSINESS PRIVATE LIMITED,1008.0,0.0,1008.0,250.0,252000.0
2025-05-14,UHCHA2BASS08,Aaru Plastics,1023.0,0.0,1023.0,250.0,255750.0
2025-05-14,UHCHA2BASS08,HANAV MANUFACTURING AND BUSINESS PRIVATE LIMITED,1008.0,0.0,1008.0,260.0,262080.0
2025-05-14,UHCHARTOPS06,Aaru Plastics,54.0,0.0,54.0,38.0,2052.0
2025-05-14,UHCHARTOPS07,Aaru Plastics,1215.0,0.0,1215.0,34.62,42062.0
2025-05-14,UHCHARTOPS08,Aaru Plastics,625.0,0.0,625.0,38.0,23750.0
2025-05-14,UHCHARTOPS09,Aaru Plastics,463.0,0.0,463.0,38.0,17594.0
2025-05-14,UHCHARTOPS10,Aaru Plastics,1151.0,0.0,1151.0,38.0,43738.0
2025-05-14,UHCHARTOPS11,Aaru Plastics,23.0,0.0,23.0,38.0,874.0
2025-05-14,UHCHARTOPS12,Aaru Plastics,29.0,0.0,29.0,38.0,1102.0
2025-05-14,UHFERRTSHTUNCUT,"Shenzhen PH functional materials Co., Ltd.",200.0,0.0,200.0,825.7,165139.2
2025-05-14,UHICHSTM3117,Ramakrishna Electro Components Pvt. Ltd.,45000.0,0.0,45000.0,20.0,900000.0
2025-05-14,UHPLASIZRS05,ZOEONE INDUSTRIES,2000.0,0.0,2000.0,3.5,7000.0
2025-05-14,UHPLASIZRS06,ZOEONE INDUSTRIES,2000.0,0.0,2000.0,3.5,7000.0
2025-05-14,UHPLASIZRS07,ZOEONE INDUSTRIES,2000.0,0.0,2000.0,3.5,7000.0
2025-05-14,UHPLASIZRS08,ZOEONE INDUSTRIES,2000.0,0.0,2000.0,3.5,7000.0
2025-05-14,UHPLASIZRS09,ZOEONE INDUSTRIES,2000.0,0.0,2000.0,3.5,7000.0
2025-05-14,UHPLASIZRS10,ZOEONE INDUSTRIES,2000.0,0.0,2000.0,3.5,7000.0
2025-05-14,UHPLASIZRS11,ZOEONE INDUSTRIES,2000.0,0.0,2000.0,3.5,7000.0
2025-05-14,UHPLASIZRS12,ZOEONE INDUSTRIES,2000.0,0.0,2000.0,3.5,7000.0
2025-05-14,UHPLASIZRS13,ZOEONE INDUSTRIES,2000.0,0.0,2000.0,3.5,7000.0
2025-05-14,UHPLASIZRS14,ZOEONE INDUSTRIES,2000.0,0.0,2000.0,3.5,7000.0
2025-05-14,UHRING1.6PCBA,Zreyah Semiconductor Systems Pvt. Ltd.,13796.0,0.0,13796.0,190.0,2621240.0
2025-05-14,UHSENSMLX36V,MILLENNIUM SEMICONDUCTORS INDIA PRIVATE LIMITED,10000.0,0.0,10000.0,246.32,2463200.0
2025-05-14,UHSWATCHAA,Mudra innovation,10000.0,343.0,9657.0,12.2,117815.4
2025-05-14,UHSWATCHAG,Mudra innovation,10000.0,542.0,9458.0,12.2,115387.6
2025-05-14,UHSWATCHAS,Mudra innovation,5000.0,43.0,4957.0,12.2,60475.4
2025-05-14,UHSWATCHMG,Mudra innovation,10000.0,93.0,9907.0,12.2,120865.4
2025-05-14,UHSWATCHRT,Mudra innovation,10000.0,207.0,9793.0,12.2,119474.6
2025-05-14,UHTIJWMGLS10,CP Global Solution Technologies,222.0,0.0,222.0,210.0,46620.0
2025-05-14,UHTIJWRTLS07,IILA INDUSTRIES (Regular Purchase),638.0,0.0,638.0,40.0,25520.0
2025-05-14,UHTIJWRTLS08,IILA INDUSTRIES (Regular Purchase),134.0,0.0,134.0,40.0,5360.0
2025-05-14,UHTIJWRTLS09,IILA INDUSTRIES (Regular Purchase),284.0,0.0,284.0,40.0,11360.0
2025-05-14,UHTIJWRTLS10,IILA INDUSTRIES (Regular Purchase),425.0,0.0,425.0,40.0,17000.0
2025-05-14,UHTIJWRTLS11,IILA INDUSTRIES (Regular Purchase),800.0,100.0,700.0,40.0,28000.0
2025-05-14,UHTIJWRTLS12,IILA INDUSTRIES (Regular Purchase),500.0,0.0,500.0,40.0,20000.0
2025-05-14,UHUSB4105GFAN,"Shenzhen Guozhi Electronic Co., Ltd",100000.0,0.0,100000.0,2.28,228384.0
2025-05-15,UH0.2ACRMST09,METALRIPPER MANUFACTURING,147.0,0.0,147.0,250.0,36750.0
2025-05-15,UH0.2ACRMST10,METALRIPPER MANUFACTURING,943.0,0.0,943.0,165.0,155595.0
2025-05-15,UH0.2ACRMST11,METALRIPPER MANUFACTURING,28.0,0.0,28.0,250.0,7000.0
2025-05-15,UH0.2AG08,CN Innovations Limited,1750.0,0.0,1750.0,577.11,1009940.4
2025-05-15,UH0.2MACHINS05,HANAV MANUFACTURING AND BUSINESS PRIVATE LIMITED,300.0,0.0,300.0,245.0,73500.0
2025-05-15,UH0.2MACHINS11,HANAV MANUFACTURING AND BUSINESS PRIVATE LIMITED,225.0,0.0,225.0,245.0,55125.0
2025-05-15,UH0.2MACHINS14,HANAV MANUFACTURING AND BUSINESS PRIVATE LIMITED,288.0,0.0,288.0,245.0,70560.0
2025-05-15,UH0.2MIRROR07,HANAV MANUFACTURING AND BUSINESS PRIVATE LIMITED,20.0,0.0,20.0,530.0,10600.0
2025-05-15,UH0.2MIRROR08,HANAV MANUFACTURING AND BUSINESS PRIVATE LIMITED,3.0,0.0,3.0,530.0,1590.0
2025-05-15,UH0.2MIRROR10,HANAV MANUFACTURING AND BUSINESS PRIVATE LIMITED,8.0,0.0,8.0,530.0,4240.0
2025-05-15,UH0.2MIRROR11,HANAV MANUFACTURING AND BUSINESS PRIVATE LIMITED,21.0,0.0,21.0,530.0,11130.0
2025-05-15,UHAIRMACSHL10,METALRIPPER MANUFACTURING,756.0,0.0,756.0,245.0,185220.0
2025-05-15,UHC3BASEPAINT,Aaru Plastics,5317.0,0.0,5317.0,250.0,1329250.0
2025-05-15,UHCH2COHOS07,Fabforma Technologies Private Limited,1000.0,0.0,1000.0,35.0,35000.0
2025-05-15,UHCH2COHOS08,Fabforma Technologies Private Limited,2000.0,0.0,2000.0,35.0,70000.0
2025-05-15,UHCHA2BASS06,Aaru Plastics,1000.0,0.0,1000.0,250.0,250000.0
2025-05-15,UHCHA2BASS06,HANAV MANUFACTURING AND BUSINESS PRIVATE LIMITED,1512.0,0.0,1512.0,250.0,378000.0
2025-05-15,UHCHA2BASS08,Aaru Plastics,927.0,0.0,927.0,250.0,231750.0
2025-05-15,UHCHARTOPS05,Aaru Plastics,290.0,0.0,290.0,34.0,9860.0
2025-05-15,UHCHARTOPS06,Aaru Plastics,1106.0,0.0,1106.0,38.0,42028.0
2025-05-15,UHCHARTOPS07,Aaru Plastics,2439.0,0.0,2439.0,34.0,82926.0
2025-05-15,UHCHARTOPS08,Aaru Plastics,1956.0,0.0,1956.0,34.03,66560.0
2025-05-15,UHCHARTOPS09,Aaru Plastics,1533.0,0.0,1533.0,38.0,58254.0
2025-05-15,UHCHARTOPS10,Aaru Plastics,1542.0,0.0,1542.0,38.0,58596.0
2025-05-15,UHCHARTOPS11,Aaru Plastics,66.0,0.0,66.0,38.0,2508.0
2025-05-15,UHCHARTOPS12,Aaru Plastics,12.0,0.0,12.0,38.0,456.0
2025-05-15,UHCHARTOPS13,Aaru Plastics,181.0,0.0,181.0,38.0,6878.0
2025-05-15,UHCHARTOPS14,Aaru Plastics,248.0,0.0,248.0,38.0,9424.0
2025-05-15,UHFSJW10M8M,Suprabha ColorGrafix Private Limited,72000.0,0.0,72000.0,0.01,997.2
2025-05-15,UHFSJW5.6M7M,Suprabha ColorGrafix Private Limited,151200.0,0.0,151200.0,0.01,1800.79
2025-05-15,UHPLASIZRS05,ZOEONE INDUSTRIES,2500.0,0.0,2500.0,3.5,8750.0
2025-05-15,UHPLASIZRS06,ZOEONE INDUSTRIES,2500.0,0.0,2500.0,3.5,8750.0
2025-05-15,UHPLASIZRS07,ZOEONE INDUSTRIES,2500.0,0.0,2500.0,3.5,8750.0
2025-05-15,UHPLASIZRS08,ZOEONE INDUSTRIES,2500.0,0.0,2500.0,3.5,8750.0
2025-05-15,UHPLASIZRS09,ZOEONE INDUSTRIES,2500.0,0.0,2500.0,3.5,8750.0
2025-05-15,UHPLASIZRS10,ZOEONE INDUSTRIES,2500.0,0.0,2500.0,3.5,8750.0
2025-05-15,UHPLASIZRS11,ZOEONE INDUSTRIES,2500.0,0.0,2500.0,3.5,8750.0
2025-05-15,UHPLASIZRS12,ZOEONE INDUSTRIES,2500.0,0.0,2500.0,3.5,8750.0
2025-05-15,UHPLASIZRS13,ZOEONE INDUSTRIES,2500.0,0.0,2500.0,3.5,8750.0
2025-05-15,UHPLASIZRS14,ZOEONE INDUSTRIES,2500.0,0.0,2500.0,3.5,8750.0
2025-05-15,UHRGBTR24MAH,"Shenzhen Grepow Battery Co.,Ltd",16330.0,0.0,16330.0,338.03,5520097.34
2025-05-15,UHRING1.6PCBA,Zreyah Semiconductor Systems Pvt. Ltd.,8100.0,0.0,8100.0,190.0,1539000.0
2025-05-15,UHTIJWRTLS11,IILA INDUSTRIES (Regular Purchase),200.0,0.0,200.0,40.0,8000.0
2025-05-16,UH0.2ACRMST09,METALRIPPER MANUFACTURING,317.0,0.0,317.0,165.0,52305.0
2025-05-16,UH0.2ACRMST11,METALRIPPER MANUFACTURING,52.0,0.0,52.0,165.0,8580.0
2025-05-16,UH0.2AG05,CN Innovations Limited,3500.0,0.0,3500.0,7.19,25165.0
2025-05-16,UH0.2AG06,CN Innovations Limited,5250.0,0.0,5250.0,569.46,2989651.88
2025-05-16,UH0.2AG07,CN Innovations Limited,9800.0,0.0,9800.0,569.46,5580683.5
2025-05-16,UH0.2AG08,CN Innovations Limited,10500.0,0.0,10500.0,569.46,5979303.75
2025-05-16,UH0.2AG09,CN Innovations Limited,3500.0,0.0,3500.0,569.46,1993101.25
2025-05-16,UH0.2AG10,CN Innovations Limited,2100.0,0.0,2100.0,673.44,1414230.57
2025-05-16,UH0.2AS09,CN Innovations Limited,1400.0,0.0,1400.0,544.19,761872.95
2025-05-16,UH0.2MACHINS05,HANAV MANUFACTURING AND BUSINESS PRIVATE LIMITED,404.0,0.0,404.0,245.0,98980.0
2025-05-16,UH0.2MIRROR07,HANAV MANUFACTURING AND BUSINESS PRIVATE LIMITED,4.0,0.0,4.0,530.0,2120.0
2025-05-16,UH0.2MIRROR08,HANAV MANUFACTURING AND BUSINESS PRIVATE LIMITED,3.0,0.0,3.0,530.0,1590.0
2025-05-16,UH0.2MIRROR10,HANAV MANUFACTURING AND BUSINESS PRIVATE LIMITED,1.0,0.0,1.0,530.0,530.0
2025-05-16,UH0.2MIRROR11,HANAV MANUFACTURING AND BUSINESS PRIVATE LIMITED,11.0,0.0,11.0,530.0,5830.0
2025-05-16,UHAIRBEADBS07,IILA INDUSTRIES (Regular Purchase),375.0,0.0,375.0,34.0,12750.0
2025-05-16,UHAIRMACSHL08,METALRIPPER MANUFACTURING,311.0,0.0,311.0,245.0,76195.0
2025-05-16,UHAIRMACSHL10,METALRIPPER MANUFACTURING,115.0,0.0,115.0,245.0,28175.0
2025-05-16,UHAIRMACSHL12,METALRIPPER MANUFACTURING,320.0,0.0,320.0,245.0,78400.0
2025-05-16,UHBRUSHARG06,CN Innovations Limited,2010.0,0.0,2010.0,588.53,1182941.28
2025-05-16,UHBRUSHARG07,CN Innovations Limited,2067.0,0.0,2067.0,588.53,1216487.38
2025-05-16,UHBRUSHARG08,CN Innovations Limited,1685.0,0.0,1685.0,588.53,991669.68
2025-05-16,UHCAPMUR220F,SEMISEARCH TECHNOLOGIES PRIVATE LIMITED,50000.0,0.0,50000.0,0.71,35500.0
2025-05-16,UHCAPMURE14D,SEMISEARCH TECHNOLOGIES PRIVATE LIMITED,400000.0,0.0,400000.0,0.36,144000.0
2025-05-16,UHCH2COHOS07,Fabforma Technologies Private Limited,1900.0,0.0,1900.0,35.0,66500.0
2025-05-16,UHCH2COHOS08,Fabforma Technologies Private Limited,1500.0,0.0,1500.0,35.0,52500.0
2025-05-16,UHCHA2BASS07,HANAV MANUFACTURING AND BUSINESS PRIVATE LIMITED,1008.0,0.0,1008.0,250.0,252000.0
2025-05-16,UHCHA2BASS10,HANAV MANUFACTURING AND BUSINESS PRIVATE LIMITED,1961.0,0.0,1961.0,250.0,490250.0
2025-05-16,UHCHA2BASS11,Aaru Plastics,894.0,0.0,894.0,250.0,223500.0
2025-05-16,UHCHARTOPS07,Aaru Plastics,1061.0,0.0,1061.0,34.0,36074.0
2025-05-16,UHCHARTOPS08,Aaru Plastics,827.0,0.0,827.0,34.0,28118.0
2025-05-16,UHCHARTOPS09,Aaru Plastics,294.0,0.0,294.0,38.0,11172.0
2025-05-16,UHCHARTOPS10,Aaru Plastics,662.0,0.0,662.0,38.0,25156.0
2025-05-16,UHPLASIZRS05,ZOEONE INDUSTRIES,2000.0,0.0,2000.0,3.5,7000.0
2025-05-16,UHPLASIZRS06,ZOEONE INDUSTRIES,2000.0,0.0,2000.0,3.5,7000.0
2025-05-16,UHPLASIZRS07,ZOEONE INDUSTRIES,2000.0,0.0,2000.0,3.5,7000.0
2025-05-16,UHPLASIZRS08,ZOEONE INDUSTRIES,2000.0,0.0,2000.0,3.5,7000.0
2025-05-16,UHPLASIZRS09,ZOEONE INDUSTRIES,2000.0,0.0,2000.0,3.5,7000.0
2025-05-16,UHPLASIZRS10,ZOEONE INDUSTRIES,2000.0,0.0,2000.0,3.5,7000.0
2025-05-16,UHPLASIZRS11,ZOEONE INDUSTRIES,2000.0,0.0,2000.0,3.5,7000.0
2025-05-16,UHPLASIZRS12,ZOEONE INDUSTRIES,2000.0,0.0,2000.0,3.5,7000.0
2025-05-16,UHPLASIZRS13,ZOEONE INDUSTRIES,2000.0,0.0,2000.0,3.5,7000.0
2025-05-16,UHPLASIZRS14,ZOEONE INDUSTRIES,2000.0,0.0,2000.0,3.5,7000.0
2025-05-16,UHRING1.6PCBA,Zreyah Semiconductor Systems Pvt. Ltd.,4200.0,0.0,4200.0,190.0,798000.0
2025-05-17,UH0.2ACRMST09,METALRIPPER MANUFACTURING,301.0,0.0,301.0,198.32,59695.0
2025-05-17,UH0.2ACRMST10,METALRIPPER MANUFACTURING,74.0,0.0,74.0,165.0,12210.0
2025-05-17,UH0.2MACHINS11,HANAV MANUFACTURING AND BUSINESS PRIVATE LIMITED,246.0,0.0,246.0,245.0,60270.0
2025-05-17,UHAIRBEADBS10,IILA INDUSTRIES (Regular Purchase),1000.0,0.0,1000.0,34.0,34000.0
2025-05-17,UHAIRMACSHL08,METALRIPPER MANUFACTURING,252.0,0.0,252.0,245.0,61740.0
2025-05-17,UHAIRMACSHL10,METALRIPPER MANUFACTURING,109.0,0.0,109.0,245.0,26705.0
2025-05-17,UHAIRMACSHL12,METALRIPPER MANUFACTURING,100.0,0.0,100.0,245.0,24500.0
2025-05-17,UHC3BASEPAINT,Aaru Plastics,2529.0,0.0,2529.0,250.0,632250.0
2025-05-17,UHCH2COHOS07,Fabforma Technologies Private Limited,2000.0,0.0,2000.0,35.0,70000.0
2025-05-17,UHCH2COHOS08,Fabforma Technologies Private Limited,1500.0,0.0,1500.0,35.0,52500.0
2025-05-17,UHCHA2BASS06,HANAV MANUFACTURING AND BUSINESS PRIVATE LIMITED,504.0,0.0,504.0,250.0,126000.0
2025-05-17,UHCHA2BASS07,Aaru Plastics,598.0,0.0,598.0,250.0,149500.0
2025-05-17,UHCHA2BASS07,HANAV MANUFACTURING AND BUSINESS PRIVATE LIMITED,1010.0,0.0,1010.0,250.0,252500.0
2025-05-17,UHCHA2BASS08,Aaru Plastics,307.0,0.0,307.0,250.0,76750.0
2025-05-17,UHCHA2BASS08,HANAV MANUFACTURING AND BUSINESS PRIVATE LIMITED,504.0,0.0,504.0,260.0,131040.0
2025-05-17,UHCHA2BASS09,HANAV MANUFACTURING AND BUSINESS PRIVATE LIMITED,504.0,0.0,504.0,250.0,126000.0
2025-05-17,UHCHARTOPS05,Aaru Plastics,1165.0,0.0,1165.0,38.0,44270.0
2025-05-17,UHCHARTOPS06,Aaru Plastics,72.0,0.0,72.0,38.0,2736.0
2025-05-17,UHCHARTOPS07,Aaru Plastics,1233.0,0.0,1233.0,34.0,41922.0
2025-05-17,UHCHARTOPS08,Aaru Plastics,1154.0,0.0,1154.0,34.0,39236.0
2025-05-17,UHCHARTOPS09,Aaru Plastics,1081.0,0.0,1081.0,38.0,41078.0
2025-05-17,UHCHARTOPS10,Aaru Plastics,621.0,0.0,621.0,38.0,23598.0
2025-05-17,UHPLASIZRS05,ZOEONE INDUSTRIES,2000.0,0.0,2000.0,3.5,7000.0
2025-05-17,UHPLASIZRS06,ZOEONE INDUSTRIES,2000.0,0.0,2000.0,3.5,7000.0
2025-05-17,UHPLASIZRS07,ZOEONE INDUSTRIES,2000.0,0.0,2000.0,3.5,7000.0
2025-05-17,UHPLASIZRS08,ZOEONE INDUSTRIES,2000.0,0.0,2000.0,3.5,7000.0
2025-05-17,UHPLASIZRS09,ZOEONE INDUSTRIES,2000.0,0.0,2000.0,3.5,7000.0
2025-05-17,UHPLASIZRS10,ZOEONE INDUSTRIES,2000.0,0.0,2000.0,3.5,7000.0
2025-05-17,UHPLASIZRS11,ZOEONE INDUSTRIES,2000.0,0.0,2000.0,3.5,7000.0
2025-05-17,UHPLASIZRS12,ZOEONE INDUSTRIES,2000.0,0.0,2000.0,3.5,7000.0
2025-05-17,UHPLASIZRS13,ZOEONE INDUSTRIES,2000.0,0.0,2000.0,3.5,7000.0
2025-05-17,UHPLASIZRS14,ZOEONE INDUSTRIES,2000.0,0.0,2000.0,3.5,7000.0
2025-05-17,UHSWATCHAA,Mudra innovation,5000.0,81.0,4919.0,12.2,60011.8
2025-05-17,UHSWATCHAG,Mudra innovation,5000.0,157.0,4843.0,12.2,59084.6
2025-05-17,UHSWATCHAS,Mudra innovation,10000.0,48.0,9952.0,12.2,121414.4
2025-05-17,UHSWATCHMG,Mudra innovation,5000.0,15.0,4985.0,12.2,60817.0
2025-05-17,UHSWATCHRT,Mudra innovation,5000.0,105.0,4895.0,12.2,59719.0
2025-05-18,UH0.2ACRMST05,METALRIPPER MANUFACTURING,299.0,0.0,299.0,215.6,64465.0
2025-05-18,UH0.2ACRMST10,METALRIPPER MANUFACTURING,81.0,0.0,81.0,165.0,13365.0
2025-05-18,UHAIRMACSHL08,METALRIPPER MANUFACTURING,522.0,0.0,522.0,245.0,127890.0
2025-05-18,UHAIRMACSHL09,METALRIPPER MANUFACTURING,80.0,0.0,80.0,245.0,19600.0
2025-05-18,UHAIRMACSHL12,METALRIPPER MANUFACTURING,107.0,0.0,107.0,245.0,26215.0
2025-05-18,UHCAPMUR12PF,SEMISEARCH TECHNOLOGIES PRIVATE LIMITED,135000.0,0.0,135000.0,0.2,27000.0
2025-05-18,UHCAPMUR22UF,SEMISEARCH TECHNOLOGIES PRIVATE LIMITED,210000.0,0.0,210000.0,2.76,579600.0
2025-05-18,UHCHA2BASS05,HANAV MANUFACTURING AND BUSINESS PRIVATE LIMITED,504.0,0.0,504.0,250.0,126000.0
2025-05-18,UHCHA2BASS06,Aaru Plastics,501.0,0.0,501.0,250.0,125250.0
2025-05-18,UHCHA2BASS06,HANAV MANUFACTURING AND BUSINESS PRIVATE LIMITED,504.0,0.0,504.0,250.0,126000.0
2025-05-18,UHCHA2BASS07,Aaru Plastics,464.0,0.0,464.0,250.0,116000.0
2025-05-18,UHCHA2BASS07,HANAV MANUFACTURING AND BUSINESS PRIVATE LIMITED,504.0,0.0,504.0,260.0,131040.0
2025-05-18,UHCHA2BASS08,Aaru Plastics,300.0,0.0,300.0,250.0,75000.0
2025-05-18,UHCHA2BASS10,Aaru Plastics,193.0,0.0,193.0,250.0,48250.0
2025-05-18,UHCHA2BASS10,HANAV MANUFACTURING AND BUSINESS PRIVATE LIMITED,504.0,0.0,504.0,250.0,126000.0
2025-05-18,UHCHARTOPS05,Aaru Plastics,66.0,0.0,66.0,34.0,2244.0
2025-05-18,UHCHARTOPS09,Aaru Plastics,1343.0,0.0,1343.0,38.0,51034.0
2025-05-18,UHCHARTOPS10,Aaru Plastics,1104.0,0.0,1104.0,38.0,41952.0
2025-05-18,UHPLASIZRS05,ZOEONE INDUSTRIES,1000.0,0.0,1000.0,3.5,3500.0
2025-05-18,UHPLASIZRS06,ZOEONE INDUSTRIES,1000.0,0.0,1000.0,3.5,3500.0
2025-05-18,UHPLASIZRS07,ZOEONE INDUSTRIES,1000.0,0.0,1000.0,3.5,3500.0
2025-05-18,UHPLASIZRS08,ZOEONE INDUSTRIES,1000.0,0.0,1000.0,3.5,3500.0
2025-05-18,UHPLASIZRS09,ZOEONE INDUSTRIES,1000.0,0.0,1000.0,3.5,3500.0
2025-05-18,UHPLASIZRS10,ZOEONE INDUSTRIES,1000.0,0.0,1000.0,3.5,3500.0
2025-05-18,UHPLASIZRS11,ZOEONE INDUSTRIES,1000.0,0.0,1000.0,3.5,3500.0
2025-05-18,UHPLASIZRS12,ZOEONE INDUSTRIES,1000.0,0.0,1000.0,3.5,3500.0
2025-05-18,UHPLASIZRS13,ZOEONE INDUSTRIES,1000.0,0.0,1000.0,3.5,3500.0
2025-05-18,UHPLASIZRS14,ZOEONE INDUSTRIES,1000.0,0.0,1000.0,3.5,3500.0
2025-05-19,UH0.2MIRROR07,HANAV MANUFACTURING AND BUSINESS PRIVATE LIMITED,118.0,0.0,118.0,530.0,62540.0
2025-05-19,UH0.2MIRROR08,HANAV MANUFACTURING AND BUSINESS PRIVATE LIMITED,95.0,0.0,95.0,530.0,50350.0
2025-05-19,UH0.2MIRROR09,HANAV MANUFACTURING AND BUSINESS PRIVATE LIMITED,1.0,0.0,1.0,530.0,530.0
2025-05-19,UH0.2MIRROR10,HANAV MANUFACTURING AND BUSINESS PRIVATE LIMITED,22.0,0.0,22.0,530.0,11660.0
2025-05-19,UH0.2MIRROR11,HANAV MANUFACTURING AND BUSINESS PRIVATE LIMITED,191.0,0.0,191.0,530.0,101230.0
2025-05-19,UH0.2MIRROR13,HANAV MANUFACTURING AND BUSINESS PRIVATE LIMITED,30.0,0.0,30.0,530.0,15900.0
2025-05-19,UHAIRBEADBS08,IILA INDUSTRIES (Regular Purchase),37.0,0.0,37.0,34.0,1258.0
2025-05-19,UHAIRBEADBS09,IILA INDUSTRIES (Regular Purchase),156.0,0.0,156.0,34.0,5304.0
2025-05-19,UHAIRBEADBS10,IILA INDUSTRIES (Regular Purchase),825.0,319.0,506.0,34.0,17204.0
2025-05-19,UHBOTTOMPADS,Radha labels and printers,9000.0,0.0,9000.0,4.95,44550.0
2025-05-19,UHC2CUMO10MA,ARROW ELECTRONICS ASIA (S) PTE LTD,60000.0,0.0,60000.0,33.12,1986940.8
2025-05-19,UHC2PCBAREV21,Zreyah Semiconductor Systems Pvt. Ltd.,6003.0,0.0,6003.0,50.0,300150.0
2025-05-19,UHCH2COHOS07,Fabforma Technologies Private Limited,1850.0,0.0,1850.0,35.0,64750.0
2025-05-19,UHCH2COHOS08,Fabforma Technologies Private Limited,2350.0,0.0,2350.0,35.0,82250.0
2025-05-19,UHCHA2BASS11,HANAV MANUFACTURING AND BUSINESS PRIVATE LIMITED,504.0,0.0,504.0,250.0,126000.0
2025-05-19,UHCHARTOPS06,Aaru Plastics,13.0,0.0,13.0,38.0,494.0
2025-05-19,UHCHARTOPS07,Aaru Plastics,723.0,0.0,723.0,34.0,24582.0
2025-05-19,UHCHARTOPS08,Aaru Plastics,1572.0,0.0,1572.0,34.0,53448.0
2025-05-19,UHDIOTEXI14V,ARROW ELECTRONICS ASIA (S) PTE LTD,60000.0,0.0,60000.0,1.89,113313.6
2025-05-19,UHICHTEXTMP1,ARROW ELECTRONICS ASIA (S) PTE LTD,60000.0,0.0,60000.0,11.16,669340.8
2025-05-19,UHICHTEXUCC2,ARROW ELECTRONICS ASIA (S) PTE LTD,60000.0,0.0,60000.0,35.93,2155593.6
2025-05-19,UHLROODALVR,OODA INDUSTRIAL PRODUCTS,28000.0,0.0,28000.0,8.35,233800.0
2025-05-19,UHRESNMUR8PF,Avnet Asia Pte Ltd,50000.0,0.0,50000.0,53.74,2686938.0
2025-05-19,UHRFAJOH24GH,Zreyah Semiconductor Systems Pvt. Ltd.,102000.0,0.0,102000.0,18.0,1836000.0
2025-05-19,UHRING1.6PCBA,Zreyah Semiconductor Systems Pvt. Ltd.,10116.0,0.0,10116.0,190.0,1922040.0
2025-05-19,UHRINGECS320,Avnet Asia Pte Ltd,40000.0,0.0,40000.0,21.67,866754.0
2025-05-19,UHTIJWMGLS06,CP Global Solution Technologies,223.0,0.0,223.0,210.0,46830.0
2025-05-19,UHTIJWMGLS07,CP Global Solution Technologies,740.0,0.0,740.0,210.0,155400.0
2025-05-19,UHTIJWMGLS08,CP Global Solution Technologies,131.0,0.0,131.0,210.0,27510.0
2025-05-19,UHTIJWMGLS09,CP Global Solution Technologies,986.0,0.0,986.0,210.0,207060.0
2025-05-19,UHTIJWMGLS12,CP Global Solution Technologies,414.0,0.0,414.0,210.0,86940.0
2025-05-19,UNICHTEX7A02,ARROW ELECTRONICS ASIA (S) PTE LTD,60000.0,0.0,60000.0,11.07,664070.4
2025-05-20,UH0.2ACRMST06,METALRIPPER MANUFACTURING,101.0,0.0,101.0,235.69,23805.0
2025-05-20,UH0.2ACRMST09,METALRIPPER MANUFACTURING,100.0,0.0,100.0,250.0,25000.0
2025-05-20,UH0.2MIRROR07,HANAV MANUFACTURING AND BUSINESS PRIVATE LIMITED,132.0,0.0,132.0,530.0,69960.0
2025-05-20,UH0.2MIRROR08,HANAV MANUFACTURING AND BUSINESS PRIVATE LIMITED,80.0,0.0,80.0,530.0,42400.0
2025-05-20,UH0.2MIRROR09,HANAV MANUFACTURING AND BUSINESS PRIVATE LIMITED,1.0,0.0,1.0,530.0,530.0
2025-05-20,UH0.2MIRROR10,HANAV MANUFACTURING AND BUSINESS PRIVATE LIMITED,23.0,0.0,23.0,530.0,12190.0
2025-05-20,UH0.2MIRROR11,HANAV MANUFACTURING AND BUSINESS PRIVATE LIMITED,137.0,0.0,137.0,530.0,72610.0
2025-05-20,UH0.2MIRROR13,HANAV MANUFACTURING AND BUSINESS PRIVATE LIMITED,129.0,0.0,129.0,530.0,68370.0
2025-05-20,UHAIRMACSHL08,METALRIPPER MANUFACTURING,71.0,0.0,71.0,245.0,17395.0
2025-05-20,UHAIRMACSHL09,METALRIPPER MANUFACTURING,694.0,0.0,694.0,245.0,170030.0
2025-05-20,UHC2C47PF25V,SEMISEARCH TECHNOLOGIES PRIVATE LIMITED,260000.0,0.0,260000.0,0.95,247000.0
2025-05-20,UHC2RES0OM42,SEMISEARCH TECHNOLOGIES PRIVATE LIMITED,450000.0,0.0,450000.0,0.11,49500.0
2025-05-20,UHC2RES0OM85,SEMISEARCH TECHNOLOGIES PRIVATE LIMITED,50000.0,0.0,50000.0,0.3,15000.0
2025-05-20,UHC2RES27OHM,SEMISEARCH TECHNOLOGIES PRIVATE LIMITED,250000.0,0.0,250000.0,0.25,62500.0
2025-05-20,UHCAPYAG10PF,SEMISEARCH TECHNOLOGIES PRIVATE LIMITED,120000.0,0.0,120000.0,0.25,30000.0
2025-05-20,UHCH2COHOS07,Fabforma Technologies Private Limited,2000.0,0.0,2000.0,35.0,70000.0
2025-05-20,UHCH2COHOS08,Fabforma Technologies Private Limited,2500.0,0.0,2500.0,35.0,87500.0
2025-05-20,UHCHA2BASS05,Aaru Plastics,500.0,0.0,500.0,250.0,125000.0
2025-05-20,UHCHA2BASS06,Aaru Plastics,501.0,0.0,501.0,235.0,117735.0
2025-05-20,UHCHA2BASS07,Aaru Plastics,620.0,0.0,620.0,235.0,145700.0
2025-05-20,UHCHA2BASS08,Aaru Plastics,800.0,0.0,800.0,235.0,188000.0
2025-05-20,UHCHA2BASS10,HANAV MANUFACTURING AND BUSINESS PRIVATE LIMITED,1008.0,0.0,1008.0,250.0,252000.0
2025-05-20,UHCHA2BASS11,HANAV MANUFACTURING AND BUSINESS PRIVATE LIMITED,1008.0,0.0,1008.0,250.0,252000.0
2025-05-20,UHCHA2BASS13,HANAV MANUFACTURING AND BUSINESS PRIVATE LIMITED,630.0,0.0,630.0,250.0,157500.0
2025-05-20,UHCHARTOPS05,Aaru Plastics,306.0,0.0,306.0,34.0,10404.0
2025-05-20,UHCHARTOPS06,Aaru Plastics,1458.0,0.0,1458.0,38.0,55404.0
2025-05-20,UHCHARTOPS07,Aaru Plastics,399.0,0.0,399.0,34.0,13566.0
2025-05-20,UHCHARTOPS08,Aaru Plastics,907.0,0.0,907.0,34.0,30838.0
2025-05-20,UHCHARTOPS09,Aaru Plastics,494.0,0.0,494.0,38.0,18772.0
2025-05-20,UHCHARTOPS10,Aaru Plastics,532.0,0.0,532.0,38.0,20216.0
2025-05-20,UHCHARTOPS11,Aaru Plastics,12.0,0.0,12.0,38.0,456.0
2025-05-20,UHCHARTOPS13,Aaru Plastics,220.0,0.0,220.0,38.0,8360.0
2025-05-20,UHIND2213A156,SEMISEARCH TECHNOLOGIES PRIVATE LIMITED,147000.0,0.0,147000.0,11.45,1683150.0
2025-05-20,UHLROODALVR,OODA INDUSTRIAL PRODUCTS,18000.0,0.0,18000.0,8.35,150300.0
2025-05-20,UHPLASIZRS05,ZOEONE INDUSTRIES,3500.0,0.0,3500.0,3.5,12250.0
2025-05-20,UHPLASIZRS06,ZOEONE INDUSTRIES,3500.0,0.0,3500.0,3.5,12250.0
2025-05-20,UHPLASIZRS07,ZOEONE INDUSTRIES,3500.0,0.0,3500.0,3.5,12250.0
2025-05-20,UHPLASIZRS08,ZOEONE INDUSTRIES,3500.0,0.0,3500.0,3.5,12250.0
2025-05-20,UHPLASIZRS09,ZOEONE INDUSTRIES,3500.0,0.0,3500.0,3.5,12250.0
2025-05-20,UHPLASIZRS10,ZOEONE INDUSTRIES,3500.0,0.0,3500.0,3.5,12250.0
2025-05-20,UHPLASIZRS11,ZOEONE INDUSTRIES,3500.0,0.0,3500.0,3.5,12250.0
2025-05-20,UHPLASIZRS12,ZOEONE INDUSTRIES,3500.0,0.0,3500.0,3.5,12250.0
2025-05-20,UHPLASIZRS13,ZOEONE INDUSTRIES,3500.0,0.0,3500.0,3.5,12250.0
2025-05-20,UHPLASIZRS14,ZOEONE INDUSTRIES,3500.0,0.0,3500.0,3.5,12250.0
2025-05-20,UHRESYAG074O,"Swift Electrocomp Solutions Pvt Ltd.,",160000.0,0.0,160000.0,0.85,136000.0
2025-05-20,UHRESYAG0OHM,SEMISEARCH TECHNOLOGIES PRIVATE LIMITED,20000.0,0.0,20000.0,0.3,6000.0
2025-05-20,UHRESYAG100K,SEMISEARCH TECHNOLOGIES PRIVATE LIMITED,820000.0,0.0,820000.0,0.48,393600.0
2025-05-20,UHRESYAG10KO,SEMISEARCH TECHNOLOGIES PRIVATE LIMITED,450000.0,0.0,450000.0,0.29,130500.0
2025-05-20,UHRESYAG22KO,SEMISEARCH TECHNOLOGIES PRIVATE LIMITED,250000.0,0.0,250000.0,0.29,72500.0
2025-05-20,UHRESYAG22MO,SEMISEARCH TECHNOLOGIES PRIVATE LIMITED,155000.0,0.0,155000.0,5.95,922250.0
2025-05-20,UHRESYAG22OH,SEMISEARCH TECHNOLOGIES PRIVATE LIMITED,50000.0,0.0,50000.0,0.43,21500.0
2025-05-20,UHRESYAG27KO,SEMISEARCH TECHNOLOGIES PRIVATE LIMITED,50000.0,0.0,50000.0,0.29,14500.0
2025-05-20,UHRESYAG47KO,SEMISEARCH TECHNOLOGIES PRIVATE LIMITED,50000.0,0.0,50000.0,0.29,14500.0
2025-05-20,UHRESYAG60KO,SEMISEARCH TECHNOLOGIES PRIVATE LIMITED,23740.0,0.0,23740.0,0.29,6884.6
2025-05-20,UHRGBTR24MAH,"Shenzhen Grepow Battery Co.,Ltd",23760.0,0.0,23760.0,342.58,8139605.76
2025-05-20,UHRING1.6PCBA,Zreyah Semiconductor Systems Pvt. Ltd.,3011.0,0.0,3011.0,190.0,572090.0
2025-05-20,UHRSOODALVR,OODA INDUSTRIAL PRODUCTS,72000.0,0.0,72000.0,9.82,707112.0
2025-05-20,UHTIJWAABS06,CP Global Solution Technologies,19.0,0.0,19.0,250.0,4750.0
2025-05-20,UHTIJWAABS07,CP Global Solution Technologies,1361.0,80.0,1281.0,250.0,320250.0
2025-05-20,UHTIJWAABS08,CP Global Solution Technologies,988.0,0.0,988.0,250.0,247000.0
2025-05-20,UHTIJWAABS09,CP Global Solution Technologies,1660.0,0.0,1660.0,250.0,415000.0
2025-05-20,UHTIJWAABS10,CP Global Solution Technologies,6.0,0.0,6.0,250.0,1500.0
2025-05-20,UHTIJWAABS11,CP Global Solution Technologies,950.0,0.0,950.0,250.0,237500.0
2025-05-20,UHTIJWAABS12,CP Global Solution Technologies,43.0,0.0,43.0,250.0,10750.0
2025-05-20,UHTIJWMGLS05,CP Global Solution Technologies,126.0,0.0,126.0,210.0,26460.0
2025-05-20,UHTIJWMGLS06,CP Global Solution Technologies,64.0,0.0,64.0,210.0,13440.0
2025-05-20,UHTIJWMGLS08,CP Global Solution Technologies,485.0,0.0,485.0,210.0,101850.0
2025-05-20,UHTIJWMGLS09,CP Global Solution Technologies,290.0,0.0,290.0,210.0,60900.0
2025-05-20,UHTIJWMGLS11,CP Global Solution Technologies,836.0,0.0,836.0,210.0,175560.0
2025-05-20,UHTIJWMGLS14,CP Global Solution Technologies,734.0,0.0,734.0,210.0,154140.0
2025-05-21,0402ZD105KAT2A,"Swift Electrocomp Solutions Pvt Ltd.,",840.0,0.0,840.0,1.45,1218.0
2025-05-21,1N4148WS,"Swift Electrocomp Solutions Pvt Ltd.,",120.0,0.0,120.0,6.14,736.8
2025-05-21,687106182122,"Swift Electrocomp Solutions Pvt Ltd.,",240.0,0.0,240.0,136.15,32676.0
2025-05-21,687108182122,"Swift Electrocomp Solutions Pvt Ltd.,",120.0,0.0,120.0,146.91,17629.2
2025-05-21,AP2112K-1.8TRG1,"Swift Electrocomp Solutions Pvt Ltd.,",120.0,0.0,120.0,19.69,2362.8
2025-05-21,AP2112K-3.3TRG1,"Swift Electrocomp Solutions Pvt Ltd.,",120.0,0.0,120.0,19.69,2362.8
2025-05-21,AS7331-AQFM OLGA16 LF T&R,"Swift Electrocomp Solutions Pvt Ltd.,",10.0,0.0,10.0,706.92,7069.2
2025-05-21,B3U-1100PM,"Swift Electrocomp Solutions Pvt Ltd.,",120.0,0.0,120.0,82.28,9873.6
2025-05-21,BSS138,"Swift Electrocomp Solutions Pvt Ltd.,",240.0,0.0,240.0,7.59,1821.6
2025-05-21,BU27006MUC-ZTR,"Swift Electrocomp Solutions Pvt Ltd.,",10.0,0.0,10.0,178.06,1780.6
2025-05-21,CL05B104KP5NNNC,"Swift Electrocomp Solutions Pvt Ltd.,",480.0,0.0,480.0,0.35,168.0
2025-05-21,CL10E224KA84PNC,"Swift Electrocomp Solutions Pvt Ltd.,",120.0,0.0,120.0,5.34,640.8
2025-05-21,DMP2035U-7,"Swift Electrocomp Solutions Pvt Ltd.,",120.0,0.0,120.0,16.92,2030.4
2025-05-21,ECS-.327-12.5-34B-TR,"Swift Electrocomp Solutions Pvt Ltd.,",120.0,0.0,120.0,30.33,3639.6
2025-05-21,ERA-2AEB303X,"Swift Electrocomp Solutions Pvt Ltd.,",120.0,0.0,120.0,6.54,784.8
2025-05-21,ERJ-2LWFR010X,"Swift Electrocomp Solutions Pvt Ltd.,",120.0,0.0,120.0,11.11,1333.2
2025-05-21,FMMT619TA,"Swift Electrocomp Solutions Pvt Ltd.,",120.0,0.0,120.0,23.77,2852.4
2025-05-21,GRM155R60J474KE19D,"Swift Electrocomp Solutions Pvt Ltd.,",120.0,0.0,120.0,3.25,390.0
2025-05-21,GRM155R61A106ME11D,"Swift Electrocomp Solutions Pvt Ltd.,",240.0,0.0,240.0,2.4,576.0
2025-05-21,LSM6DSVTR,"Swift Electrocomp Solutions Pvt Ltd.,",120.0,0.0,120.0,291.83,35019.6
2025-05-21,MLZ1608N100LT000,"Swift Electrocomp Solutions Pvt Ltd.,",120.0,0.0,120.0,7.97,956.4
2025-05-21,RC0402FR-07470RL,"Swift Electrocomp Solutions Pvt Ltd.,",120.0,0.0,120.0,0.4,48.0
2025-05-21,RC0402FR-074K7L,"Swift Electrocomp Solutions Pvt Ltd.,",1240.0,0.0,1240.0,0.54,669.6
2025-05-21,RC0402JR-07100KL,"Swift Electrocomp Solutions Pvt Ltd.,",240.0,0.0,240.0,0.49,117.6
2025-05-21,RC0402JR-0710KL,"Swift Electrocomp Solutions Pvt Ltd.,",600.0,0.0,600.0,0.49,294.0
2025-05-21,RC0402JR-071KL,"Swift Electrocomp Solutions Pvt Ltd.,",500.0,0.0,500.0,0.34,170.0
2025-05-21,RMCF0402FT270K,"Swift Electrocomp Solutions Pvt Ltd.,",120.0,0.0,120.0,0.83,99.6
2025-05-21,SEK-SEN5X,"Swift Electrocomp Solutions Pvt Ltd.,",10.0,0.0,10.0,7849.38,78493.8
2025-05-21,SFH 2703,"Swift Electrocomp Solutions Pvt Ltd.,",500.0,0.0,500.0,61.88,30940.0
2025-05-21,TLV61070ADBVR,"Swift Electrocomp Solutions Pvt Ltd.,",120.0,0.0,120.0,19.41,2329.2
2025-05-21,UH0.2ACRMST06,METALRIPPER MANUFACTURING,168.0,0.0,168.0,250.0,42000.0
2025-05-21,UH0.2ACRMST09,METALRIPPER MANUFACTURING,43.0,0.0,43.0,250.0,10750.0
2025-05-21,UH0.2ACRMST12,METALRIPPER MANUFACTURING,40.0,0.0,40.0,165.0,6600.0
2025-05-21,UH0.2BB05,IILA INDUSTRIES (Regular Purchase),300.0,0.0,300.0,34.0,10200.0
2025-05-21,UH0.2BB06,IILA INDUSTRIES (Regular Purchase),200.0,0.0,200.0,34.0,6800.0
2025-05-21,UH0.2BB08,IILA INDUSTRIES (Regular Purchase),800.0,0.0,800.0,34.0,27200.0
2025-05-21,UH0.2BB09,IILA INDUSTRIES (Regular Purchase),635.0,0.0,635.0,34.0,21590.0
2025-05-21,UH0.2BB10,IILA INDUSTRIES (Regular Purchase),2223.0,0.0,2223.0,34.0,75582.0
2025-05-21,UH0.2MIRROR05,HANAV MANUFACTURING AND BUSINESS PRIVATE LIMITED,15.0,0.0,15.0,530.0,7950.0
2025-05-21,UH0.2MIRROR07,HANAV MANUFACTURING AND BUSINESS PRIVATE LIMITED,17.0,0.0,17.0,530.0,9010.0
2025-05-21,UH0.2MIRROR08,HANAV MANUFACTURING AND BUSINESS PRIVATE LIMITED,49.0,0.0,49.0,530.0,25970.0
2025-05-21,UH0.2MIRROR10,HANAV MANUFACTURING AND BUSINESS PRIVATE LIMITED,1.0,0.0,1.0,530.0,530.0
2025-05-21,UH0.2MIRROR11,HANAV MANUFACTURING AND BUSINESS PRIVATE LIMITED,15.0,0.0,15.0,530.0,7950.0
2025-05-21,UH0.2MIRROR13,HANAV MANUFACTURING AND BUSINESS PRIVATE LIMITED,74.0,0.0,74.0,530.0,39220.0
2025-05-21,UH0.2RT05,IILA INDUSTRIES (Regular Purchase),240.0,0.0,240.0,40.0,9600.0
2025-05-21,UH0.2RT06,IILA INDUSTRIES (Regular Purchase),201.0,0.0,201.0,40.0,8040.0
2025-05-21,UH0.2RT07,IILA INDUSTRIES (Regular Purchase),452.0,0.0,452.0,40.0,18080.0
2025-05-21,UH0.2RT08,IILA INDUSTRIES (Regular Purchase),1067.0,0.0,1067.0,40.0,42680.0
2025-05-21,UHAIRMACSHL08,METALRIPPER MANUFACTURING,995.0,0.0,995.0,245.0,243775.0
2025-05-21,UHAIRMACSHL09,METALRIPPER MANUFACTURING,97.0,0.0,97.0,245.0,23765.0
2025-05-21,UHAIRMACSHL11,METALRIPPER MANUFACTURING,212.0,0.0,212.0,245.0,51940.0
2025-05-21,UHC2PCBAREV21,Zreyah Semiconductor Systems Pvt. Ltd.,2998.0,0.0,2998.0,50.0,149900.0
2025-05-21,UHC3BASEPAINT,Aaru Plastics,1032.0,0.0,1032.0,250.0,258000.0
2025-05-21,UHCH2COHOS07,Fabforma Technologies Private Limited,1980.0,0.0,1980.0,35.0,69300.0
2025-05-21,UHCH2COHOS08,Fabforma Technologies Private Limited,2000.0,0.0,2000.0,35.0,70000.0
2025-05-21,UHCHA2BASS06,HANAV MANUFACTURING AND BUSINESS PRIVATE LIMITED,1008.0,0.0,1008.0,250.0,252000.0
2025-05-21,UHCHA2BASS07,HANAV MANUFACTURING AND BUSINESS PRIVATE LIMITED,672.0,0.0,672.0,250.0,168000.0
2025-05-21,UHCHA2BASS08,Aaru Plastics,957.0,0.0,957.0,250.0,239250.0
2025-05-21,UHCHA2BASS10,Aaru Plastics,500.0,0.0,500.0,250.0,125000.0
2025-05-21,UHCHARTOPS05,Aaru Plastics,26.0,0.0,26.0,34.0,884.0
2025-05-21,UHCHARTOPS06,Aaru Plastics,367.0,0.0,367.0,38.0,13946.0
2025-05-21,UHCHARTOPS07,Aaru Plastics,1470.0,0.0,1470.0,34.0,49980.0
2025-05-21,UHCHARTOPS08,Aaru Plastics,1097.0,0.0,1097.0,34.0,37298.0
2025-05-21,UHCHARTOPS09,Aaru Plastics,1060.0,0.0,1060.0,38.0,40280.0
2025-05-21,UHCHARTOPS10,Aaru Plastics,476.0,0.0,476.0,38.0,18088.0
2025-05-21,UHCHARTOPS13,Aaru Plastics,195.0,0.0,195.0,38.0,7410.0
2025-05-21,UHCONSCLOTH,Hesh opto lab pvt ltd,50.0,0.0,50.0,120.0,6000.0
2025-05-21,UHCONSDBRBLD,SUNRISE ENTERPRISE,1500.0,0.0,1500.0,38.5,57750.0
2025-05-21,UHCONSDBRTL,SUNRISE ENTERPRISE,20.0,0.0,20.0,190.0,3800.0
2025-05-21,UHLROODALVR,OODA INDUSTRIAL PRODUCTS,18000.0,0.0,18000.0,8.35,150300.0
2025-05-21,UHLUXAGBASE,Minox Metal Private Limited,467.0,0.0,467.0,1050.0,490350.0
2025-05-21,UHPLASIZRS05,ZOEONE INDUSTRIES,6000.0,0.0,6000.0,3.5,21000.0
2025-05-21,UHPLASIZRS06,ZOEONE INDUSTRIES,6000.0,0.0,6000.0,3.5,21000.0
2025-05-21,UHPLASIZRS07,ZOEONE INDUSTRIES,6000.0,0.0,6000.0,3.5,21000.0
2025-05-21,UHPLASIZRS08,ZOEONE INDUSTRIES,6000.0,0.0,6000.0,3.5,21000.0
2025-05-21,UHPLASIZRS09,ZOEONE INDUSTRIES,6000.0,0.0,6000.0,3.5,21000.0
2025-05-21,UHPLASIZRS10,ZOEONE INDUSTRIES,6000.0,0.0,6000.0,3.5,21000.0
2025-05-21,UHPLASIZRS11,ZOEONE INDUSTRIES,6000.0,0.0,6000.0,3.5,21000.0
2025-05-21,UHPLASIZRS12,ZOEONE INDUSTRIES,6000.0,0.0,6000.0,3.5,21000.0
2025-05-21,UHPLASIZRS13,ZOEONE INDUSTRIES,6000.0,0.0,6000.0,3.5,21000.0
2025-05-21,UHPLASIZRS14,ZOEONE INDUSTRIES,6000.0,0.0,6000.0,3.5,21000.0
2025-05-21,UHRINGBOXBUILD,Zreyah Semiconductor Systems Pvt. Ltd.,20706.0,0.0,20706.0,220.0,4555320.0
2025-05-21,UHSMD2.2INDUT,"Swift Electrocomp Solutions Pvt Ltd.,",120.0,0.0,120.0,16.33,1959.6
2025-05-21,UHSWATCHAA,Mudra innovation,5000.0,221.0,4779.0,12.2,58303.8
2025-05-21,UHSWATCHAG,Mudra innovation,5000.0,118.0,4882.0,12.2,59560.4
2025-05-21,UHSWATCHAS,Mudra innovation,5000.0,9.0,4991.0,12.2,60890.2
2025-05-21,UHSWATCHMG,Mudra innovation,5000.0,43.0,4957.0,12.2,60475.4
2025-05-21,UHSWATCHRT,Mudra innovation,5000.0,39.0,4961.0,12.2,60524.2
2025-05-21,VLMS1500-GS08,"Swift Electrocomp Solutions Pvt Ltd.,",500.0,0.0,500.0,8.91,4455.0
2025-05-21,W25Q128JVPIQ,"Swift Electrocomp Solutions Pvt Ltd.,",120.0,0.0,120.0,100.2,12024.0
2025-05-22,UH0.2AA07,CP Global Solution Technologies,80.0,0.0,80.0,250.0,20000.0
2025-05-22,UH0.2ACRMST06,METALRIPPER MANUFACTURING,146.0,0.0,146.0,250.0,36500.0
2025-05-22,UH0.2ACRMST12,METALRIPPER MANUFACTURING,56.0,0.0,56.0,250.0,14000.0
2025-05-22,UH0.2MACHINS10,HANAV MANUFACTURING AND BUSINESS PRIVATE LIMITED,606.0,0.0,606.0,245.0,148470.0
2025-05-22,UHAIRMACSHL08,METALRIPPER MANUFACTURING,503.0,0.0,503.0,245.0,123235.0
2025-05-22,UHAIRMACSHL09,METALRIPPER MANUFACTURING,473.0,0.0,473.0,245.0,115885.0
2025-05-22,UHAIRMACSHL10,METALRIPPER MANUFACTURING,159.0,0.0,159.0,245.0,38955.0
2025-05-22,UHAIRMACSHL11,METALRIPPER MANUFACTURING,255.0,0.0,255.0,245.0,62475.0
2025-05-22,UHC2PCBAREV21,Zreyah Semiconductor Systems Pvt. Ltd.,3036.0,0.0,3036.0,50.0,151800.0
2025-05-22,UHC3BASEPAINT,Aaru Plastics,2000.0,0.0,2000.0,250.0,500000.0
2025-05-22,UHCH2COHOS05,3DE Technology Prototype Solutions Pvt Ltd (Casting),350.0,0.0,350.0,32.0,11200.0
2025-05-22,UHCH2COHOS06,3DE Technology Prototype Solutions Pvt Ltd (Casting),63.0,0.0,63.0,32.0,2016.0
2025-05-22,UHCH2COHOS07,Fabforma Technologies Private Limited,2000.0,0.0,2000.0,35.0,70000.0
2025-05-22,UHCH2COHOS08,Fabforma Technologies Private Limited,2000.0,0.0,2000.0,35.0,70000.0
2025-05-22,UHCHA2BASS06,HANAV MANUFACTURING AND BUSINESS PRIVATE LIMITED,504.0,0.0,504.0,250.0,126000.0
2025-05-22,UHCHA2BASS07,HANAV MANUFACTURING AND BUSINESS PRIVATE LIMITED,504.0,0.0,504.0,250.0,126000.0
2025-05-22,UHCHA2BASS08,HANAV MANUFACTURING AND BUSINESS PRIVATE LIMITED,1008.0,0.0,1008.0,260.0,262080.0
2025-05-22,UHCHA2BASS10,Aaru Plastics,835.0,0.0,835.0,250.0,208750.0
2025-05-22,UHCHA2BASS11,Aaru Plastics,525.0,0.0,525.0,250.0,131250.0
2025-05-22,UHCHARTOPS07,Aaru Plastics,782.0,0.0,782.0,34.0,26588.0
2025-05-22,UHCHARTOPS08,Aaru Plastics,1268.0,0.0,1268.0,34.0,43112.0
2025-05-22,UHCHARTOPS09,Aaru Plastics,622.0,0.0,622.0,38.0,23636.0
2025-05-22,UHCHARTOPS10,Aaru Plastics,898.0,0.0,898.0,38.0,34124.0
2025-05-22,UHCTPFGAAS11,3DE Technology Prototype Solutions Pvt Ltd (Casting),11.0,0.0,11.0,190.0,2090.0
2025-05-22,UHCTPFGAAS12,3DE Technology Prototype Solutions Pvt Ltd (Casting),10.0,0.0,10.0,380.0,3800.0
2025-05-22,UHHMDVFGWEN,SHENZHEN PRODO TECHNOLOGY CO; LTD,300.0,0.0,300.0,11814.48,3544344.0
2025-05-22,UHLROODALVR,OODA INDUSTRIAL PRODUCTS,50000.0,0.0,50000.0,8.35,417500.0
2025-05-22,UHPLASIZRS05,ZOEONE INDUSTRIES,3000.0,0.0,3000.0,3.5,10500.0
2025-05-22,UHPLASIZRS06,ZOEONE INDUSTRIES,3000.0,0.0,3000.0,3.5,10500.0
2025-05-22,UHPLASIZRS07,ZOEONE INDUSTRIES,3000.0,0.0,3000.0,3.5,10500.0
2025-05-22,UHPLASIZRS08,ZOEONE INDUSTRIES,3000.0,0.0,3000.0,3.5,10500.0
2025-05-22,UHPLASIZRS09,ZOEONE INDUSTRIES,3000.0,0.0,3000.0,3.5,10500.0
2025-05-22,UHPLASIZRS10,ZOEONE INDUSTRIES,3000.0,0.0,3000.0,3.5,10500.0
2025-05-22,UHPLASIZRS11,ZOEONE INDUSTRIES,3000.0,0.0,3000.0,3.5,10500.0
2025-05-22,UHPLASIZRS12,ZOEONE INDUSTRIES,3000.0,0.0,3000.0,3.5,10500.0
2025-05-22,UHPLASIZRS13,ZOEONE INDUSTRIES,3000.0,0.0,3000.0,3.5,10500.0
2025-05-22,UHPLASIZRS14,ZOEONE INDUSTRIES,3000.0,0.0,3000.0,3.5,10500.0
2025-05-22,UHRING1.6PCBA,Zreyah Semiconductor Systems Pvt. Ltd.,3860.0,0.0,3860.0,190.0,733400.0
2025-05-22,UHRSOODALVR,OODA INDUSTRIAL PRODUCTS,100000.0,0.0,100000.0,9.82,982100.0
2025-05-23,UH0.2ACRMST06,METALRIPPER MANUFACTURING,194.0,0.0,194.0,165.0,32010.0
2025-05-23,UH0.2ACRMST07,METALRIPPER MANUFACTURING,73.0,0.0,73.0,250.0,18250.0
2025-05-23,UH0.2MIRROR05,HANAV MANUFACTURING AND BUSINESS PRIVATE LIMITED,242.0,0.0,242.0,530.0,128260.0
2025-05-23,UH0.2MIRROR07,HANAV MANUFACTURING AND BUSINESS PRIVATE LIMITED,40.0,0.0,40.0,530.0,21200.0
2025-05-23,UH0.2MIRROR08,HANAV MANUFACTURING AND BUSINESS PRIVATE LIMITED,101.0,0.0,101.0,530.0,53530.0
2025-05-23,UH0.2MIRROR10,HANAV MANUFACTURING AND BUSINESS PRIVATE LIMITED,3.0,0.0,3.0,530.0,1590.0
2025-05-23,UH0.2MIRROR11,HANAV MANUFACTURING AND BUSINESS PRIVATE LIMITED,6.0,0.0,6.0,530.0,3180.0
2025-05-23,UH0.2MIRROR13,HANAV MANUFACTURING AND BUSINESS PRIVATE LIMITED,37.0,0.0,37.0,530.0,19610.0
2025-05-23,UHAIRMACSHL09,METALRIPPER MANUFACTURING,167.0,0.0,167.0,245.0,40915.0
2025-05-23,UHAIRMACSHL10,METALRIPPER MANUFACTURING,698.0,0.0,698.0,245.0,171010.0
2025-05-23,UHC2PCBAREV21,Zreyah Semiconductor Systems Pvt. Ltd.,6000.0,0.0,6000.0,50.0,300000.0
2025-05-23,UHC3BASEPAINT,Aaru Plastics,4055.0,0.0,4055.0,250.0,1013750.0
2025-05-23,UHCH2COHOS05,3DE Technology Prototype Solutions Pvt Ltd (Casting),150.0,0.0,150.0,32.0,4800.0
2025-05-23,UHCH2COHOS06,3DE Technology Prototype Solutions Pvt Ltd (Casting),440.0,0.0,440.0,32.0,14080.0
2025-05-23,UHCH2COHOS07,Fabforma Technologies Private Limited,1880.0,0.0,1880.0,35.0,65800.0
2025-05-23,UHCH2COHOS08,Fabforma Technologies Private Limited,2300.0,0.0,2300.0,35.0,80500.0
2025-05-23,UHCHA2BASS06,HANAV MANUFACTURING AND BUSINESS PRIVATE LIMITED,1008.0,0.0,1008.0,250.0,252000.0
2025-05-23,UHCHA2BASS07,HANAV MANUFACTURING AND BUSINESS PRIVATE LIMITED,1008.0,0.0,1008.0,250.0,252000.0
2025-05-23,UHCHA2BASS10,Aaru Plastics,548.0,0.0,548.0,250.0,137000.0
2025-05-23,UHCHA2BASS11,Aaru Plastics,685.0,0.0,685.0,250.0,171250.0
2025-05-23,UHCHARTOPS05,Aaru Plastics,368.0,0.0,368.0,34.0,12512.0
2025-05-23,UHCHARTOPS07,Aaru Plastics,561.0,0.0,561.0,34.0,19074.0
2025-05-23,UHCHARTOPS08,Aaru Plastics,1149.0,0.0,1149.0,34.0,39066.0
2025-05-23,UHCHARTOPS09,Aaru Plastics,686.0,0.0,686.0,38.0,26068.0
2025-05-23,UHCHARTOPS10,Aaru Plastics,1080.0,0.0,1080.0,37.38,40372.0
2025-05-23,UHCHARTOPS11,Aaru Plastics,362.0,0.0,362.0,38.0,13756.0
2025-05-23,UHCHARTOPS13,Aaru Plastics,30.0,0.0,30.0,38.0,1140.0
2025-05-23,UHCONSACRYBIG,LAMARIONS LASER,5000.0,0.0,5000.0,12.0,60000.0
2025-05-23,UHCONSACRYSML,LAMARIONS LASER,1344.0,0.0,1344.0,11.0,14784.0
2025-05-23,UHHMDVFGWEN,SHENZHEN PRODO TECHNOLOGY CO; LTD,84.0,0.0,84.0,11814.48,992416.32
2025-05-23,UHHWSS1.8X6-H,"ZHONGSHAN HAOFAN HARDWARE CO., LTD",290000.0,0.0,290000.0,0.97,280209.6
2025-05-23,UHICHANA4124,Macnica Cytech Pte Ltd,90000.0,0.0,90000.0,205.59,18503468.1
2025-05-23,UHOPSANA61EF,Macnica Cytech Pte Ltd,7500.0,0.0,7500.0,261.59,1961898.07
2025-05-23,UHPLASIZRS05,ZOEONE INDUSTRIES,3000.0,0.0,3000.0,3.5,10500.0
2025-05-23,UHPLASIZRS06,ZOEONE INDUSTRIES,3000.0,0.0,3000.0,3.5,10500.0
2025-05-23,UHPLASIZRS07,ZOEONE INDUSTRIES,3000.0,0.0,3000.0,3.5,10500.0
2025-05-23,UHPLASIZRS08,ZOEONE INDUSTRIES,3000.0,0.0,3000.0,3.5,10500.0
2025-05-23,UHPLASIZRS09,ZOEONE INDUSTRIES,3000.0,0.0,3000.0,3.5,10500.0
2025-05-23,UHPLASIZRS10,ZOEONE INDUSTRIES,3000.0,0.0,3000.0,3.5,10500.0
2025-05-23,UHPLASIZRS11,ZOEONE INDUSTRIES,3000.0,0.0,3000.0,3.5,10500.0
2025-05-23,UHPLASIZRS12,ZOEONE INDUSTRIES,3000.0,0.0,3000.0,3.5,10500.0
2025-05-23,UHPLASIZRS13,ZOEONE INDUSTRIES,3000.0,0.0,3000.0,3.5,10500.0
2025-05-23,UHPLASIZRS14,ZOEONE INDUSTRIES,3000.0,0.0,3000.0,3.5,10500.0
2025-05-23,UHSWATCHAA,Mudra innovation,5000.0,59.0,4941.0,12.2,60280.2
2025-05-23,UHSWATCHAG,Mudra innovation,5000.0,528.0,4472.0,12.2,54558.4
2025-05-23,UHSWATCHAS,Mudra innovation,5000.0,56.0,4944.0,12.2,60316.8
2025-05-23,UHSWATCHMG,Mudra innovation,5000.0,183.0,4817.0,12.2,58767.4
2025-05-23,UHSWATCHRT,Mudra innovation,5000.0,84.0,4916.0,12.2,59975.2
2025-05-24,UH0.2AG05,CN Innovations Limited,5250.0,0.0,5250.0,577.11,3029821.2
2025-05-24,UH0.2AG06,CN Innovations Limited,2800.0,0.0,2800.0,577.11,1615904.64
2025-05-24,UH0.2AG07,CN Innovations Limited,10500.0,0.0,10500.0,577.11,6059642.4
2025-05-24,UH0.2AG08,CN Innovations Limited,8050.0,0.0,8050.0,577.11,4645725.84
2025-05-24,UH0.2AG09,CN Innovations Limited,4177.0,0.0,4177.0,577.11,2410583.46
2025-05-24,UH0.2AG10,CN Innovations Limited,2100.0,0.0,2100.0,679.88,1427751.36
2025-05-24,UH0.2AS05,CN Innovations Limited,1750.0,0.0,1750.0,545.07,953878.0
2025-05-24,UH0.2AS06,CN Innovations Limited,700.0,0.0,700.0,545.49,381840.48
2025-05-24,UH0.2AS07,CN Innovations Limited,2800.0,0.0,2800.0,545.49,1527361.92
2025-05-24,UH0.2AS08,CN Innovations Limited,3150.0,0.0,3150.0,545.49,1718282.16
2025-05-24,UH0.2AS09,CN Innovations Limited,2800.0,0.0,2800.0,545.49,1527361.92
2025-05-24,UH0.2MACHINS11,HANAV MANUFACTURING AND BUSINESS PRIVATE LIMITED,262.0,131.0,131.0,245.0,32095.0
2025-05-24,UH0.2MIRROR05,HANAV MANUFACTURING AND BUSINESS PRIVATE LIMITED,6.0,0.0,6.0,530.0,3180.0
2025-05-24,UH0.2MIRROR07,HANAV MANUFACTURING AND BUSINESS PRIVATE LIMITED,62.0,0.0,62.0,530.0,32860.0
2025-05-24,UH0.2MIRROR08,HANAV MANUFACTURING AND BUSINESS PRIVATE LIMITED,166.0,0.0,166.0,530.0,87980.0
2025-05-24,UH0.2MIRROR10,HANAV MANUFACTURING AND BUSINESS PRIVATE LIMITED,18.0,0.0,18.0,530.0,9540.0
2025-05-24,UH0.2MIRROR11,HANAV MANUFACTURING AND BUSINESS PRIVATE LIMITED,1.0,0.0,1.0,530.0,530.0
2025-05-24,UH0.2MIRROR13,HANAV MANUFACTURING AND BUSINESS PRIVATE LIMITED,15.0,0.0,15.0,530.0,7950.0
2025-05-24,UH0.2RT11,IILA INDUSTRIES (Regular Purchase),1000.0,0.0,1000.0,40.0,40000.0
2025-05-24,UH0.2RT13,IILA INDUSTRIES (Regular Purchase),269.0,0.0,269.0,40.0,10760.0
2025-05-24,UHC2CUMO10MA,ARROW ELECTRONICS ASIA (S) PTE LTD,102000.0,0.0,102000.0,33.12,3377799.36
2025-05-24,UHC3BASEPAINT,Aaru Plastics,2031.0,0.0,2031.0,250.0,507750.0
2025-05-24,UHCAPSAM22UF,SEMISEARCH TECHNOLOGIES PRIVATE LIMITED,60000.0,0.0,60000.0,12.5,750000.0
2025-05-24,UHCAPSAM43UF,SEMISEARCH TECHNOLOGIES PRIVATE LIMITED,60000.0,0.0,60000.0,7.24,434400.0
2025-05-24,UHCH2COHOS05,Fabforma Technologies Private Limited,1500.0,0.0,1500.0,35.0,52500.0
2025-05-24,UHCH2COHOS07,Fabforma Technologies Private Limited,150.0,0.0,150.0,35.0,5250.0
2025-05-24,UHCH2COHOS08,Fabforma Technologies Private Limited,300.0,0.0,300.0,35.0,10500.0
2025-05-24,UHCH2COHOS09,Fabforma Technologies Private Limited,750.0,0.0,750.0,35.0,26250.0
2025-05-24,UHCH2COHOS10,Fabforma Technologies Private Limited,750.0,0.0,750.0,50.0,37500.0
2025-05-24,UHCHA2BASS08,Aaru Plastics,356.0,0.0,356.0,250.0,89000.0
2025-05-24,UHCHA2BASS10,Aaru Plastics,500.0,0.0,500.0,250.0,125000.0
2025-05-24,UHCHA2BASS11,Aaru Plastics,500.0,0.0,500.0,250.0,125000.0
2025-05-24,UHCHARTOPS05,Aaru Plastics,192.0,0.0,192.0,34.0,6528.0
2025-05-24,UHCHARTOPS07,Aaru Plastics,1052.0,0.0,1052.0,34.0,35768.0
2025-05-24,UHCHARTOPS08,Aaru Plastics,332.0,0.0,332.0,34.0,11288.0
2025-05-24,UHCHARTOPS09,Aaru Plastics,1279.0,0.0,1279.0,38.0,48602.0
2025-05-24,UHCHARTOPS10,Aaru Plastics,1288.0,0.0,1288.0,38.0,48944.0
2025-05-24,UHCHARTOPS11,Aaru Plastics,282.0,0.0,282.0,38.0,10716.0
2025-05-24,UHCHARTOPS13,Aaru Plastics,410.0,0.0,410.0,38.0,15580.0
2025-05-24,UHICHTEXUCC2,ARROW ELECTRONICS ASIA (S) PTE LTD,102000.0,0.0,102000.0,43.13,4399202.88
2025-05-24,UHRESSTA10MO,SEMISEARCH TECHNOLOGIES PRIVATE LIMITED,20000.0,0.0,20000.0,34.5,690000.0
2025-05-24,UHRESYAG60KO,SEMISEARCH TECHNOLOGIES PRIVATE LIMITED,16299.0,0.0,16299.0,0.29,4726.71
2025-05-24,UHRGOUTTAPS05,Punarvasu graphics,10078.0,0.0,10078.0,0.6,6046.8
2025-05-24,UHRGOUTTAPS06,Punarvasu graphics,20000.0,0.0,20000.0,0.6,12000.0
2025-05-24,UHRGOUTTAPS07,Punarvasu graphics,35040.0,0.0,35040.0,0.6,21024.0
2025-05-24,UHRGOUTTAPS08,Punarvasu graphics,35000.0,0.0,35000.0,0.6,21000.0
2025-05-24,UHRGOUTTAPS09,Punarvasu graphics,35080.0,0.0,35080.0,0.6,21048.0
2025-05-24,UHRGOUTTAPS10,Punarvasu graphics,20000.0,0.0,20000.0,0.6,12000.0
2025-05-24,UHRGOUTTAPS11,Punarvasu graphics,20080.0,0.0,20080.0,0.6,12048.0
2025-05-24,UHRGOUTTAPS12,Punarvasu graphics,20000.0,0.0,20000.0,0.6,12000.0
2025-05-24,UHRING1.6PCBA,Zreyah Semiconductor Systems Pvt. Ltd.,5172.0,0.0,5172.0,190.0,982680.0
2025-05-24,UHSWATCHAA,Mudra innovation,5000.0,192.0,4808.0,12.2,58657.6
2025-05-24,UHSWATCHAG,Mudra innovation,5000.0,90.0,4910.0,12.2,59902.0
2025-05-24,UHSWATCHAS,Mudra innovation,5000.0,43.0,4957.0,12.2,60475.4
2025-05-24,UHSWATCHMG,Mudra innovation,5000.0,39.0,4961.0,12.2,60524.2
2025-05-24,UHSWATCHRT,Mudra innovation,5000.0,288.0,4712.0,12.2,57486.4
2025-05-24,UHTIJWMGLS11,Oerlikon balzers coating india pvt ltd,99.0,0.0,99.0,207.0,20493.0
2025-05-24,UHTIJWMGLS14,Oerlikon balzers coating india pvt ltd,100.0,0.0,100.0,207.0,20700.0
2025-05-25,UH0.2RT09,IILA INDUSTRIES (Regular Purchase),1461.0,0.0,1461.0,40.0,58440.0
2025-05-25,UH0.2RT10,IILA INDUSTRIES (Regular Purchase),1500.0,0.0,1500.0,40.0,60000.0
2025-05-25,UHC3BASEPAINT,Aaru Plastics,1584.0,0.0,1584.0,250.0,396000.0
2025-05-25,UHCHA2BASS06,HANAV MANUFACTURING AND BUSINESS PRIVATE LIMITED,84.0,0.0,84.0,250.0,21000.0
2025-05-25,UHCHA2BASS07,Aaru Plastics,500.0,0.0,500.0,250.0,125000.0
2025-05-25,UHCHA2BASS07,HANAV MANUFACTURING AND BUSINESS PRIVATE LIMITED,1008.0,0.0,1008.0,250.0,252000.0
2025-05-25,UHCHA2BASS08,HANAV MANUFACTURING AND BUSINESS PRIVATE LIMITED,252.0,0.0,252.0,260.0,65520.0
2025-05-25,UHCHA2BASS10,Aaru Plastics,500.0,0.0,500.0,250.0,125000.0
2025-05-25,UHCHA2BASS11,Aaru Plastics,500.0,0.0,500.0,250.0,125000.0
2025-05-25,UHCHA2BASS13,Aaru Plastics,180.0,0.0,180.0,250.0,45000.0
2025-05-25,UHCHARTOPS07,Aaru Plastics,973.0,0.0,973.0,34.0,33082.0
2025-05-25,UHCHARTOPS08,Aaru Plastics,1241.0,0.0,1241.0,34.0,42194.0
2025-05-25,UHCHARTOPS09,Aaru Plastics,1381.0,0.0,1381.0,38.0,52478.0
2025-05-25,UHCHARTOPS10,Aaru Plastics,1220.0,0.0,1220.0,38.0,46360.0
2025-05-25,UHCHARTOPS11,Aaru Plastics,221.0,0.0,221.0,38.0,8398.0
2025-05-25,UHPLASIZRS05,ZOEONE INDUSTRIES,3000.0,0.0,3000.0,3.5,10500.0
2025-05-25,UHPLASIZRS06,ZOEONE INDUSTRIES,3000.0,0.0,3000.0,3.5,10500.0
2025-05-25,UHPLASIZRS07,ZOEONE INDUSTRIES,3000.0,0.0,3000.0,3.5,10500.0
2025-05-25,UHPLASIZRS08,ZOEONE INDUSTRIES,3000.0,0.0,3000.0,3.5,10500.0
2025-05-25,UHPLASIZRS09,ZOEONE INDUSTRIES,3000.0,0.0,3000.0,3.5,10500.0
2025-05-25,UHPLASIZRS10,ZOEONE INDUSTRIES,3000.0,0.0,3000.0,3.5,10500.0
2025-05-25,UHPLASIZRS11,ZOEONE INDUSTRIES,3000.0,0.0,3000.0,3.5,10500.0
2025-05-25,UHPLASIZRS12,ZOEONE INDUSTRIES,3000.0,0.0,3000.0,3.5,10500.0
2025-05-25,UHPLASIZRS13,ZOEONE INDUSTRIES,3000.0,0.0,3000.0,3.5,10500.0
2025-05-25,UHPLASIZRS14,ZOEONE INDUSTRIES,3000.0,0.0,3000.0,3.5,10500.0
2025-05-25,UHTAPS607X145,Suprabha ColorGrafix Private Limited,205700.0,0.0,205700.0,0.3,61710.0
2025-05-26,Retsol D-5025A BT 2D Barcode scanner,RETAIL SOLUTION AND TECHNOLOGIES,5.0,0.0,5.0,8600.0,43000.0
2025-05-26,UH0.2ACRMST07,METALRIPPER MANUFACTURING,114.0,0.0,114.0,250.0,28500.0
2025-05-26,UH0.2ACRMST08,METALRIPPER MANUFACTURING,213.0,0.0,213.0,250.0,53250.0
2025-05-26,UH0.2ACRMST10,METALRIPPER MANUFACTURING,252.0,0.0,252.0,165.0,41580.0
2025-05-26,UH0.2ACRMST12,METALRIPPER MANUFACTURING,83.0,0.0,83.0,165.0,13695.0
2025-05-26,UH0.2MACHINS10,HANAV MANUFACTURING AND BUSINESS PRIVATE LIMITED,671.0,0.0,671.0,245.0,164395.0
2025-05-26,UH0.2MACHINS11,HANAV MANUFACTURING AND BUSINESS PRIVATE LIMITED,293.0,0.0,293.0,245.0,71785.0
2025-05-26,UHAIRMACSHL08,METALRIPPER MANUFACTURING,383.0,0.0,383.0,245.0,93835.0
2025-05-26,UHAIRMACSHL09,METALRIPPER MANUFACTURING,651.0,0.0,651.0,245.0,159495.0
2025-05-26,UHAIRMACSHL11,METALRIPPER MANUFACTURING,282.0,0.0,282.0,245.0,69090.0
2025-05-26,UHC2PCBREV21,"Shenzhen JDB Technology Co., Ltd.",54732.0,0.0,54732.0,0.4,21704.71
2025-05-26,UHCH2COHOS05,Fabforma Technologies Private Limited,2100.0,0.0,2100.0,35.0,73500.0
2025-05-26,UHCH2COHOS09,Fabforma Technologies Private Limited,1100.0,0.0,1100.0,35.0,38500.0
2025-05-26,UHCH2COHOS10,Fabforma Technologies Private Limited,885.0,0.0,885.0,50.0,44250.0
2025-05-26,UHCHA2BASS08,HANAV MANUFACTURING AND BUSINESS PRIVATE LIMITED,1808.0,0.0,1808.0,260.0,470080.0
2025-05-26,UHICHNRF5284,MILLENNIUM SEMICONDUCTORS INDIA PRIVATE LIMITED,105000.0,0.0,105000.0,150.83,15837150.0
2025-05-26,UHPRINTBATPCB,Suprabha ColorGrafix Private Limited,71875.0,0.0,71875.0,1.0,71875.0
2025-05-26,UHRDRPL3478,Sellex Incorp,1.0,0.0,1.0,8900.0,8900.0
2025-05-26,UHROUNDTAPES07,Suprabha ColorGrafix Private Limited,5000.0,0.0,5000.0,0.65,3250.0
2025-05-26,UHROUNDTAPES08,Suprabha ColorGrafix Private Limited,5000.0,0.0,5000.0,0.65,3250.0
2025-05-26,UHROUNDTAPES09,Suprabha ColorGrafix Private Limited,5000.0,0.0,5000.0,0.65,3250.0
2025-05-26,UHROUNDTAPES10,Suprabha ColorGrafix Private Limited,5000.0,0.0,5000.0,0.65,3250.0
2025-05-26,UHSWATCHAA,Mudra innovation,5000.0,124.0,4876.0,12.2,59487.2
2025-05-26,UHSWATCHAG,Mudra innovation,5000.0,167.0,4833.0,12.2,58962.6
2025-05-26,UHSWATCHAS,Mudra innovation,5000.0,75.0,4925.0,12.2,60085.0
2025-05-26,UHSWATCHMG,Mudra innovation,5000.0,52.0,4948.0,12.2,60365.6
2025-05-26,UHSWATCHRT,Mudra innovation,5000.0,303.0,4697.0,12.2,57303.4
2025-05-26,UHTAPEBATPCB,"Shenzhen JDB Technology Co., Ltd.",37500.0,0.0,37500.0,4.1,153862.74
2025-05-27,687608050002,"Swift Electrocomp Solutions Pvt Ltd.,",100.0,0.0,100.0,257.54,25754.0
2025-05-27,687708050002,"Swift Electrocomp Solutions Pvt Ltd.,",100.0,0.0,100.0,257.54,25754.0
2025-05-27,SFH 7016,"Swift Electrocomp Solutions Pvt Ltd.,",236.0,0.0,236.0,82.66,19507.76
2025-05-27,TCS34303,"Swift Electrocomp Solutions Pvt Ltd.,",10.0,0.0,10.0,240.28,2402.8
2025-05-27,UH0.2ACRMST05,METALRIPPER MANUFACTURING,105.0,0.0,105.0,165.0,17325.0
2025-05-27,UH0.2ACRMST08,METALRIPPER MANUFACTURING,54.0,0.0,54.0,165.0,8910.0
2025-05-27,UH0.2ACRMST10,METALRIPPER MANUFACTURING,73.0,0.0,73.0,165.0,12045.0
2025-05-27,UH0.2ACRMST11,METALRIPPER MANUFACTURING,52.0,0.0,52.0,165.0,8580.0
2025-05-27,UH0.2MIRROR05,HANAV MANUFACTURING AND BUSINESS PRIVATE LIMITED,70.0,0.0,70.0,530.0,37100.0
2025-05-27,UH0.2MIRROR07,HANAV MANUFACTURING AND BUSINESS PRIVATE LIMITED,74.0,0.0,74.0,530.0,39220.0
2025-05-27,UH0.2MIRROR08,HANAV MANUFACTURING AND BUSINESS PRIVATE LIMITED,125.0,0.0,125.0,530.0,66250.0
2025-05-27,UH0.2MIRROR10,HANAV MANUFACTURING AND BUSINESS PRIVATE LIMITED,31.0,0.0,31.0,530.0,16430.0
2025-05-27,UH0.2MIRROR11,HANAV MANUFACTURING AND BUSINESS PRIVATE LIMITED,183.0,0.0,183.0,530.0,96990.0
2025-05-27,UH0.2MIRROR13,HANAV MANUFACTURING AND BUSINESS PRIVATE LIMITED,104.0,0.0,104.0,530.0,55120.0
2025-05-27,UHACCSTM6DSO,Ramakrishna Electro Components Pvt. Ltd.,75000.0,0.0,75000.0,146.0,10950000.0
2025-05-27,UHAIRMACSHL07,METALRIPPER MANUFACTURING,34.0,0.0,34.0,245.0,8330.0
2025-05-27,UHAIRMACSHL09,METALRIPPER MANUFACTURING,28.0,0.0,28.0,245.0,6860.0
2025-05-27,UHAIRMACSHL10,METALRIPPER MANUFACTURING,93.0,0.0,93.0,245.0,22785.0
2025-05-27,UHAIRMACSHL11,METALRIPPER MANUFACTURING,420.0,0.0,420.0,245.0,102900.0
2025-05-27,UHC2PCBAREV21,Zreyah Semiconductor Systems Pvt. Ltd.,9000.0,0.0,9000.0,50.0,450000.0
2025-05-27,UHC3BASEPAINT,Aaru Plastics,2332.0,0.0,2332.0,250.0,583000.0
2025-05-27,UHCH2COHOS05,Fabforma Technologies Private Limited,330.0,0.0,330.0,35.0,11550.0
2025-05-27,UHCH2COHOS07,Fabforma Technologies Private Limited,500.0,0.0,500.0,35.0,17500.0
2025-05-27,UHCH2COHOS08,Fabforma Technologies Private Limited,1000.0,0.0,1000.0,35.0,35000.0
2025-05-27,UHCH2COHOS09,Fabforma Technologies Private Limited,1300.0,0.0,1300.0,35.0,45500.0
2025-05-27,UHCH2COHOS10,Fabforma Technologies Private Limited,1000.0,0.0,1000.0,50.0,50000.0
2025-05-27,UHCHA2BASS09,Aaru Plastics,727.0,0.0,727.0,250.0,181750.0
2025-05-27,UHCHA2BASS13,Aaru Plastics,660.0,0.0,660.0,250.0,165000.0
2025-05-27,UHCHARTOPS05,Aaru Plastics,28.0,0.0,28.0,38.0,1064.0
2025-05-27,UHCHARTOPS07,Aaru Plastics,1291.0,0.0,1291.0,34.0,43894.0
2025-05-27,UHCHARTOPS08,Aaru Plastics,1423.0,0.0,1423.0,34.0,48382.0
2025-05-27,UHCHARTOPS09,Aaru Plastics,921.0,0.0,921.0,38.0,34998.0
2025-05-27,UHCHARTOPS10,Aaru Plastics,831.0,0.0,831.0,38.0,31578.0
2025-05-27,UHCHARTOPS11,Aaru Plastics,617.0,0.0,617.0,38.0,23446.0
2025-05-27,UHCMPCHKGS10,METALRIPPER MANUFACTURING,2.0,0.0,2.0,1600.0,3200.0
2025-05-27,UHCMPCHKGS11,METALRIPPER MANUFACTURING,2.0,0.0,2.0,1600.0,3200.0
2025-05-27,UHCMPCHKGS12,METALRIPPER MANUFACTURING,2.0,0.0,2.0,1600.0,3200.0
2025-05-27,UHCMPCHKGS13,METALRIPPER MANUFACTURING,2.0,0.0,2.0,1600.0,3200.0
2025-05-27,UHCMPCHKGS14,METALRIPPER MANUFACTURING,2.0,0.0,2.0,1600.0,3200.0
2025-05-27,UHCMPCHKGS5,METALRIPPER MANUFACTURING,2.0,0.0,2.0,1600.0,3200.0
2025-05-27,UHCMPCHKGS6,METALRIPPER MANUFACTURING,2.0,0.0,2.0,1600.0,3200.0
2025-05-27,UHCMPCHKGS7,METALRIPPER MANUFACTURING,2.0,0.0,2.0,1600.0,3200.0
2025-05-27,UHCMPCHKGS8,METALRIPPER MANUFACTURING,2.0,0.0,2.0,1600.0,3200.0
2025-05-27,UHCMPCHKGS9,METALRIPPER MANUFACTURING,2.0,0.0,2.0,1600.0,3200.0
2025-05-27,UHCONSACRYBIG,LAMARIONS LASER,5000.0,0.0,5000.0,12.0,60000.0
2025-05-27,UHCONSACRYSML,LAMARIONS LASER,18656.0,0.0,18656.0,11.0,205216.0
2025-05-27,UHCONSPOL3M,HP ENTERPRISES,1000.0,0.0,1000.0,137.47,137475.0
2025-05-27,UHDIOTEXI14V,SEMISEARCH TECHNOLOGIES PRIVATE LIMITED,30000.0,0.0,30000.0,2.42,72600.0
2025-05-27,UHHMDVFGWEN,SHENZHEN PRODO TECHNOLOGY CO; LTD,126.0,0.0,126.0,11814.48,1488624.48
2025-05-27,UHHMDVFGWOE,SHENZHEN PRODO TECHNOLOGY CO; LTD,500.0,0.0,500.0,8871.84,4435920.0
2025-05-27,UHICHSTM3117,Ramakrishna Electro Components Pvt. Ltd.,20000.0,0.0,20000.0,20.0,400000.0
2025-05-27,UHICHSTM32G0,Ramakrishna Electro Components Pvt. Ltd.,96000.0,0.0,96000.0,41.76,4008960.0
2025-05-27,UHPLASIZRS05,ZOEONE INDUSTRIES,3000.0,0.0,3000.0,3.5,10500.0
2025-05-27,UHPLASIZRS06,ZOEONE INDUSTRIES,3000.0,0.0,3000.0,3.5,10500.0
2025-05-27,UHPLASIZRS07,ZOEONE INDUSTRIES,3000.0,0.0,3000.0,3.5,10500.0
2025-05-27,UHPLASIZRS08,ZOEONE INDUSTRIES,3000.0,0.0,3000.0,3.5,10500.0
2025-05-27,UHPLASIZRS09,ZOEONE INDUSTRIES,3000.0,0.0,3000.0,3.5,10500.0
2025-05-27,UHPLASIZRS10,ZOEONE INDUSTRIES,3000.0,0.0,3000.0,3.5,10500.0
2025-05-27,UHPLASIZRS11,ZOEONE INDUSTRIES,3000.0,0.0,3000.0,3.5,10500.0
2025-05-27,UHPLASIZRS12,ZOEONE INDUSTRIES,3000.0,0.0,3000.0,3.5,10500.0
2025-05-27,UHPLASIZRS13,ZOEONE INDUSTRIES,3000.0,0.0,3000.0,3.5,10500.0
2025-05-27,UHPLASIZRS14,ZOEONE INDUSTRIES,3000.0,0.0,3000.0,3.5,10500.0
2025-05-27,UHRDRPL3471,Sellex Incorp,1.0,0.0,1.0,5800.0,5800.0
2025-05-27,UHRING1.6PCBA,SVTRONICS India Private Limited,144.0,0.0,144.0,75.0,10800.0
2025-05-27,UHRING1.6PCBA,Zreyah Semiconductor Systems Pvt. Ltd.,9096.0,0.0,9096.0,190.0,1728240.0
2025-05-27,UHRINGBOXBUILD,Zreyah Semiconductor Systems Pvt. Ltd.,46360.0,0.0,46360.0,220.0,10199200.0
2025-05-27,UNICHTEX7A02,SEMISEARCH TECHNOLOGIES PRIVATE LIMITED,34483.0,0.0,34483.0,20.55,708625.65
2025-05-28,UH0.2ACRMST07,METALRIPPER MANUFACTURING,123.0,0.0,123.0,165.0,20295.0
2025-05-28,UH0.2ACRMST08,METALRIPPER MANUFACTURING,56.0,0.0,56.0,165.0,9240.0
2025-05-28,UHAIRMACSHL11,METALRIPPER MANUFACTURING,295.0,0.0,295.0,245.0,72275.0
2025-05-28,UHC2100NF50V,SEMISEARCH TECHNOLOGIES PRIVATE LIMITED,4000.0,0.0,4000.0,3.6,14400.0
2025-05-28,UHC2C10UF50V,SEMISEARCH TECHNOLOGIES PRIVATE LIMITED,30000.0,0.0,30000.0,5.02,150600.0
2025-05-28,UHC2PCBAREV21,Zreyah Semiconductor Systems Pvt. Ltd.,3000.0,0.0,3000.0,50.0,150000.0
2025-05-28,UHC3BASEPAINT,Aaru Plastics,1005.0,0.0,1005.0,250.0,251250.0
2025-05-28,UHCAPMUR01UF,SEMISEARCH TECHNOLOGIES PRIVATE LIMITED,270000.0,0.0,270000.0,0.48,129600.0
2025-05-28,UHCAPMUR12PF,SEMISEARCH TECHNOLOGIES PRIVATE LIMITED,15000.0,0.0,15000.0,0.2,3000.0
2025-05-28,UHCAPMURE14D,SEMISEARCH TECHNOLOGIES PRIVATE LIMITED,600000.0,0.0,600000.0,0.36,216000.0
2025-05-28,UHCAPMURE1UF,SEMISEARCH TECHNOLOGIES PRIVATE LIMITED,330000.0,0.0,330000.0,1.35,445500.0
2025-05-28,UHCHA2BASS06,HANAV MANUFACTURING AND BUSINESS PRIVATE LIMITED,756.0,0.0,756.0,250.0,189000.0
2025-05-28,UHCHA2BASS07,HANAV MANUFACTURING AND BUSINESS PRIVATE LIMITED,1008.0,0.0,1008.0,250.0,252000.0
2025-05-28,UHCHA2BASS08,Aaru Plastics,801.0,0.0,801.0,250.0,200250.0
2025-05-28,UHCHA2BASS08,HANAV MANUFACTURING AND BUSINESS PRIVATE LIMITED,504.0,0.0,504.0,260.0,131040.0
2025-05-28,UHCHA2BASS09,Aaru Plastics,720.0,0.0,720.0,250.0,180000.0
2025-05-28,UHCHA2BASS13,Aaru Plastics,300.0,0.0,300.0,250.0,75000.0
2025-05-28,UHCHARTOPS07,Aaru Plastics,1012.0,0.0,1012.0,34.0,34408.0
2025-05-28,UHCHARTOPS08,Aaru Plastics,1392.0,0.0,1392.0,34.0,47328.0
2025-05-28,UHCHARTOPS09,Aaru Plastics,411.0,0.0,411.0,38.0,15618.0
2025-05-28,UHCHARTOPS10,Aaru Plastics,592.0,0.0,592.0,38.0,22496.0
2025-05-28,UHCHARTOPS11,Aaru Plastics,149.0,0.0,149.0,38.0,5662.0
2025-05-28,UHFERRTSHTUNCUT,"Shenzhen PH functional materials Co., Ltd.",200.0,0.0,200.0,825.7,165139.2
2025-05-28,UHHMDVFGWEN,SHENZHEN PRODO TECHNOLOGY CO; LTD,238.0,0.0,238.0,11814.48,2811846.24
2025-05-28,UHICHTEXLMR6,AGILE TRADE SOLUTIONS,30000.0,0.0,30000.0,68.0,2040000.0
2025-05-28,UHICHTEXTMP1,SEMISEARCH TECHNOLOGIES PRIVATE LIMITED,15000.0,0.0,15000.0,14.55,218250.0
2025-05-28,UHICHTEXUCC2,AGILE TRADE SOLUTIONS,21000.0,0.0,21000.0,58.58,1230180.0
2025-05-28,UHINDMUR1OUH,SEMISEARCH TECHNOLOGIES PRIVATE LIMITED,64000.0,0.0,64000.0,9.2,588800.0
2025-05-28,UHPLASIZRS05,ZOEONE INDUSTRIES,4500.0,0.0,4500.0,3.5,15750.0
2025-05-28,UHPLASIZRS06,ZOEONE INDUSTRIES,4500.0,0.0,4500.0,3.5,15750.0
2025-05-28,UHPLASIZRS07,ZOEONE INDUSTRIES,4500.0,0.0,4500.0,3.5,15750.0
2025-05-28,UHPLASIZRS08,ZOEONE INDUSTRIES,4500.0,0.0,4500.0,3.5,15750.0
2025-05-28,UHPLASIZRS09,ZOEONE INDUSTRIES,4500.0,0.0,4500.0,3.5,15750.0
2025-05-28,UHPLASIZRS10,ZOEONE INDUSTRIES,4500.0,0.0,4500.0,3.5,15750.0
2025-05-28,UHPLASIZRS11,ZOEONE INDUSTRIES,4500.0,0.0,4500.0,3.5,15750.0
2025-05-28,UHPLASIZRS12,ZOEONE INDUSTRIES,4500.0,0.0,4500.0,3.5,15750.0
2025-05-28,UHPLASIZRS13,ZOEONE INDUSTRIES,4500.0,0.0,4500.0,3.5,15750.0
2025-05-28,UHPLASIZRS14,ZOEONE INDUSTRIES,4500.0,0.0,4500.0,3.5,15750.0
2025-05-28,UHRDMX98357,SHARVI ELECTRONICS,5.0,0.0,5.0,285.56,1427.8
2025-05-28,UHRGBTR24MAH,"Shenzhen Grepow Battery Co.,Ltd",23760.0,0.0,23760.0,342.58,8139605.76
2025-05-28,UHRING1.6PCBA,RLogic Technology Services (India) Pvt. Ltd.,888.0,0.0,888.0,75.0,66600.0
2025-05-28,UHRING1.6PCBA,Zreyah Semiconductor Systems Pvt. Ltd.,5327.0,0.0,5327.0,190.0,1012130.0
2025-05-28,UHSENSMLX36V,MILLENNIUM SEMICONDUCTORS INDIA PRIVATE LIMITED,5000.0,0.0,5000.0,246.32,1231600.0
2025-05-28,UHTIJWMGLS10,Oerlikon balzers coating india pvt ltd,550.0,0.0,550.0,207.0,113850.0
2025-05-28,UNICHTEX7A02,SEMISEARCH TECHNOLOGIES PRIVATE LIMITED,594.0,0.0,594.0,20.55,12206.7
2025-05-29,UH0.2ACRMST07,METALRIPPER MANUFACTURING,253.0,0.0,253.0,165.0,41745.0
2025-05-29,UH0.2ACRMST08,METALRIPPER MANUFACTURING,27.0,0.0,27.0,165.0,4455.0
2025-05-29,UH0.2MACHINS10,HANAV MANUFACTURING AND BUSINESS PRIVATE LIMITED,634.0,0.0,634.0,245.0,155330.0
2025-05-29,UH0.2MIRROR05,HANAV MANUFACTURING AND BUSINESS PRIVATE LIMITED,4.0,0.0,4.0,530.0,2120.0
2025-05-29,UH0.2MIRROR07,HANAV MANUFACTURING AND BUSINESS PRIVATE LIMITED,3.0,0.0,3.0,530.0,1590.0
2025-05-29,UH0.2MIRROR08,HANAV MANUFACTURING AND BUSINESS PRIVATE LIMITED,5.0,0.0,5.0,530.0,2650.0
2025-05-29,UH0.2MIRROR10,HANAV MANUFACTURING AND BUSINESS PRIVATE LIMITED,1.0,0.0,1.0,530.0,530.0
2025-05-29,UH0.2MIRROR11,HANAV MANUFACTURING AND BUSINESS PRIVATE LIMITED,44.0,0.0,44.0,530.0,23320.0
2025-05-29,UH0.2MIRROR13,HANAV MANUFACTURING AND BUSINESS PRIVATE LIMITED,111.0,0.0,111.0,530.0,58830.0
2025-05-29,UHAIRMACSHL06,METALRIPPER MANUFACTURING,376.0,0.0,376.0,245.0,92120.0
2025-05-29,UHAIRMACSHL14,METALRIPPER MANUFACTURING,133.0,0.0,133.0,245.0,32585.0
2025-05-29,UHC2100NF50V,Avnet Asia Pte Ltd,12000.0,0.0,12000.0,0.03,354.0
2025-05-29,UHC2100NF50V,SEMISEARCH TECHNOLOGIES PRIVATE LIMITED,148000.0,0.0,148000.0,3.6,532800.0
2025-05-29,UHC2FB30OM1L,Avnet Asia Pte Ltd,128000.0,0.0,128000.0,0.01,1241.6
2025-05-29,UHC2FFCCN4P,Avnet Asia Pte Ltd,96000.0,0.0,96000.0,0.12,11520.0
2025-05-29,UHC3BASEPAINT,Aaru Plastics,2023.0,0.0,2023.0,250.0,505750.0
2025-05-29,UHCAPMUR01UF,AGILE TRADE SOLUTIONS,360000.0,0.0,360000.0,0.37,133056.0
2025-05-29,UHCAPMUR047F,Avnet Asia Pte Ltd,90000.0,0.0,90000.0,0.06,5523.75
2025-05-29,UHCAPMUR10UF,Avnet Asia Pte Ltd,512000.0,0.0,512000.0,0.04,18432.0
2025-05-29,UHCAPMUR12PF,SEMISEARCH TECHNOLOGIES PRIVATE LIMITED,390000.0,0.0,390000.0,0.2,78000.0
2025-05-29,UHCAPMUR220F,SEMISEARCH TECHNOLOGIES PRIVATE LIMITED,100000.0,0.0,100000.0,0.71,71000.0
2025-05-29,UHCAPMUR820F,Avnet Asia Pte Ltd,90000.0,0.0,90000.0,0.05,4276.8
2025-05-29,UHCAPMURE14D,AGILE TRADE SOLUTIONS,400000.0,0.0,400000.0,0.36,142560.0
2025-05-29,UHCAPMURE14D,Avnet Asia Pte Ltd,550000.0,0.0,550000.0,0.0,1210.0
2025-05-29,UHCAPMURE1UF,AGILE TRADE SOLUTIONS,270000.0,0.0,270000.0,0.7,190080.0
2025-05-29,UHCHA2BASS09,Aaru Plastics,500.0,0.0,500.0,250.0,125000.0
2025-05-29,UHCHA2BASS10,Aaru Plastics,539.0,0.0,539.0,250.0,134750.0
2025-05-29,UHCHARTOPS05,Aaru Plastics,320.0,0.0,320.0,38.0,12160.0
2025-05-29,UHCHARTOPS07,Aaru Plastics,1722.0,0.0,1722.0,34.0,58548.0
2025-05-29,UHCHARTOPS08,Aaru Plastics,1472.0,0.0,1472.0,34.0,50048.0
2025-05-29,UHCHARTOPS09,Aaru Plastics,436.0,0.0,436.0,38.0,16568.0
2025-05-29,UHCHARTOPS10,Aaru Plastics,487.0,0.0,487.0,38.0,18506.0
2025-05-29,UHCHARTOPS11,Aaru Plastics,291.0,0.0,291.0,38.0,11058.0
2025-05-29,UHCHARTOPS13,Aaru Plastics,45.0,0.0,45.0,38.0,1710.0
2025-05-29,UHDIODIOI75V,Avnet Asia Pte Ltd,42000.0,0.0,42000.0,0.01,600.6
2025-05-29,UHFSJW10M8M,Suprabha ColorGrafix Private Limited,144000.0,0.0,144000.0,0.01,1800.0
2025-05-29,UHHMDVFGWEN,SHENZHEN PRODO TECHNOLOGY CO; LTD,126.0,0.0,126.0,11814.48,1488624.48
2025-05-29,UHIND2213A156,AGILE TRADE SOLUTIONS,51000.0,0.0,51000.0,12.5,637500.0
2025-05-29,UHINDKYO15NH,AGILE TRADE SOLUTIONS,105000.0,0.0,105000.0,1.96,205275.0
2025-05-29,UHINDMUR1OUH,Avnet Asia Pte Ltd,100000.0,0.0,100000.0,3.86,385617.6
2025-05-29,UHLEDWOR812B,AGILE TRADE SOLUTIONS,100000.0,0.0,100000.0,7.06,706000.0
2025-05-29,UHOSCECS27MH,Avnet Asia Pte Ltd,120000.0,0.0,120000.0,0.32,38400.0
2025-05-29,UHPLASIZRS05,ZOEONE INDUSTRIES,1500.0,0.0,1500.0,3.5,5250.0
2025-05-29,UHPLASIZRS06,ZOEONE INDUSTRIES,1500.0,0.0,1500.0,3.5,5250.0
2025-05-29,UHPLASIZRS07,ZOEONE INDUSTRIES,1500.0,0.0,1500.0,3.5,5250.0
2025-05-29,UHPLASIZRS08,ZOEONE INDUSTRIES,1500.0,0.0,1500.0,3.5,5250.0
2025-05-29,UHPLASIZRS09,ZOEONE INDUSTRIES,1500.0,0.0,1500.0,3.5,5250.0
2025-05-29,UHPLASIZRS10,ZOEONE INDUSTRIES,1500.0,0.0,1500.0,3.5,5250.0
2025-05-29,UHPLASIZRS11,ZOEONE INDUSTRIES,1500.0,0.0,1500.0,3.5,5250.0
2025-05-29,UHPLASIZRS12,ZOEONE INDUSTRIES,1500.0,0.0,1500.0,3.5,5250.0
2025-05-29,UHPLASIZRS13,ZOEONE INDUSTRIES,1500.0,0.0,1500.0,3.5,5250.0
2025-05-29,UHPLASIZRS14,ZOEONE INDUSTRIES,1500.0,0.0,1500.0,3.5,5250.0
2025-05-29,UHRDBOTM101,METALRIPPER MANUFACTURING,2.0,0.0,2.0,3900.0,7800.0
2025-05-29,UHRDNMDLE11,METALRIPPER MANUFACTURING,60.0,0.0,60.0,600.0,36000.0
2025-05-29,UHRDTOPP101,METALRIPPER MANUFACTURING,2.0,0.0,2.0,3900.0,7800.0
2025-05-29,UHRESBOU01BO,AGILE TRADE SOLUTIONS,300000.0,0.0,300000.0,0.44,132750.0
2025-05-29,UHSWATCHAA,Mudra innovation,10000.0,502.0,9498.0,12.2,115875.6
2025-05-29,UHSWATCHAG,Mudra innovation,10000.0,228.0,9772.0,12.2,119218.4
2025-05-29,UHSWATCHAS,Mudra innovation,10000.0,67.0,9933.0,12.2,121182.6
2025-05-29,UHSWATCHMG,Mudra innovation,10000.0,213.0,9787.0,12.2,119401.4
2025-05-29,UHSWATCHRT,Mudra innovation,10000.0,434.0,9566.0,12.2,116705.2
2025-05-29,UHTAPS69X363,Suprabha ColorGrafix Private Limited,202400.0,0.0,202400.0,0.9,182160.0
2025-05-29,UNICHTEX7A02,AGILE TRADE SOLUTIONS,51000.0,0.0,51000.0,28.08,1432080.0
2025-05-30,UH0.2AA05,CP Global Solution Technologies,257.0,0.0,257.0,250.0,64250.0
2025-05-30,UH0.2AA06,CP Global Solution Technologies,1.0,0.0,1.0,250.0,250.0
2025-05-30,UH0.2AA07,CP Global Solution Technologies,400.0,0.0,400.0,250.0,100000.0
2025-05-30,UH0.2AA08,CP Global Solution Technologies,551.0,0.0,551.0,250.0,137750.0
2025-05-30,UH0.2AA09,CP Global Solution Technologies,130.0,0.0,130.0,250.0,32500.0
2025-05-30,UH0.2AA10,CP Global Solution Technologies,393.0,0.0,393.0,250.0,98250.0
2025-05-30,UH0.2AA11,CP Global Solution Technologies,397.0,0.0,397.0,250.0,99250.0
2025-05-30,UH0.2AA13,CP Global Solution Technologies,274.0,0.0,274.0,250.0,68500.0
2025-05-30,UH0.2ACRMST07,METALRIPPER MANUFACTURING,262.0,0.0,262.0,165.0,43230.0
2025-05-30,UH0.2ACRMST08,METALRIPPER MANUFACTURING,40.0,0.0,40.0,165.0,6600.0
2025-05-30,UH0.2BB10,IILA INDUSTRIES (Regular Purchase),96.0,0.0,96.0,34.0,3264.0
2025-05-30,UH0.2MACHINS09,HANAV MANUFACTURING AND BUSINESS PRIVATE LIMITED,629.0,236.0,393.0,245.0,96285.0
2025-05-30,UH0.2MACHINS10,HANAV MANUFACTURING AND BUSINESS PRIVATE LIMITED,236.0,0.0,236.0,245.0,57820.0
2025-05-30,UH0.2MIRROR05,HANAV MANUFACTURING AND BUSINESS PRIVATE LIMITED,43.0,0.0,43.0,530.0,22790.0
2025-05-30,UH0.2MIRROR07,HANAV MANUFACTURING AND BUSINESS PRIVATE LIMITED,3.0,0.0,3.0,530.0,1590.0
2025-05-30,UH0.2MIRROR08,HANAV MANUFACTURING AND BUSINESS PRIVATE LIMITED,4.0,0.0,4.0,530.0,2120.0
2025-05-30,UH0.2MIRROR09,HANAV MANUFACTURING AND BUSINESS PRIVATE LIMITED,60.0,0.0,60.0,530.0,31800.0
2025-05-30,UH0.2MIRROR10,HANAV MANUFACTURING AND BUSINESS PRIVATE LIMITED,12.0,0.0,12.0,530.0,6360.0
2025-05-30,UH0.2MIRROR11,HANAV MANUFACTURING AND BUSINESS PRIVATE LIMITED,68.0,0.0,68.0,530.0,36040.0
2025-05-30,UH0.2MIRROR13,HANAV MANUFACTURING AND BUSINESS PRIVATE LIMITED,69.0,0.0,69.0,530.0,36570.0
2025-05-30,UHAIRG0LDS05,CN Innovations Limited,311.0,0.0,311.0,632.73,196779.2
2025-05-30,UHAIRG0LDS07,CN Innovations Limited,1389.0,0.0,1389.0,632.73,878862.75
2025-05-30,UHAIRG0LDS08,CN Innovations Limited,350.0,0.0,350.0,632.73,221455.7
2025-05-30,UHAIRMACSHL07,METALRIPPER MANUFACTURING,78.0,0.0,78.0,245.0,19110.0
2025-05-30,UHAIRMACSHL09,METALRIPPER MANUFACTURING,87.0,0.0,87.0,245.0,21315.0
2025-05-30,UHAIRMACSHL10,METALRIPPER MANUFACTURING,114.0,0.0,114.0,245.0,27930.0
2025-05-30,UHAIRMACSHL12,METALRIPPER MANUFACTURING,41.0,0.0,41.0,245.0,10045.0
2025-05-30,UHAIRMACSHL14,METALRIPPER MANUFACTURING,273.0,0.0,273.0,245.0,66885.0
2025-05-30,UHAIRSILVS05,CN Innovations Limited,334.0,0.0,334.0,6.9,2304.6
2025-05-30,UHAIRSILVS06,CN Innovations Limited,350.0,0.0,350.0,6.9,2415.0
2025-05-30,UHAIRSILVS08,CN Innovations Limited,683.0,0.0,683.0,6.9,4712.7
2025-05-30,UHASCHARTRY,SHIVA ENGINEERING,500.0,0.0,500.0,90.0,45000.0
2025-05-30,UHASRINGTRY,SHIVA ENGINEERING,500.0,0.0,500.0,320.0,160000.0
2025-05-30,UHC2PCBAREV21,Zreyah Semiconductor Systems Pvt. Ltd.,6000.0,0.0,6000.0,50.0,300000.0
2025-05-30,UHC3BASEPAINT,Aaru Plastics,2508.0,0.0,2508.0,250.0,627000.0
2025-05-30,UHCH2COHOS05,Fabforma Technologies Private Limited,2095.0,0.0,2095.0,35.0,73325.0
2025-05-30,UHCH2COHOS09,Fabforma Technologies Private Limited,5330.0,0.0,5330.0,35.0,186550.0
2025-05-30,UHCH2COHOS10,Fabforma Technologies Private Limited,3790.0,0.0,3790.0,50.0,189500.0
2025-05-30,UHCHA2BASS06,HANAV MANUFACTURING AND BUSINESS PRIVATE LIMITED,1957.0,1008.0,949.0,250.0,237250.0
2025-05-30,UHCHA2BASS07,HANAV MANUFACTURING AND BUSINESS PRIVATE LIMITED,1008.0,504.0,504.0,250.0,126000.0
2025-05-30,UHCHA2BASS08,HANAV MANUFACTURING AND BUSINESS PRIVATE LIMITED,1067.0,504.0,563.0,260.0,146380.0
2025-05-30,UHCHARTOPS05,Aaru Plastics,52.0,0.0,52.0,38.0,1976.0
2025-05-30,UHCHARTOPS07,Aaru Plastics,1158.0,0.0,1158.0,34.0,39372.0
2025-05-30,UHCHARTOPS08,Aaru Plastics,1434.0,0.0,1434.0,34.0,48756.0
2025-05-30,UHCHARTOPS09,Aaru Plastics,719.0,0.0,719.0,38.0,27322.0
2025-05-30,UHCHARTOPS10,Aaru Plastics,931.0,0.0,931.0,38.0,35378.0
2025-05-30,UHCHARTOPS11,Aaru Plastics,546.0,0.0,546.0,38.0,20748.0
2025-05-30,UHCHARTOPS12,Aaru Plastics,163.0,0.0,163.0,38.0,6194.0
2025-05-30,UHCONSCOTWASTE,GMK industries,120.0,0.0,120.0,125.0,15000.0
2025-05-30,UHCTPFGAGO07,3DE Technology Prototype Solutions Pvt Ltd (Casting),3.0,0.0,3.0,0.0,0.0
2025-05-30,UHCTPFGAGS08,3DE Technology Prototype Solutions Pvt Ltd (Casting),281.0,0.0,281.0,380.0,106780.0
2025-05-30,UHHWSS1.8X6-H,"ZHONGSHAN HAOFAN HARDWARE CO., LTD",270000.0,0.0,270000.0,0.97,260884.8
2025-05-30,UHIND2213A156,SEMISEARCH TECHNOLOGIES PRIVATE LIMITED,102000.0,0.0,102000.0,11.45,1167900.0
2025-05-30,UHPLASIZRS05,ZOEONE INDUSTRIES,6000.0,0.0,6000.0,3.5,21000.0
2025-05-30,UHPLASIZRS06,ZOEONE INDUSTRIES,6000.0,0.0,6000.0,3.5,21000.0
2025-05-30,UHPLASIZRS07,ZOEONE INDUSTRIES,6000.0,0.0,6000.0,3.5,21000.0
2025-05-30,UHPLASIZRS08,ZOEONE INDUSTRIES,6000.0,0.0,6000.0,3.5,21000.0
2025-05-30,UHPLASIZRS09,ZOEONE INDUSTRIES,6000.0,0.0,6000.0,3.5,21000.0
2025-05-30,UHPLASIZRS10,ZOEONE INDUSTRIES,6000.0,0.0,6000.0,3.5,21000.0
2025-05-30,UHPLASIZRS11,ZOEONE INDUSTRIES,6000.0,0.0,6000.0,3.5,21000.0
2025-05-30,UHPLASIZRS12,ZOEONE INDUSTRIES,6000.0,0.0,6000.0,3.5,21000.0
2025-05-30,UHPLASIZRS13,ZOEONE INDUSTRIES,6000.0,0.0,6000.0,3.5,21000.0
2025-05-30,UHPLASIZRS14,ZOEONE INDUSTRIES,6000.0,0.0,6000.0,3.5,21000.0
2025-05-30,UHPOSMPT208,Shenzhen Elephant Robotics Technology Co.Ltd,10.0,0.0,10.0,49980.96,499809.6
2025-05-30,UHRESYAG60KO,SEMISEARCH TECHNOLOGIES PRIVATE LIMITED,140000.0,0.0,140000.0,0.29,40600.0
2025-05-30,UHRING1.6PCBA,Zreyah Semiconductor Systems Pvt. Ltd.,9888.0,0.0,9888.0,190.0,1878720.0
2025-05-30,UHSWATCHAA,Mudra innovation,5000.0,161.0,4839.0,12.2,59035.8
2025-05-30,UHSWATCHAG,Mudra innovation,5000.0,63.0,4937.0,12.2,60231.4
2025-05-30,UHSWATCHAS,Mudra innovation,5000.0,142.0,4858.0,12.2,59267.6
2025-05-30,UHSWATCHMG,Mudra innovation,5000.0,124.0,4876.0,12.2,59487.2
2025-05-30,UHSWATCHRT,Mudra innovation,5000.0,211.0,4789.0,12.2,58425.8
2025-05-30,UHTAPEBATPCB,"Shenzhen JDB Technology Co., Ltd.",37500.0,0.0,37500.0,4.35,163053.0
2025-05-30,UHTIJWMGLS08,Oerlikon balzers coating india pvt ltd,19.0,0.0,19.0,207.0,3933.0
2025-05-30,UHTIJWMGLS09,Oerlikon balzers coating india pvt ltd,139.0,0.0,139.0,207.0,28773.0
2025-05-30,UHTIJWMGLS10,Oerlikon balzers coating india pvt ltd,375.0,0.0,375.0,207.0,77625.0
2025-05-30,UHTIJWMGLS14,Oerlikon balzers coating india pvt ltd,17.0,0.0,17.0,207.0,3519.0
2025-05-31,UH0.2ACRMST08,METALRIPPER MANUFACTURING,248.0,0.0,248.0,165.0,40920.0
2025-05-31,UH0.2AG05,CN Innovations Limited,2100.0,0.0,2100.0,572.74,1202746.92
2025-05-31,UH0.2AG06,CN Innovations Limited,2100.0,0.0,2100.0,577.11,1211928.48
2025-05-31,UH0.2AG07,CN Innovations Limited,11550.0,0.0,11550.0,577.11,6665606.64
2025-05-31,UH0.2AG08,CN Innovations Limited,9100.0,0.0,9100.0,577.11,5251690.08
2025-05-31,UH0.2AG09,CN Innovations Limited,1400.0,0.0,1400.0,577.11,807952.32
2025-05-31,UH0.2AG10,CN Innovations Limited,350.0,0.0,350.0,679.88,237958.56
2025-05-31,UH0.2AS05,CN Innovations Limited,1400.0,0.0,1400.0,538.25,753556.09
2025-05-31,UH0.2AS06,CN Innovations Limited,1050.0,0.0,1050.0,545.49,572760.72
2025-05-31,UH0.2AS07,CN Innovations Limited,5600.0,0.0,5600.0,545.49,3054723.84
2025-05-31,UH0.2AS08,CN Innovations Limited,3500.0,0.0,3500.0,545.49,1909202.4
2025-05-31,UH0.2AS09,CN Innovations Limited,3150.0,0.0,3150.0,545.49,1718282.16
2025-05-31,UH0.2MACHINS09,HANAV MANUFACTURING AND BUSINESS PRIVATE LIMITED,663.0,0.0,663.0,245.0,162435.0
2025-05-31,UH0.2MACHINS10,HANAV MANUFACTURING AND BUSINESS PRIVATE LIMITED,431.0,0.0,431.0,245.0,105595.0
2025-05-31,UH0.2MIRROR05,HANAV MANUFACTURING AND BUSINESS PRIVATE LIMITED,91.0,0.0,91.0,530.0,48230.0
2025-05-31,UH0.2MIRROR07,HANAV MANUFACTURING AND BUSINESS PRIVATE LIMITED,9.0,0.0,9.0,530.0,4770.0
2025-05-31,UH0.2MIRROR08,HANAV MANUFACTURING AND BUSINESS PRIVATE LIMITED,49.0,0.0,49.0,530.0,25970.0
2025-05-31,UH0.2MIRROR09,HANAV MANUFACTURING AND BUSINESS PRIVATE LIMITED,10.0,0.0,10.0,530.0,5300.0
2025-05-31,UH0.2MIRROR11,HANAV MANUFACTURING AND BUSINESS PRIVATE LIMITED,9.0,0.0,9.0,530.0,4770.0
2025-05-31,UH0.2MIRROR13,HANAV MANUFACTURING AND BUSINESS PRIVATE LIMITED,94.0,0.0,94.0,530.0,49820.0
2025-05-31,UHAIRMACSHL14,METALRIPPER MANUFACTURING,781.0,0.0,781.0,245.0,191345.0
2025-05-31,UHBOTTOMPADS,Radha labels and printers,9000.0,0.0,9000.0,4.95,44550.0
2025-05-31,UHBRUSBCABLE,"HONGKONG PENGLIAN ELECTRONICS CO.,LIMITED",10000.0,0.0,10000.0,61.49,614880.0
2025-05-31,UHC3BASEPAINT,Aaru Plastics,1017.0,0.0,1017.0,250.0,254250.0
2025-05-31,UHCHA2BASS05,Aaru Plastics,1000.0,0.0,1000.0,250.0,250000.0
2025-05-31,UHCHA2BASS06,Aaru Plastics,500.0,0.0,500.0,250.0,125000.0
2025-05-31,UHCHA2BASS06,HANAV MANUFACTURING AND BUSINESS PRIVATE LIMITED,2016.0,1008.0,1008.0,250.0,252000.0
2025-05-31,UHCHA2BASS07,Aaru Plastics,500.0,0.0,500.0,235.0,117500.0
2025-05-31,UHCHA2BASS07,HANAV MANUFACTURING AND BUSINESS PRIVATE LIMITED,840.0,0.0,840.0,260.0,218400.0
2025-05-31,UHCHA2BASS08,Aaru Plastics,191.0,0.0,191.0,235.0,44885.0
2025-05-31,UHCHARTOPS05,Aaru Plastics,577.0,0.0,577.0,38.0,21926.0
2025-05-31,UHCHARTOPS07,Aaru Plastics,547.0,0.0,547.0,34.0,18598.0
2025-05-31,UHCHARTOPS08,Aaru Plastics,706.0,0.0,706.0,34.0,24004.0
2025-05-31,UHCHARTOPS09,Aaru Plastics,1351.0,0.0,1351.0,34.0,45934.0
2025-05-31,UHCHARTOPS10,Aaru Plastics,767.0,0.0,767.0,34.0,26078.0
2025-05-31,UHCHARTOPS11,Aaru Plastics,230.0,0.0,230.0,38.0,8740.0
2025-05-31,UHCHARTOPS12,Aaru Plastics,223.0,0.0,223.0,38.0,8474.0
2025-05-31,UHCONSJSSPR,JOIS LABS,35.0,0.0,35.0,85.0,2975.0
2025-05-31,UHLROODALVR,OODA INDUSTRIAL PRODUCTS,50000.0,0.0,50000.0,8.35,417500.0
2025-05-31,UHPRINTBATPCB,Fortune Plastic Technologies,18750.0,0.0,18750.0,3.25,60937.5
2025-05-31,UHRESPAN01KO,"Swift Electrocomp Solutions Pvt Ltd.,",150000.0,0.0,150000.0,0.31,46500.0
2025-05-31,UHRSOODALVR,OODA INDUSTRIAL PRODUCTS,100000.0,0.0,100000.0,9.82,982100.0
2025-06-01,UH0.2ACRMST08,METALRIPPER MANUFACTURING,280.0,0.0,280.0,165.0,46200.0
2025-06-01,UH0.2MACHINS11,HANAV MANUFACTURING AND BUSINESS PRIVATE LIMITED,460.0,0.0,460.0,245.0,112700.0
2025-06-01,UH0.2MIRROR05,HANAV MANUFACTURING AND BUSINESS PRIVATE LIMITED,71.0,0.0,71.0,530.0,37630.0
2025-06-01,UH0.2MIRROR06,HANAV MANUFACTURING AND BUSINESS PRIVATE LIMITED,7.0,0.0,7.0,530.0,3710.0
2025-06-01,UH0.2MIRROR07,HANAV MANUFACTURING AND BUSINESS PRIVATE LIMITED,4.0,0.0,4.0,530.0,2120.0
2025-06-01,UH0.2MIRROR08,HANAV MANUFACTURING AND BUSINESS PRIVATE LIMITED,19.0,0.0,19.0,530.0,10070.0
2025-06-01,UH0.2MIRROR09,HANAV MANUFACTURING AND BUSINESS PRIVATE LIMITED,2.0,0.0,2.0,530.0,1060.0
2025-06-01,UH0.2MIRROR10,HANAV MANUFACTURING AND BUSINESS PRIVATE LIMITED,4.0,0.0,4.0,530.0,2120.0
2025-06-01,UH0.2MIRROR13,HANAV MANUFACTURING AND BUSINESS PRIVATE LIMITED,2.0,0.0,2.0,530.0,1060.0
2025-06-01,UHCHA2BASS06,Aaru Plastics,700.0,0.0,700.0,250.0,175000.0
2025-06-01,UHCHA2BASS08,HANAV MANUFACTURING AND BUSINESS PRIVATE LIMITED,1008.0,0.0,1008.0,260.0,262080.0
2025-06-01,UHCHA2BASS11,Aaru Plastics,700.0,0.0,700.0,250.0,175000.0
2025-06-01,UHCHA2BASS13,Aaru Plastics,135.0,0.0,135.0,250.0,33750.0
2025-06-01,UHCHARTOPS05,Aaru Plastics,353.0,0.0,353.0,38.0,13414.0
2025-06-01,UHCHARTOPS07,Aaru Plastics,101.0,0.0,101.0,34.0,3434.0
2025-06-01,UHCHARTOPS08,Aaru Plastics,1081.0,0.0,1081.0,34.0,36754.0
2025-06-01,UHCHARTOPS09,Aaru Plastics,1100.0,0.0,1100.0,34.0,37400.0
2025-06-01,UHCHARTOPS10,Aaru Plastics,1555.0,0.0,1555.0,34.0,52870.0
2025-06-01,UHCHARTOPS11,Aaru Plastics,41.0,0.0,41.0,38.0,1558.0
2025-06-01,UHCHARTOPS12,Aaru Plastics,51.0,0.0,51.0,38.0,1938.0
2025-06-01,UHCTPFGAAS09,3DE Technology Prototype Solutions Pvt Ltd (Casting),492.0,0.0,492.0,380.0,186960.0
2025-06-01,UHCTPFGAGO09,3DE Technology Prototype Solutions Pvt Ltd (Casting),940.0,0.0,940.0,380.0,357200.0
2025-06-01,UHCTPFGASO09,3DE Technology Prototype Solutions Pvt Ltd (Casting),393.0,0.0,393.0,380.0,149340.0
2025-06-01,UHPLASIZRS05,ZOEONE INDUSTRIES,3000.0,0.0,3000.0,3.5,10500.0
2025-06-01,UHPLASIZRS06,ZOEONE INDUSTRIES,3000.0,0.0,3000.0,3.5,10500.0
2025-06-01,UHPLASIZRS07,ZOEONE INDUSTRIES,3000.0,0.0,3000.0,3.5,10500.0
2025-06-01,UHPLASIZRS08,ZOEONE INDUSTRIES,3000.0,0.0,3000.0,3.5,10500.0
2025-06-01,UHPLASIZRS09,ZOEONE INDUSTRIES,3000.0,0.0,3000.0,3.5,10500.0
2025-06-01,UHPLASIZRS10,ZOEONE INDUSTRIES,3000.0,0.0,3000.0,3.5,10500.0
2025-06-01,UHPLASIZRS11,ZOEONE INDUSTRIES,3000.0,0.0,3000.0,3.5,10500.0
2025-06-01,UHPLASIZRS12,ZOEONE INDUSTRIES,3000.0,0.0,3000.0,3.5,10500.0
2025-06-01,UHPLASIZRS13,ZOEONE INDUSTRIES,3000.0,0.0,3000.0,3.5,10500.0
2025-06-01,UHPLASIZRS14,ZOEONE INDUSTRIES,3000.0,0.0,3000.0,3.5,10500.0
2025-06-01,UHSWATCHAA,Mudra innovation,5000.0,191.0,4809.0,12.2,58669.8
2025-06-01,UHSWATCHAG,Mudra innovation,5000.0,180.0,4820.0,12.2,58804.0
2025-06-01,UHSWATCHAS,Mudra innovation,5000.0,43.0,4957.0,12.2,60475.4
2025-06-01,UHSWATCHMG,Mudra innovation,5000.0,85.0,4915.0,12.2,59963.0
2025-06-01,UHSWATCHRT,Mudra innovation,5000.0,185.0,4815.0,12.2,58743.0
2025-06-02,UH0.2MIRROR05,HANAV MANUFACTURING AND BUSINESS PRIVATE LIMITED,85.0,0.0,85.0,530.0,45050.0
2025-06-02,UH0.2MIRROR06,HANAV MANUFACTURING AND BUSINESS PRIVATE LIMITED,183.0,0.0,183.0,530.0,96990.0
2025-06-02,UH0.2MIRROR07,HANAV MANUFACTURING AND BUSINESS PRIVATE LIMITED,6.0,0.0,6.0,530.0,3180.0
2025-06-02,UH0.2MIRROR08,HANAV MANUFACTURING AND BUSINESS PRIVATE LIMITED,65.0,0.0,65.0,530.0,34450.0
2025-06-02,UH0.2MIRROR09,HANAV MANUFACTURING AND BUSINESS PRIVATE LIMITED,10.0,0.0,10.0,530.0,5300.0
2025-06-02,UH0.2MIRROR10,HANAV MANUFACTURING AND BUSINESS PRIVATE LIMITED,2.0,0.0,2.0,530.0,1060.0
2025-06-02,UH0.2MIRROR11,HANAV MANUFACTURING AND BUSINESS PRIVATE LIMITED,2.0,0.0,2.0,530.0,1060.0
2025-06-02,UH0.2MIRROR13,HANAV MANUFACTURING AND BUSINESS PRIVATE LIMITED,5.0,0.0,5.0,530.0,2650.0
2025-06-02,UHAIRMACSHL08,METALRIPPER MANUFACTURING,166.0,0.0,166.0,245.0,40670.0
2025-06-02,UHAIRMACSHL14,METALRIPPER MANUFACTURING,706.0,0.0,706.0,245.0,172970.0
2025-06-02,UHARPVDCHCT,CN Innovations Limited,1.0,0.0,1.0,131760.0,131760.0
2025-06-02,UHARTSRGBR10,CN Innovations Limited,50.0,0.0,50.0,537.58,26879.04
2025-06-02,UHARTSRGBR11,CN Innovations Limited,50.0,0.0,50.0,537.58,26879.04
2025-06-02,UHARTSRGBR6,CN Innovations Limited,50.0,0.0,50.0,458.52,22926.24
2025-06-02,UHARTSRGBR7,CN Innovations Limited,50.0,0.0,50.0,458.52,22926.24
2025-06-02,UHARTSRGBR8,CN Innovations Limited,50.0,0.0,50.0,458.52,22926.24
2025-06-02,UHARTSRGBR9,CN Innovations Limited,50.0,0.0,50.0,458.52,22926.24
2025-06-02,UHC2PCBAREV21,Zreyah Semiconductor Systems Pvt. Ltd.,6000.0,0.0,6000.0,50.0,300000.0
2025-06-02,UHC2PCBREV21,"Shenzhen JDB Technology Co., Ltd.",12360.0,0.0,12360.0,15.81,195426.43
2025-06-02,UHC3BASEPAINT,Aaru Plastics,1045.0,0.0,1045.0,250.0,261250.0
2025-06-02,UHCHARTOPS05,Aaru Plastics,55.0,0.0,55.0,38.0,2090.0
2025-06-02,UHCHARTOPS07,Aaru Plastics,546.0,0.0,546.0,34.0,18564.0
2025-06-02,UHCHARTOPS08,Aaru Plastics,726.0,0.0,726.0,34.0,24684.0
2025-06-02,UHCHARTOPS09,Aaru Plastics,1532.0,0.0,1532.0,34.0,52088.0
2025-06-02,UHCHARTOPS10,Aaru Plastics,1834.0,0.0,1834.0,34.0,62356.0
2025-06-02,UHCHARTOPS12,Aaru Plastics,9.0,0.0,9.0,38.0,342.0
2025-06-02,UHCTPFGAAO06,3DE Technology Prototype Solutions Pvt Ltd (Casting),198.0,0.0,198.0,380.0,75240.0
2025-06-02,UHCTPFGAAO07,3DE Technology Prototype Solutions Pvt Ltd (Casting),854.0,0.0,854.0,380.0,324520.0
2025-06-02,UHCTPFGAAO08,3DE Technology Prototype Solutions Pvt Ltd (Casting),524.0,0.0,524.0,380.0,199120.0
2025-06-02,UHCTPFGAAO09,3DE Technology Prototype Solutions Pvt Ltd (Casting),760.0,0.0,760.0,380.0,288800.0
2025-06-02,UHCTPFGAAO10,3DE Technology Prototype Solutions Pvt Ltd (Casting),601.0,0.0,601.0,380.0,228380.0
2025-06-02,UHCTPFGAAO11,3DE Technology Prototype Solutions Pvt Ltd (Casting),46.0,0.0,46.0,380.0,17480.0
2025-06-02,UHCTPFGAAO12,3DE Technology Prototype Solutions Pvt Ltd (Casting),108.0,0.0,108.0,380.0,41040.0
2025-06-02,UHCTPFGAAS05,3DE Technology Prototype Solutions Pvt Ltd (Casting),229.0,0.0,229.0,380.0,87020.0
2025-06-02,UHCTPFGAAS06,3DE Technology Prototype Solutions Pvt Ltd (Casting),291.0,0.0,291.0,380.0,110580.0
2025-06-02,UHCTPFGAAS07,3DE Technology Prototype Solutions Pvt Ltd (Casting),80.0,0.0,80.0,380.0,30400.0
2025-06-02,UHCTPFGAAS08,3DE Technology Prototype Solutions Pvt Ltd (Casting),920.0,0.0,920.0,380.0,349600.0
2025-06-02,UHCTPFGAAS10,3DE Technology Prototype Solutions Pvt Ltd (Casting),6.0,0.0,6.0,380.0,2280.0
2025-06-02,UHCTPFGAAS11,3DE Technology Prototype Solutions Pvt Ltd (Casting),660.0,0.0,660.0,380.0,250800.0
2025-06-02,UHCTPFGAAS12,3DE Technology Prototype Solutions Pvt Ltd (Casting),320.0,0.0,320.0,380.0,121600.0
2025-06-02,UHCTPFGAAS13,3DE Technology Prototype Solutions Pvt Ltd (Casting),38.0,0.0,38.0,380.0,14440.0
2025-06-02,UHCTPFGAGO05,3DE Technology Prototype Solutions Pvt Ltd (Casting),655.0,0.0,655.0,380.0,248900.0
2025-06-02,UHCTPFGAGO06,3DE Technology Prototype Solutions Pvt Ltd (Casting),1472.0,0.0,1472.0,380.0,559360.0
2025-06-02,UHCTPFGAGO07,3DE Technology Prototype Solutions Pvt Ltd (Casting),3388.0,0.0,3388.0,380.0,1287440.0
2025-06-02,UHCTPFGAGO08,3DE Technology Prototype Solutions Pvt Ltd (Casting),2947.0,0.0,2947.0,380.0,1119860.0
2025-06-02,UHCTPFGAGS05,3DE Technology Prototype Solutions Pvt Ltd (Casting),2402.0,0.0,2402.0,380.0,912760.0
2025-06-02,UHCTPFGAGS06,3DE Technology Prototype Solutions Pvt Ltd (Casting),2554.0,0.0,2554.0,380.0,970520.0
2025-06-02,UHCTPFGAGS07,3DE Technology Prototype Solutions Pvt Ltd (Casting),4410.0,0.0,4410.0,380.0,1675800.0
2025-06-02,UHCTPFGAGS08,3DE Technology Prototype Solutions Pvt Ltd (Casting),5666.0,0.0,5666.0,380.0,2153080.0
2025-06-02,UHCTPFGAGS09,3DE Technology Prototype Solutions Pvt Ltd (Casting),1199.0,0.0,1199.0,380.0,455620.0
2025-06-02,UHCTPFGAGS10,3DE Technology Prototype Solutions Pvt Ltd (Casting),1208.0,0.0,1208.0,380.0,459040.0
2025-06-02,UHCTPFGAGS11,3DE Technology Prototype Solutions Pvt Ltd (Casting),909.0,0.0,909.0,380.0,345420.0
2025-06-02,UHCTPFGAGS12,3DE Technology Prototype Solutions Pvt Ltd (Casting),125.0,0.0,125.0,380.0,47500.0
2025-06-02,UHCTPFGAGS13,3DE Technology Prototype Solutions Pvt Ltd (Casting),62.0,0.0,62.0,380.0,23560.0
2025-06-02,UHCTPFGASO05,3DE Technology Prototype Solutions Pvt Ltd (Casting),173.0,0.0,173.0,380.0,65740.0
2025-06-02,UHCTPFGASO06,3DE Technology Prototype Solutions Pvt Ltd (Casting),332.0,0.0,332.0,380.0,126160.0
2025-06-02,UHCTPFGASO07,3DE Technology Prototype Solutions Pvt Ltd (Casting),120.0,0.0,120.0,380.0,45600.0
2025-06-02,UHCTPFGASO08,3DE Technology Prototype Solutions Pvt Ltd (Casting),336.0,0.0,336.0,380.0,127680.0
2025-06-02,UHCTPFGASS05,3DE Technology Prototype Solutions Pvt Ltd (Casting),200.0,0.0,200.0,380.0,76000.0
2025-06-02,UHCTPFGASS06,3DE Technology Prototype Solutions Pvt Ltd (Casting),1146.0,0.0,1146.0,380.0,435480.0
2025-06-02,UHCTPFGASS07,3DE Technology Prototype Solutions Pvt Ltd (Casting),753.0,0.0,753.0,380.0,286140.0
2025-06-02,UHCTPFGASS08,3DE Technology Prototype Solutions Pvt Ltd (Casting),1588.0,0.0,1588.0,380.0,603440.0
2025-06-02,UHCTPFGASS09,3DE Technology Prototype Solutions Pvt Ltd (Casting),739.0,0.0,739.0,380.0,280820.0
2025-06-02,UHCTPFGASS10,3DE Technology Prototype Solutions Pvt Ltd (Casting),2192.0,0.0,2192.0,190.0,416480.0
2025-06-02,UHCTPFGASS11,3DE Technology Prototype Solutions Pvt Ltd (Casting),775.0,0.0,775.0,380.0,294500.0
2025-06-02,UHCTPFGASS12,3DE Technology Prototype Solutions Pvt Ltd (Casting),234.0,0.0,234.0,380.0,88920.0
2025-06-02,UHCTPFGASS13,3DE Technology Prototype Solutions Pvt Ltd (Casting),111.0,0.0,111.0,380.0,42180.0
2025-06-02,UHCTPFGMGS05,3DE Technology Prototype Solutions Pvt Ltd (Casting),423.0,0.0,423.0,380.0,160740.0
2025-06-02,UHCTPFGMGS06,3DE Technology Prototype Solutions Pvt Ltd (Casting),899.0,0.0,899.0,380.0,341620.0
2025-06-02,UHCTPFGMGS07,3DE Technology Prototype Solutions Pvt Ltd (Casting),880.0,0.0,880.0,380.0,334400.0
2025-06-02,UHCTPFGMGS08,3DE Technology Prototype Solutions Pvt Ltd (Casting),1113.0,0.0,1113.0,380.0,422940.0
2025-06-02,UHCTPFGMGS09,3DE Technology Prototype Solutions Pvt Ltd (Casting),287.0,0.0,287.0,380.0,109060.0
2025-06-02,UHCTPFGMGS10,3DE Technology Prototype Solutions Pvt Ltd (Casting),1326.0,0.0,1326.0,380.0,503880.0
2025-06-02,UHCTPFGMGS11,3DE Technology Prototype Solutions Pvt Ltd (Casting),333.0,0.0,333.0,380.0,126540.0
2025-06-02,UHCTPFGMGS12,3DE Technology Prototype Solutions Pvt Ltd (Casting),223.0,0.0,223.0,380.0,84740.0
2025-06-02,UHCTPFGMGS13,3DE Technology Prototype Solutions Pvt Ltd (Casting),282.0,0.0,282.0,380.0,107160.0
2025-06-02,UHCTPFGMGS14,3DE Technology Prototype Solutions Pvt Ltd (Casting),27.0,0.0,27.0,380.0,10260.0
2025-06-02,UHCTPFGRTS05,3DE Technology Prototype Solutions Pvt Ltd (Casting),444.0,0.0,444.0,380.0,168720.0
2025-06-02,UHCTPFGRTS06,3DE Technology Prototype Solutions Pvt Ltd (Casting),927.0,0.0,927.0,380.0,352260.0
2025-06-02,UHCTPFGRTS07,3DE Technology Prototype Solutions Pvt Ltd (Casting),1236.0,0.0,1236.0,380.0,469680.0
2025-06-02,UHCTPFGRTS08,3DE Technology Prototype Solutions Pvt Ltd (Casting),1004.0,0.0,1004.0,380.0,381520.0
2025-06-02,UHCTPFGRTS09,3DE Technology Prototype Solutions Pvt Ltd (Casting),916.0,0.0,916.0,380.0,348080.0
2025-06-02,UHCTPFGRTS10,3DE Technology Prototype Solutions Pvt Ltd (Casting),673.0,0.0,673.0,380.0,255740.0
2025-06-02,UHCTPFGRTS11,3DE Technology Prototype Solutions Pvt Ltd (Casting),1224.0,0.0,1224.0,380.0,465120.0
2025-06-02,UHCTPFGRTS12,3DE Technology Prototype Solutions Pvt Ltd (Casting),689.0,0.0,689.0,380.0,261820.0
2025-06-02,UHCTPFGRTS13,3DE Technology Prototype Solutions Pvt Ltd (Casting),119.0,0.0,119.0,380.0,45220.0
2025-06-02,UHCTPFGRTS14,3DE Technology Prototype Solutions Pvt Ltd (Casting),58.0,0.0,58.0,380.0,22040.0
2025-06-02,UHHMDVFGWEN,SHENZHEN PRODO TECHNOLOGY CO; LTD,84.0,0.0,84.0,11814.48,992416.32
2025-06-02,UHOPSANA61EF,Macnica Cytech Pte Ltd,20000.0,0.0,20000.0,261.59,5231728.2
2025-06-02,UHPCBREV15S6,WITGAIN TECHNOLOGY LIMITED,49010.0,0.0,49010.0,39.18,1920047.13
2025-06-02,UHPLASIZRS05,ZOEONE INDUSTRIES,3000.0,0.0,3000.0,3.5,10500.0
2025-06-02,UHPLASIZRS06,ZOEONE INDUSTRIES,3000.0,0.0,3000.0,3.5,10500.0
2025-06-02,UHPLASIZRS07,ZOEONE INDUSTRIES,3000.0,0.0,3000.0,3.5,10500.0
2025-06-02,UHPLASIZRS08,ZOEONE INDUSTRIES,3000.0,0.0,3000.0,3.5,10500.0
2025-06-02,UHPLASIZRS09,ZOEONE INDUSTRIES,3000.0,0.0,3000.0,3.5,10500.0
2025-06-02,UHPLASIZRS10,ZOEONE INDUSTRIES,3000.0,0.0,3000.0,3.5,10500.0
2025-06-02,UHPLASIZRS11,ZOEONE INDUSTRIES,3000.0,0.0,3000.0,3.5,10500.0
2025-06-02,UHPLASIZRS12,ZOEONE INDUSTRIES,3000.0,0.0,3000.0,3.5,10500.0
2025-06-02,UHPLASIZRS13,ZOEONE INDUSTRIES,3000.0,0.0,3000.0,3.5,10500.0
2025-06-02,UHPLASIZRS14,ZOEONE INDUSTRIES,3000.0,0.0,3000.0,3.5,10500.0
2025-06-02,UHPRINTBATPCB,Suprabha ColorGrafix Private Limited,68740.0,0.0,68740.0,1.0,68740.0
2025-06-02,UHSTMICCABL,Aarthi Electronics,100.0,0.0,100.0,50.0,5000.0
2025-06-02,UHSWATCHAA,Mudra innovation,5000.0,167.0,4833.0,12.2,58962.6
2025-06-02,UHSWATCHAG,Mudra innovation,5000.0,179.0,4821.0,12.2,58816.2
2025-06-02,UHSWATCHAS,Mudra innovation,5000.0,18.0,4982.0,12.2,60780.4
2025-06-02,UHSWATCHMG,Mudra innovation,5000.0,126.0,4874.0,12.2,59462.8
2025-06-02,UHSWATCHRT,Mudra innovation,5000.0,174.0,4826.0,12.2,58877.2
2025-06-02,UHTIJWMGLS07,Oerlikon balzers coating india pvt ltd,341.0,0.0,341.0,207.0,70587.0
2025-06-03,UH0.2ACRMST08,METALRIPPER MANUFACTURING,139.0,0.0,139.0,165.0,22935.0
2025-06-03,UH0.2MIRROR05,HANAV MANUFACTURING AND BUSINESS PRIVATE LIMITED,6.0,0.0,6.0,530.0,3180.0
2025-06-03,UH0.2MIRROR06,HANAV MANUFACTURING AND BUSINESS PRIVATE LIMITED,66.0,0.0,66.0,530.0,34980.0
2025-06-03,UH0.2MIRROR08,HANAV MANUFACTURING AND BUSINESS PRIVATE LIMITED,45.0,0.0,45.0,530.0,23850.0
2025-06-03,UH0.2MIRROR09,HANAV MANUFACTURING AND BUSINESS PRIVATE LIMITED,112.0,0.0,112.0,530.0,59360.0
2025-06-03,UH0.2MIRROR10,HANAV MANUFACTURING AND BUSINESS PRIVATE LIMITED,1.0,0.0,1.0,530.0,530.0
2025-06-03,UH0.2MIRROR11,HANAV MANUFACTURING AND BUSINESS PRIVATE LIMITED,3.0,0.0,3.0,530.0,1590.0
2025-06-03,UH0.2MIRROR13,HANAV MANUFACTURING AND BUSINESS PRIVATE LIMITED,6.0,0.0,6.0,530.0,3180.0
2025-06-03,UHAIRMACSHL08,METALRIPPER MANUFACTURING,385.0,0.0,385.0,245.0,94325.0
2025-06-03,UHAIRMACSHL11,METALRIPPER MANUFACTURING,326.0,0.0,326.0,245.0,79870.0
2025-06-03,UHAIRMACSHL14,METALRIPPER MANUFACTURING,65.0,0.0,65.0,245.0,15925.0
2025-06-03,UHC3BASEPAINT,Aaru Plastics,2036.0,0.0,2036.0,250.0,509000.0
2025-06-03,UHCHA2BASS06,Aaru Plastics,312.0,0.0,312.0,250.0,78000.0
2025-06-03,UHCHA2BASS07,Aaru Plastics,300.0,0.0,300.0,250.0,75000.0
2025-06-03,UHCHA2BASS07,HANAV MANUFACTURING AND BUSINESS PRIVATE LIMITED,1008.0,0.0,1008.0,255.3,257340.0
2025-06-03,UHCHA2BASS08,Aaru Plastics,370.0,0.0,370.0,250.0,92500.0
2025-06-03,UHCHA2BASS08,HANAV MANUFACTURING AND BUSINESS PRIVATE LIMITED,504.0,0.0,504.0,259.23,130650.0
2025-06-03,UHCHA2BASS09,HANAV MANUFACTURING AND BUSINESS PRIVATE LIMITED,1008.0,0.0,1008.0,250.0,252000.0
2025-06-03,UHCTPFGAGS06,3DE Technology Prototype Solutions Pvt Ltd (Casting),2271.0,0.0,2271.0,380.0,862980.0
2025-06-03,UHCTPFGAGS07,3DE Technology Prototype Solutions Pvt Ltd (Casting),2170.0,0.0,2170.0,380.0,824600.0
2025-06-03,UHCTPFGAGS08,3DE Technology Prototype Solutions Pvt Ltd (Casting),2785.0,0.0,2785.0,380.0,1058300.0
2025-06-03,UHCTPFGAGS09,3DE Technology Prototype Solutions Pvt Ltd (Casting),2380.0,0.0,2380.0,380.0,904400.0
2025-06-03,UHCTPFGAGS10,3DE Technology Prototype Solutions Pvt Ltd (Casting),1078.0,0.0,1078.0,380.0,409640.0
2025-06-03,UHCTPFGASS06,3DE Technology Prototype Solutions Pvt Ltd (Casting),720.0,0.0,720.0,380.0,273600.0
2025-06-03,UHCTPFGASS07,3DE Technology Prototype Solutions Pvt Ltd (Casting),2330.0,0.0,2330.0,380.0,885400.0
2025-06-03,UHCTPFGASS08,3DE Technology Prototype Solutions Pvt Ltd (Casting),160.0,0.0,160.0,380.0,60800.0
2025-06-03,UHCTPFGASS09,3DE Technology Prototype Solutions Pvt Ltd (Casting),1611.0,0.0,1611.0,380.0,612180.0
2025-06-03,UHCTPFGMGS06,3DE Technology Prototype Solutions Pvt Ltd (Casting),312.0,0.0,312.0,380.0,118560.0
2025-06-03,UHCTPFGMGS07,3DE Technology Prototype Solutions Pvt Ltd (Casting),490.0,0.0,490.0,380.0,186200.0
2025-06-03,UHCTPFGMGS09,3DE Technology Prototype Solutions Pvt Ltd (Casting),1074.0,0.0,1074.0,380.0,408120.0
2025-06-03,UHCTPFGRTS06,3DE Technology Prototype Solutions Pvt Ltd (Casting),301.0,0.0,301.0,380.0,114380.0
2025-06-03,UHCTPFGRTS07,3DE Technology Prototype Solutions Pvt Ltd (Casting),539.0,0.0,539.0,380.0,204820.0
2025-06-03,UHCTPFGRTS08,3DE Technology Prototype Solutions Pvt Ltd (Casting),574.0,0.0,574.0,380.0,218120.0
2025-06-03,UHCTPFGRTS09,3DE Technology Prototype Solutions Pvt Ltd (Casting),745.0,0.0,745.0,380.0,283100.0
2025-06-03,UHCTPFGRTS10,3DE Technology Prototype Solutions Pvt Ltd (Casting),232.0,0.0,232.0,380.0,88160.0
2025-06-03,UHPLASIZRS05,ZOEONE INDUSTRIES,6500.0,0.0,6500.0,3.5,22750.0
2025-06-03,UHPLASIZRS06,ZOEONE INDUSTRIES,6500.0,0.0,6500.0,3.5,22750.0
2025-06-03,UHPLASIZRS07,ZOEONE INDUSTRIES,6500.0,0.0,6500.0,3.5,22750.0
2025-06-03,UHPLASIZRS08,ZOEONE INDUSTRIES,6500.0,0.0,6500.0,3.5,22750.0
2025-06-03,UHPLASIZRS09,ZOEONE INDUSTRIES,6500.0,0.0,6500.0,3.5,22750.0
2025-06-03,UHPLASIZRS10,ZOEONE INDUSTRIES,6500.0,0.0,6500.0,3.5,22750.0
2025-06-03,UHPLASIZRS11,ZOEONE INDUSTRIES,6500.0,0.0,6500.0,3.5,22750.0
2025-06-03,UHPLASIZRS12,ZOEONE INDUSTRIES,6500.0,0.0,6500.0,3.5,22750.0
2025-06-03,UHPLASIZRS13,ZOEONE INDUSTRIES,6500.0,0.0,6500.0,3.5,22750.0
2025-06-03,UHPLASIZRS14,ZOEONE INDUSTRIES,6500.0,0.0,6500.0,3.5,22750.0
2025-06-03,UHRDMICSDRD,SHARVI ELECTRONICS,5.0,0.0,5.0,50.89,254.45
2025-06-03,UHRESPAN01KO,"Swift Electrocomp Solutions Pvt Ltd.,",90000.0,0.0,90000.0,0.31,27900.0
2025-06-03,UHRESPAN47KO,"Swift Electrocomp Solutions Pvt Ltd.,",158552.0,0.0,158552.0,0.55,87203.6
2025-06-03,UHRESYAG074O,"Swift Electrocomp Solutions Pvt Ltd.,",20000.0,0.0,20000.0,0.85,17000.0
2025-06-03,UHSENSMLX36V,"Swift Electrocomp Solutions Pvt Ltd.,",3324.0,0.0,3324.0,818.95,2722189.8
2025-06-03,UHTAPEBATPCB,"Shenzhen JDB Technology Co., Ltd.",37500.0,0.0,37500.0,4.35,163053.0
2025-06-03,UHTIJWMGLS10,Oerlikon balzers coating india pvt ltd,522.0,0.0,522.0,207.0,108054.0
2025-06-04,3M PERFECT IT-EX RUBING COUMPOUND,Herbopharm india enterprises,1.0,0.0,1.0,3250.0,3250.0
2025-06-04,UH0.2ACRMST10,METALRIPPER MANUFACTURING,54.0,0.0,54.0,165.0,8910.0
2025-06-04,UH0.2ACRMST13,METALRIPPER MANUFACTURING,192.0,0.0,192.0,165.0,31680.0
2025-06-04,UH0.2MACHINS10,HANAV MANUFACTURING AND BUSINESS PRIVATE LIMITED,94.0,0.0,94.0,245.0,23030.0
2025-06-04,UH0.2MACHINS12,HANAV MANUFACTURING AND BUSINESS PRIVATE LIMITED,350.0,0.0,350.0,245.0,85750.0
2025-06-04,UH0.2MIRROR05,HANAV MANUFACTURING AND BUSINESS PRIVATE LIMITED,13.0,0.0,13.0,530.0,6890.0
2025-06-04,UH0.2MIRROR06,HANAV MANUFACTURING AND BUSINESS PRIVATE LIMITED,36.0,0.0,36.0,530.0,19080.0
2025-06-04,UH0.2MIRROR07,HANAV MANUFACTURING AND BUSINESS PRIVATE LIMITED,1.0,0.0,1.0,530.0,530.0
2025-06-04,UH0.2MIRROR08,HANAV MANUFACTURING AND BUSINESS PRIVATE LIMITED,97.0,0.0,97.0,530.0,51410.0
2025-06-04,UH0.2MIRROR09,HANAV MANUFACTURING AND BUSINESS PRIVATE LIMITED,32.0,0.0,32.0,530.0,16960.0
2025-06-04,UH0.2MIRROR10,HANAV MANUFACTURING AND BUSINESS PRIVATE LIMITED,25.0,0.0,25.0,530.0,13250.0
2025-06-04,UH0.2MIRROR13,HANAV MANUFACTURING AND BUSINESS PRIVATE LIMITED,1.0,0.0,1.0,530.0,530.0
2025-06-04,UHAIRMACSHL08,METALRIPPER MANUFACTURING,63.0,0.0,63.0,245.0,15435.0
2025-06-04,UHAIRMACSHL11,METALRIPPER MANUFACTURING,203.0,0.0,203.0,245.0,49735.0
2025-06-04,UHAIRMACSHL13,METALRIPPER MANUFACTURING,195.0,0.0,195.0,245.0,47775.0
2025-06-04,UHBRUSBCABLE,"HONGKONG PENGLIAN ELECTRONICS CO.,LIMITED",10000.0,0.0,10000.0,61.49,614880.0
2025-06-04,UHC2068NF50V,"Swift Electrocomp Solutions Pvt Ltd.,",52000.0,0.0,52000.0,0.91,47320.0
2025-06-04,UHC2PCBAREV21,Zreyah Semiconductor Systems Pvt. Ltd.,9011.0,0.0,9011.0,50.0,450550.0
2025-06-04,UHCAPTAY27PF,"Swift Electrocomp Solutions Pvt Ltd.,",40000.0,0.0,40000.0,0.5,20000.0
2025-06-04,UHCHA2BASS05,Aaru Plastics,500.0,0.0,500.0,250.0,125000.0
2025-06-04,UHCHA2BASS06,Aaru Plastics,500.0,0.0,500.0,241.78,120890.0
2025-06-04,UHCHA2BASS07,Aaru Plastics,500.0,0.0,500.0,235.0,117500.0
2025-06-04,UHCHA2BASS07,HANAV MANUFACTURING AND BUSINESS PRIVATE LIMITED,1008.0,0.0,1008.0,260.0,262080.0
2025-06-04,UHCHA2BASS08,Aaru Plastics,500.0,0.0,500.0,235.0,117500.0
2025-06-04,UHCHA2BASS08,HANAV MANUFACTURING AND BUSINESS PRIVATE LIMITED,504.0,0.0,504.0,260.0,131040.0
2025-06-04,UHCHA2BASS09,HANAV MANUFACTURING AND BUSINESS PRIVATE LIMITED,1008.0,0.0,1008.0,250.0,252000.0
2025-06-04,UHCHA2BASS11,Aaru Plastics,444.0,0.0,444.0,250.0,111000.0
2025-06-04,UHCHARTOPS05,Aaru Plastics,358.0,0.0,358.0,38.0,13604.0
2025-06-04,UHCHARTOPS07,Aaru Plastics,704.0,0.0,704.0,34.0,23936.0
2025-06-04,UHCHARTOPS08,Aaru Plastics,681.0,0.0,681.0,34.0,23154.0
2025-06-04,UHCHARTOPS09,Aaru Plastics,1489.0,0.0,1489.0,34.0,50626.0
2025-06-04,UHCHARTOPS10,Aaru Plastics,1602.0,0.0,1602.0,34.0,54468.0
2025-06-04,UHCHARTOPS11,Aaru Plastics,248.0,0.0,248.0,38.0,9424.0
2025-06-04,UHCHCOMPERJ,"Swift Electrocomp Solutions Pvt Ltd.,",70000.0,0.0,70000.0,0.31,21700.0
2025-06-04,UHCTPFGAAS07,3DE Technology Prototype Solutions Pvt Ltd (Casting),121.0,0.0,121.0,380.0,45980.0
2025-06-04,UHCTPFGAAS08,3DE Technology Prototype Solutions Pvt Ltd (Casting),20.0,0.0,20.0,380.0,7600.0
2025-06-04,UHCTPFGAGS06,3DE Technology Prototype Solutions Pvt Ltd (Casting),960.0,0.0,960.0,380.0,364800.0
2025-06-04,UHCTPFGAGS07,3DE Technology Prototype Solutions Pvt Ltd (Casting),869.0,0.0,869.0,380.0,330220.0
2025-06-04,UHCTPFGAGS09,3DE Technology Prototype Solutions Pvt Ltd (Casting),830.0,0.0,830.0,380.0,315400.0
2025-06-04,UHCTPFGASS06,3DE Technology Prototype Solutions Pvt Ltd (Casting),350.0,0.0,350.0,380.0,133000.0
2025-06-04,UHCTPFGASS07,3DE Technology Prototype Solutions Pvt Ltd (Casting),9.0,0.0,9.0,380.0,3420.0
2025-06-04,UHCTPFGASS08,3DE Technology Prototype Solutions Pvt Ltd (Casting),631.0,0.0,631.0,380.0,239780.0
2025-06-04,UHDIOCOMT33V,"Swift Electrocomp Solutions Pvt Ltd.,",104000.0,0.0,104000.0,5.01,521040.0
2025-06-04,UHDIOSMCAV99,"Swift Electrocomp Solutions Pvt Ltd.,",90000.0,0.0,90000.0,2.99,269100.0
2025-06-04,UHHDRWHSPRG,"Swift Electrocomp Solutions Pvt Ltd.,",100.0,0.0,100.0,1237.15,123715.0
2025-06-04,UHINDKYO15NH,"Swift Electrocomp Solutions Pvt Ltd.,",100000.0,0.0,100000.0,1.6,160000.0
2025-06-04,UHLROODALVR,OODA INDUSTRIAL PRODUCTS,52500.0,0.0,52500.0,8.35,438375.0
2025-06-04,UHPLASIZRS05,ZOEONE INDUSTRIES,3000.0,0.0,3000.0,3.5,10500.0
2025-06-04,UHPLASIZRS06,ZOEONE INDUSTRIES,3000.0,0.0,3000.0,3.5,10500.0
2025-06-04,UHPLASIZRS07,ZOEONE INDUSTRIES,3000.0,0.0,3000.0,3.5,10500.0
2025-06-04,UHPLASIZRS08,ZOEONE INDUSTRIES,3000.0,0.0,3000.0,3.5,10500.0
2025-06-04,UHPLASIZRS09,ZOEONE INDUSTRIES,3000.0,0.0,3000.0,3.5,10500.0
2025-06-04,UHPLASIZRS10,ZOEONE INDUSTRIES,3000.0,0.0,3000.0,3.5,10500.0
2025-06-04,UHPLASIZRS11,ZOEONE INDUSTRIES,3000.0,0.0,3000.0,3.5,10500.0
2025-06-04,UHPLASIZRS12,ZOEONE INDUSTRIES,3000.0,0.0,3000.0,3.5,10500.0
2025-06-04,UHPLASIZRS13,ZOEONE INDUSTRIES,3000.0,0.0,3000.0,3.5,10500.0
2025-06-04,UHPLASIZRS14,ZOEONE INDUSTRIES,3000.0,0.0,3000.0,3.5,10500.0
2025-06-04,UHRDWRSTTST,"Swift Electrocomp Solutions Pvt Ltd.,",2.0,0.0,2.0,14880.0,29760.0
2025-06-04,UHRESYAG074O,"Swift Electrocomp Solutions Pvt Ltd.,",200000.0,0.0,200000.0,0.85,170000.0
2025-06-04,UHRGBTR24MAH,"Shenzhen Grepow Battery Co.,Ltd",23760.0,0.0,23760.0,342.58,8139605.76
2025-06-04,UHRING1.6PCBA,Zreyah Semiconductor Systems Pvt. Ltd.,9354.0,0.0,9354.0,190.0,1777260.0
2025-06-04,UHSWATCHAA,Mudra innovation,5000.0,296.0,4704.0,12.2,57388.8
2025-06-04,UHSWATCHAG,Mudra innovation,5000.0,93.0,4907.0,12.2,59865.4
2025-06-04,UHSWATCHAS,Mudra innovation,5000.0,21.0,4979.0,12.2,60743.8
2025-06-04,UHSWATCHMG,Mudra innovation,5000.0,103.0,4897.0,12.2,59743.4
2025-06-04,UHSWATCHRT,Mudra innovation,5000.0,194.0,4806.0,12.2,58633.2
2025-06-05,UH0.2ACRMST10,METALRIPPER MANUFACTURING,57.0,0.0,57.0,165.0,9405.0
2025-06-05,UH0.2ACRMST13,METALRIPPER MANUFACTURING,220.0,0.0,220.0,165.0,36300.0
2025-06-05,UHAIRBEADBS10,IILA INDUSTRIES (Regular Purchase),395.0,0.0,395.0,34.0,13430.0
2025-06-05,UHAIRMACSHL08,METALRIPPER MANUFACTURING,375.0,0.0,375.0,245.0,91875.0
2025-06-05,UHAIRMACSHL11,METALRIPPER MANUFACTURING,625.0,0.0,625.0,245.0,153125.0
2025-06-05,UHBOTTOMPADS,Radha labels and printers,30000.0,0.0,30000.0,4.95,148500.0
2025-06-05,UHBRUSBCABLE,"HONGKONG PENGLIAN ELECTRONICS CO.,LIMITED",50000.0,0.0,50000.0,61.49,3074400.0
2025-06-05,UHC2PCBAREV21,Zreyah Semiconductor Systems Pvt. Ltd.,4623.0,0.0,4623.0,50.0,231150.0
2025-06-05,UHCH2COHOS06,Fabforma Technologies Private Limited,3000.0,0.0,3000.0,35.0,105000.0
2025-06-05,UHCH2COHOS07,Fabforma Technologies Private Limited,2500.0,0.0,2500.0,35.0,87500.0
2025-06-05,UHCH2COHOS08,Fabforma Technologies Private Limited,3000.0,0.0,3000.0,35.0,105000.0
2025-06-05,UHCH2COHOS09,Fabforma Technologies Private Limited,3500.0,0.0,3500.0,35.0,122500.0
2025-06-05,UHCHA2BASS05,Aaru Plastics,504.0,0.0,504.0,250.0,126000.0
2025-06-05,UHCHA2BASS06,Aaru Plastics,48.0,0.0,48.0,235.0,11280.0
2025-06-05,UHCHA2BASS07,Aaru Plastics,500.0,0.0,500.0,235.0,117500.0
2025-06-05,UHCHA2BASS07,HANAV MANUFACTURING AND BUSINESS PRIVATE LIMITED,1008.0,0.0,1008.0,250.0,252000.0
2025-06-05,UHCHA2BASS08,Aaru Plastics,478.0,0.0,478.0,235.0,112330.0
2025-06-05,UHCHA2BASS11,Aaru Plastics,500.0,0.0,500.0,235.0,117500.0
2025-06-05,UHCHARTOPS05,Aaru Plastics,47.0,0.0,47.0,38.0,1786.0
2025-06-05,UHCHARTOPS07,Aaru Plastics,551.0,0.0,551.0,34.0,18734.0
2025-06-05,UHCHARTOPS08,Aaru Plastics,573.0,0.0,573.0,34.0,19482.0
2025-06-05,UHCHARTOPS09,Aaru Plastics,1657.0,0.0,1657.0,34.0,56338.0
2025-06-05,UHCHARTOPS10,Aaru Plastics,1095.0,0.0,1095.0,34.0,37230.0
2025-06-05,UHCHARTOPS12,Aaru Plastics,74.0,0.0,74.0,38.0,2812.0
2025-06-05,UHCHARTOPS14,Aaru Plastics,272.0,0.0,272.0,38.0,10336.0
2025-06-05,UHRGBTR24MAH,"Shenzhen Grepow Battery Co.,Ltd",23760.0,0.0,23760.0,342.58,8139605.76
2025-06-05,UHRING1.6PCBA,Zreyah Semiconductor Systems Pvt. Ltd.,5944.0,0.0,5944.0,190.0,1129360.0
2025-06-06,UH0.2ACRMST06,METALRIPPER MANUFACTURING,96.0,0.0,96.0,165.0,15840.0
2025-06-06,UH0.2ACRMST13,METALRIPPER MANUFACTURING,11.0,0.0,11.0,165.0,1815.0
2025-06-06,UH0.2ACRMST14,METALRIPPER MANUFACTURING,28.0,0.0,28.0,165.0,4620.0
2025-06-06,UH0.2MACHINS06,HANAV MANUFACTURING AND BUSINESS PRIVATE LIMITED,346.0,0.0,346.0,245.0,84770.0
2025-06-06,UH0.2MACHINS08,HANAV MANUFACTURING AND BUSINESS PRIVATE LIMITED,475.0,0.0,475.0,245.0,116375.0
2025-06-06,UH0.2MG08,CP Global Solution Technologies,706.0,0.0,706.0,210.0,148260.0
2025-06-06,UH0.2MG10,CP Global Solution Technologies,1535.0,0.0,1535.0,210.0,322350.0
2025-06-06,UH0.2MIRROR05,HANAV MANUFACTURING AND BUSINESS PRIVATE LIMITED,12.0,0.0,12.0,530.0,6360.0
2025-06-06,UH0.2MIRROR06,HANAV MANUFACTURING AND BUSINESS PRIVATE LIMITED,8.0,0.0,8.0,530.0,4240.0
2025-06-06,UH0.2MIRROR08,HANAV MANUFACTURING AND BUSINESS PRIVATE LIMITED,78.0,0.0,78.0,530.0,41340.0
2025-06-06,UH0.2MIRROR09,HANAV MANUFACTURING AND BUSINESS PRIVATE LIMITED,105.0,0.0,105.0,530.0,55650.0
2025-06-06,UH0.2MIRROR10,HANAV MANUFACTURING AND BUSINESS PRIVATE LIMITED,19.0,0.0,19.0,530.0,10070.0
2025-06-06,UH0.2MIRROR13,HANAV MANUFACTURING AND BUSINESS PRIVATE LIMITED,1.0,0.0,1.0,530.0,530.0
2025-06-06,UHAIRMACSHL06,METALRIPPER MANUFACTURING,611.0,0.0,611.0,245.0,149695.0
2025-06-06,UHAIRMACSHL07,METALRIPPER MANUFACTURING,139.0,0.0,139.0,245.0,34055.0
2025-06-06,UHAIRMACSHL11,METALRIPPER MANUFACTURING,201.0,0.0,201.0,245.0,49245.0
2025-06-06,UHAIRMACSHL12,METALRIPPER MANUFACTURING,78.0,0.0,78.0,245.0,19110.0
2025-06-06,UHAIRMACSHL13,METALRIPPER MANUFACTURING,85.0,0.0,85.0,245.0,20825.0
2025-06-06,UHCH2COHOS05,Fabforma Technologies Private Limited,1705.0,0.0,1705.0,35.0,59675.0
2025-06-06,UHCH2COHOS09,Fabforma Technologies Private Limited,3090.0,0.0,3090.0,35.0,108150.0
2025-06-06,UHCH2COHOS10,Fabforma Technologies Private Limited,2925.0,0.0,2925.0,50.0,146250.0
2025-06-06,UHCHA2BASS06,Aaru Plastics,363.0,0.0,363.0,235.0,85305.0
2025-06-06,UHCHA2BASS07,Aaru Plastics,350.0,0.0,350.0,235.0,82250.0
2025-06-06,UHCHA2BASS08,Aaru Plastics,350.0,0.0,350.0,235.0,82250.0
2025-06-06,UHCHA2BASS08,HANAV MANUFACTURING AND BUSINESS PRIVATE LIMITED,504.0,0.0,504.0,260.0,131040.0
2025-06-06,UHCHA2BASS09,HANAV MANUFACTURING AND BUSINESS PRIVATE LIMITED,504.0,0.0,504.0,250.0,126000.0
2025-06-06,UHCHA2BASS11,Aaru Plastics,350.0,0.0,350.0,250.0,87500.0
2025-06-06,UHCHA2BASS13,Aaru Plastics,306.0,0.0,306.0,250.0,76500.0
2025-06-06,UHCHARTOPS07,Aaru Plastics,814.0,0.0,814.0,34.0,27676.0
2025-06-06,UHCHARTOPS08,Aaru Plastics,886.0,0.0,886.0,34.0,30124.0
2025-06-06,UHCHARTOPS09,Aaru Plastics,1127.0,0.0,1127.0,34.0,38318.0
2025-06-06,UHCHARTOPS10,Aaru Plastics,1521.0,0.0,1521.0,34.0,51714.0
2025-06-06,UHCHARTOPS11,Aaru Plastics,16.0,0.0,16.0,38.0,608.0
2025-06-06,UHCHARTOPS12,Aaru Plastics,53.0,0.0,53.0,38.0,2014.0
2025-06-06,UHCHARTOPS13,Aaru Plastics,8.0,0.0,8.0,38.0,304.0
2025-06-06,UHCHARTOPS14,Aaru Plastics,213.0,0.0,213.0,38.0,8094.0
2025-06-06,UHPCBRXCOS08,WITGAIN TECHNOLOGY LIMITED,36911.0,0.0,36911.0,20.2,745720.32
2025-06-06,UHPLASIZRS05,ZOEONE INDUSTRIES,3500.0,0.0,3500.0,3.5,12250.0
2025-06-06,UHPLASIZRS06,ZOEONE INDUSTRIES,3500.0,0.0,3500.0,3.5,12250.0
2025-06-06,UHPLASIZRS07,ZOEONE INDUSTRIES,3500.0,0.0,3500.0,3.5,12250.0
2025-06-06,UHPLASIZRS08,ZOEONE INDUSTRIES,3500.0,0.0,3500.0,3.5,12250.0
2025-06-06,UHPLASIZRS09,ZOEONE INDUSTRIES,3500.0,0.0,3500.0,3.5,12250.0
2025-06-06,UHPLASIZRS10,ZOEONE INDUSTRIES,3500.0,0.0,3500.0,3.5,12250.0
2025-06-06,UHPLASIZRS11,ZOEONE INDUSTRIES,3500.0,0.0,3500.0,3.5,12250.0
2025-06-06,UHPLASIZRS12,ZOEONE INDUSTRIES,3500.0,0.0,3500.0,3.5,12250.0
2025-06-06,UHPLASIZRS13,ZOEONE INDUSTRIES,3500.0,0.0,3500.0,3.5,12250.0
2025-06-06,UHPLASIZRS14,ZOEONE INDUSTRIES,3500.0,0.0,3500.0,3.5,12250.0
2025-06-07,UH0.2ACRMST05,METALRIPPER MANUFACTURING,36.0,0.0,36.0,165.0,5940.0
2025-06-07,UH0.2ACRMST06,METALRIPPER MANUFACTURING,403.0,0.0,403.0,165.0,66495.0
2025-06-07,UH0.2MACHINS09,HANAV MANUFACTURING AND BUSINESS PRIVATE LIMITED,781.0,0.0,781.0,245.0,191345.0
2025-06-07,UH0.2MACHINS11,HANAV MANUFACTURING AND BUSINESS PRIVATE LIMITED,187.0,0.0,187.0,245.0,45815.0
2025-06-07,UH0.2MACHINS12,HANAV MANUFACTURING AND BUSINESS PRIVATE LIMITED,351.0,0.0,351.0,245.0,85995.0
2025-06-07,UH0.2MIRROR05,HANAV MANUFACTURING AND BUSINESS PRIVATE LIMITED,17.0,0.0,17.0,530.0,9010.0
2025-06-07,UH0.2MIRROR06,HANAV MANUFACTURING AND BUSINESS PRIVATE LIMITED,18.0,0.0,18.0,530.0,9540.0
2025-06-07,UH0.2MIRROR08,HANAV MANUFACTURING AND BUSINESS PRIVATE LIMITED,96.0,0.0,96.0,530.0,50880.0
2025-06-07,UH0.2MIRROR09,HANAV MANUFACTURING AND BUSINESS PRIVATE LIMITED,84.0,0.0,84.0,530.0,44520.0
2025-06-07,UH0.2MIRROR10,HANAV MANUFACTURING AND BUSINESS PRIVATE LIMITED,15.0,0.0,15.0,530.0,7950.0
2025-06-07,UH0.2MIRROR11,HANAV MANUFACTURING AND BUSINESS PRIVATE LIMITED,1.0,0.0,1.0,530.0,530.0
2025-06-07,UHASRINGTRY,SHIVA ENGINEERING,500.0,0.0,500.0,320.0,160000.0
2025-06-07,UHBOTTOMPADS,Radha labels and printers,45000.0,0.0,45000.0,4.95,222750.0
2025-06-07,UHC2C1KPF50V,SEMISEARCH TECHNOLOGIES PRIVATE LIMITED,240000.0,0.0,240000.0,1.1,264000.0
2025-06-07,UHC2CUMO10MA,SEMISEARCH TECHNOLOGIES PRIVATE LIMITED,9534.0,0.0,9534.0,58.2,554878.8
2025-06-07,UHC2PCBAREV21,Zreyah Semiconductor Systems Pvt. Ltd.,6000.0,0.0,6000.0,50.0,300000.0
2025-06-07,UHCAPMUR10UF,SEMISEARCH TECHNOLOGIES PRIVATE LIMITED,1000000.0,0.0,1000000.0,2.95,2950000.0
2025-06-07,UHCHA2BASS06,Aaru Plastics,1088.0,0.0,1088.0,235.0,255680.0
2025-06-07,UHCHA2BASS07,Aaru Plastics,948.0,0.0,948.0,235.0,222780.0
2025-06-07,UHCHA2BASS09,Aaru Plastics,1008.0,0.0,1008.0,235.0,236880.0
2025-06-07,UHCHARTOPS05,Aaru Plastics,382.0,0.0,382.0,38.0,14516.0
2025-06-07,UHCHARTOPS07,Aaru Plastics,595.0,0.0,595.0,34.0,20230.0
2025-06-07,UHCHARTOPS08,Aaru Plastics,944.0,0.0,944.0,34.0,32096.0
2025-06-07,UHCHARTOPS09,Aaru Plastics,1340.0,0.0,1340.0,34.0,45560.0
2025-06-07,UHCHARTOPS10,Aaru Plastics,1049.0,0.0,1049.0,34.0,35666.0
2025-06-07,UHCHARTOPS11,Aaru Plastics,29.0,0.0,29.0,38.0,1102.0
2025-06-07,UHCONSACETON,J V Chemicals,7.0,0.0,7.0,1444.8,10113.6
2025-06-07,UHCONSIPA,J V Chemicals,100.0,0.0,100.0,197.0,19700.0
2025-06-07,UHCTPFGAAO08,3DE Technology Prototype Solutions Pvt Ltd (Casting),75.0,0.0,75.0,380.0,28500.0
2025-06-07,UHCTPFGAAO09,3DE Technology Prototype Solutions Pvt Ltd (Casting),39.0,0.0,39.0,380.0,14820.0
2025-06-07,UHCTPFGAAO10,3DE Technology Prototype Solutions Pvt Ltd (Casting),15.0,0.0,15.0,380.0,5700.0
2025-06-07,UHCTPFGAAS05,3DE Technology Prototype Solutions Pvt Ltd (Casting),28.0,0.0,28.0,380.0,10640.0
2025-06-07,UHCTPFGAAS06,3DE Technology Prototype Solutions Pvt Ltd (Casting),20.0,0.0,20.0,380.0,7600.0
2025-06-07,UHCTPFGAAS07,3DE Technology Prototype Solutions Pvt Ltd (Casting),54.0,0.0,54.0,380.0,20520.0
2025-06-07,UHCTPFGAAS09,3DE Technology Prototype Solutions Pvt Ltd (Casting),114.0,0.0,114.0,380.0,43320.0
2025-06-07,UHCTPFGAAS10,3DE Technology Prototype Solutions Pvt Ltd (Casting),95.0,0.0,95.0,380.0,36100.0
2025-06-07,UHCTPFGAAS11,3DE Technology Prototype Solutions Pvt Ltd (Casting),48.0,0.0,48.0,380.0,18240.0
2025-06-07,UHCTPFGAAS12,3DE Technology Prototype Solutions Pvt Ltd (Casting),25.0,0.0,25.0,380.0,9500.0
2025-06-07,UHCTPFGAAS13,3DE Technology Prototype Solutions Pvt Ltd (Casting),26.0,0.0,26.0,380.0,9880.0
2025-06-07,UHCTPFGAGO07,3DE Technology Prototype Solutions Pvt Ltd (Casting),7.0,0.0,7.0,380.0,2660.0
2025-06-07,UHCTPFGAGO08,3DE Technology Prototype Solutions Pvt Ltd (Casting),88.0,0.0,88.0,380.0,33440.0
2025-06-07,UHCTPFGAGS05,3DE Technology Prototype Solutions Pvt Ltd (Casting),131.0,0.0,131.0,380.0,49780.0
2025-06-07,UHCTPFGAGS06,3DE Technology Prototype Solutions Pvt Ltd (Casting),334.0,0.0,334.0,380.0,126920.0
2025-06-07,UHCTPFGAGS07,3DE Technology Prototype Solutions Pvt Ltd (Casting),1184.0,0.0,1184.0,380.0,449920.0
2025-06-07,UHCTPFGAGS08,3DE Technology Prototype Solutions Pvt Ltd (Casting),65.0,0.0,65.0,380.0,24700.0
2025-06-07,UHCTPFGAGS10,3DE Technology Prototype Solutions Pvt Ltd (Casting),213.0,0.0,213.0,380.0,80940.0
2025-06-07,UHCTPFGAGS11,3DE Technology Prototype Solutions Pvt Ltd (Casting),50.0,0.0,50.0,380.0,19000.0
2025-06-07,UHCTPFGAGS12,3DE Technology Prototype Solutions Pvt Ltd (Casting),197.0,0.0,197.0,380.0,74860.0
2025-06-07,UHCTPFGAGS13,3DE Technology Prototype Solutions Pvt Ltd (Casting),3.0,0.0,3.0,380.0,1140.0
2025-06-07,UHCTPFGASS05,3DE Technology Prototype Solutions Pvt Ltd (Casting),63.0,0.0,63.0,380.0,23940.0
2025-06-07,UHCTPFGASS06,3DE Technology Prototype Solutions Pvt Ltd (Casting),250.0,0.0,250.0,380.0,95000.0
2025-06-07,UHCTPFGASS08,3DE Technology Prototype Solutions Pvt Ltd (Casting),44.0,0.0,44.0,380.0,16720.0
2025-06-07,UHCTPFGASS09,3DE Technology Prototype Solutions Pvt Ltd (Casting),345.0,0.0,345.0,380.0,131100.0
2025-06-07,UHCTPFGASS10,3DE Technology Prototype Solutions Pvt Ltd (Casting),277.0,0.0,277.0,380.0,105260.0
2025-06-07,UHCTPFGASS11,3DE Technology Prototype Solutions Pvt Ltd (Casting),40.0,0.0,40.0,380.0,15200.0
2025-06-07,UHCTPFGASS12,3DE Technology Prototype Solutions Pvt Ltd (Casting),129.0,0.0,129.0,380.0,49020.0
2025-06-07,UHCTPFGMGS05,3DE Technology Prototype Solutions Pvt Ltd (Casting),155.0,0.0,155.0,380.0,58900.0
2025-06-07,UHCTPFGMGS08,3DE Technology Prototype Solutions Pvt Ltd (Casting),145.0,0.0,145.0,380.0,55100.0
2025-06-07,UHCTPFGMGS09,3DE Technology Prototype Solutions Pvt Ltd (Casting),302.0,0.0,302.0,380.0,114760.0
2025-06-07,UHCTPFGMGS10,3DE Technology Prototype Solutions Pvt Ltd (Casting),192.0,0.0,192.0,380.0,72960.0
2025-06-07,UHCTPFGMGS11,3DE Technology Prototype Solutions Pvt Ltd (Casting),275.0,0.0,275.0,380.0,104500.0
2025-06-07,UHCTPFGMGS12,3DE Technology Prototype Solutions Pvt Ltd (Casting),24.0,0.0,24.0,380.0,9120.0
2025-06-07,UHCTPFGMGS13,3DE Technology Prototype Solutions Pvt Ltd (Casting),17.0,0.0,17.0,380.0,6460.0
2025-06-07,UHCTPFGMGS14,3DE Technology Prototype Solutions Pvt Ltd (Casting),12.0,0.0,12.0,380.0,4560.0
2025-06-07,UHCTPFGRTS06,3DE Technology Prototype Solutions Pvt Ltd (Casting),2.0,0.0,2.0,380.0,760.0
2025-06-07,UHCTPFGRTS09,3DE Technology Prototype Solutions Pvt Ltd (Casting),68.0,0.0,68.0,380.0,25840.0
2025-06-07,UHCTPFGRTS10,3DE Technology Prototype Solutions Pvt Ltd (Casting),73.0,0.0,73.0,380.0,27740.0
2025-06-07,UHCTPFGRTS11,3DE Technology Prototype Solutions Pvt Ltd (Casting),37.0,0.0,37.0,380.0,14060.0
2025-06-07,UHCTPFGRTS12,3DE Technology Prototype Solutions Pvt Ltd (Casting),2.0,0.0,2.0,380.0,760.0
2025-06-07,UHCTPFGRTS14,3DE Technology Prototype Solutions Pvt Ltd (Casting),11.0,0.0,11.0,380.0,4180.0
2025-06-07,UHDIOTEXI14V,SEMISEARCH TECHNOLOGIES PRIVATE LIMITED,70000.0,0.0,70000.0,2.42,169400.0
2025-06-07,UHFERRTSHTUNCUT,"Shenzhen PH functional materials Co., Ltd.",200.0,0.0,200.0,825.7,165139.2
2025-06-07,UHICHTEXTMP1,SEMISEARCH TECHNOLOGIES PRIVATE LIMITED,36000.0,0.0,36000.0,14.55,523800.0
2025-06-07,UHPLASIZRS05,ZOEONE INDUSTRIES,6500.0,0.0,6500.0,3.5,22750.0
2025-06-07,UHPLASIZRS06,ZOEONE INDUSTRIES,6500.0,0.0,6500.0,3.5,22750.0
2025-06-07,UHPLASIZRS07,ZOEONE INDUSTRIES,6500.0,0.0,6500.0,3.5,22750.0
2025-06-07,UHPLASIZRS08,ZOEONE INDUSTRIES,6500.0,0.0,6500.0,3.5,22750.0
2025-06-07,UHPLASIZRS09,ZOEONE INDUSTRIES,6500.0,0.0,6500.0,3.5,22750.0
2025-06-07,UHPLASIZRS10,ZOEONE INDUSTRIES,6500.0,0.0,6500.0,3.5,22750.0
2025-06-07,UHPLASIZRS11,ZOEONE INDUSTRIES,6500.0,0.0,6500.0,3.5,22750.0
2025-06-07,UHPLASIZRS12,ZOEONE INDUSTRIES,6500.0,0.0,6500.0,3.5,22750.0
2025-06-07,UHPLASIZRS13,ZOEONE INDUSTRIES,6500.0,0.0,6500.0,3.5,22750.0
2025-06-07,UHPLASIZRS14,ZOEONE INDUSTRIES,6500.0,0.0,6500.0,3.5,22750.0
2025-06-07,UHRING1.6PCBA,Zreyah Semiconductor Systems Pvt. Ltd.,4379.0,0.0,4379.0,190.0,832010.0
2025-06-07,UHSWATCHAA,Mudra innovation,10000.0,232.0,9768.0,12.2,119169.6
2025-06-07,UHSWATCHAG,Mudra innovation,10000.0,289.0,9711.0,12.2,118474.2
2025-06-07,UHSWATCHAS,Mudra innovation,10000.0,107.0,9893.0,12.2,120694.6
2025-06-07,UHSWATCHMG,Mudra innovation,10000.0,68.0,9932.0,12.2,121170.4
2025-06-07,UHSWATCHRT,Mudra innovation,10000.0,195.0,9805.0,12.2,119621.0
2025-06-07,UNICHTEX7A02,SEMISEARCH TECHNOLOGIES PRIVATE LIMITED,6000.0,0.0,6000.0,20.55,123300.0
2025-06-09,UH0.2MACHINS08,HANAV MANUFACTURING AND BUSINESS PRIVATE LIMITED,621.0,0.0,621.0,245.0,152145.0
2025-06-09,UH0.2MIRROR05,HANAV MANUFACTURING AND BUSINESS PRIVATE LIMITED,29.0,0.0,29.0,530.0,15370.0
2025-06-09,UH0.2MIRROR06,HANAV MANUFACTURING AND BUSINESS PRIVATE LIMITED,24.0,0.0,24.0,530.0,12720.0
2025-06-09,UH0.2MIRROR07,HANAV MANUFACTURING AND BUSINESS PRIVATE LIMITED,3.0,0.0,3.0,530.0,1590.0
2025-06-09,UH0.2MIRROR08,HANAV MANUFACTURING AND BUSINESS PRIVATE LIMITED,121.0,0.0,121.0,530.0,64130.0
2025-06-09,UH0.2MIRROR09,HANAV MANUFACTURING AND BUSINESS PRIVATE LIMITED,100.0,0.0,100.0,530.0,53000.0
2025-06-09,UH0.2MIRROR10,HANAV MANUFACTURING AND BUSINESS PRIVATE LIMITED,23.0,0.0,23.0,530.0,12190.0
2025-06-09,UH0.2MIRROR11,HANAV MANUFACTURING AND BUSINESS PRIVATE LIMITED,1.0,0.0,1.0,530.0,530.0
2025-06-09,UHAIRBEADBS08,IILA INDUSTRIES (Regular Purchase),1500.0,0.0,1500.0,34.0,51000.0
2025-06-09,UHAIRBEADBS09,IILA INDUSTRIES (Regular Purchase),500.0,0.0,500.0,34.0,17000.0
2025-06-09,UHBOXTBTTRAY,"Bonito Packaging Co.,Ltd",10000.0,0.0,10000.0,32.41,324129.6
2025-06-09,UHBOXTOPTRAY,"Bonito Packaging Co.,Ltd",10000.0,0.0,10000.0,25.65,256492.8
2025-06-09,UHC2PCBREV21,"Shenzhen JDB Technology Co., Ltd.",12300.0,0.0,12300.0,15.81,194477.76
2025-06-09,UHCH2COHOS06,Fabforma Technologies Private Limited,3000.0,0.0,3000.0,35.0,105000.0
2025-06-09,UHCH2COHOS07,Fabforma Technologies Private Limited,2480.0,0.0,2480.0,35.0,86800.0
2025-06-09,UHCH2COHOS08,Fabforma Technologies Private Limited,3000.0,0.0,3000.0,35.0,105000.0
2025-06-09,UHCH2COHOS09,Fabforma Technologies Private Limited,3500.0,0.0,3500.0,35.0,122500.0
2025-06-09,UHCH2COHOS12,Fabforma Technologies Private Limited,195.0,0.0,195.0,50.0,9750.0
2025-06-09,UHCHA2BASS06,Aaru Plastics,500.0,0.0,500.0,235.0,117500.0
2025-06-09,UHCHA2BASS07,Aaru Plastics,208.0,0.0,208.0,235.0,48880.0
2025-06-09,UHCHA2BASS07,HANAV MANUFACTURING AND BUSINESS PRIVATE LIMITED,1008.0,0.0,1008.0,250.0,252000.0
2025-06-09,UHCHA2BASS08,Aaru Plastics,500.0,0.0,500.0,235.0,117500.0
2025-06-09,UHCHA2BASS08,HANAV MANUFACTURING AND BUSINESS PRIVATE LIMITED,355.0,0.0,355.0,250.0,88750.0
2025-06-09,UHCHA2BASS09,HANAV MANUFACTURING AND BUSINESS PRIVATE LIMITED,1008.0,0.0,1008.0,250.0,252000.0
2025-06-09,UHCHA2BASS11,Aaru Plastics,500.0,0.0,500.0,235.0,117500.0
2025-06-09,UHCHA2BASS13,Aaru Plastics,336.0,0.0,336.0,235.0,78960.0
2025-06-09,UHCHARTOPS05,Aaru Plastics,78.0,0.0,78.0,34.0,2652.0
2025-06-09,UHCHARTOPS07,Aaru Plastics,932.0,0.0,932.0,34.0,31688.0
2025-06-09,UHCHARTOPS08,Aaru Plastics,848.0,0.0,848.0,34.0,28832.0
2025-06-09,UHCHARTOPS09,Aaru Plastics,964.0,0.0,964.0,34.0,32776.0
2025-06-09,UHCHARTOPS10,Aaru Plastics,886.0,0.0,886.0,34.0,30124.0
2025-06-09,UHCHARTOPS12,Aaru Plastics,29.0,0.0,29.0,34.0,986.0
2025-06-09,UHCHARTOPS14,Aaru Plastics,19.0,0.0,19.0,34.0,646.0
2025-06-09,UHCONSPOLPAD,MADRAS FELT,100.0,0.0,100.0,435.0,43500.0
2025-06-09,UHHMDVFGWEN,SHENZHEN PRODO TECHNOLOGY CO; LTD,168.0,0.0,168.0,11814.48,1984832.64
2025-06-09,UHICHTEXLMR6,AGILE TRADE SOLUTIONS,28000.0,0.0,28000.0,68.0,1904000.0
2025-06-09,UHICHTEXUCC2,AGILE TRADE SOLUTIONS,29300.0,0.0,29300.0,58.58,1716394.0
2025-06-09,UHPCBREV15S6,WITGAIN TECHNOLOGY LIMITED,23781.0,0.0,23781.0,39.18,931659.68
2025-06-09,UHPLASIZRS05,ZOEONE INDUSTRIES,3500.0,0.0,3500.0,3.5,12250.0
2025-06-09,UHPLASIZRS06,ZOEONE INDUSTRIES,3500.0,0.0,3500.0,3.5,12250.0
2025-06-09,UHPLASIZRS07,ZOEONE INDUSTRIES,3500.0,0.0,3500.0,3.5,12250.0
2025-06-09,UHPLASIZRS08,ZOEONE INDUSTRIES,3500.0,0.0,3500.0,3.5,12250.0
2025-06-09,UHPLASIZRS09,ZOEONE INDUSTRIES,3500.0,0.0,3500.0,3.5,12250.0
2025-06-09,UHPLASIZRS10,ZOEONE INDUSTRIES,3500.0,0.0,3500.0,3.5,12250.0
2025-06-09,UHPLASIZRS11,ZOEONE INDUSTRIES,3500.0,0.0,3500.0,3.5,12250.0
2025-06-09,UHPLASIZRS12,ZOEONE INDUSTRIES,3500.0,0.0,3500.0,3.5,12250.0
2025-06-09,UHPLASIZRS13,ZOEONE INDUSTRIES,3500.0,0.0,3500.0,3.5,12250.0
2025-06-09,UHPLASIZRS14,ZOEONE INDUSTRIES,3500.0,0.0,3500.0,3.5,12250.0
2025-06-09,UHRESNMUR8PF,Avnet Asia Pte Ltd,50000.0,0.0,50000.0,54.46,2723040.0
2025-06-09,UHRINGECS320,Avnet Asia Pte Ltd,20000.0,0.0,20000.0,21.96,439200.0
2025-06-10,UH0.2MIRROR06,HANAV MANUFACTURING AND BUSINESS PRIVATE LIMITED,160.0,0.0,160.0,530.0,84800.0
2025-06-10,UH0.2MIRROR08,HANAV MANUFACTURING AND BUSINESS PRIVATE LIMITED,24.0,0.0,24.0,530.0,12720.0
2025-06-10,UH0.2MIRROR09,HANAV MANUFACTURING AND BUSINESS PRIVATE LIMITED,42.0,0.0,42.0,530.0,22260.0
2025-06-10,UH0.2MIRROR10,HANAV MANUFACTURING AND BUSINESS PRIVATE LIMITED,6.0,0.0,6.0,530.0,3180.0
2025-06-10,UHACCSTM6DSO,Ramakrishna Electro Components Pvt. Ltd.,125000.0,0.0,125000.0,146.0,18250000.0
2025-06-10,UHAIRBEADBS09,IILA INDUSTRIES (Regular Purchase),1000.0,0.0,1000.0,34.0,34000.0
2025-06-10,UHAIRBEADBS10,IILA INDUSTRIES (Regular Purchase),1500.0,0.0,1500.0,34.0,51000.0
2025-06-10,UHBRUSHARG05,CN Innovations Limited,748.0,0.0,748.0,588.53,440218.94
2025-06-10,UHBRUSHARG06,CN Innovations Limited,1744.0,0.0,1744.0,588.53,1026392.83
2025-06-10,UHBRUSHARG07,CN Innovations Limited,1153.0,0.0,1153.0,588.53,678572.78
2025-06-10,UHBRUSHARG08,CN Innovations Limited,2527.0,0.0,2527.0,588.53,1487210.26
2025-06-10,UHBRUSHARG09,CN Innovations Limited,2232.0,0.0,2232.0,588.53,1313594.5
2025-06-10,UHBRUSHARG10,CN Innovations Limited,700.0,0.0,700.0,614.88,430416.0
2025-06-10,UHBRUSHARG11,CN Innovations Limited,300.0,0.0,300.0,614.88,184464.0
2025-06-10,UHBRUSHARG12,CN Innovations Limited,200.0,0.0,200.0,614.88,122976.0
2025-06-10,UHBRUSHARG13,CN Innovations Limited,100.0,0.0,100.0,614.88,61488.0
2025-06-10,UHBRUSHARG14,CN Innovations Limited,100.0,0.0,100.0,614.88,61488.0
2025-06-10,UHC2CUMO10MA,ARROW ELECTRONICS ASIA (S) PTE LTD,3000.0,0.0,3000.0,33.12,99347.04
2025-06-10,UHC2PCBAREV21,Zreyah Semiconductor Systems Pvt. Ltd.,11196.0,0.0,11196.0,50.0,559800.0
2025-06-10,UHC2PCBREV21,"Shenzhen JDB Technology Co., Ltd.",36420.0,0.0,36420.0,16.67,607035.45
2025-06-10,UHCH2COHOS06,Fabforma Technologies Private Limited,1500.0,0.0,1500.0,35.0,52500.0
2025-06-10,UHCH2COHOS07,Fabforma Technologies Private Limited,500.0,0.0,500.0,35.0,17500.0
2025-06-10,UHCH2COHOS08,Fabforma Technologies Private Limited,1250.0,0.0,1250.0,35.0,43750.0
2025-06-10,UHCH2COHOS12,Fabforma Technologies Private Limited,500.0,0.0,500.0,50.0,25000.0
2025-06-10,UHCHA2BASS05,Aaru Plastics,500.0,0.0,500.0,235.0,117500.0
2025-06-10,UHCHA2BASS07,Aaru Plastics,1000.0,0.0,1000.0,235.0,235000.0
2025-06-10,UHCHA2BASS07,HANAV MANUFACTURING AND BUSINESS PRIVATE LIMITED,1008.0,0.0,1008.0,250.0,252000.0
2025-06-10,UHCHA2BASS08,Aaru Plastics,989.0,0.0,989.0,235.0,232415.0
2025-06-10,UHCHA2BASS08,HANAV MANUFACTURING AND BUSINESS PRIVATE LIMITED,1008.0,0.0,1008.0,250.0,252000.0
2025-06-10,UHCHA2BASS09,HANAV MANUFACTURING AND BUSINESS PRIVATE LIMITED,1008.0,0.0,1008.0,250.0,252000.0
2025-06-10,UHCHARTOPS05,Aaru Plastics,177.0,0.0,177.0,34.0,6018.0
2025-06-10,UHCHARTOPS06,Aaru Plastics,56.0,0.0,56.0,34.0,1904.0
2025-06-10,UHCHARTOPS07,Aaru Plastics,1000.0,0.0,1000.0,34.0,34000.0
2025-06-10,UHCHARTOPS08,Aaru Plastics,2099.0,0.0,2099.0,34.0,71366.0
2025-06-10,UHCHARTOPS09,Aaru Plastics,1316.0,0.0,1316.0,34.0,44744.0
2025-06-10,UHCHARTOPS10,Aaru Plastics,1105.0,0.0,1105.0,34.0,37570.0
2025-06-10,UHDIOTEXI14V,ARROW ELECTRONICS ASIA (S) PTE LTD,100000.0,0.0,100000.0,1.89,188856.0
2025-06-10,UHHMDVFGWEN,SHENZHEN PRODO TECHNOLOGY CO; LTD,84.0,0.0,84.0,11814.48,992416.32
2025-06-10,UHICHSTM3117,Ramakrishna Electro Components Pvt. Ltd.,120000.0,0.0,120000.0,20.0,2400000.0
2025-06-10,UHICHTEXLMR6,ARROW ELECTRONICS ASIA (S) PTE LTD,49500.0,0.0,49500.0,24.68,1221810.48
2025-06-10,UHICHTEXTLV7,ARROW ELECTRONICS ASIA (S) PTE LTD,33000.0,0.0,33000.0,2.11,69569.28
2025-06-10,UHICHTEXTMP1,ARROW ELECTRONICS ASIA (S) PTE LTD,15000.0,0.0,15000.0,11.16,167335.2
2025-06-10,UHICHTEXTPS2,ARROW ELECTRONICS ASIA (S) PTE LTD,132000.0,0.0,132000.0,15.11,1994319.36
2025-06-10,UHOPSANA61EF,Macnica Cytech Pte Ltd,20000.0,0.0,20000.0,261.59,5231728.2
2025-06-10,UHPCBREV15S6,WITGAIN TECHNOLOGY LIMITED,12297.0,0.0,12297.0,39.18,481755.14
2025-06-10,UHPLASIZRS05,ZOEONE INDUSTRIES,3500.0,0.0,3500.0,3.5,12250.0
2025-06-10,UHPLASIZRS06,ZOEONE INDUSTRIES,3500.0,0.0,3500.0,3.5,12250.0
2025-06-10,UHPLASIZRS07,ZOEONE INDUSTRIES,3500.0,0.0,3500.0,3.5,12250.0
2025-06-10,UHPLASIZRS08,ZOEONE INDUSTRIES,3500.0,0.0,3500.0,3.5,12250.0
2025-06-10,UHPLASIZRS09,ZOEONE INDUSTRIES,3500.0,0.0,3500.0,3.5,12250.0
2025-06-10,UHPLASIZRS10,ZOEONE INDUSTRIES,3500.0,0.0,3500.0,3.5,12250.0
2025-06-10,UHPLASIZRS11,ZOEONE INDUSTRIES,3500.0,0.0,3500.0,3.5,12250.0
2025-06-10,UHPLASIZRS12,ZOEONE INDUSTRIES,3500.0,0.0,3500.0,3.5,12250.0
2025-06-10,UHPLASIZRS13,ZOEONE INDUSTRIES,3500.0,0.0,3500.0,3.5,12250.0
2025-06-10,UHPLASIZRS14,ZOEONE INDUSTRIES,3500.0,0.0,3500.0,3.5,12250.0
2025-06-10,UHRESNMUR8PF,Avnet Asia Pte Ltd,50000.0,0.0,50000.0,54.46,2723040.0
2025-06-10,UHRGBTR24MAH,"Shenzhen Grepow Battery Co.,Ltd",55440.0,0.0,55440.0,342.58,18992413.44
2025-06-10,UHRING1.6PCBA,Zreyah Semiconductor Systems Pvt. Ltd.,7261.0,0.0,7261.0,190.0,1379590.0
2025-06-10,UNICHTEX7A02,ARROW ELECTRONICS ASIA (S) PTE LTD,36000.0,0.0,36000.0,11.07,398442.24
2025-06-11,UH0.2ACRMST05,METALRIPPER MANUFACTURING,138.0,0.0,138.0,165.0,22770.0
2025-06-11,UH0.2ACRMST06,METALRIPPER MANUFACTURING,36.0,0.0,36.0,165.0,5940.0
2025-06-11,UH0.2ACRMST07,METALRIPPER MANUFACTURING,58.0,0.0,58.0,165.0,9570.0
2025-06-11,UH0.2ACRMST08,METALRIPPER MANUFACTURING,39.0,0.0,39.0,165.0,6435.0
2025-06-11,UH0.2ACRMST11,METALRIPPER MANUFACTURING,122.0,0.0,122.0,165.0,20130.0
2025-06-11,UH0.2BB05,IILA INDUSTRIES (Regular Purchase),685.0,0.0,685.0,34.0,23290.0
2025-06-11,UH0.2MIRROR05,HANAV MANUFACTURING AND BUSINESS PRIVATE LIMITED,5.0,0.0,5.0,530.0,2650.0
2025-06-11,UH0.2MIRROR06,HANAV MANUFACTURING AND BUSINESS PRIVATE LIMITED,113.0,0.0,113.0,530.0,59890.0
2025-06-11,UH0.2MIRROR07,HANAV MANUFACTURING AND BUSINESS PRIVATE LIMITED,44.0,0.0,44.0,530.0,23320.0
2025-06-11,UH0.2MIRROR08,HANAV MANUFACTURING AND BUSINESS PRIVATE LIMITED,180.0,0.0,180.0,530.0,95400.0
2025-06-11,UH0.2MIRROR09,HANAV MANUFACTURING AND BUSINESS PRIVATE LIMITED,18.0,0.0,18.0,530.0,9540.0
2025-06-11,UH0.2MIRROR10,HANAV MANUFACTURING AND BUSINESS PRIVATE LIMITED,28.0,0.0,28.0,530.0,14840.0
2025-06-11,UH0.2MIRROR11,HANAV MANUFACTURING AND BUSINESS PRIVATE LIMITED,66.0,0.0,66.0,530.0,34980.0
2025-06-11,UHAIRBEADBS06,IILA INDUSTRIES (Regular Purchase),375.0,0.0,375.0,34.0,12750.0
2025-06-11,UHAIRBEADBS08,G.M. Industries,540.0,0.0,540.0,218.0,117720.0
2025-06-11,UHAIRBEADBS12,IILA INDUSTRIES (Regular Purchase),558.0,0.0,558.0,34.0,18972.0
2025-06-11,UHBOTTOMPADS,Radha labels and printers,45000.0,0.0,45000.0,4.95,222750.0
2025-06-11,UHCHA2BASS05,Aaru Plastics,500.0,0.0,500.0,235.0,117500.0
2025-06-11,UHCHA2BASS06,HANAV MANUFACTURING AND BUSINESS PRIVATE LIMITED,504.0,0.0,504.0,250.0,126000.0
2025-06-11,UHCHA2BASS07,Aaru Plastics,640.0,0.0,640.0,235.0,150400.0
2025-06-11,UHCHA2BASS07,HANAV MANUFACTURING AND BUSINESS PRIVATE LIMITED,504.0,0.0,504.0,250.0,126000.0
2025-06-11,UHCHA2BASS08,Aaru Plastics,1014.0,0.0,1014.0,235.0,238290.0
2025-06-11,UHCHA2BASS08,HANAV MANUFACTURING AND BUSINESS PRIVATE LIMITED,1008.0,0.0,1008.0,250.0,252000.0
2025-06-11,UHCHA2BASS09,HANAV MANUFACTURING AND BUSINESS PRIVATE LIMITED,1008.0,0.0,1008.0,250.0,252000.0
2025-06-11,UHCHARTOPS05,Aaru Plastics,138.0,0.0,138.0,34.0,4692.0
2025-06-11,UHCHARTOPS07,Aaru Plastics,979.0,0.0,979.0,34.0,33286.0
2025-06-11,UHCHARTOPS08,Aaru Plastics,1331.0,0.0,1331.0,34.0,45254.0
2025-06-11,UHCHARTOPS09,Aaru Plastics,1160.0,0.0,1160.0,34.0,39440.0
2025-06-11,UHCHARTOPS10,Aaru Plastics,1087.0,0.0,1087.0,34.0,36958.0
2025-06-11,UHCHARTOPS11,Aaru Plastics,328.0,0.0,328.0,34.0,11152.0
2025-06-11,UHCHARTOPS12,Aaru Plastics,10.0,0.0,10.0,34.0,340.0
2025-06-11,UHCONSDBRBLD,SUNRISE ENTERPRISE,1800.0,0.0,1800.0,38.5,69300.0
2025-06-11,UHCONSDBRTL,SUNRISE ENTERPRISE,20.0,0.0,20.0,190.0,3800.0
2025-06-11,UHHWSS1.8X6-H,"ZHONGSHAN HAOFAN HARDWARE CO., LTD",150000.0,0.0,150000.0,0.97,144936.0
2025-06-11,UHPLASIZRS05,ZOEONE INDUSTRIES,3500.0,0.0,3500.0,3.5,12250.0
2025-06-11,UHPLASIZRS06,ZOEONE INDUSTRIES,3500.0,0.0,3500.0,3.5,12250.0
2025-06-11,UHPLASIZRS07,ZOEONE INDUSTRIES,3500.0,0.0,3500.0,3.5,12250.0
2025-06-11,UHPLASIZRS08,ZOEONE INDUSTRIES,3500.0,0.0,3500.0,3.5,12250.0
2025-06-11,UHPLASIZRS09,ZOEONE INDUSTRIES,3500.0,0.0,3500.0,3.5,12250.0
2025-06-11,UHPLASIZRS10,ZOEONE INDUSTRIES,3500.0,0.0,3500.0,3.5,12250.0
2025-06-11,UHPLASIZRS11,ZOEONE INDUSTRIES,3500.0,0.0,3500.0,3.5,12250.0
2025-06-11,UHPLASIZRS12,ZOEONE INDUSTRIES,3500.0,0.0,3500.0,3.5,12250.0
2025-06-11,UHPLASIZRS13,ZOEONE INDUSTRIES,3500.0,0.0,3500.0,3.5,12250.0
2025-06-11,UHPLASIZRS14,ZOEONE INDUSTRIES,3500.0,0.0,3500.0,3.5,12250.0
2025-06-11,UHRDCL1SZ10,"Shenzhen JDB Technology Co., Ltd.",1000.0,0.0,1000.0,20.82,20818.08
2025-06-11,UHRDCL1SZ11,"Shenzhen JDB Technology Co., Ltd.",1000.0,0.0,1000.0,20.82,20818.08
2025-06-11,UHRDCL1SZ12,"Shenzhen JDB Technology Co., Ltd.",1000.0,0.0,1000.0,20.82,20818.08
2025-06-11,UHRDCL1SZ13,"Shenzhen JDB Technology Co., Ltd.",1000.0,0.0,1000.0,20.82,20818.08
2025-06-11,UHRDCL1SZ14,"Shenzhen JDB Technology Co., Ltd.",1000.0,0.0,1000.0,20.82,20818.08
2025-06-11,UHRDRCL1SZ5,"Shenzhen JDB Technology Co., Ltd.",1000.0,0.0,1000.0,20.82,20818.08
2025-06-11,UHRDRCL1SZ6,"Shenzhen JDB Technology Co., Ltd.",1000.0,0.0,1000.0,20.82,20818.08
2025-06-11,UHRDRCL1SZ7,"Shenzhen JDB Technology Co., Ltd.",1000.0,0.0,1000.0,20.82,20818.08
2025-06-11,UHRDRCL1SZ8,"Shenzhen JDB Technology Co., Ltd.",1000.0,0.0,1000.0,20.82,20818.08
2025-06-11,UHRDRCL1SZ9,"Shenzhen JDB Technology Co., Ltd.",1000.0,0.0,1000.0,20.82,20818.08
2025-06-11,UHRGBTR24MAH,"Shenzhen Grepow Battery Co.,Ltd",25760.0,0.0,25760.0,342.58,8824757.76
2025-06-11,UHSWATCHAA,Mudra innovation,5000.0,147.0,4853.0,12.2,59206.6
2025-06-11,UHSWATCHAG,Mudra innovation,5000.0,90.0,4910.0,12.2,59902.0
2025-06-11,UHSWATCHAS,Mudra innovation,5000.0,20.0,4980.0,12.2,60756.0
2025-06-11,UHSWATCHMG,Mudra innovation,5000.0,70.0,4930.0,12.2,60146.0
2025-06-11,UHSWATCHRT,Mudra innovation,5000.0,85.0,4915.0,12.2,59963.0
2025-06-11,UHUSB4105GFAN,"Shenzhen Guozhi Electronic Co., Ltd",200000.0,0.0,200000.0,1.15,230984.0
2025-06-12,UH0.2AA05,CP Global Solution Technologies,370.0,0.0,370.0,250.0,92500.0
2025-06-12,UH0.2AA06,CP Global Solution Technologies,190.0,0.0,190.0,250.0,47500.0
2025-06-12,UH0.2AA07,CP Global Solution Technologies,161.0,0.0,161.0,250.0,40250.0
2025-06-12,UH0.2AA08,CP Global Solution Technologies,433.0,0.0,433.0,250.0,108250.0
2025-06-12,UH0.2AA09,CP Global Solution Technologies,82.0,0.0,82.0,250.0,20500.0
2025-06-12,UH0.2AA10,CP Global Solution Technologies,68.0,0.0,68.0,250.0,17000.0
2025-06-12,UH0.2AA11,CP Global Solution Technologies,307.0,0.0,307.0,250.0,76750.0
2025-06-12,UH0.2AA13,CP Global Solution Technologies,400.0,0.0,400.0,250.0,100000.0
2025-06-12,UH0.2ACRMST09,METALRIPPER MANUFACTURING,111.0,0.0,111.0,165.0,18315.0
2025-06-12,UH0.2ACRMST11,METALRIPPER MANUFACTURING,75.0,0.0,75.0,165.0,12375.0
2025-06-12,UH0.2AG05,CN Innovations Limited,350.0,0.0,350.0,569.46,199310.12
2025-06-12,UH0.2AG06,CN Innovations Limited,4550.0,0.0,4550.0,569.46,2591031.62
2025-06-12,UH0.2AG07,CN Innovations Limited,10500.0,0.0,10500.0,569.46,5979303.75
2025-06-12,UH0.2AG08,CN Innovations Limited,8050.0,0.0,8050.0,569.46,4584132.88
2025-06-12,UH0.2AG09,CN Innovations Limited,3850.0,0.0,3850.0,569.46,2192411.38
2025-06-12,UH0.2AG10,CN Innovations Limited,2800.0,0.0,2800.0,316.08,885028.06
2025-06-12,UH0.2AS06,CN Innovations Limited,700.0,0.0,700.0,538.25,376778.05
2025-06-12,UH0.2AS07,CN Innovations Limited,350.0,0.0,350.0,538.25,188389.02
2025-06-12,UH0.2AS08,CN Innovations Limited,1400.0,0.0,1400.0,538.25,753556.09
2025-06-12,UH0.2AS09,CN Innovations Limited,2800.0,0.0,2800.0,538.25,1507112.18
2025-06-12,UH0.2AS10,CN Innovations Limited,3850.0,0.0,3850.0,311.63,1199779.49
2025-06-12,UH0.2MIRROR05,HANAV MANUFACTURING AND BUSINESS PRIVATE LIMITED,17.0,0.0,17.0,530.0,9010.0
2025-06-12,UH0.2MIRROR06,HANAV MANUFACTURING AND BUSINESS PRIVATE LIMITED,9.0,0.0,9.0,530.0,4770.0
2025-06-12,UH0.2MIRROR07,HANAV MANUFACTURING AND BUSINESS PRIVATE LIMITED,56.0,0.0,56.0,530.0,29680.0
2025-06-12,UH0.2MIRROR08,HANAV MANUFACTURING AND BUSINESS PRIVATE LIMITED,111.0,0.0,111.0,530.0,58830.0
2025-06-12,UH0.2MIRROR09,HANAV MANUFACTURING AND BUSINESS PRIVATE LIMITED,9.0,0.0,9.0,530.0,4770.0
2025-06-12,UH0.2MIRROR10,HANAV MANUFACTURING AND BUSINESS PRIVATE LIMITED,82.0,0.0,82.0,530.0,43460.0
2025-06-12,UH0.2MIRROR11,HANAV MANUFACTURING AND BUSINESS PRIVATE LIMITED,31.0,0.0,31.0,530.0,16430.0
2025-06-12,UHC3BOTTPAD,"Shenzhen BZ Tape Co., Ltd.",20000.0,0.0,20000.0,52.7,1054080.0
2025-06-12,UHCHA2BASS05,Aaru Plastics,500.0,0.0,500.0,235.0,117500.0
2025-06-12,UHCHA2BASS07,Aaru Plastics,700.0,0.0,700.0,235.0,164500.0
2025-06-12,UHCHA2BASS08,Aaru Plastics,713.0,0.0,713.0,235.0,167555.0
2025-06-12,UHCHA2BASS08,HANAV MANUFACTURING AND BUSINESS PRIVATE LIMITED,1008.0,0.0,1008.0,250.0,252000.0
2025-06-12,UHCHA2BASS09,HANAV MANUFACTURING AND BUSINESS PRIVATE LIMITED,1008.0,0.0,1008.0,250.0,252000.0
2025-06-12,UHCHARTOPS05,Aaru Plastics,256.0,0.0,256.0,34.0,8704.0
2025-06-12,UHCHARTOPS07,Aaru Plastics,1740.0,0.0,1740.0,34.0,59160.0
2025-06-12,UHCHARTOPS08,Aaru Plastics,1858.0,0.0,1858.0,34.0,63172.0
2025-06-12,UHCHARTOPS09,Aaru Plastics,739.0,0.0,739.0,34.0,25126.0
2025-06-12,UHCHARTOPS10,Aaru Plastics,753.0,0.0,753.0,34.0,25602.0
2025-06-12,UHCHARTOPS11,Aaru Plastics,175.0,0.0,175.0,34.0,5950.0
2025-06-12,UHCHARTOPS12,Aaru Plastics,217.0,0.0,217.0,34.0,7378.0
2025-06-12,UHCHARTOPS14,Aaru Plastics,16.0,0.0,16.0,34.0,544.0
2025-06-12,UHHMDVFGWEN,SHENZHEN PRODO TECHNOLOGY CO; LTD,84.0,0.0,84.0,11814.48,992416.32
2025-06-12,UHOPSANA61EF,Macnica Cytech Pte Ltd,40000.0,0.0,40000.0,261.59,10463456.4
2025-06-12,UHRGBTR24MAH,"Shenzhen Grepow Battery Co.,Ltd",23760.0,0.0,23760.0,342.58,8139605.76
2025-06-12,UHRING1.6PCBA,Zreyah Semiconductor Systems Pvt. Ltd.,5112.0,0.0,5112.0,190.0,971280.0
2025-06-12,UHRINGPCBA,PODRAIN ELECTRONICS PRIVATE LIMITED,36.0,0.0,36.0,75.0,2700.0
2025-06-12,UHSENSMLX36V,AGILE TRADE SOLUTIONS,13000.0,0.0,13000.0,305.0,3965000.0
2025-06-12,UHTIJWAABS11,CP Global Solution Technologies,50.0,0.0,50.0,250.0,12500.0
2025-06-12,UHTIJWAABS12,CP Global Solution Technologies,199.0,0.0,199.0,250.0,49750.0
2025-06-13,UH0.2ACRMST05,METALRIPPER MANUFACTURING,102.0,0.0,102.0,165.0,16830.0
2025-06-13,UH0.2ACRMST11,METALRIPPER MANUFACTURING,86.0,0.0,86.0,165.0,14190.0
2025-06-13,UH0.2MG06,Oerlikon balzers coating india pvt ltd,179.0,0.0,179.0,207.0,37053.0
2025-06-13,UH0.2MG09,Oerlikon balzers coating india pvt ltd,598.0,0.0,598.0,207.0,123786.0
2025-06-13,UH0.2MG10,Oerlikon balzers coating india pvt ltd,348.0,0.0,348.0,207.0,72036.0
2025-06-13,UHC2C10UF50V,SEMISEARCH TECHNOLOGIES PRIVATE LIMITED,171000.0,0.0,171000.0,5.02,858420.0
2025-06-13,UHC2PCBAREV21,Zreyah Semiconductor Systems Pvt. Ltd.,5400.0,0.0,5400.0,50.0,270000.0
2025-06-13,UHC3BASEPAINT,Aaru Plastics,311.0,0.0,311.0,250.0,77750.0
2025-06-13,UHCHA2BASS05,Aaru Plastics,332.0,0.0,332.0,235.0,78020.0
2025-06-13,UHCHA2BASS07,Aaru Plastics,1000.0,0.0,1000.0,235.0,235000.0
2025-06-13,UHCHA2BASS07,HANAV MANUFACTURING AND BUSINESS PRIVATE LIMITED,504.0,0.0,504.0,250.0,126000.0
2025-06-13,UHCHA2BASS08,Aaru Plastics,1000.0,0.0,1000.0,235.0,235000.0
2025-06-13,UHCHA2BASS10,HANAV MANUFACTURING AND BUSINESS PRIVATE LIMITED,1008.0,0.0,1008.0,250.0,252000.0
2025-06-13,UHCHARTOPS05,Aaru Plastics,24.0,0.0,24.0,34.0,816.0
2025-06-13,UHCHARTOPS07,Aaru Plastics,2244.0,0.0,2244.0,34.0,76296.0
2025-06-13,UHCHARTOPS08,Aaru Plastics,1435.0,0.0,1435.0,34.0,48790.0
2025-06-13,UHCHARTOPS09,Aaru Plastics,520.0,0.0,520.0,34.0,17680.0
2025-06-13,UHCHARTOPS10,Aaru Plastics,643.0,0.0,643.0,34.0,21862.0
2025-06-13,UHCHARTOPS11,Aaru Plastics,160.0,0.0,160.0,34.0,5440.0
2025-06-13,UHCHARTOPS12,Aaru Plastics,208.0,0.0,208.0,34.0,7072.0
2025-06-13,UHCHARTOPS14,Aaru Plastics,12.0,0.0,12.0,34.0,408.0
2025-06-13,UHCONSJSSPR,JOIS LABS,70.0,0.0,70.0,80.0,5600.0
2025-06-13,UHCTPFGAAO10,3DE Technology Prototype Solutions Pvt Ltd (Casting),141.0,0.0,141.0,380.0,53580.0
2025-06-13,UHCTPFGAAS09,3DE Technology Prototype Solutions Pvt Ltd (Casting),37.0,0.0,37.0,380.0,14060.0
2025-06-13,UHCTPFGAAS11,3DE Technology Prototype Solutions Pvt Ltd (Casting),204.0,0.0,204.0,380.0,77520.0
2025-06-13,UHCTPFGAGO05,3DE Technology Prototype Solutions Pvt Ltd (Casting),56.0,0.0,56.0,380.0,21280.0
2025-06-13,UHCTPFGAGO06,3DE Technology Prototype Solutions Pvt Ltd (Casting),790.0,0.0,790.0,380.0,300200.0
2025-06-13,UHCTPFGAGO07,3DE Technology Prototype Solutions Pvt Ltd (Casting),1595.0,0.0,1595.0,380.0,606100.0
2025-06-13,UHCTPFGAGO08,3DE Technology Prototype Solutions Pvt Ltd (Casting),523.0,0.0,523.0,380.0,198740.0
2025-06-13,UHCTPFGAGO09,3DE Technology Prototype Solutions Pvt Ltd (Casting),1032.0,0.0,1032.0,380.0,392160.0
2025-06-13,UHCTPFGAGO10,3DE Technology Prototype Solutions Pvt Ltd (Casting),358.0,0.0,358.0,380.0,136040.0
2025-06-13,UHCTPFGAGS11,3DE Technology Prototype Solutions Pvt Ltd (Casting),114.0,0.0,114.0,380.0,43320.0
2025-06-13,UHCTPFGAGS12,3DE Technology Prototype Solutions Pvt Ltd (Casting),128.0,0.0,128.0,380.0,48640.0
2025-06-13,UHCTPFGASO05,3DE Technology Prototype Solutions Pvt Ltd (Casting),180.0,0.0,180.0,380.0,68400.0
2025-06-13,UHCTPFGASO07,3DE Technology Prototype Solutions Pvt Ltd (Casting),1099.0,0.0,1099.0,380.0,417620.0
2025-06-13,UHCTPFGASO08,3DE Technology Prototype Solutions Pvt Ltd (Casting),1305.0,0.0,1305.0,380.0,495900.0
2025-06-13,UHCTPFGASO09,3DE Technology Prototype Solutions Pvt Ltd (Casting),76.0,0.0,76.0,380.0,28880.0
2025-06-13,UHCTPFGASS06,3DE Technology Prototype Solutions Pvt Ltd (Casting),59.0,0.0,59.0,380.0,22420.0
2025-06-13,UHCTPFGASS11,3DE Technology Prototype Solutions Pvt Ltd (Casting),28.0,0.0,28.0,380.0,10640.0
2025-06-13,UHCTPFGASS12,3DE Technology Prototype Solutions Pvt Ltd (Casting),28.0,0.0,28.0,380.0,10640.0
2025-06-13,UHCTPFGMGS08,3DE Technology Prototype Solutions Pvt Ltd (Casting),37.0,0.0,37.0,380.0,14060.0
2025-06-13,UHCTPFGMGS09,3DE Technology Prototype Solutions Pvt Ltd (Casting),69.0,0.0,69.0,380.0,26220.0
2025-06-13,UHCTPFGMGS11,3DE Technology Prototype Solutions Pvt Ltd (Casting),18.0,0.0,18.0,380.0,6840.0
2025-06-13,UHDIODIOI40V,SEMISEARCH TECHNOLOGIES PRIVATE LIMITED,102000.0,0.0,102000.0,18.5,1887000.0
2025-06-13,UHFERRTSHTUNCUT,"Shenzhen PH functional materials Co., Ltd.",400.0,0.0,400.0,825.7,330278.4
2025-06-13,UHHMDVFGWEN,SHENZHEN PRODO TECHNOLOGY CO; LTD,84.0,0.0,84.0,11814.48,992416.32
2025-06-13,UHPLASIZRS05,ZOEONE INDUSTRIES,6000.0,0.0,6000.0,3.5,21000.0
2025-06-13,UHPLASIZRS06,ZOEONE INDUSTRIES,6000.0,0.0,6000.0,3.5,21000.0
2025-06-13,UHPLASIZRS07,ZOEONE INDUSTRIES,6000.0,0.0,6000.0,3.5,21000.0
2025-06-13,UHPLASIZRS08,ZOEONE INDUSTRIES,6000.0,0.0,6000.0,3.5,21000.0
2025-06-13,UHPLASIZRS09,ZOEONE INDUSTRIES,6000.0,0.0,6000.0,3.5,21000.0
2025-06-13,UHPLASIZRS10,ZOEONE INDUSTRIES,6000.0,0.0,6000.0,3.5,21000.0
2025-06-13,UHPLASIZRS11,ZOEONE INDUSTRIES,6000.0,0.0,6000.0,3.5,21000.0
2025-06-13,UHPLASIZRS12,ZOEONE INDUSTRIES,6000.0,0.0,6000.0,3.5,21000.0
2025-06-13,UHPLASIZRS13,ZOEONE INDUSTRIES,6000.0,0.0,6000.0,3.5,21000.0
2025-06-13,UHPLASIZRS14,ZOEONE INDUSTRIES,6000.0,0.0,6000.0,3.5,21000.0
2025-06-13,UHRDPRBA161,Fast turn PCB,5040.0,0.0,5040.0,164.26,827874.43
2025-06-13,UHRDPRCR162,Fast turn PCB,5040.0,0.0,5040.0,225.75,1137773.95
2025-06-13,UHRESBOU01BO,"Swift Electrocomp Solutions Pvt Ltd.,",30000.0,0.0,30000.0,0.3,9000.0
2025-06-13,UHRESPAN01KO,"Swift Electrocomp Solutions Pvt Ltd.,",200000.0,0.0,200000.0,0.31,62000.0
2025-06-13,UHRESPAN47KO,"Swift Electrocomp Solutions Pvt Ltd.,",375000.0,0.0,375000.0,0.55,206250.0
2025-06-13,UHRING1.6PCBA,Zreyah Semiconductor Systems Pvt. Ltd.,7262.0,0.0,7262.0,190.0,1379780.0
2025-06-13,UHSENSMLX36V,AGILE TRADE SOLUTIONS,10000.0,0.0,10000.0,305.0,3050000.0
2025-06-13,UHTRAEPC200V,"Swift Electrocomp Solutions Pvt Ltd.,",150000.0,0.0,150000.0,59.56,8934000.0
2025-06-14,UH0.2MIRROR06,HANAV MANUFACTURING AND BUSINESS PRIVATE LIMITED,18.0,0.0,18.0,530.0,9540.0
2025-06-14,UH0.2MIRROR07,HANAV MANUFACTURING AND BUSINESS PRIVATE LIMITED,194.0,0.0,194.0,530.0,102820.0
2025-06-14,UH0.2MIRROR08,HANAV MANUFACTURING AND BUSINESS PRIVATE LIMITED,47.0,0.0,47.0,530.0,24910.0
2025-06-14,UH0.2MIRROR09,HANAV MANUFACTURING AND BUSINESS PRIVATE LIMITED,3.0,0.0,3.0,530.0,1590.0
2025-06-14,UH0.2MIRROR10,HANAV MANUFACTURING AND BUSINESS PRIVATE LIMITED,49.0,0.0,49.0,530.0,25970.0
2025-06-14,UH0.2MIRROR11,HANAV MANUFACTURING AND BUSINESS PRIVATE LIMITED,12.0,0.0,12.0,530.0,6360.0
2025-06-14,UH0.2MIRROR13,HANAV MANUFACTURING AND BUSINESS PRIVATE LIMITED,21.0,0.0,21.0,530.0,11130.0
2025-06-14,UHC2PCBAREV21,Zreyah Semiconductor Systems Pvt. Ltd.,3742.0,0.0,3742.0,50.0,187100.0
2025-06-14,UHCH2COHOS06,Fabforma Technologies Private Limited,4400.0,0.0,4400.0,35.0,154000.0
2025-06-14,UHCH2COHOS07,Fabforma Technologies Private Limited,3500.0,0.0,3500.0,35.0,122500.0
2025-06-14,UHCH2COHOS08,Fabforma Technologies Private Limited,2610.0,100.0,2510.0,35.0,87850.0
2025-06-14,UHCH2COHOS11,Fabforma Technologies Private Limited,2250.0,0.0,2250.0,50.0,112500.0
2025-06-14,UHCHA2BASS05,Aaru Plastics,500.0,0.0,500.0,235.0,117500.0
2025-06-14,UHCHA2BASS07,Aaru Plastics,801.0,0.0,801.0,235.0,188235.0
2025-06-14,UHCHA2BASS08,Aaru Plastics,811.0,0.0,811.0,235.0,190585.0
2025-06-14,UHCHA2BASS09,HANAV MANUFACTURING AND BUSINESS PRIVATE LIMITED,1008.0,0.0,1008.0,250.0,252000.0
2025-06-14,UHCHA2BASS10,HANAV MANUFACTURING AND BUSINESS PRIVATE LIMITED,1008.0,0.0,1008.0,250.0,252000.0
2025-06-14,UHCHARTOPS05,Aaru Plastics,140.0,0.0,140.0,34.0,4760.0
2025-06-14,UHCHARTOPS07,Aaru Plastics,1534.0,0.0,1534.0,34.0,52156.0
2025-06-14,UHCHARTOPS08,Aaru Plastics,835.0,0.0,835.0,34.0,28390.0
2025-06-14,UHCHARTOPS09,Aaru Plastics,1097.0,0.0,1097.0,34.0,37298.0
2025-06-14,UHCHARTOPS10,Aaru Plastics,281.0,0.0,281.0,34.0,9554.0
2025-06-14,UHCHARTOPS11,Aaru Plastics,242.0,0.0,242.0,34.0,8228.0
2025-06-14,UHCHARTOPS12,Aaru Plastics,260.0,0.0,260.0,34.0,8840.0
2025-06-14,UHCHARTOPS14,Aaru Plastics,45.0,0.0,45.0,34.0,1530.0
2025-06-14,UHPLASIZRS05,ZOEONE INDUSTRIES,3500.0,0.0,3500.0,3.5,12250.0
2025-06-14,UHPLASIZRS06,ZOEONE INDUSTRIES,3500.0,0.0,3500.0,3.5,12250.0
2025-06-14,UHPLASIZRS07,ZOEONE INDUSTRIES,3500.0,0.0,3500.0,3.5,12250.0
2025-06-14,UHPLASIZRS08,ZOEONE INDUSTRIES,3500.0,0.0,3500.0,3.5,12250.0
2025-06-14,UHPLASIZRS09,ZOEONE INDUSTRIES,3500.0,0.0,3500.0,3.5,12250.0
2025-06-14,UHPLASIZRS10,ZOEONE INDUSTRIES,3500.0,0.0,3500.0,3.5,12250.0
2025-06-14,UHPLASIZRS11,ZOEONE INDUSTRIES,3500.0,0.0,3500.0,3.5,12250.0
2025-06-14,UHPLASIZRS12,ZOEONE INDUSTRIES,3500.0,0.0,3500.0,3.5,12250.0
2025-06-14,UHPLASIZRS13,ZOEONE INDUSTRIES,3500.0,0.0,3500.0,3.5,12250.0
2025-06-14,UHPLASIZRS14,ZOEONE INDUSTRIES,3500.0,0.0,3500.0,3.5,12250.0
2025-06-14,UHRING1.6PCBA,Zreyah Semiconductor Systems Pvt. Ltd.,6096.0,0.0,6096.0,190.0,1158240.0
2025-06-14,UHTIJWMGLS08,CP Global Solution Technologies,1279.0,0.0,1279.0,210.0,268590.0
2025-06-14,UHTIJWMGLS09,CP Global Solution Technologies,489.0,0.0,489.0,210.0,102690.0
2025-06-14,UHTIJWMGLS10,CP Global Solution Technologies,800.0,0.0,800.0,210.0,168000.0
2025-06-16,UH0.2ACRMST07,METALRIPPER MANUFACTURING,91.0,0.0,91.0,165.0,15015.0
2025-06-16,UH0.2ACRMST08,METALRIPPER MANUFACTURING,49.0,0.0,49.0,165.0,8085.0
2025-06-16,UH0.2ACRMST10,METALRIPPER MANUFACTURING,151.0,0.0,151.0,165.0,24915.0
2025-06-16,UH0.2ACRMST12,METALRIPPER MANUFACTURING,16.0,0.0,16.0,165.0,2640.0
2025-06-16,UH0.2MIRROR06,HANAV MANUFACTURING AND BUSINESS PRIVATE LIMITED,6.0,0.0,6.0,530.0,3180.0
2025-06-16,UH0.2MIRROR07,HANAV MANUFACTURING AND BUSINESS PRIVATE LIMITED,96.0,0.0,96.0,530.0,50880.0
2025-06-16,UH0.2MIRROR08,HANAV MANUFACTURING AND BUSINESS PRIVATE LIMITED,15.0,0.0,15.0,530.0,7950.0
2025-06-16,UH0.2MIRROR10,HANAV MANUFACTURING AND BUSINESS PRIVATE LIMITED,91.0,0.0,91.0,530.0,48230.0
2025-06-16,UH0.2MIRROR11,HANAV MANUFACTURING AND BUSINESS PRIVATE LIMITED,6.0,0.0,6.0,530.0,3180.0
2025-06-16,UH0.2MIRROR12,HANAV MANUFACTURING AND BUSINESS PRIVATE LIMITED,50.0,0.0,50.0,530.0,26500.0
2025-06-16,UHC2PCBAREV21,Zreyah Semiconductor Systems Pvt. Ltd.,8622.0,0.0,8622.0,50.0,431100.0
2025-06-16,UHC2PCBREV21,"Shenzhen JDB Technology Co., Ltd.",36840.0,0.0,36840.0,17.04,627788.97
2025-06-16,UHCH2COHOS12,Fabforma Technologies Private Limited,2500.0,0.0,2500.0,50.0,125000.0
2025-06-16,UHCHA2BASS05,Aaru Plastics,120.0,0.0,120.0,235.0,28200.0
2025-06-16,UHCHA2BASS07,Aaru Plastics,1006.0,0.0,1006.0,235.0,236410.0
2025-06-16,UHCHA2BASS08,Aaru Plastics,992.0,0.0,992.0,235.0,233120.0
2025-06-16,UHCHARTOPS07,Aaru Plastics,1300.0,0.0,1300.0,34.0,44200.0
2025-06-16,UHCHARTOPS08,Aaru Plastics,1675.0,0.0,1675.0,34.0,56950.0
2025-06-16,UHCHARTOPS09,Aaru Plastics,857.0,0.0,857.0,34.0,29138.0
2025-06-16,UHCHARTOPS10,Aaru Plastics,772.0,0.0,772.0,34.0,26248.0
2025-06-16,UHCHARTOPS11,Aaru Plastics,95.0,0.0,95.0,34.0,3230.0
2025-06-16,UHCHARTOPS12,Aaru Plastics,89.0,0.0,89.0,34.0,3026.0
2025-06-16,UHCONSACETON,J V Chemicals,13.0,0.0,13.0,1444.8,18782.4
2025-06-16,UHCONSCLSWAB,SUZHOU SDX INDUSTRIAL TECHNOLOGY CO LTD,100.0,0.0,100.0,156.36,15635.52
2025-06-16,UHCONSCOTNWASTE,GMK industries,75.0,0.0,75.0,125.0,9375.0
2025-06-16,UHCONSEMR2500,Bharath Hardware & Industrial Suppliers,600.0,0.0,600.0,40.0,24000.0
2025-06-16,UHCONSTOTPCK,Reliable office supplies,300.0,0.0,300.0,25.0,7500.0
2025-06-16,UHDEBONDGLUE,Ninth avenue industries pvt ltd,300.0,0.0,300.0,360.0,108000.0
2025-06-16,UHPLASIZRS05,ZOEONE INDUSTRIES,3500.0,0.0,3500.0,3.5,12250.0
2025-06-16,UHPLASIZRS06,ZOEONE INDUSTRIES,3500.0,0.0,3500.0,3.5,12250.0
2025-06-16,UHPLASIZRS07,ZOEONE INDUSTRIES,3500.0,0.0,3500.0,3.5,12250.0
2025-06-16,UHPLASIZRS08,ZOEONE INDUSTRIES,3500.0,0.0,3500.0,3.5,12250.0
2025-06-16,UHPLASIZRS09,ZOEONE INDUSTRIES,3500.0,0.0,3500.0,3.5,12250.0
2025-06-16,UHPLASIZRS10,ZOEONE INDUSTRIES,3500.0,0.0,3500.0,3.5,12250.0
2025-06-16,UHPLASIZRS11,ZOEONE INDUSTRIES,3500.0,0.0,3500.0,3.5,12250.0
2025-06-16,UHPLASIZRS12,ZOEONE INDUSTRIES,3500.0,0.0,3500.0,3.5,12250.0
2025-06-16,UHPLASIZRS13,ZOEONE INDUSTRIES,3500.0,0.0,3500.0,3.5,12250.0
2025-06-16,UHPLASIZRS14,ZOEONE INDUSTRIES,3500.0,0.0,3500.0,3.5,12250.0
2025-06-16,UHRD315575V,MACFOS PRIVATE LIMITED,5.0,0.0,5.0,55.08,275.42
2025-06-16,UHRD359GREY,MACFOS PRIVATE LIMITED,10.0,0.0,10.0,1385.51,13855.08
2025-06-16,UHRDELGOBCK,MACFOS PRIVATE LIMITED,13.0,0.0,13.0,1385.51,18011.61
2025-06-16,UHRDELRWUWB,MACFOS PRIVATE LIMITED,5.0,0.0,5.0,2505.93,12529.66
2025-06-16,UHRDPCF8575,MACFOS PRIVATE LIMITED,5.0,0.0,5.0,161.02,805.08
2025-06-16,UHRDSMT8TXS,MACFOS PRIVATE LIMITED,5.0,0.0,5.0,84.75,423.73
2025-06-16,UHRESPAN01KO,"Swift Electrocomp Solutions Pvt Ltd.,",10000.0,0.0,10000.0,0.31,3100.0
2025-06-16,UHRING1.6PCBA,Zreyah Semiconductor Systems Pvt. Ltd.,4440.0,0.0,4440.0,190.0,843600.0
2025-06-16,UHSTCELLOPEN1,Reliable office supplies,300.0,0.0,300.0,7.5,2250.0
2025-06-16,UHSTES60X90,BRIGHT PACKING INDUSTRIES,101000.0,0.0,101000.0,2.7,272700.0
2025-06-16,UHSTFACEMASK,Reliable office supplies,3000.0,0.0,3000.0,3.3,9900.0
2025-06-16,UHSTOHPMARKR,Reliable office supplies,1000.0,0.0,1000.0,7.5,7500.0
2025-06-16,UHSTTWZ93306,BLOSSOM SOLUTIONS,300.0,0.0,300.0,45.0,13500.0
2025-06-16,UHSTWZ93302,BLOSSOM SOLUTIONS,300.0,0.0,300.0,45.0,13500.0
2025-06-16,UHSTZPLCK10X14,Reliable office supplies,10000.0,0.0,10000.0,2.5,25000.0
2025-06-16,UHSWATCHAA,Mudra innovation,5000.0,218.0,4782.0,12.2,58340.4
2025-06-16,UHSWATCHAG,Mudra innovation,5000.0,158.0,4842.0,12.2,59072.4
2025-06-16,UHSWATCHAS,Mudra innovation,5000.0,85.0,4915.0,12.2,59963.0
2025-06-16,UHSWATCHMG,Mudra innovation,5000.0,100.0,4900.0,12.2,59780.0
2025-06-16,UHSWATCHRT,Mudra innovation,5000.0,113.0,4887.0,12.2,59621.4
2025-06-16,UHTIJWAABS09,CP Global Solution Technologies,49.0,0.0,49.0,250.0,12250.0
2025-06-17,UH0.2ACRMST05,METALRIPPER MANUFACTURING,73.0,0.0,73.0,165.0,12045.0
2025-06-17,UH0.2ACRMST06,METALRIPPER MANUFACTURING,49.0,0.0,49.0,165.0,8085.0
2025-06-17,UH0.2ACRMST09,METALRIPPER MANUFACTURING,34.0,0.0,34.0,165.0,5610.0
2025-06-17,UH0.2ACRMST11,METALRIPPER MANUFACTURING,17.0,0.0,17.0,165.0,2805.0
2025-06-17,UH0.2ACRMST13,METALRIPPER MANUFACTURING,10.0,0.0,10.0,165.0,1650.0
2025-06-17,UH0.2MIRROR05,HANAV MANUFACTURING AND BUSINESS PRIVATE LIMITED,5.0,0.0,5.0,530.0,2650.0
2025-06-17,UH0.2MIRROR06,HANAV MANUFACTURING AND BUSINESS PRIVATE LIMITED,17.0,0.0,17.0,530.0,9010.0
2025-06-17,UH0.2MIRROR07,HANAV MANUFACTURING AND BUSINESS PRIVATE LIMITED,39.0,0.0,39.0,530.0,20670.0
2025-06-17,UH0.2MIRROR08,HANAV MANUFACTURING AND BUSINESS PRIVATE LIMITED,42.0,0.0,42.0,530.0,22260.0
2025-06-17,UH0.2MIRROR10,HANAV MANUFACTURING AND BUSINESS PRIVATE LIMITED,23.0,0.0,23.0,530.0,12190.0
2025-06-17,UH0.2MIRROR12,HANAV MANUFACTURING AND BUSINESS PRIVATE LIMITED,5.0,0.0,5.0,530.0,2650.0
2025-06-17,UHC2PCBAREV21,Zreyah Semiconductor Systems Pvt. Ltd.,1653.0,0.0,1653.0,50.0,82650.0
2025-06-17,UHCHA2BASS07,Aaru Plastics,848.0,0.0,848.0,235.0,199280.0
2025-06-17,UHCHA2BASS08,Aaru Plastics,897.0,0.0,897.0,235.0,210795.0
2025-06-17,UHCHARTOPS05,Aaru Plastics,1258.0,0.0,1258.0,34.0,42772.0
2025-06-17,UHCHARTOPS07,Aaru Plastics,2820.0,0.0,2820.0,34.0,95880.0
2025-06-17,UHCHARTOPS08,Aaru Plastics,2037.0,0.0,2037.0,34.0,69258.0
2025-06-17,UHCHARTOPS09,Aaru Plastics,1686.0,0.0,1686.0,34.0,57324.0
2025-06-17,UHCHARTOPS10,Aaru Plastics,1420.0,0.0,1420.0,34.0,48280.0
2025-06-17,UHCHARTOPS11,Aaru Plastics,200.0,0.0,200.0,34.0,6800.0
2025-06-17,UHCHARTOPS12,Aaru Plastics,110.0,0.0,110.0,34.0,3740.0
2025-06-17,UHCHARTOPS13,Aaru Plastics,306.0,0.0,306.0,34.0,10404.0
2025-06-17,UHCHARTOPS14,Aaru Plastics,58.0,0.0,58.0,34.0,1972.0
2025-06-17,UHCONSJSSPR,JOIS LABS,105.0,0.0,105.0,80.0,8400.0
2025-06-17,UHCONSLAQUERPAT,Vijaya sales corp.,144.0,0.0,144.0,145.0,20880.0
2025-06-17,UHCTPFGAAS09,MAKENICA PRIVATE LIMITED (Casting),196.0,0.0,196.0,380.0,74480.0
2025-06-17,UHCTPFGAGO08,MAKENICA PRIVATE LIMITED (Casting),280.0,0.0,280.0,380.0,106400.0
2025-06-17,UHCTPFGAGO09,MAKENICA PRIVATE LIMITED (Casting),450.0,0.0,450.0,380.0,171000.0
2025-06-17,UHCTPFGASO06,MAKENICA PRIVATE LIMITED (Casting),179.0,0.0,179.0,380.0,68020.0
2025-06-17,UHCTPFGASO08,3DE Technology Prototype Solutions Pvt Ltd (Casting),163.0,0.0,163.0,380.0,61940.0
2025-06-17,UHCTPFGASO08,MAKENICA PRIVATE LIMITED (Casting),434.0,0.0,434.0,380.0,164920.0
2025-06-17,UHFQCAUTMAC,METALRIPPER MANUFACTURING,1.0,0.0,1.0,21450.0,21450.0
2025-06-17,UHLROODALVR,OODA INDUSTRIAL PRODUCTS,50000.0,0.0,50000.0,8.35,417500.0
2025-06-17,UHRD1447360,MOUSER ELECTRONIC,100.0,0.0,100.0,26.0,2600.06
2025-06-17,UHRD4MMBRAS,MACFOS PRIVATE LIMITED,2.0,0.0,2.0,79.66,159.32
2025-06-17,UHRDADHSIVE,HIRA HOLOVISION,215600.0,0.0,215600.0,0.52,111800.0
2025-06-17,UHRDALYTHEX,KARNATAKA HARDWARE & INDUSTRIAL SUPPLIERS,4.0,0.0,4.0,300.0,1200.0
2025-06-17,UHRDAS01508,MOUSER ELECTRONIC,200.0,0.0,200.0,157.23,31446.72
2025-06-17,UHRDCBR04C2,MOUSER ELECTRONIC,240.0,0.0,240.0,12.21,2930.34
2025-06-17,UHRDCNTSPGH,"Swift Electrocomp Solutions Pvt Ltd.,",20.0,0.0,20.0,38.84,776.8
2025-06-17,UHRDHSSTAP4,Bharath Hardware & Industrial Suppliers,3.0,0.0,3.0,130.0,390.0
2025-06-17,UHRDMAX2035,MOUSER ELECTRONIC,200.0,0.0,200.0,480.48,96096.96
2025-06-17,UHRDMAX8617,MOUSER ELECTRONIC,149.0,0.0,149.0,623.66,92925.94
2025-06-17,UHRDMAX9835,MOUSER ELECTRONIC,200.0,0.0,200.0,173.92,34784.64
2025-06-17,UHRDMCP7382,MOUSER ELECTRONIC,120.0,0.0,120.0,53.76,6450.97
2025-06-17,UHRDMRE4078,MOUSER ELECTRONIC,22.0,0.0,22.0,1137.53,25025.62
2025-06-17,UHRDNRF5340,MOUSER ELECTRONIC,3.0,0.0,3.0,15164.96,45494.88
2025-06-17,UHRDTL2203E,MOUSER ELECTRONIC,11.0,0.0,11.0,57.36,630.95
2025-06-17,UHRDUSB2ANY,MOUSER ELECTRONIC,5.0,0.0,5.0,11814.3,59071.52
2025-06-17,UHRDW25Q128,MOUSER ELECTRONIC,200.0,0.0,200.0,116.83,23365.44
2025-06-17,UHRING1.6PCBA,Zreyah Semiconductor Systems Pvt. Ltd.,6216.0,0.0,6216.0,190.0,1181040.0
2025-06-17,UHRSOODALVR,OODA INDUSTRIAL PRODUCTS,100000.0,0.0,100000.0,9.82,982100.0
2025-06-17,UHSWATCHAA,Mudra innovation,5000.0,409.0,4591.0,12.2,56010.2
2025-06-17,UHSWATCHAG,Mudra innovation,5000.0,147.0,4853.0,12.2,59206.6
2025-06-17,UHSWATCHAS,Mudra innovation,5000.0,24.0,4976.0,12.2,60707.2
2025-06-17,UHSWATCHMG,Mudra innovation,5000.0,279.0,4721.0,12.2,57596.2
2025-06-17,UHSWATCHRT,Mudra innovation,5000.0,241.0,4759.0,12.2,58059.8
2025-06-17,UHTIJWMGLS06,CP Global Solution Technologies,195.0,0.0,195.0,210.0,40950.0
2025-06-17,UHTIJWMGLS09,CP Global Solution Technologies,1046.0,0.0,1046.0,210.0,219660.0
2025-06-17,UHTIJWMGLS10,CP Global Solution Technologies,640.0,0.0,640.0,210.0,134400.0
2025-06-17,UHTIJWMGLS12,CP Global Solution Technologies,536.0,0.0,536.0,210.0,112560.0
2025-06-18,UHCAPSAM22UF,SEMISEARCH TECHNOLOGIES PRIVATE LIMITED,50000.0,0.0,50000.0,12.5,625000.0
2025-06-18,UHCAPSAM43UF,SEMISEARCH TECHNOLOGIES PRIVATE LIMITED,50000.0,0.0,50000.0,7.24,362000.0
2025-06-18,UHCAPYAG10PF,SEMISEARCH TECHNOLOGIES PRIVATE LIMITED,60000.0,0.0,60000.0,0.25,15000.0
2025-06-18,UHCHA2BASS06,HANAV MANUFACTURING AND BUSINESS PRIVATE LIMITED,504.0,0.0,504.0,250.0,126000.0
2025-06-18,UHCHA2BASS07,HANAV MANUFACTURING AND BUSINESS PRIVATE LIMITED,504.0,0.0,504.0,250.0,126000.0
2025-06-18,UHCHA2BASS08,HANAV MANUFACTURING AND BUSINESS PRIVATE LIMITED,504.0,0.0,504.0,250.0,126000.0
2025-06-18,UHCHA2BASS09,HANAV MANUFACTURING AND BUSINESS PRIVATE LIMITED,1512.0,0.0,1512.0,250.0,378000.0
2025-06-18,UHCHA2BASS10,Aaru Plastics,1051.0,0.0,1051.0,235.0,246985.0
2025-06-18,UHCHA2BASS10,HANAV MANUFACTURING AND BUSINESS PRIVATE LIMITED,1512.0,0.0,1512.0,250.0,378000.0
2025-06-18,UHCHA2BASS11,Aaru Plastics,1236.0,0.0,1236.0,235.0,290460.0
2025-06-18,UHCHARTOPS05,Aaru Plastics,400.0,0.0,400.0,34.0,13600.0
2025-06-18,UHCHARTOPS07,Aaru Plastics,800.0,0.0,800.0,34.0,27200.0
2025-06-18,UHCHARTOPS08,Aaru Plastics,1070.0,0.0,1070.0,34.0,36380.0
2025-06-18,UHCHARTOPS09,Aaru Plastics,1400.0,0.0,1400.0,34.0,47600.0
2025-06-18,UHCHARTOPS10,Aaru Plastics,678.0,0.0,678.0,34.0,23052.0
2025-06-18,UHCONSSIHARD,EFIL ADDITIVE PRIVATE LIMITED,48.0,0.0,48.0,1310.0,62880.0
2025-06-18,UHCONSSIRES,EFIL ADDITIVE PRIVATE LIMITED,480.0,0.0,480.0,1240.0,595200.0
2025-06-18,UHPLASIZRS05,ZOEONE INDUSTRIES,6500.0,0.0,6500.0,3.5,22750.0
2025-06-18,UHPLASIZRS06,ZOEONE INDUSTRIES,6500.0,0.0,6500.0,3.5,22750.0
2025-06-18,UHPLASIZRS07,ZOEONE INDUSTRIES,6500.0,0.0,6500.0,3.5,22750.0
2025-06-18,UHPLASIZRS08,ZOEONE INDUSTRIES,6500.0,0.0,6500.0,3.5,22750.0
2025-06-18,UHPLASIZRS09,ZOEONE INDUSTRIES,6500.0,0.0,6500.0,3.5,22750.0
2025-06-18,UHPLASIZRS10,ZOEONE INDUSTRIES,6500.0,0.0,6500.0,3.5,22750.0
2025-06-18,UHPLASIZRS11,ZOEONE INDUSTRIES,6500.0,0.0,6500.0,3.5,22750.0
2025-06-18,UHPLASIZRS12,ZOEONE INDUSTRIES,6500.0,0.0,6500.0,3.5,22750.0
2025-06-18,UHPLASIZRS13,ZOEONE INDUSTRIES,6500.0,0.0,6500.0,3.5,22750.0
2025-06-18,UHPLASIZRS14,ZOEONE INDUSTRIES,6500.0,0.0,6500.0,3.5,22750.0
2025-06-18,UHRD3PLTRNR,Fabforma Technologies Private Limited,200.0,0.0,200.0,225.0,45000.0
2025-06-18,UHRDGRUB410,Bharath Hardware & Industrial Suppliers,200.0,0.0,200.0,2.52,504.0
2025-06-18,UHRDGRUB416,Bharath Hardware & Industrial Suppliers,200.0,0.0,200.0,3.4,679.0
2025-06-18,UHRDMJTP117,"Swift Electrocomp Solutions Pvt Ltd.,",200.0,0.0,200.0,39.22,7844.0
2025-06-18,UHRDPUTUBE4,SANAA RUBBER PRODUCT,20.0,0.0,20.0,18.0,360.0
2025-06-18,UHRDSILCON6,SANAA RUBBER PRODUCT,10.0,0.0,10.0,90.0,900.0
2025-06-18,UHRDSMPSPS,SHARVI ELECTRONICS,1.0,0.0,1.0,2595.96,2595.96
2025-06-18,UHRDSTCKR30,SANAA RUBBER PRODUCT,4.0,0.0,4.0,300.0,1200.0
2025-06-18,UHRESSTA10MO,SEMISEARCH TECHNOLOGIES PRIVATE LIMITED,50000.0,0.0,50000.0,34.5,1725000.0
2025-06-18,UHSENSMLX36V,AGILE TRADE SOLUTIONS,24998.0,0.0,24998.0,300.0,7499400.0
2025-06-18,UHSWATCHAA,Mudra innovation,5000.0,321.0,4679.0,12.2,57083.8
2025-06-18,UHSWATCHAG,Mudra innovation,5000.0,184.0,4816.0,12.2,58755.2
2025-06-18,UHSWATCHAS,Mudra innovation,5000.0,47.0,4953.0,12.2,60426.6
2025-06-18,UHSWATCHMG,Mudra innovation,5000.0,119.0,4881.0,12.2,59548.2
2025-06-18,UHSWATCHRT,Mudra innovation,5000.0,270.0,4730.0,12.2,57706.0
2025-06-18,UHTAPEBATPCB,"Shenzhen JDB Technology Co., Ltd.",37500.0,0.0,37500.0,4.35,163053.0
2025-06-19,UH0.2AA05,CP Global Solution Technologies,99.0,0.0,99.0,250.0,24750.0
2025-06-19,UH0.2AA06,CP Global Solution Technologies,458.0,0.0,458.0,250.0,114500.0
2025-06-19,UH0.2AA07,CP Global Solution Technologies,394.0,0.0,394.0,250.0,98500.0
2025-06-19,UH0.2AA08,CP Global Solution Technologies,614.0,0.0,614.0,250.0,153500.0
2025-06-19,UH0.2AA09,CP Global Solution Technologies,505.0,0.0,505.0,250.0,126250.0
2025-06-19,UH0.2AA10,CP Global Solution Technologies,338.0,0.0,338.0,250.0,84500.0
2025-06-19,UH0.2AA11,CP Global Solution Technologies,120.0,0.0,120.0,250.0,30000.0
2025-06-19,UH0.2AA12,CP Global Solution Technologies,50.0,0.0,50.0,250.0,12500.0
2025-06-19,UH0.2AA13,CP Global Solution Technologies,30.0,0.0,30.0,250.0,7500.0
2025-06-19,UH0.2BB06,IILA INDUSTRIES (Regular Purchase),338.0,0.0,338.0,34.0,11492.0
2025-06-19,UH0.2BB08,IILA INDUSTRIES (Regular Purchase),1081.0,0.0,1081.0,34.0,36754.0
2025-06-19,UH0.2BB09,IILA INDUSTRIES (Regular Purchase),3301.0,0.0,3301.0,34.0,112234.0
2025-06-19,UH0.2BB10,IILA INDUSTRIES (Regular Purchase),2660.0,0.0,2660.0,34.0,90440.0
2025-06-19,UH0.2BB11,IILA INDUSTRIES (Regular Purchase),1460.0,0.0,1460.0,34.0,49640.0
2025-06-19,UH0.2BB12,IILA INDUSTRIES (Regular Purchase),697.0,0.0,697.0,34.0,23698.0
2025-06-19,UH0.2BB14,IILA INDUSTRIES (Regular Purchase),1192.0,0.0,1192.0,34.0,40528.0
2025-06-19,UH0.2MG05,Oerlikon balzers coating india pvt ltd,550.0,0.0,550.0,207.0,113850.0
2025-06-19,UH0.2MIRROR05,HANAV MANUFACTURING AND BUSINESS PRIVATE LIMITED,2.0,0.0,2.0,530.0,1060.0
2025-06-19,UH0.2MIRROR06,HANAV MANUFACTURING AND BUSINESS PRIVATE LIMITED,37.0,0.0,37.0,530.0,19610.0
2025-06-19,UH0.2MIRROR07,HANAV MANUFACTURING AND BUSINESS PRIVATE LIMITED,69.0,0.0,69.0,530.0,36570.0
2025-06-19,UH0.2MIRROR08,HANAV MANUFACTURING AND BUSINESS PRIVATE LIMITED,79.0,0.0,79.0,530.0,41870.0
2025-06-19,UH0.2MIRROR09,HANAV MANUFACTURING AND BUSINESS PRIVATE LIMITED,55.0,0.0,55.0,530.0,29150.0
2025-06-19,UH0.2MIRROR10,HANAV MANUFACTURING AND BUSINESS PRIVATE LIMITED,20.0,0.0,20.0,530.0,10600.0
2025-06-19,UHAIRBEADBS08,IILA INDUSTRIES (Regular Purchase),50.0,0.0,50.0,34.0,1700.0
2025-06-19,UHAIRBEADBS11,IILA INDUSTRIES (Regular Purchase),337.0,0.0,337.0,34.0,11458.0
2025-06-19,UHC2PCBAREV21,Zreyah Semiconductor Systems Pvt. Ltd.,6007.0,0.0,6007.0,50.0,300350.0
2025-06-19,UHC2PCBREV21,"Shenzhen JDB Technology Co., Ltd.",48036.0,0.0,48036.0,17.18,825330.73
2025-06-19,UHCH2COHOS05,Fabforma Technologies Private Limited,2500.0,0.0,2500.0,35.0,87500.0
2025-06-19,UHCH2COHOS06,Fabforma Technologies Private Limited,1000.0,0.0,1000.0,35.0,35000.0
2025-06-19,UHCH2COHOS07,Fabforma Technologies Private Limited,2500.0,0.0,2500.0,35.0,87500.0
2025-06-19,UHCH2COHOS08,Fabforma Technologies Private Limited,2750.0,0.0,2750.0,35.0,96250.0
2025-06-19,UHCH2COHOS09,Fabforma Technologies Private Limited,2600.0,0.0,2600.0,35.0,91000.0
2025-06-19,UHCH2COHOS11,Fabforma Technologies Private Limited,750.0,0.0,750.0,50.0,37500.0
2025-06-19,UHCHA2BASS10,Aaru Plastics,1000.0,0.0,1000.0,235.0,235000.0
2025-06-19,UHCHA2BASS11,Aaru Plastics,1215.0,0.0,1215.0,235.0,285525.0
2025-06-19,UHCHARTOPS05,Aaru Plastics,664.0,0.0,664.0,34.0,22576.0
2025-06-19,UHCHARTOPS07,Aaru Plastics,661.0,0.0,661.0,34.0,22474.0
2025-06-19,UHCHARTOPS08,Aaru Plastics,300.0,0.0,300.0,34.0,10200.0
2025-06-19,UHCHARTOPS09,Aaru Plastics,1500.0,0.0,1500.0,34.0,51000.0
2025-06-19,UHCHARTOPS10,Aaru Plastics,1100.0,0.0,1100.0,34.0,37400.0
2025-06-19,UHCHARTOPS13,Aaru Plastics,200.0,0.0,200.0,34.0,6800.0
2025-06-19,UHFSJW10M8M,Suprabha ColorGrafix Private Limited,144000.0,0.0,144000.0,0.01,1800.0
2025-06-19,UHPLASIZRS05,ZOEONE INDUSTRIES,2500.0,0.0,2500.0,3.5,8750.0
2025-06-19,UHPLASIZRS06,ZOEONE INDUSTRIES,2500.0,0.0,2500.0,3.5,8750.0
2025-06-19,UHPLASIZRS07,ZOEONE INDUSTRIES,2500.0,0.0,2500.0,3.5,8750.0
2025-06-19,UHPLASIZRS08,ZOEONE INDUSTRIES,2500.0,0.0,2500.0,3.5,8750.0
2025-06-19,UHPLASIZRS09,ZOEONE INDUSTRIES,2500.0,0.0,2500.0,3.5,8750.0
2025-06-19,UHPLASIZRS10,ZOEONE INDUSTRIES,2500.0,0.0,2500.0,3.5,8750.0
2025-06-19,UHPLASIZRS11,ZOEONE INDUSTRIES,2500.0,0.0,2500.0,3.5,8750.0
2025-06-19,UHPLASIZRS12,ZOEONE INDUSTRIES,2500.0,0.0,2500.0,3.5,8750.0
2025-06-19,UHPLASIZRS13,ZOEONE INDUSTRIES,2500.0,0.0,2500.0,3.5,8750.0
2025-06-19,UHPLASIZRS14,ZOEONE INDUSTRIES,2500.0,0.0,2500.0,3.5,8750.0
2025-06-19,UHPRINTBATPCB,Suprabha ColorGrafix Private Limited,68740.0,0.0,68740.0,1.0,68740.0
2025-06-19,UHRGBTR24MAH,"Shenzhen Grepow Battery Co.,Ltd",23760.0,0.0,23760.0,342.58,8139605.76
2025-06-19,UHRING1.6PCBA,Zreyah Semiconductor Systems Pvt. Ltd.,586.0,0.0,586.0,190.0,111340.0
2025-06-19,UHSWATCHAA,Mudra innovation,5000.0,317.0,4683.0,12.2,57132.6
2025-06-19,UHSWATCHAG,Mudra innovation,5000.0,263.0,4737.0,12.2,57791.4
2025-06-19,UHSWATCHAS,Mudra innovation,5000.0,26.0,4974.0,12.2,60682.8
2025-06-19,UHSWATCHMG,Mudra innovation,5000.0,47.0,4953.0,12.2,60426.6
2025-06-19,UHSWATCHRT,Mudra innovation,5000.0,220.0,4780.0,12.2,58316.0
2025-06-20,UH0.2AG05,CN Innovations Limited,350.0,0.0,350.0,577.11,201988.08
2025-06-20,UH0.2AG06,CN Innovations Limited,5600.0,0.0,5600.0,577.11,3231809.28
2025-06-20,UH0.2AG07,CN Innovations Limited,14000.0,0.0,14000.0,577.11,8079523.2
2025-06-20,UH0.2AG08,CN Innovations Limited,10500.0,0.0,10500.0,577.11,6059642.4
2025-06-20,UH0.2AG09,CN Innovations Limited,2100.0,0.0,2100.0,577.11,1211928.48
2025-06-20,UH0.2AS07,CN Innovations Limited,2800.0,0.0,2800.0,545.49,1527361.92
2025-06-20,UH0.2AS08,CN Innovations Limited,1400.0,0.0,1400.0,545.49,763680.96
2025-06-20,UH0.2AS09,CN Innovations Limited,350.0,0.0,350.0,545.49,190920.24
2025-06-20,UH0.2AS10,CN Innovations Limited,3150.0,0.0,3150.0,648.26,2042016.48
2025-06-20,UH0.2MIRROR06,HANAV MANUFACTURING AND BUSINESS PRIVATE LIMITED,47.0,0.0,47.0,530.0,24910.0
2025-06-20,UH0.2MIRROR07,HANAV MANUFACTURING AND BUSINESS PRIVATE LIMITED,22.0,0.0,22.0,530.0,11660.0
2025-06-20,UH0.2MIRROR08,HANAV MANUFACTURING AND BUSINESS PRIVATE LIMITED,80.0,0.0,80.0,530.0,42400.0
2025-06-20,UH0.2MIRROR09,HANAV MANUFACTURING AND BUSINESS PRIVATE LIMITED,63.0,0.0,63.0,530.0,33390.0
2025-06-20,UH0.2MIRROR10,HANAV MANUFACTURING AND BUSINESS PRIVATE LIMITED,10.0,0.0,10.0,530.0,5300.0
2025-06-20,UH0.2MIRROR13,HANAV MANUFACTURING AND BUSINESS PRIVATE LIMITED,16.0,0.0,16.0,530.0,8480.0
2025-06-20,UHC2PCBAREV21,Zreyah Semiconductor Systems Pvt. Ltd.,4728.0,0.0,4728.0,50.0,236400.0
2025-06-20,UHCHA2BASS06,Aaru Plastics,501.0,0.0,501.0,235.0,117735.0
2025-06-20,UHCHA2BASS07,Aaru Plastics,800.0,0.0,800.0,235.0,188000.0
2025-06-20,UHCHA2BASS07,HANAV MANUFACTURING AND BUSINESS PRIVATE LIMITED,1008.0,0.0,1008.0,250.0,252000.0
2025-06-20,UHCHA2BASS08,HANAV MANUFACTURING AND BUSINESS PRIVATE LIMITED,1008.0,0.0,1008.0,250.0,252000.0
2025-06-20,UHCHA2BASS09,HANAV MANUFACTURING AND BUSINESS PRIVATE LIMITED,1008.0,0.0,1008.0,250.0,252000.0
2025-06-20,UHCHA2BASS10,HANAV MANUFACTURING AND BUSINESS PRIVATE LIMITED,2016.0,0.0,2016.0,250.0,504000.0
2025-06-20,UHCHA2BASS11,Aaru Plastics,820.0,0.0,820.0,235.0,192700.0
2025-06-20,UHCHARTOPS05,Aaru Plastics,400.0,0.0,400.0,34.0,13600.0
2025-06-20,UHCHARTOPS07,Aaru Plastics,781.0,0.0,781.0,34.0,26554.0
2025-06-20,UHCHARTOPS08,Aaru Plastics,1246.0,0.0,1246.0,34.0,42364.0
2025-06-20,UHCHARTOPS09,Aaru Plastics,968.0,0.0,968.0,34.0,32912.0
2025-06-20,UHCHARTOPS10,Aaru Plastics,1200.0,0.0,1200.0,34.0,40800.0
2025-06-20,UHCHARTOPS11,Aaru Plastics,51.0,0.0,51.0,34.0,1734.0
2025-06-20,UHCHARTOPS12,Aaru Plastics,45.0,0.0,45.0,34.0,1530.0
2025-06-20,UHCHARTOPS13,Aaru Plastics,492.0,0.0,492.0,34.0,16728.0
2025-06-20,UHCONSLC5366,Sellex Incorp,1.0,0.0,1.0,1840.0,1840.0
2025-06-20,UHCTPFGAAO07,3DE Technology Prototype Solutions Pvt Ltd (Casting),297.0,0.0,297.0,380.0,112860.0
2025-06-20,UHCTPFGAAO08,3DE Technology Prototype Solutions Pvt Ltd (Casting),177.0,0.0,177.0,380.0,67260.0
2025-06-20,UHCTPFGAAO09,3DE Technology Prototype Solutions Pvt Ltd (Casting),290.0,0.0,290.0,380.0,110200.0
2025-06-20,UHCTPFGAAO11,3DE Technology Prototype Solutions Pvt Ltd (Casting),112.0,0.0,112.0,380.0,42560.0
2025-06-20,UHCTPFGAAS07,3DE Technology Prototype Solutions Pvt Ltd (Casting),147.0,0.0,147.0,380.0,55860.0
2025-06-20,UHCTPFGAAS08,3DE Technology Prototype Solutions Pvt Ltd (Casting),60.0,0.0,60.0,380.0,22800.0
2025-06-20,UHCTPFGAAS08,MAKENICA PRIVATE LIMITED (Casting),49.0,0.0,49.0,380.0,18620.0
2025-06-20,UHCTPFGAAS09,3DE Technology Prototype Solutions Pvt Ltd (Casting),331.0,0.0,331.0,380.0,125780.0
2025-06-20,UHCTPFGAAS11,3DE Technology Prototype Solutions Pvt Ltd (Casting),39.0,0.0,39.0,380.0,14820.0
2025-06-20,UHCTPFGAAS12,3DE Technology Prototype Solutions Pvt Ltd (Casting),48.0,0.0,48.0,380.0,18240.0
2025-06-20,UHCTPFGAAS14,3DE Technology Prototype Solutions Pvt Ltd (Casting),66.0,0.0,66.0,380.0,25080.0
2025-06-20,UHCTPFGAGO05,3DE Technology Prototype Solutions Pvt Ltd (Casting),237.0,0.0,237.0,380.0,90060.0
2025-06-20,UHCTPFGAGO06,3DE Technology Prototype Solutions Pvt Ltd (Casting),2331.0,0.0,2331.0,380.0,885780.0
2025-06-20,UHCTPFGAGO07,3DE Technology Prototype Solutions Pvt Ltd (Casting),3624.0,0.0,3624.0,380.0,1377120.0
2025-06-20,UHCTPFGAGO08,3DE Technology Prototype Solutions Pvt Ltd (Casting),1974.0,0.0,1974.0,380.0,750120.0
2025-06-20,UHCTPFGAGO09,3DE Technology Prototype Solutions Pvt Ltd (Casting),679.0,0.0,679.0,380.0,258020.0
2025-06-20,UHCTPFGAGO09,MAKENICA PRIVATE LIMITED (Casting),118.0,0.0,118.0,380.0,44840.0
2025-06-20,UHCTPFGAGS06,MAKENICA PRIVATE LIMITED (Casting),242.0,0.0,242.0,380.0,91960.0
2025-06-20,UHCTPFGAGS09,3DE Technology Prototype Solutions Pvt Ltd (Casting),2.0,0.0,2.0,380.0,760.0
2025-06-20,UHCTPFGAGS09,MAKENICA PRIVATE LIMITED (Casting),206.0,0.0,206.0,380.0,78280.0
2025-06-20,UHCTPFGAGS11,3DE Technology Prototype Solutions Pvt Ltd (Casting),120.0,0.0,120.0,380.0,45600.0
2025-06-20,UHCTPFGAGS12,3DE Technology Prototype Solutions Pvt Ltd (Casting),13.0,0.0,13.0,380.0,4940.0
2025-06-20,UHCTPFGAGS13,3DE Technology Prototype Solutions Pvt Ltd (Casting),68.0,0.0,68.0,380.0,25840.0
2025-06-20,UHCTPFGAGS14,3DE Technology Prototype Solutions Pvt Ltd (Casting),58.0,0.0,58.0,380.0,22040.0
2025-06-20,UHCTPFGASO05,3DE Technology Prototype Solutions Pvt Ltd (Casting),141.0,0.0,141.0,380.0,53580.0
2025-06-20,UHCTPFGASO06,3DE Technology Prototype Solutions Pvt Ltd (Casting),117.0,0.0,117.0,380.0,44460.0
2025-06-20,UHCTPFGASO07,3DE Technology Prototype Solutions Pvt Ltd (Casting),1074.0,0.0,1074.0,380.0,408120.0
2025-06-20,UHCTPFGASO08,3DE Technology Prototype Solutions Pvt Ltd (Casting),17.0,0.0,17.0,380.0,6460.0
2025-06-20,UHCTPFGASO09,3DE Technology Prototype Solutions Pvt Ltd (Casting),83.0,0.0,83.0,380.0,31540.0
2025-06-20,UHCTPFGASS06,3DE Technology Prototype Solutions Pvt Ltd (Casting),60.0,0.0,60.0,380.0,22800.0
2025-06-20,UHCTPFGASS06,MAKENICA PRIVATE LIMITED (Casting),157.0,0.0,157.0,380.0,59660.0
2025-06-20,UHCTPFGASS08,3DE Technology Prototype Solutions Pvt Ltd (Casting),337.0,0.0,337.0,380.0,128060.0
2025-06-20,UHCTPFGASS11,3DE Technology Prototype Solutions Pvt Ltd (Casting),19.0,0.0,19.0,380.0,7220.0
2025-06-20,UHCTPFGASS12,3DE Technology Prototype Solutions Pvt Ltd (Casting),128.0,0.0,128.0,380.0,48640.0
2025-06-20,UHCTPFGASS13,3DE Technology Prototype Solutions Pvt Ltd (Casting),2.0,0.0,2.0,190.0,380.0
2025-06-20,UHCTPFGBRGO05,3DE Technology Prototype Solutions Pvt Ltd (Casting),240.0,0.0,240.0,380.0,91200.0
2025-06-20,UHCTPFGBRGO06,3DE Technology Prototype Solutions Pvt Ltd (Casting),502.0,0.0,502.0,380.0,190760.0
2025-06-20,UHCTPFGBRGO07,3DE Technology Prototype Solutions Pvt Ltd (Casting),361.0,0.0,361.0,2151.95,776853.41
2025-06-20,UHCTPFGBRGO08,3DE Technology Prototype Solutions Pvt Ltd (Casting),1546.0,0.0,1546.0,380.0,587480.0
2025-06-20,UHCTPFGBRGO09,3DE Technology Prototype Solutions Pvt Ltd (Casting),1080.0,0.0,1080.0,380.0,410400.0
2025-06-20,UHCTPFGBRGO10,3DE Technology Prototype Solutions Pvt Ltd (Casting),540.0,0.0,540.0,380.0,205200.0
2025-06-20,UHCTPFGBRGO11,3DE Technology Prototype Solutions Pvt Ltd (Casting),240.0,0.0,240.0,380.0,91200.0
2025-06-20,UHCTPFGBRGO13,3DE Technology Prototype Solutions Pvt Ltd (Casting),94.0,0.0,94.0,380.0,35720.0
2025-06-20,UHCTPFGBRGO14,3DE Technology Prototype Solutions Pvt Ltd (Casting),90.0,0.0,90.0,380.0,34200.0
2025-06-20,UHCTPFGMGO09,3DE Technology Prototype Solutions Pvt Ltd (Casting),240.0,0.0,240.0,380.0,91200.0
2025-06-20,UHCTPFGMGS06,3DE Technology Prototype Solutions Pvt Ltd (Casting),52.0,0.0,52.0,380.0,19760.0
2025-06-20,UHCTPFGMGS07,MAKENICA PRIVATE LIMITED (Casting),248.0,0.0,248.0,380.0,94240.0
2025-06-20,UHCTPFGMGS08,3DE Technology Prototype Solutions Pvt Ltd (Casting),101.0,0.0,101.0,380.0,38380.0
2025-06-20,UHCTPFGMGS09,3DE Technology Prototype Solutions Pvt Ltd (Casting),5.0,0.0,5.0,380.0,1900.0
2025-06-20,UHCTPFGMGS10,3DE Technology Prototype Solutions Pvt Ltd (Casting),378.0,0.0,378.0,380.0,143640.0
2025-06-20,UHCTPFGMGS10,MAKENICA PRIVATE LIMITED (Casting),50.0,0.0,50.0,380.0,19000.0
2025-06-20,UHCTPFGMGS11,3DE Technology Prototype Solutions Pvt Ltd (Casting),268.0,0.0,268.0,380.0,101840.0
2025-06-20,UHCTPFGRTS07,MAKENICA PRIVATE LIMITED (Casting),227.0,0.0,227.0,380.0,86260.0
2025-06-20,UHCTPFGRTS08,MAKENICA PRIVATE LIMITED (Casting),242.0,0.0,242.0,380.0,91960.0
2025-06-20,UHCTPFGRTS09,MAKENICA PRIVATE LIMITED (Casting),105.0,0.0,105.0,380.0,39900.0
2025-06-20,UHCTPFGRTS10,MAKENICA PRIVATE LIMITED (Casting),180.0,0.0,180.0,380.0,68400.0
2025-06-20,UHRDEVLTION,TANOTIS PRIVATE LIMITED,15.0,0.0,15.0,4747.89,71218.35
2025-06-20,UHRDIQC1459,METALRIPPER MANUFACTURING,50.0,0.0,50.0,550.0,27500.0
2025-06-20,UHRDLOCT595,Sellex Incorp,3.0,0.0,3.0,1810.0,5430.0
2025-06-20,UHRDNRFDKBL,TANOTIS PRIVATE LIMITED,3.0,0.0,3.0,2937.97,8813.91
2025-06-20,UHRDOQCJIG1,METALRIPPER MANUFACTURING,50.0,0.0,50.0,550.0,27500.0
2025-06-20,UHRESSTA10MO,ARROW ELECTRONICS ASIA (S) PTE LTD,100000.0,0.0,100000.0,0.1,9560.0
2025-06-20,UHTAPEBATPCB,"Shenzhen JDB Technology Co., Ltd.",37500.0,0.0,37500.0,3.72,139336.2
2025-06-21,UH0.2ACRMST05,METALRIPPER MANUFACTURING,39.0,0.0,39.0,165.0,6435.0
2025-06-21,UH0.2ACRMST08,METALRIPPER MANUFACTURING,180.0,0.0,180.0,165.0,29700.0
2025-06-21,UH0.2ACRMST09,METALRIPPER MANUFACTURING,122.0,0.0,122.0,165.0,20130.0
2025-06-21,UH0.2MIRROR06,HANAV MANUFACTURING AND BUSINESS PRIVATE LIMITED,33.0,0.0,33.0,530.0,17490.0
2025-06-21,UH0.2MIRROR07,HANAV MANUFACTURING AND BUSINESS PRIVATE LIMITED,54.0,0.0,54.0,530.0,28620.0
2025-06-21,UH0.2MIRROR08,HANAV MANUFACTURING AND BUSINESS PRIVATE LIMITED,144.0,0.0,144.0,530.0,76320.0
2025-06-21,UH0.2MIRROR09,HANAV MANUFACTURING AND BUSINESS PRIVATE LIMITED,70.0,0.0,70.0,530.0,37100.0
2025-06-21,UH0.2MIRROR10,HANAV MANUFACTURING AND BUSINESS PRIVATE LIMITED,24.0,0.0,24.0,530.0,12720.0
2025-06-21,UH0.2MIRROR13,HANAV MANUFACTURING AND BUSINESS PRIVATE LIMITED,3.0,0.0,3.0,530.0,1590.0
2025-06-21,UHBOTTOMPADS,Radha labels and printers,27000.0,0.0,27000.0,4.95,133650.0
2025-06-21,UHBRUSBCABLE,"HONGKONG PENGLIAN ELECTRONICS CO.,LIMITED",30000.0,0.0,30000.0,61.49,1844640.0
2025-06-21,UHCAPTAY27PF,"Swift Electrocomp Solutions Pvt Ltd.,",50000.0,0.0,50000.0,0.5,25000.0
2025-06-21,UHCHA2BASS06,Aaru Plastics,1000.0,0.0,1000.0,235.0,235000.0
2025-06-21,UHCHA2BASS07,Aaru Plastics,1921.0,0.0,1921.0,235.0,451435.0
2025-06-21,UHCHA2BASS07,HANAV MANUFACTURING AND BUSINESS PRIVATE LIMITED,504.0,0.0,504.0,250.0,126000.0
2025-06-21,UHCHA2BASS08,HANAV MANUFACTURING AND BUSINESS PRIVATE LIMITED,504.0,0.0,504.0,250.0,126000.0
2025-06-21,UHCHA2BASS10,HANAV MANUFACTURING AND BUSINESS PRIVATE LIMITED,1008.0,0.0,1008.0,250.0,252000.0
2025-06-21,UHCHA2BASS11,Aaru Plastics,860.0,0.0,860.0,235.0,202100.0
2025-06-21,UHCHA2BASS12,Aaru Plastics,823.0,0.0,823.0,235.0,193405.0
2025-06-21,UHCHARTOPS05,Aaru Plastics,362.0,0.0,362.0,34.0,12308.0
2025-06-21,UHCHARTOPS07,Aaru Plastics,268.0,0.0,268.0,34.0,9112.0
2025-06-21,UHCHARTOPS08,Aaru Plastics,600.0,0.0,600.0,34.0,20400.0
2025-06-21,UHCHARTOPS09,Aaru Plastics,600.0,0.0,600.0,34.0,20400.0
2025-06-21,UHCHARTOPS10,Aaru Plastics,796.0,0.0,796.0,34.0,27064.0
2025-06-21,UHCHARTOPS13,Aaru Plastics,495.0,0.0,495.0,34.0,16830.0
2025-06-21,UHCONSCLOTH,Hesh opto lab pvt ltd,50.0,0.0,50.0,120.0,6000.0
2025-06-21,UHCONSSIHARD,EFIL ADDITIVE PRIVATE LIMITED,30.0,0.0,30.0,1310.0,39300.0
2025-06-21,UHCONSSIRES,EFIL ADDITIVE PRIVATE LIMITED,300.0,0.0,300.0,1240.0,372000.0
2025-06-21,UHCTPFGAAO07,3DE Technology Prototype Solutions Pvt Ltd (Casting),1.0,0.0,1.0,380.0,380.0
2025-06-21,UHCTPFGAAO08,3DE Technology Prototype Solutions Pvt Ltd (Casting),44.0,0.0,44.0,380.0,16720.0
2025-06-21,UHCTPFGAAO10,3DE Technology Prototype Solutions Pvt Ltd (Casting),93.0,0.0,93.0,380.0,35340.0
2025-06-21,UHCTPFGAAO11,3DE Technology Prototype Solutions Pvt Ltd (Casting),52.0,0.0,52.0,380.0,19760.0
2025-06-21,UHCTPFGAAO13,3DE Technology Prototype Solutions Pvt Ltd (Casting),171.0,0.0,171.0,380.0,64980.0
2025-06-21,UHCTPFGAAS06,3DE Technology Prototype Solutions Pvt Ltd (Casting),21.0,0.0,21.0,380.0,7980.0
2025-06-21,UHCTPFGAAS07,3DE Technology Prototype Solutions Pvt Ltd (Casting),31.0,0.0,31.0,380.0,11780.0
2025-06-21,UHCTPFGAAS08,MAKENICA PRIVATE LIMITED (Casting),13.0,0.0,13.0,380.0,4940.0
2025-06-21,UHCTPFGAAS09,3DE Technology Prototype Solutions Pvt Ltd (Casting),31.0,0.0,31.0,380.0,11780.0
2025-06-21,UHCTPFGAAS09,MAKENICA PRIVATE LIMITED (Casting),151.0,0.0,151.0,380.0,57380.0
2025-06-21,UHCTPFGAAS11,3DE Technology Prototype Solutions Pvt Ltd (Casting),107.0,0.0,107.0,291.21,31160.0
2025-06-21,UHCTPFGAAS14,3DE Technology Prototype Solutions Pvt Ltd (Casting),38.0,0.0,38.0,380.0,14440.0
2025-06-21,UHCTPFGAGO06,3DE Technology Prototype Solutions Pvt Ltd (Casting),681.0,0.0,681.0,380.0,258780.0
2025-06-21,UHCTPFGAGO07,3DE Technology Prototype Solutions Pvt Ltd (Casting),1040.0,0.0,1040.0,380.0,395200.0
2025-06-21,UHCTPFGAGO07,MAKENICA PRIVATE LIMITED (Casting),13.0,0.0,13.0,380.0,4940.0
2025-06-21,UHCTPFGAGO08,3DE Technology Prototype Solutions Pvt Ltd (Casting),442.0,0.0,442.0,380.0,167960.0
2025-06-21,UHCTPFGAGO08,MAKENICA PRIVATE LIMITED (Casting),756.0,0.0,756.0,380.0,287280.0
2025-06-21,UHCTPFGAGO09,MAKENICA PRIVATE LIMITED (Casting),165.0,0.0,165.0,380.0,62700.0
2025-06-21,UHCTPFGAGS05,3DE Technology Prototype Solutions Pvt Ltd (Casting),116.0,0.0,116.0,380.0,44080.0
2025-06-21,UHCTPFGAGS05,MAKENICA PRIVATE LIMITED (Casting),40.0,0.0,40.0,380.0,15200.0
2025-06-21,UHCTPFGAGS06,3DE Technology Prototype Solutions Pvt Ltd (Casting),270.0,0.0,270.0,380.0,102600.0
2025-06-21,UHCTPFGAGS06,MAKENICA PRIVATE LIMITED (Casting),3.0,0.0,3.0,380.0,1140.0
2025-06-21,UHCTPFGAGS07,3DE Technology Prototype Solutions Pvt Ltd (Casting),1538.0,0.0,1538.0,380.0,584440.0
2025-06-21,UHCTPFGAGS07,MAKENICA PRIVATE LIMITED (Casting),73.0,0.0,73.0,380.0,27740.0
2025-06-21,UHCTPFGAGS08,3DE Technology Prototype Solutions Pvt Ltd (Casting),623.0,0.0,623.0,236.97,147630.0
2025-06-21,UHCTPFGAGS08,MAKENICA PRIVATE LIMITED (Casting),217.0,0.0,217.0,380.0,82460.0
2025-06-21,UHCTPFGAGS09,3DE Technology Prototype Solutions Pvt Ltd (Casting),149.0,0.0,149.0,380.0,56620.0
2025-06-21,UHCTPFGAGS09,MAKENICA PRIVATE LIMITED (Casting),4.0,0.0,4.0,380.0,1520.0
2025-06-21,UHCTPFGAGS10,3DE Technology Prototype Solutions Pvt Ltd (Casting),226.0,0.0,226.0,380.0,85880.0
2025-06-21,UHCTPFGAGS10,MAKENICA PRIVATE LIMITED (Casting),30.0,0.0,30.0,380.0,11400.0
2025-06-21,UHCTPFGASO05,3DE Technology Prototype Solutions Pvt Ltd (Casting),151.0,0.0,151.0,380.0,57380.0
2025-06-21,UHCTPFGASO06,MAKENICA PRIVATE LIMITED (Casting),36.0,0.0,36.0,380.0,13680.0
2025-06-21,UHCTPFGASO07,3DE Technology Prototype Solutions Pvt Ltd (Casting),179.0,0.0,179.0,380.0,68020.0
2025-06-21,UHCTPFGASO07,MAKENICA PRIVATE LIMITED (Casting),354.0,0.0,354.0,380.0,134520.0
2025-06-21,UHCTPFGASO08,3DE Technology Prototype Solutions Pvt Ltd (Casting),380.0,0.0,380.0,380.0,144400.0
2025-06-21,UHCTPFGASO08,MAKENICA PRIVATE LIMITED (Casting),704.0,0.0,704.0,380.0,267520.0
2025-06-21,UHCTPFGASO09,3DE Technology Prototype Solutions Pvt Ltd (Casting),199.0,0.0,199.0,380.0,75620.0
2025-06-21,UHCTPFGASO09,MAKENICA PRIVATE LIMITED (Casting),3.0,0.0,3.0,380.0,1140.0
2025-06-21,UHCTPFGASS06,3DE Technology Prototype Solutions Pvt Ltd (Casting),314.0,0.0,314.0,329.78,103550.0
2025-06-21,UHCTPFGASS06,MAKENICA PRIVATE LIMITED (Casting),2.0,0.0,2.0,380.0,760.0
2025-06-21,UHCTPFGASS07,3DE Technology Prototype Solutions Pvt Ltd (Casting),181.0,0.0,181.0,380.0,68780.0
2025-06-21,UHCTPFGASS07,MAKENICA PRIVATE LIMITED (Casting),14.0,0.0,14.0,380.0,5320.0
2025-06-21,UHCTPFGASS08,MAKENICA PRIVATE LIMITED (Casting),221.0,0.0,221.0,380.0,83980.0
2025-06-21,UHCTPFGASS09,3DE Technology Prototype Solutions Pvt Ltd (Casting),379.0,0.0,379.0,380.0,144020.0
2025-06-21,UHCTPFGASS09,MAKENICA PRIVATE LIMITED (Casting),14.0,0.0,14.0,380.0,5320.0
2025-06-21,UHCTPFGASS10,MAKENICA PRIVATE LIMITED (Casting),37.0,0.0,37.0,380.0,14060.0
2025-06-21,UHCTPFGASS11,3DE Technology Prototype Solutions Pvt Ltd (Casting),199.0,0.0,199.0,380.0,75620.0
2025-06-21,UHCTPFGMGS05,3DE Technology Prototype Solutions Pvt Ltd (Casting),28.0,0.0,28.0,380.0,10640.0
2025-06-21,UHCTPFGMGS07,MAKENICA PRIVATE LIMITED (Casting),121.0,0.0,121.0,380.0,45980.0
2025-06-21,UHCTPFGMGS08,3DE Technology Prototype Solutions Pvt Ltd (Casting),58.0,0.0,58.0,380.0,22040.0
2025-06-21,UHCTPFGMGS08,MAKENICA PRIVATE LIMITED (Casting),67.0,0.0,67.0,380.0,25460.0
2025-06-21,UHCTPFGMGS09,3DE Technology Prototype Solutions Pvt Ltd (Casting),262.0,0.0,262.0,380.0,99560.0
2025-06-21,UHCTPFGMGS10,3DE Technology Prototype Solutions Pvt Ltd (Casting),277.0,0.0,277.0,380.0,105260.0
2025-06-21,UHCTPFGMGS10,MAKENICA PRIVATE LIMITED (Casting),8.0,0.0,8.0,380.0,3040.0
2025-06-21,UHCTPFGMGS11,3DE Technology Prototype Solutions Pvt Ltd (Casting),144.0,0.0,144.0,373.4,53770.0
2025-06-21,UHCTPFGMGS14,3DE Technology Prototype Solutions Pvt Ltd (Casting),56.0,0.0,56.0,356.25,19950.0
2025-06-21,UHCTPFGRTS06,3DE Technology Prototype Solutions Pvt Ltd (Casting),57.0,0.0,57.0,380.0,21660.0
2025-06-21,UHCTPFGRTS07,3DE Technology Prototype Solutions Pvt Ltd (Casting),53.0,0.0,53.0,380.0,20140.0
2025-06-21,UHCTPFGRTS07,MAKENICA PRIVATE LIMITED (Casting),17.0,0.0,17.0,380.0,6460.0
2025-06-21,UHCTPFGRTS08,3DE Technology Prototype Solutions Pvt Ltd (Casting),61.0,0.0,61.0,380.0,23180.0
2025-06-21,UHCTPFGRTS08,MAKENICA PRIVATE LIMITED (Casting),17.0,0.0,17.0,380.0,6460.0
2025-06-21,UHCTPFGRTS09,3DE Technology Prototype Solutions Pvt Ltd (Casting),138.0,0.0,138.0,380.0,52440.0
2025-06-21,UHCTPFGRTS09,MAKENICA PRIVATE LIMITED (Casting),5.0,0.0,5.0,380.0,1900.0
2025-06-21,UHCTPFGRTS10,3DE Technology Prototype Solutions Pvt Ltd (Casting),86.0,0.0,86.0,380.0,32680.0
2025-06-21,UHCTPFGRTS10,MAKENICA PRIVATE LIMITED (Casting),4.0,0.0,4.0,380.0,1520.0
2025-06-21,UHINDKYO15NH,AGILE TRADE SOLUTIONS,45000.0,0.0,45000.0,2.52,113400.0
2025-06-21,UHPLASIZRS05,ZOEONE INDUSTRIES,5500.0,0.0,5500.0,3.5,19250.0
2025-06-21,UHPLASIZRS06,ZOEONE INDUSTRIES,5500.0,0.0,5500.0,3.5,19250.0
2025-06-21,UHPLASIZRS07,ZOEONE INDUSTRIES,5500.0,0.0,5500.0,3.5,19250.0
2025-06-21,UHPLASIZRS08,ZOEONE INDUSTRIES,5500.0,0.0,5500.0,3.5,19250.0
2025-06-21,UHPLASIZRS09,ZOEONE INDUSTRIES,5500.0,0.0,5500.0,3.5,19250.0
2025-06-21,UHPLASIZRS10,ZOEONE INDUSTRIES,5500.0,0.0,5500.0,3.5,19250.0
2025-06-21,UHPLASIZRS11,ZOEONE INDUSTRIES,5500.0,0.0,5500.0,3.5,19250.0
2025-06-21,UHPLASIZRS12,ZOEONE INDUSTRIES,5500.0,0.0,5500.0,3.5,19250.0
2025-06-21,UHPLASIZRS13,ZOEONE INDUSTRIES,5500.0,0.0,5500.0,3.5,19250.0
2025-06-21,UHPLASIZRS14,ZOEONE INDUSTRIES,5500.0,0.0,5500.0,3.5,19250.0
2025-06-21,UHRDAIRGAAE,METALRIPPER MANUFACTURING,3.0,0.0,3.0,3250.0,9750.0
2025-06-21,UHRDARYLCTP,METALRIPPER MANUFACTURING,1.0,0.0,1.0,4000.0,4000.0
2025-06-21,UHRDGRUB410,Bharath Hardware & Industrial Suppliers,100.0,0.0,100.0,2.52,252.0
2025-06-21,UHRDGRUB416,Bharath Hardware & Industrial Suppliers,100.0,0.0,100.0,3.4,339.5
2025-06-21,UHRDIQC1459,METALRIPPER MANUFACTURING,50.0,0.0,50.0,550.0,27500.0
2025-06-21,UHRDOQCJIG1,METALRIPPER MANUFACTURING,100.0,0.0,100.0,550.0,55000.0
2025-06-21,UHRDR150157,MACFOS PRIVATE LIMITED,15.0,0.0,15.0,43.94,659.11
2025-06-21,UHRDSCNTRPT,SANAA RUBBER PRODUCT,10.0,0.0,10.0,45.0,450.0
2025-06-21,UHRDSELODGE,METALRIPPER MANUFACTURING,3.0,0.0,3.0,5800.0,17400.0
2025-06-21,UHRDSLICONR,SANAA RUBBER PRODUCT,1.0,0.0,1.0,292.0,292.0
2025-06-21,UHRDTXS018E,SHARVI ELECTRONICS,10.0,0.0,10.0,75.0,750.0
2025-06-21,UHRDVCNOZZL,Fabforma Technologies Private Limited,100.0,0.0,100.0,60.0,6000.0
2025-06-21,UHRDVCSPLIT,Fabforma Technologies Private Limited,150.0,0.0,150.0,185.0,27750.0
2025-06-21,UHRDWTHDEIN,METALRIPPER MANUFACTURING,2.0,0.0,2.0,4000.0,8000.0
2025-06-21,UHSPACLVLMD,METALRIPPER MANUFACTURING,100.0,0.0,100.0,235.0,23500.0
2025-06-21,UHSTMASKTAP,Reliable office supplies,100.0,0.0,100.0,60.0,6000.0
2025-06-21,UHSTPRTONER,Reliable office supplies,10.0,0.0,10.0,5725.0,57250.0
2025-06-21,UHSTSTORBOT,Fabforma Technologies Private Limited,30.0,0.0,30.0,2835.0,85050.0
2025-06-21,UHSTSTORTOP,Fabforma Technologies Private Limited,30.0,0.0,30.0,1890.0,56700.0
2025-06-21,UHTLOSPB470,SWEEYA TECH SOLUTIONS,3.0,0.0,3.0,1800.0,5400.0
2025-06-22,UH0.2ACRMST11,METALRIPPER MANUFACTURING,295.0,0.0,295.0,165.0,48675.0
2025-06-22,UHCTPFGAAO07,3DE Technology Prototype Solutions Pvt Ltd (Casting),79.0,0.0,79.0,380.0,30020.0
2025-06-22,UHCTPFGAGO07,3DE Technology Prototype Solutions Pvt Ltd (Casting),377.0,0.0,377.0,380.0,143260.0
2025-06-22,UHCTPFGAGO09,3DE Technology Prototype Solutions Pvt Ltd (Casting),117.0,0.0,117.0,380.0,44460.0
2025-06-22,UHCTPFGAGS08,3DE Technology Prototype Solutions Pvt Ltd (Casting),124.0,0.0,124.0,243.63,30210.0
2025-06-22,UHCTPFGAGS12,3DE Technology Prototype Solutions Pvt Ltd (Casting),63.0,0.0,63.0,370.95,23370.0
2025-06-22,UHCTPFGASO06,3DE Technology Prototype Solutions Pvt Ltd (Casting),39.0,0.0,39.0,380.0,14820.0
2025-06-22,UHCTPFGASO07,3DE Technology Prototype Solutions Pvt Ltd (Casting),155.0,0.0,155.0,380.0,58900.0
2025-06-22,UHCTPFGASO09,3DE Technology Prototype Solutions Pvt Ltd (Casting),90.0,0.0,90.0,380.0,34200.0
2025-06-22,UHCTPFGASS10,3DE Technology Prototype Solutions Pvt Ltd (Casting),56.0,0.0,56.0,190.0,10640.0
2025-06-22,UHCTPFGBRGO06,3DE Technology Prototype Solutions Pvt Ltd (Casting),106.0,0.0,106.0,380.0,40280.0
2025-06-22,UHCTPFGBRGO07,3DE Technology Prototype Solutions Pvt Ltd (Casting),289.0,0.0,289.0,2151.95,621913.12
2025-06-22,UHCTPFGBRGO09,3DE Technology Prototype Solutions Pvt Ltd (Casting),208.0,0.0,208.0,380.0,79040.0
2025-06-22,UHRDQCS05AL,METALRIPPER MANUFACTURING,40.0,0.0,40.0,800.0,32000.0
2025-06-23,UH0.2MACHINS06,HANAV MANUFACTURING AND BUSINESS PRIVATE LIMITED,587.0,0.0,587.0,245.0,143815.0
2025-06-23,UH0.2MACHINS07,HANAV MANUFACTURING AND BUSINESS PRIVATE LIMITED,582.0,0.0,582.0,245.0,142590.0
2025-06-23,UH0.2MACHINS08,HANAV MANUFACTURING AND BUSINESS PRIVATE LIMITED,204.0,0.0,204.0,245.0,49980.0
2025-06-23,UH0.2MACHINS13,HANAV MANUFACTURING AND BUSINESS PRIVATE LIMITED,293.0,0.0,293.0,245.0,71785.0
2025-06-23,UH0.2MG05,Oerlikon balzers coating india pvt ltd,428.0,0.0,428.0,207.0,88596.0
2025-06-23,UHASRINGTRY,SHIVA ENGINEERING,120.0,0.0,120.0,320.0,38400.0
2025-06-23,UHC2PCBAREV21,Zreyah Semiconductor Systems Pvt. Ltd.,5330.0,0.0,5330.0,50.0,266500.0
2025-06-23,UHLEDWOR812B,AGILE TRADE SOLUTIONS,50000.0,0.0,50000.0,7.06,353000.0
2025-06-23,UHPCBREV15S6,WITGAIN TECHNOLOGY LIMITED,24000.0,0.0,24000.0,39.18,940239.36
2025-06-23,UHPLASIZRS05,ZOEONE INDUSTRIES,3000.0,0.0,3000.0,3.5,10500.0
2025-06-23,UHPLASIZRS06,ZOEONE INDUSTRIES,3000.0,0.0,3000.0,3.5,10500.0
2025-06-23,UHPLASIZRS07,ZOEONE INDUSTRIES,3000.0,0.0,3000.0,3.5,10500.0
2025-06-23,UHPLASIZRS08,ZOEONE INDUSTRIES,3000.0,0.0,3000.0,3.5,10500.0
2025-06-23,UHPLASIZRS09,ZOEONE INDUSTRIES,3000.0,0.0,3000.0,3.5,10500.0
2025-06-23,UHPLASIZRS10,ZOEONE INDUSTRIES,3000.0,0.0,3000.0,3.5,10500.0
2025-06-23,UHPLASIZRS11,ZOEONE INDUSTRIES,3000.0,0.0,3000.0,3.5,10500.0
2025-06-23,UHPLASIZRS12,ZOEONE INDUSTRIES,3000.0,0.0,3000.0,3.5,10500.0
2025-06-23,UHPLASIZRS13,ZOEONE INDUSTRIES,3000.0,0.0,3000.0,3.5,10500.0
2025-06-23,UHPLASIZRS14,ZOEONE INDUSTRIES,3000.0,0.0,3000.0,3.5,10500.0
2025-06-23,UHRESBOU01BO,AGILE TRADE SOLUTIONS,100000.0,0.0,100000.0,0.44,44250.0
2025-06-23,UHTAPEDC10X8,Suprabha ColorGrafix Private Limited,199450.0,0.0,199450.0,0.3,59835.0
2025-06-23,UHTIJWMGLS08,Oerlikon balzers coating india pvt ltd,367.0,0.0,367.0,207.0,75969.0
2025-06-24,UH0.2ACRMST11,METALRIPPER MANUFACTURING,132.0,0.0,132.0,165.0,21780.0
2025-06-24,UH0.2AG06,CN Innovations Limited,1050.0,0.0,1050.0,577.11,605964.24
2025-06-24,UH0.2AG07,CN Innovations Limited,4900.0,0.0,4900.0,577.11,2827833.12
2025-06-24,UH0.2AG08,CN Innovations Limited,5250.0,0.0,5250.0,577.11,3029821.2
2025-06-24,UH0.2AG09,CN Innovations Limited,3850.0,0.0,3850.0,577.11,2221868.88
2025-06-24,UH0.2AS07,CN Innovations Limited,4200.0,0.0,4200.0,545.49,2291042.88
2025-06-24,UH0.2AS08,CN Innovations Limited,700.0,0.0,700.0,545.49,381840.48
2025-06-24,UH0.2AS09,CN Innovations Limited,700.0,0.0,700.0,545.49,381840.48
2025-06-24,UH0.2AS10,CN Innovations Limited,1400.0,0.0,1400.0,648.26,907562.88
2025-06-24,UH0.2AS13,CN Innovations Limited,700.0,0.0,700.0,648.26,453781.44
2025-06-24,UH0.2MACHINS13,HANAV MANUFACTURING AND BUSINESS PRIVATE LIMITED,199.0,0.0,199.0,245.0,48755.0
2025-06-24,UH0.2MIRROR06,HANAV MANUFACTURING AND BUSINESS PRIVATE LIMITED,16.0,0.0,16.0,530.0,8480.0
2025-06-24,UH0.2MIRROR07,HANAV MANUFACTURING AND BUSINESS PRIVATE LIMITED,22.0,0.0,22.0,530.0,11660.0
2025-06-24,UH0.2MIRROR08,HANAV MANUFACTURING AND BUSINESS PRIVATE LIMITED,54.0,0.0,54.0,530.0,28620.0
2025-06-24,UH0.2MIRROR09,HANAV MANUFACTURING AND BUSINESS PRIVATE LIMITED,21.0,0.0,21.0,530.0,11130.0
2025-06-24,UH0.2MIRROR10,HANAV MANUFACTURING AND BUSINESS PRIVATE LIMITED,67.0,0.0,67.0,530.0,35510.0
2025-06-24,UHACCSTM6DSO,"Swift Electrocomp Solutions Pvt Ltd.,",200.0,0.0,200.0,325.36,65072.0
2025-06-24,UHAIRMIRSHEL05,CN Innovations Limited,350.0,0.0,350.0,509.47,178315.2
2025-06-24,UHAIRMIRSHEL06,CN Innovations Limited,1050.0,0.0,1050.0,509.47,534945.6
2025-06-24,UHAIRMIRSHEL07,CN Innovations Limited,350.0,0.0,350.0,509.47,178315.2
2025-06-24,UHAIRMIRSHEL08,CN Innovations Limited,1750.0,0.0,1750.0,509.47,891576.0
2025-06-24,UHAIRMIRSHEL09,CN Innovations Limited,2800.0,0.0,2800.0,509.47,1426521.6
2025-06-24,UHAIRMIRSHEL11,CN Innovations Limited,700.0,0.0,700.0,597.31,418118.4
2025-06-24,UHAIRMIRSHEL12,CN Innovations Limited,700.0,0.0,700.0,597.31,418118.4
2025-06-24,UHC2068NF50V,"Swift Electrocomp Solutions Pvt Ltd.,",400.0,0.0,400.0,2.26,904.0
2025-06-24,UHC2C10UF50V,"Swift Electrocomp Solutions Pvt Ltd.,",400.0,0.0,400.0,10.05,4020.0
2025-06-24,UHC2CUMO10MA,"Swift Electrocomp Solutions Pvt Ltd.,",200.0,0.0,200.0,129.17,25834.0
2025-06-24,UHC2FB30OM1L,"Swift Electrocomp Solutions Pvt Ltd.,",200.0,0.0,200.0,5.06,1012.0
2025-06-24,UHC2PCBAREV21,Zreyah Semiconductor Systems Pvt. Ltd.,6574.0,0.0,6574.0,50.0,328700.0
2025-06-24,UHC2RES0OM85,"Swift Electrocomp Solutions Pvt Ltd.,",800.0,0.0,800.0,0.75,600.0
2025-06-24,UHCAPKYO10UF,"Swift Electrocomp Solutions Pvt Ltd.,",200.0,0.0,200.0,50.82,10164.0
2025-06-24,UHCAPMUR01UF,"Swift Electrocomp Solutions Pvt Ltd.,",200.0,0.0,200.0,1.13,226.0
2025-06-24,UHCAPMUR10UF,"Swift Electrocomp Solutions Pvt Ltd.,",1040.0,0.0,1040.0,6.68,6948.0
2025-06-24,UHCAPMUR220F,"Swift Electrocomp Solutions Pvt Ltd.,",200.0,0.0,200.0,1.62,324.0
2025-06-24,UHCAPMURE14D,"Swift Electrocomp Solutions Pvt Ltd.,",4000.0,0.0,4000.0,0.56,2240.0
2025-06-24,UHCAPMURE1UF,"Swift Electrocomp Solutions Pvt Ltd.,",400.0,0.0,400.0,2.56,1024.0
2025-06-24,UHCH2COHOS05,Fabforma Technologies Private Limited,2760.0,0.0,2760.0,35.0,96600.0
2025-06-24,UHCH2COHOS07,Fabforma Technologies Private Limited,5500.0,0.0,5500.0,35.0,192500.0
2025-06-24,UHCH2COHOS10,Fabforma Technologies Private Limited,4000.0,0.0,4000.0,50.0,200000.0
2025-06-24,UHCHA2BASS05,Aaru Plastics,730.0,0.0,730.0,235.0,171550.0
2025-06-24,UHCHA2BASS06,Aaru Plastics,1848.0,0.0,1848.0,235.0,434280.0
2025-06-24,UHCHA2BASS06,HANAV MANUFACTURING AND BUSINESS PRIVATE LIMITED,2016.0,0.0,2016.0,250.0,504000.0
2025-06-24,UHCHA2BASS07,Aaru Plastics,1400.0,0.0,1400.0,235.0,329000.0
2025-06-24,UHCHA2BASS07,HANAV MANUFACTURING AND BUSINESS PRIVATE LIMITED,504.0,0.0,504.0,250.0,126000.0
2025-06-24,UHCHA2BASS08,Aaru Plastics,600.0,0.0,600.0,235.0,141000.0
2025-06-24,UHCHA2BASS09,Aaru Plastics,739.0,0.0,739.0,235.0,173665.0
2025-06-24,UHCTPFGAAO07,3DE Technology Prototype Solutions Pvt Ltd (Casting),66.0,0.0,66.0,380.0,25080.0
2025-06-24,UHCTPFGAAO08,3DE Technology Prototype Solutions Pvt Ltd (Casting),119.0,0.0,119.0,380.0,45220.0
2025-06-24,UHCTPFGAAO09,3DE Technology Prototype Solutions Pvt Ltd (Casting),27.0,0.0,27.0,380.0,10260.0
2025-06-24,UHCTPFGAAO10,3DE Technology Prototype Solutions Pvt Ltd (Casting),9.0,0.0,9.0,380.0,3420.0
2025-06-24,UHCTPFGAAO11,3DE Technology Prototype Solutions Pvt Ltd (Casting),6.0,0.0,6.0,380.0,2280.0
2025-06-24,UHCTPFGAGO06,3DE Technology Prototype Solutions Pvt Ltd (Casting),26.0,0.0,26.0,380.0,9880.0
2025-06-24,UHCTPFGAGO07,3DE Technology Prototype Solutions Pvt Ltd (Casting),559.0,0.0,559.0,380.0,212420.0
2025-06-24,UHCTPFGAGO08,3DE Technology Prototype Solutions Pvt Ltd (Casting),90.0,0.0,90.0,380.0,34200.0
2025-06-24,UHCTPFGAGO09,3DE Technology Prototype Solutions Pvt Ltd (Casting),227.0,0.0,227.0,380.0,86260.0
2025-06-24,UHCTPFGAGO10,3DE Technology Prototype Solutions Pvt Ltd (Casting),31.0,0.0,31.0,380.0,11780.0
2025-06-24,UHCTPFGAGS08,3DE Technology Prototype Solutions Pvt Ltd (Casting),89.0,0.0,89.0,380.0,33820.0
2025-06-24,UHCTPFGAGS13,3DE Technology Prototype Solutions Pvt Ltd (Casting),4.0,0.0,4.0,380.0,1520.0
2025-06-24,UHCTPFGASO05,3DE Technology Prototype Solutions Pvt Ltd (Casting),129.0,0.0,129.0,374.11,48260.0
2025-06-24,UHCTPFGASO07,3DE Technology Prototype Solutions Pvt Ltd (Casting),58.0,0.0,58.0,380.0,22040.0
2025-06-24,UHCTPFGASO07,MAKENICA PRIVATE LIMITED (Casting),186.0,0.0,186.0,380.0,70680.0
2025-06-24,UHCTPFGASO08,3DE Technology Prototype Solutions Pvt Ltd (Casting),257.0,0.0,257.0,78.37,20140.0
2025-06-24,UHCTPFGASS07,3DE Technology Prototype Solutions Pvt Ltd (Casting),1.0,0.0,1.0,380.0,380.0
2025-06-24,UHCTPFGASS10,3DE Technology Prototype Solutions Pvt Ltd (Casting),45.0,0.0,45.0,190.0,8550.0
2025-06-24,UHCTPFGASS11,3DE Technology Prototype Solutions Pvt Ltd (Casting),2.0,0.0,2.0,380.0,760.0
2025-06-24,UHCTPFGASS12,3DE Technology Prototype Solutions Pvt Ltd (Casting),199.0,0.0,199.0,327.49,65170.0
2025-06-24,UHCTPFGASS13,3DE Technology Prototype Solutions Pvt Ltd (Casting),3.0,0.0,3.0,190.0,570.0
2025-06-24,UHCTPFGBRGO07,3DE Technology Prototype Solutions Pvt Ltd (Casting),34.0,0.0,34.0,2151.95,73166.25
2025-06-24,UHCTPFGBRGO08,3DE Technology Prototype Solutions Pvt Ltd (Casting),99.0,0.0,99.0,380.0,37620.0
2025-06-24,UHCTPFGBRGO09,3DE Technology Prototype Solutions Pvt Ltd (Casting),70.0,0.0,70.0,380.0,26600.0
2025-06-24,UHCTPFGMGS07,3DE Technology Prototype Solutions Pvt Ltd (Casting),32.0,0.0,32.0,195.94,6270.0
2025-06-24,UHCTPFGMGS08,3DE Technology Prototype Solutions Pvt Ltd (Casting),95.0,0.0,95.0,380.0,36100.0
2025-06-24,UHCTPFGMGS10,3DE Technology Prototype Solutions Pvt Ltd (Casting),107.0,0.0,107.0,305.42,32680.0
2025-06-24,UHCTPFGRTS10,3DE Technology Prototype Solutions Pvt Ltd (Casting),9.0,0.0,9.0,380.0,3420.0
2025-06-24,UHDIOTEXI14V,"Swift Electrocomp Solutions Pvt Ltd.,",200.0,0.0,200.0,6.06,1212.0
2025-06-24,UHPLASIZRS05,ZOEONE INDUSTRIES,3500.0,0.0,3500.0,3.5,12250.0
2025-06-24,UHPLASIZRS06,ZOEONE INDUSTRIES,3500.0,0.0,3500.0,3.5,12250.0
2025-06-24,UHPLASIZRS07,ZOEONE INDUSTRIES,3500.0,0.0,3500.0,3.5,12250.0
2025-06-24,UHPLASIZRS08,ZOEONE INDUSTRIES,3500.0,0.0,3500.0,3.5,12250.0
2025-06-24,UHPLASIZRS09,ZOEONE INDUSTRIES,3500.0,0.0,3500.0,3.5,12250.0
2025-06-24,UHPLASIZRS10,ZOEONE INDUSTRIES,3500.0,0.0,3500.0,3.5,12250.0
2025-06-24,UHPLASIZRS11,ZOEONE INDUSTRIES,3500.0,0.0,3500.0,3.5,12250.0
2025-06-24,UHPLASIZRS12,ZOEONE INDUSTRIES,3500.0,0.0,3500.0,3.5,12250.0
2025-06-24,UHPLASIZRS13,ZOEONE INDUSTRIES,3500.0,0.0,3500.0,3.5,12250.0
2025-06-24,UHPLASIZRS14,ZOEONE INDUSTRIES,3500.0,0.0,3500.0,3.5,12250.0
2025-06-24,UHRD01UFX7R,"Swift Electrocomp Solutions Pvt Ltd.,",200.0,0.0,200.0,1.04,208.0
2025-06-24,UHRD01X7S26,"Swift Electrocomp Solutions Pvt Ltd.,",200.0,0.0,200.0,1.35,270.0
2025-06-24,UHRD022UF10,"Swift Electrocomp Solutions Pvt Ltd.,",400.0,0.0,400.0,1.51,604.0
2025-06-24,UHRD109ISTR,"Swift Electrocomp Solutions Pvt Ltd.,",400.0,0.0,400.0,0.94,376.0
2025-06-24,UHRD196AEC2,"Swift Electrocomp Solutions Pvt Ltd.,",200.0,0.0,200.0,1.3,260.0
2025-06-24,UHRD1CIL270,"Swift Electrocomp Solutions Pvt Ltd.,",130.0,0.0,130.0,323.02,41992.6
2025-06-24,UHRD1PFX8R9,"Swift Electrocomp Solutions Pvt Ltd.,",200.0,0.0,200.0,1.51,302.0
2025-06-24,UHRD20ATCSF,"Swift Electrocomp Solutions Pvt Ltd.,",200.0,0.0,200.0,8.43,1686.0
2025-06-24,UHRD20PPM92,"Swift Electrocomp Solutions Pvt Ltd.,",200.0,0.0,200.0,101.75,20350.0
2025-06-24,UHRD2200PF5,"Swift Electrocomp Solutions Pvt Ltd.,",400.0,0.0,400.0,1.56,624.0
2025-06-24,UHRD22UFX51,"Swift Electrocomp Solutions Pvt Ltd.,",200.0,0.0,200.0,15.55,3110.0
2025-06-24,UHRD25COGPF,"Swift Electrocomp Solutions Pvt Ltd.,",200.0,0.0,200.0,3.48,696.0
2025-06-24,UHRD25VDCX8,"Swift Electrocomp Solutions Pvt Ltd.,",400.0,0.0,400.0,3.88,1552.0
2025-06-24,UHRD30METCS,"Swift Electrocomp Solutions Pvt Ltd.,",200.0,0.0,200.0,0.56,112.0
2025-06-24,UHRD330AEC2,"Swift Electrocomp Solutions Pvt Ltd.,",10.0,0.0,10.0,18.01,180.1
2025-06-24,UHRD39NHMA6,"Swift Electrocomp Solutions Pvt Ltd.,",200.0,0.0,200.0,1.99,398.0
2025-06-24,UHRD40PSTCT,"Swift Electrocomp Solutions Pvt Ltd.,",10.0,0.0,10.0,190.26,1902.6
2025-06-24,UHRD472608M,"Swift Electrocomp Solutions Pvt Ltd.,",200.0,0.0,200.0,2.84,568.0
2025-06-24,UHRD499RSTR,"Swift Electrocomp Solutions Pvt Ltd.,",800.0,0.0,800.0,1.91,1528.0
2025-06-24,UHRD66AUTVE,"Swift Electrocomp Solutions Pvt Ltd.,",200.0,0.0,200.0,1.3,260.0
2025-06-24,UHRD8751001,"Swift Electrocomp Solutions Pvt Ltd.,",30.0,0.0,30.0,48.36,1450.8
2025-06-24,UHRD903004B,"Swift Electrocomp Solutions Pvt Ltd.,",40.0,0.0,40.0,6.98,279.2
2025-06-24,UHRDACCMTE6,"Swift Electrocomp Solutions Pvt Ltd.,",200.0,0.0,200.0,273.66,54732.0
2025-06-24,UHRDAECQ200,"Swift Electrocomp Solutions Pvt Ltd.,",200.0,0.0,200.0,2.93,586.0
2025-06-24,UHRDBM29B06,"Swift Electrocomp Solutions Pvt Ltd.,",1000.0,0.0,1000.0,66.5,66500.0
2025-06-24,UHRDBM29B2D,"Swift Electrocomp Solutions Pvt Ltd.,",1000.0,0.0,1000.0,42.65,42650.0
2025-06-24,UHRDBRDTMPE,"Swift Electrocomp Solutions Pvt Ltd.,",200.0,0.0,200.0,351.02,70204.0
2025-06-24,UHRDBTRYAO4,"Swift Electrocomp Solutions Pvt Ltd.,",200.0,0.0,200.0,153.65,30730.0
2025-06-24,UHRDCAPTR16,"Swift Electrocomp Solutions Pvt Ltd.,",400.0,0.0,400.0,0.85,340.0
2025-06-24,UHRDCMCTOR7,"Swift Electrocomp Solutions Pvt Ltd.,",200.0,0.0,200.0,1.28,256.0
2025-06-24,UHRDCNL320X,"Swift Electrocomp Solutions Pvt Ltd.,",400.0,0.0,400.0,9.38,3752.0
2025-06-24,UHRDCOGNPO1,"Swift Electrocomp Solutions Pvt Ltd.,",200.0,0.0,200.0,10.52,2104.0
2025-06-24,UHRDCPTX6S1,"Swift Electrocomp Solutions Pvt Ltd.,",200.0,0.0,200.0,4.98,996.0
2025-06-24,UHRDCRMNPO2,"Swift Electrocomp Solutions Pvt Ltd.,",200.0,0.0,200.0,3.3,660.0
2025-06-24,UHRDCRYT32H,"Swift Electrocomp Solutions Pvt Ltd.,",200.0,0.0,200.0,99.57,19914.0
2025-06-24,UHRDE220FML,"Swift Electrocomp Solutions Pvt Ltd.,",400.0,0.0,400.0,0.56,224.0
2025-06-24,UHRDESD7080,BRIGHT PACKING INDUSTRIES,25000.0,0.0,25000.0,2.7,67500.0
2025-06-24,UHRDFLHIC64,"Swift Electrocomp Solutions Pvt Ltd.,",200.0,0.0,200.0,104.15,20830.0
2025-06-24,UHRDFLHNOR7,"Swift Electrocomp Solutions Pvt Ltd.,",200.0,0.0,200.0,56.51,11302.0
2025-06-24,UHRDGNRLTOP,"Swift Electrocomp Solutions Pvt Ltd.,",200.0,0.0,200.0,123.38,24676.0
2025-06-24,UHRDHALGNAC,"Swift Electrocomp Solutions Pvt Ltd.,",200.0,0.0,200.0,1.91,382.0
2025-06-24,UHRDHALLSN5,"Swift Electrocomp Solutions Pvt Ltd.,",200.0,0.0,200.0,101.46,20292.0
2025-06-24,UHRDHARDHY,Aarthi Electronics,1.0,0.0,1.0,280.0,280.0
2025-06-24,UHRDINDRF15,"Swift Electrocomp Solutions Pvt Ltd.,",400.0,0.0,400.0,4.92,1968.0
2025-06-24,UHRDLNRSOT5,"Swift Electrocomp Solutions Pvt Ltd.,",200.0,0.0,200.0,14.14,2828.0
2025-06-24,UHRDLOCT595,Sellex Incorp,5.0,0.0,5.0,1810.0,9050.0
2025-06-24,UHRDLVCMOS4,"Swift Electrocomp Solutions Pvt Ltd.,",200.0,0.0,200.0,127.58,25516.0
2025-06-24,UHRDMDE1210,"Swift Electrocomp Solutions Pvt Ltd.,",200.0,0.0,200.0,46.17,9234.0
2025-06-24,UHRDMFTARY9,"Swift Electrocomp Solutions Pvt Ltd.,",200.0,0.0,200.0,36.04,7208.0
2025-06-24,UHRDMICSDBK,"Swift Electrocomp Solutions Pvt Ltd.,",20.0,0.0,20.0,717.75,14355.0
2025-06-24,UHRDMLCC161,"Swift Electrocomp Solutions Pvt Ltd.,",200.0,0.0,200.0,19.15,3830.0
2025-06-24,UHRDMLCC50V,"Swift Electrocomp Solutions Pvt Ltd.,",400.0,0.0,400.0,5.71,2284.0
2025-06-24,UHRDMLYRCIP,"Swift Electrocomp Solutions Pvt Ltd.,",400.0,0.0,400.0,13.82,5528.0
2025-06-24,UHRDMTRC126,"Swift Electrocomp Solutions Pvt Ltd.,",200.0,0.0,200.0,45.55,9110.0
2025-06-24,UHRDMTRIGON,"Swift Electrocomp Solutions Pvt Ltd.,",200.0,0.0,200.0,114.74,22948.0
2025-06-24,UHRDMTYQ200,"Swift Electrocomp Solutions Pvt Ltd.,",30.0,0.0,30.0,6.79,203.7
2025-06-24,UHRDMYRMS16,"Swift Electrocomp Solutions Pvt Ltd.,",600.0,0.0,600.0,2.18,1308.0
2025-06-24,UHRDOPLAMT6,"Swift Electrocomp Solutions Pvt Ltd.,",200.0,0.0,200.0,71.7,14340.0
2025-06-24,UHRDPIGMENT,Aarthi Electronics,1.0,0.0,1.0,150.0,150.0
2025-06-24,UHRDPINRECL,MOUSER ELECTRONIC,100.0,0.0,100.0,30.83,3083.18
2025-06-24,UHRDPS1CO10,"Swift Electrocomp Solutions Pvt Ltd.,",5.0,0.0,5.0,18876.4,94382.0
2025-06-24,UHRDPWR0603,"Swift Electrocomp Solutions Pvt Ltd.,",400.0,0.0,400.0,15.6,6240.0
2025-06-24,UHRDPWRICS1,"Swift Electrocomp Solutions Pvt Ltd.,",200.0,0.0,200.0,42.13,8426.0
2025-06-24,UHRDPWRIDTR,"Swift Electrocomp Solutions Pvt Ltd.,",200.0,0.0,200.0,11.67,2334.0
2025-06-24,UHRDPZOBURS,"Swift Electrocomp Solutions Pvt Ltd.,",200.0,0.0,200.0,224.58,44916.0
2025-06-24,UHRDRED624D,"Swift Electrocomp Solutions Pvt Ltd.,",10.0,0.0,10.0,34.83,348.3
2025-06-24,UHRDRESINCY,Aarthi Electronics,1.0,0.0,1.0,1200.0,1200.0
2025-06-24,UHRDRFATNNA,"Swift Electrocomp Solutions Pvt Ltd.,",200.0,0.0,200.0,35.87,7174.0
2025-06-24,UHRDRSTR105,"Swift Electrocomp Solutions Pvt Ltd.,",800.0,0.0,800.0,0.61,492.0
2025-06-24,UHRDRT042FR,"Swift Electrocomp Solutions Pvt Ltd.,",400.0,0.0,400.0,1.51,604.0
2025-06-24,UHRDSHDWRE2,"Swift Electrocomp Solutions Pvt Ltd.,",200.0,0.0,200.0,13.78,2756.0
2025-06-24,UHRDSM06BGH,"Swift Electrocomp Solutions Pvt Ltd.,",100.0,0.0,100.0,36.45,3645.0
2025-06-24,UHRDSMD0201,"Swift Electrocomp Solutions Pvt Ltd.,",4600.0,0.0,4600.0,7.22,33208.67
2025-06-24,UHRDSMD10MS,"Swift Electrocomp Solutions Pvt Ltd.,",20.0,0.0,20.0,1.13,22.6
2025-06-24,UHRDSMDOH52,"Swift Electrocomp Solutions Pvt Ltd.,",40.0,0.0,40.0,2.18,87.2
2025-06-24,UHRDSTM32GT,"Swift Electrocomp Solutions Pvt Ltd.,",20.0,0.0,20.0,466.65,9333.0
2025-06-24,UHRDSWGVLE5,"Swift Electrocomp Solutions Pvt Ltd.,",200.0,0.0,200.0,19.06,3812.0
2025-06-24,UHRDTALETE1,"Swift Electrocomp Solutions Pvt Ltd.,",200.0,0.0,200.0,37.65,7530.0
2025-06-24,UHRDTEMPE26,"Swift Electrocomp Solutions Pvt Ltd.,",200.0,0.0,200.0,251.85,50370.0
2025-06-24,UHRDTPS2500,"Swift Electrocomp Solutions Pvt Ltd.,",200.0,0.0,200.0,55.97,11194.0
2025-06-24,UHRDTRHLRES,Aarthi Electronics,400.0,0.0,400.0,0.25,100.0
2025-06-24,UHRDUSDMLR9,"Swift Electrocomp Solutions Pvt Ltd.,",200.0,0.0,200.0,2.84,568.0
2025-06-24,UHRDVDCX7S1,"Swift Electrocomp Solutions Pvt Ltd.,",2800.0,0.0,2800.0,0.99,2764.0
2025-06-24,UHRDVEM3328,"Swift Electrocomp Solutions Pvt Ltd.,",20.0,0.0,20.0,151.8,3036.0
2025-06-24,UHRDWREBOXD,"Swift Electrocomp Solutions Pvt Ltd.,",40.0,0.0,40.0,91.06,3642.4
2025-06-24,UHRDWRLSICF,"Swift Electrocomp Solutions Pvt Ltd.,",200.0,0.0,200.0,206.45,41290.0
2025-06-24,UHRESPAN47KO,"Swift Electrocomp Solutions Pvt Ltd.,",2400.0,0.0,2400.0,1.72,4122.0
2025-06-24,UHRESYAG0OHM,"Swift Electrocomp Solutions Pvt Ltd.,",200.0,0.0,200.0,0.63,126.0
2025-06-24,UHRESYAG10KO,"Swift Electrocomp Solutions Pvt Ltd.,",2400.0,0.0,2400.0,0.73,1752.0
2025-06-24,UHRESYAG22MO,"Swift Electrocomp Solutions Pvt Ltd.,",200.0,0.0,200.0,7.2,1440.0
2025-06-24,UHRESYAG27KO,"Swift Electrocomp Solutions Pvt Ltd.,",200.0,0.0,200.0,0.37,74.0
2025-06-24,UHRESYAG47KO,"Swift Electrocomp Solutions Pvt Ltd.,",400.0,0.0,400.0,1.51,604.0
2025-06-24,UHSENSMLX36V,MILLENNIUM SEMICONDUCTORS INDIA PRIVATE LIMITED,55000.0,0.0,55000.0,253.0,13915000.0
2025-06-24,UHSTUSBCCBL,Aarthi Electronics,500.0,0.0,500.0,88.0,44000.0
2025-06-24,UHTAPS607X145,Suprabha ColorGrafix Private Limited,188800.0,0.0,188800.0,0.3,56640.0
2025-06-24,UHTIJWMGLS07,CP Global Solution Technologies,153.0,0.0,153.0,210.0,32130.0
2025-06-24,UHUSB4105GFA,"Swift Electrocomp Solutions Pvt Ltd.,",220.0,0.0,220.0,55.41,12190.8
2025-06-24,UNICHTEX7A02,"Swift Electrocomp Solutions Pvt Ltd.,",200.0,0.0,200.0,35.19,7038.0
2025-06-25,UH0.2BB13,IILA INDUSTRIES (Regular Purchase),487.0,0.0,487.0,34.0,16558.0
2025-06-25,UH0.2MIRROR06,HANAV MANUFACTURING AND BUSINESS PRIVATE LIMITED,26.0,0.0,26.0,530.0,13780.0
2025-06-25,UH0.2MIRROR07,HANAV MANUFACTURING AND BUSINESS PRIVATE LIMITED,6.0,0.0,6.0,530.0,3180.0
2025-06-25,UH0.2MIRROR08,HANAV MANUFACTURING AND BUSINESS PRIVATE LIMITED,25.0,0.0,25.0,530.0,13250.0
2025-06-25,UH0.2MIRROR09,HANAV MANUFACTURING AND BUSINESS PRIVATE LIMITED,8.0,0.0,8.0,530.0,4240.0
2025-06-25,UH0.2MIRROR10,HANAV MANUFACTURING AND BUSINESS PRIVATE LIMITED,57.0,0.0,57.0,530.0,30210.0
2025-06-25,UHAIRMACSHL12,METALRIPPER MANUFACTURING,100.0,0.0,100.0,245.0,24500.0
2025-06-25,UHBOTTOMPADS,"Shenzhen BZ Tape Co., Ltd.",100000.0,0.0,100000.0,5.71,570960.0
2025-06-25,UHC2CUMO10MA,ARROW ELECTRONICS ASIA (S) PTE LTD,45000.0,0.0,45000.0,33.12,1490205.6
2025-06-25,UHC3PAINBASES07,Aaru Plastics,500.0,0.0,500.0,250.0,125000.0
2025-06-25,UHC3PAINBASES08,Aaru Plastics,762.0,0.0,762.0,250.0,190500.0
2025-06-25,UHC3PAINBASES09,Aaru Plastics,500.0,0.0,500.0,250.0,125000.0
2025-06-25,UHC3PAINBASES10,Aaru Plastics,1385.0,0.0,1385.0,250.0,346250.0
2025-06-25,UHCHA2BASS11,HANAV MANUFACTURING AND BUSINESS PRIVATE LIMITED,504.0,0.0,504.0,250.0,126000.0
2025-06-25,UHCHA2BASS12,HANAV MANUFACTURING AND BUSINESS PRIVATE LIMITED,504.0,0.0,504.0,250.0,126000.0
2025-06-25,UHCHA2BASS13,HANAV MANUFACTURING AND BUSINESS PRIVATE LIMITED,504.0,0.0,504.0,250.0,126000.0
2025-06-25,UHCONSSIHARD,EFIL ADDITIVE PRIVATE LIMITED,48.0,0.0,48.0,1572.5,75480.0
2025-06-25,UHCONSSIRES,EFIL ADDITIVE PRIVATE LIMITED,480.0,0.0,480.0,1572.5,754800.0
2025-06-25,UHCTPFGAAO07,3DE Technology Prototype Solutions Pvt Ltd (Casting),16.0,0.0,16.0,380.0,6080.0
2025-06-25,UHCTPFGAAO11,3DE Technology Prototype Solutions Pvt Ltd (Casting),12.0,0.0,12.0,380.0,4560.0
2025-06-25,UHCTPFGAAS09,MAKENICA PRIVATE LIMITED (Casting),4.0,0.0,4.0,380.0,1520.0
2025-06-25,UHCTPFGAGO06,3DE Technology Prototype Solutions Pvt Ltd (Casting),5.0,0.0,5.0,380.0,1900.0
2025-06-25,UHCTPFGAGO07,3DE Technology Prototype Solutions Pvt Ltd (Casting),55.0,0.0,55.0,380.0,20900.0
2025-06-25,UHCTPFGAGO08,3DE Technology Prototype Solutions Pvt Ltd (Casting),18.0,0.0,18.0,380.0,6840.0
2025-06-25,UHCTPFGAGO08,MAKENICA PRIVATE LIMITED (Casting),79.0,0.0,79.0,380.0,30020.0
2025-06-25,UHCTPFGAGO09,3DE Technology Prototype Solutions Pvt Ltd (Casting),66.0,0.0,66.0,380.0,25080.0
2025-06-25,UHCTPFGAGS08,3DE Technology Prototype Solutions Pvt Ltd (Casting),40.0,0.0,40.0,380.0,15200.0
2025-06-25,UHCTPFGASO07,MAKENICA PRIVATE LIMITED (Casting),21.0,0.0,21.0,380.0,7980.0
2025-06-25,UHCTPFGASO08,MAKENICA PRIVATE LIMITED (Casting),15.0,0.0,15.0,380.0,5700.0
2025-06-25,UHCTPFGASS10,3DE Technology Prototype Solutions Pvt Ltd (Casting),14.0,0.0,14.0,190.0,2660.0
2025-06-25,UHCTPFGBRGO06,3DE Technology Prototype Solutions Pvt Ltd (Casting),110.0,0.0,110.0,380.0,41800.0
2025-06-25,UHCTPFGBRGO08,3DE Technology Prototype Solutions Pvt Ltd (Casting),1.0,0.0,1.0,380.0,380.0
2025-06-25,UHCTPFGBRGO09,3DE Technology Prototype Solutions Pvt Ltd (Casting),20.0,0.0,20.0,380.0,7600.0
2025-06-25,UHCTPFGMGS07,3DE Technology Prototype Solutions Pvt Ltd (Casting),22.0,0.0,22.0,190.0,4180.0
2025-06-25,UHCTPFGMGS07,MAKENICA PRIVATE LIMITED (Casting),2.0,0.0,2.0,380.0,760.0
2025-06-25,UHCTPFGMGS08,MAKENICA PRIVATE LIMITED (Casting),2.0,0.0,2.0,380.0,760.0
2025-06-25,UHCTPFGMGS09,3DE Technology Prototype Solutions Pvt Ltd (Casting),26.0,0.0,26.0,380.0,9880.0
2025-06-25,UHCTPFGMGS13,3DE Technology Prototype Solutions Pvt Ltd (Casting),3.0,0.0,3.0,190.0,570.0
2025-06-25,UHCXLWMCW52,SPARKLE LASER TECHNOLOGY LLP,1.0,0.0,1.0,902100.0,902100.0
2025-06-25,UHICHTEXLMR6,ARROW ELECTRONICS ASIA (S) PTE LTD,162000.0,0.0,162000.0,24.68,3998652.48
2025-06-25,UHICHTEXTLV7,ARROW ELECTRONICS ASIA (S) PTE LTD,102000.0,0.0,102000.0,2.11,215032.32
2025-06-25,UHICHTEXTPS2,ARROW ELECTRONICS ASIA (S) PTE LTD,12000.0,0.0,12000.0,15.11,181301.76
2025-06-25,UHICHTEXUCC2,ARROW ELECTRONICS ASIA (S) PTE LTD,102000.0,0.0,102000.0,35.93,3664509.12
2025-06-25,UHPLASIZRS05,ZOEONE INDUSTRIES,3500.0,0.0,3500.0,3.5,12250.0
2025-06-25,UHPLASIZRS06,ZOEONE INDUSTRIES,3500.0,0.0,3500.0,3.5,12250.0
2025-06-25,UHPLASIZRS07,ZOEONE INDUSTRIES,3500.0,0.0,3500.0,3.5,12250.0
2025-06-25,UHPLASIZRS08,ZOEONE INDUSTRIES,3500.0,0.0,3500.0,3.5,12250.0
2025-06-25,UHPLASIZRS09,ZOEONE INDUSTRIES,3500.0,0.0,3500.0,3.5,12250.0
2025-06-25,UHPLASIZRS10,ZOEONE INDUSTRIES,3500.0,0.0,3500.0,3.5,12250.0
2025-06-25,UHPLASIZRS11,ZOEONE INDUSTRIES,3500.0,0.0,3500.0,3.5,12250.0
2025-06-25,UHPLASIZRS12,ZOEONE INDUSTRIES,3500.0,0.0,3500.0,3.5,12250.0
2025-06-25,UHPLASIZRS13,ZOEONE INDUSTRIES,3500.0,0.0,3500.0,3.5,12250.0
2025-06-25,UHPLASIZRS14,ZOEONE INDUSTRIES,3500.0,0.0,3500.0,3.5,12250.0
2025-06-25,UHRD10PINSM,SUNROM TECHNOLOGIES,700.0,0.0,700.0,20.06,14042.0
2025-06-25,UHRDAIUM392,ARIHANT ALUMINIUM CORPORATION,100.0,0.0,100.0,25.0,2500.0
2025-06-25,UHRDALUM731,ARIHANT ALUMINIUM CORPORATION,200.0,0.0,200.0,15.0,3000.0
2025-06-25,UHRDALUM761,ARIHANT ALUMINIUM CORPORATION,100.0,0.0,100.0,55.0,5500.0
2025-06-25,UHRDALUMHDW,ARIHANT ALUMINIUM CORPORATION,200.0,0.0,200.0,10.0,2000.0
2025-06-25,UHRDLOCT595,Sellex Incorp,5.0,0.0,5.0,1810.0,9050.0
2025-06-25,UHRDSODRGBT,AM ENTERPRISES,100.0,0.0,100.0,350.0,35000.0
2025-06-25,UHRING1.6PCBA,Zreyah Semiconductor Systems Pvt. Ltd.,1800.0,0.0,1800.0,190.0,342000.0
2025-06-25,UHRINGECS320,Avnet Asia Pte Ltd,100000.0,0.0,100000.0,0.25,25000.0
2025-06-25,UHRINGECS320,"Swift Electrocomp Solutions Pvt Ltd.,",6500.0,0.0,6500.0,42.0,273000.0
2025-06-25,UHTAPS69X363,Suprabha ColorGrafix Private Limited,120414.0,0.0,120414.0,0.9,108372.6
2025-06-25,UNICHTEX7A02,ARROW ELECTRONICS ASIA (S) PTE LTD,102000.0,0.0,102000.0,11.07,1128919.68
2025-06-26,UH0.2ACRMST07,METALRIPPER MANUFACTURING,101.0,0.0,101.0,165.0,16665.0
2025-06-26,UH0.2MG08,CP Global Solution Technologies,994.0,0.0,994.0,210.0,208740.0
2025-06-26,UH0.2MG11,CP Global Solution Technologies,1392.0,0.0,1392.0,210.0,292320.0
2025-06-26,UH0.2MG12,CP Global Solution Technologies,264.0,0.0,264.0,210.0,55440.0
2025-06-26,UH0.2MIRROR05,HANAV MANUFACTURING AND BUSINESS PRIVATE LIMITED,17.0,0.0,17.0,530.0,9010.0
2025-06-26,UH0.2MIRROR06,HANAV MANUFACTURING AND BUSINESS PRIVATE LIMITED,114.0,0.0,114.0,530.0,60420.0
2025-06-26,UH0.2MIRROR07,HANAV MANUFACTURING AND BUSINESS PRIVATE LIMITED,1.0,0.0,1.0,530.0,530.0
2025-06-26,UH0.2MIRROR08,HANAV MANUFACTURING AND BUSINESS PRIVATE LIMITED,20.0,0.0,20.0,530.0,10600.0
2025-06-26,UH0.2MIRROR09,HANAV MANUFACTURING AND BUSINESS PRIVATE LIMITED,3.0,0.0,3.0,530.0,1590.0
2025-06-26,UH0.2MIRROR10,HANAV MANUFACTURING AND BUSINESS PRIVATE LIMITED,24.0,0.0,24.0,530.0,12720.0
2025-06-26,UHASRINGTRY,SHIVA ENGINEERING,880.0,0.0,880.0,320.0,281600.0
2025-06-26,UHCH2COHOS07,Fabforma Technologies Private Limited,5000.0,0.0,5000.0,35.0,175000.0
2025-06-26,UHCH2COHOS10,Fabforma Technologies Private Limited,4780.0,0.0,4780.0,50.0,239000.0
2025-06-26,UHCHA2BASS05,Aaru Plastics,1377.0,0.0,1377.0,235.0,323595.0
2025-06-26,UHCHA2BASS07,Aaru Plastics,1300.0,0.0,1300.0,235.0,305500.0
2025-06-26,UHCONSEMR2000,Bharath Hardware & Industrial Suppliers,250.0,0.0,250.0,18.0,4500.0
2025-06-26,UHCONSEMR2500,Bharath Hardware & Industrial Suppliers,400.0,0.0,400.0,40.0,16000.0
2025-06-26,UHCONSLOC406,Sellex Incorp,300.0,0.0,300.0,276.0,82800.0
2025-06-26,UHCONSLOC495,Sellex Incorp,300.0,0.0,300.0,450.0,135000.0
2025-06-26,UHCTPFGAAO06,3DE Technology Prototype Solutions Pvt Ltd (Casting),78.0,0.0,78.0,380.0,29640.0
2025-06-26,UHCTPFGAAO07,3DE Technology Prototype Solutions Pvt Ltd (Casting),22.0,0.0,22.0,380.0,8360.0
2025-06-26,UHCTPFGAAO09,3DE Technology Prototype Solutions Pvt Ltd (Casting),14.0,0.0,14.0,380.0,5320.0
2025-06-26,UHCTPFGAAO11,3DE Technology Prototype Solutions Pvt Ltd (Casting),13.0,0.0,13.0,380.0,4940.0
2025-06-26,UHCTPFGAAO12,3DE Technology Prototype Solutions Pvt Ltd (Casting),14.0,0.0,14.0,380.0,5320.0
2025-06-26,UHCTPFGAAS09,MAKENICA PRIVATE LIMITED (Casting),5.0,0.0,5.0,380.0,1900.0
2025-06-26,UHCTPFGAGO05,3DE Technology Prototype Solutions Pvt Ltd (Casting),23.0,0.0,23.0,380.0,8740.0
2025-06-26,UHCTPFGAGO06,3DE Technology Prototype Solutions Pvt Ltd (Casting),274.0,0.0,274.0,380.0,104120.0
2025-06-26,UHCTPFGAGO07,3DE Technology Prototype Solutions Pvt Ltd (Casting),117.0,0.0,117.0,380.0,44460.0
2025-06-26,UHCTPFGAGO07,MAKENICA PRIVATE LIMITED (Casting),28.0,0.0,28.0,380.0,10640.0
2025-06-26,UHCTPFGAGO08,3DE Technology Prototype Solutions Pvt Ltd (Casting),32.0,0.0,32.0,380.0,12160.0
2025-06-26,UHCTPFGAGO08,MAKENICA PRIVATE LIMITED (Casting),63.0,0.0,63.0,380.0,23940.0
2025-06-26,UHCTPFGAGO09,3DE Technology Prototype Solutions Pvt Ltd (Casting),52.0,0.0,52.0,380.0,19760.0
2025-06-26,UHCTPFGAGO09,MAKENICA PRIVATE LIMITED (Casting),6.0,0.0,6.0,380.0,2280.0
2025-06-26,UHCTPFGAGS08,3DE Technology Prototype Solutions Pvt Ltd (Casting),56.0,0.0,56.0,380.0,21280.0
2025-06-26,UHCTPFGASO07,MAKENICA PRIVATE LIMITED (Casting),186.0,0.0,186.0,380.0,70680.0
2025-06-26,UHCTPFGASO08,MAKENICA PRIVATE LIMITED (Casting),27.0,0.0,27.0,380.0,10260.0
2025-06-26,UHCTPFGASS05,3DE Technology Prototype Solutions Pvt Ltd (Casting),18.0,0.0,18.0,380.0,6840.0
2025-06-26,UHCTPFGASS10,3DE Technology Prototype Solutions Pvt Ltd (Casting),17.0,0.0,17.0,190.0,3230.0
2025-06-26,UHCTPFGBRGO06,3DE Technology Prototype Solutions Pvt Ltd (Casting),247.0,0.0,247.0,380.0,93860.0
2025-06-26,UHCTPFGMGS06,3DE Technology Prototype Solutions Pvt Ltd (Casting),10.0,0.0,10.0,380.0,3800.0
2025-06-26,UHCTPFGMGS07,3DE Technology Prototype Solutions Pvt Ltd (Casting),40.0,0.0,40.0,190.0,7600.0
2025-06-26,UHCTPFGMGS09,3DE Technology Prototype Solutions Pvt Ltd (Casting),44.0,0.0,44.0,380.0,16720.0
2025-06-26,UHCTPFGMGS13,3DE Technology Prototype Solutions Pvt Ltd (Casting),19.0,0.0,19.0,190.0,3610.0
2025-06-26,UHRDESD7080,BRIGHT PACKING INDUSTRIES,76000.0,0.0,76000.0,2.7,205200.0
2025-06-26,UHRDP6100SC,SHARVI ELECTRONICS,2.0,0.0,2.0,1762.47,3524.94
2025-06-27,[Casted & polished 0.2MM OD FG Ring Gold Size 8] UHCTPFGAGO05,3DE Technology Prototype Solutions Pvt Ltd (Casting),8.0,0.0,8.0,380.0,3040.0
2025-06-27,UH0.2ACRMST08,METALRIPPER MANUFACTURING,148.0,0.0,148.0,165.0,24420.0
2025-06-27,UH0.2MIRROR05,HANAV MANUFACTURING AND BUSINESS PRIVATE LIMITED,66.0,0.0,66.0,530.0,34980.0
2025-06-27,UH0.2MIRROR06,HANAV MANUFACTURING AND BUSINESS PRIVATE LIMITED,60.0,0.0,60.0,530.0,31800.0
2025-06-27,UH0.2MIRROR07,HANAV MANUFACTURING AND BUSINESS PRIVATE LIMITED,23.0,0.0,23.0,530.0,12190.0
2025-06-27,UH0.2MIRROR08,HANAV MANUFACTURING AND BUSINESS PRIVATE LIMITED,13.0,0.0,13.0,530.0,6890.0
2025-06-27,UH0.2MIRROR10,HANAV MANUFACTURING AND BUSINESS PRIVATE LIMITED,18.0,0.0,18.0,530.0,9540.0
2025-06-27,UH0.2MIRROR13,HANAV MANUFACTURING AND BUSINESS PRIVATE LIMITED,1.0,0.0,1.0,530.0,530.0
2025-06-27,UHAIRMACSHL08,METALRIPPER MANUFACTURING,476.0,0.0,476.0,245.0,116620.0
2025-06-27,UHAIRMACSHL12,METALRIPPER MANUFACTURING,170.0,0.0,170.0,245.0,41650.0
2025-06-27,UHCHA2BASS08,Aaru Plastics,800.0,0.0,800.0,235.0,188000.0
2025-06-27,UHCHA2BASS09,Aaru Plastics,810.0,0.0,810.0,235.0,190350.0
2025-06-27,UHCHA2BASS10,Aaru Plastics,790.0,0.0,790.0,235.0,185650.0
2025-06-27,UHCTPFGAAO06,3DE Technology Prototype Solutions Pvt Ltd (Casting),50.0,0.0,50.0,380.0,19000.0
2025-06-27,UHCTPFGAAO07,3DE Technology Prototype Solutions Pvt Ltd (Casting),72.0,0.0,72.0,380.0,27360.0
2025-06-27,UHCTPFGAAO08,3DE Technology Prototype Solutions Pvt Ltd (Casting),56.0,0.0,56.0,380.0,21280.0
2025-06-27,UHCTPFGAAO09,3DE Technology Prototype Solutions Pvt Ltd (Casting),21.0,0.0,21.0,380.0,7980.0
2025-06-27,UHCTPFGAAO10,3DE Technology Prototype Solutions Pvt Ltd (Casting),28.0,0.0,28.0,380.0,10640.0
2025-06-27,UHCTPFGAAO12,3DE Technology Prototype Solutions Pvt Ltd (Casting),62.0,0.0,62.0,380.0,23560.0
2025-06-27,UHCTPFGAAS09,MAKENICA PRIVATE LIMITED (Casting),136.0,0.0,136.0,380.0,51680.0
2025-06-27,UHCTPFGAAS10,3DE Technology Prototype Solutions Pvt Ltd (Casting),10.0,0.0,10.0,380.0,3800.0
2025-06-27,UHCTPFGAGO05,3DE Technology Prototype Solutions Pvt Ltd (Casting),25.0,0.0,25.0,380.0,9500.0
2025-06-27,UHCTPFGAGO06,3DE Technology Prototype Solutions Pvt Ltd (Casting),326.0,0.0,326.0,380.0,123880.0
2025-06-27,UHCTPFGAGO07,3DE Technology Prototype Solutions Pvt Ltd (Casting),681.0,0.0,681.0,380.0,258780.0
2025-06-27,UHCTPFGAGO07,MAKENICA PRIVATE LIMITED (Casting),67.0,0.0,67.0,380.0,25460.0
2025-06-27,UHCTPFGAGO08,3DE Technology Prototype Solutions Pvt Ltd (Casting),304.0,0.0,304.0,380.0,115520.0
2025-06-27,UHCTPFGAGO08,MAKENICA PRIVATE LIMITED (Casting),227.0,0.0,227.0,380.0,86260.0
2025-06-27,UHCTPFGAGO09,3DE Technology Prototype Solutions Pvt Ltd (Casting),252.0,0.0,252.0,380.0,95760.0
2025-06-27,UHCTPFGAGS08,3DE Technology Prototype Solutions Pvt Ltd (Casting),71.0,0.0,71.0,380.0,26980.0
2025-06-27,UHCTPFGASO07,MAKENICA PRIVATE LIMITED (Casting),77.0,0.0,77.0,380.0,29260.0
2025-06-27,UHCTPFGASO08,MAKENICA PRIVATE LIMITED (Casting),213.0,0.0,213.0,380.0,80940.0
2025-06-27,UHCTPFGASS05,3DE Technology Prototype Solutions Pvt Ltd (Casting),23.0,0.0,23.0,380.0,8740.0
2025-06-27,UHCTPFGASS08,MAKENICA PRIVATE LIMITED (Casting),1.0,0.0,1.0,380.0,380.0
2025-06-27,UHCTPFGASS10,3DE Technology Prototype Solutions Pvt Ltd (Casting),88.0,0.0,88.0,190.0,16720.0
2025-06-27,UHCTPFGASS11,3DE Technology Prototype Solutions Pvt Ltd (Casting),11.0,0.0,11.0,380.0,4180.0
2025-06-27,UHCTPFGASS12,3DE Technology Prototype Solutions Pvt Ltd (Casting),31.0,0.0,31.0,190.0,5890.0
2025-06-27,UHCTPFGASS13,3DE Technology Prototype Solutions Pvt Ltd (Casting),9.0,0.0,9.0,190.0,1710.0
2025-06-27,UHCTPFGBRGO06,3DE Technology Prototype Solutions Pvt Ltd (Casting),71.0,0.0,71.0,380.0,26980.0
2025-06-27,UHCTPFGBRGO09,3DE Technology Prototype Solutions Pvt Ltd (Casting),58.0,0.0,58.0,380.0,22040.0
2025-06-27,UHCTPFGMGS06,3DE Technology Prototype Solutions Pvt Ltd (Casting),17.0,0.0,17.0,380.0,6460.0
2025-06-27,UHCTPFGMGS07,3DE Technology Prototype Solutions Pvt Ltd (Casting),161.0,0.0,161.0,190.0,30590.0
2025-06-27,UHCTPFGMGS08,3DE Technology Prototype Solutions Pvt Ltd (Casting),13.0,0.0,13.0,380.0,4940.0
2025-06-27,UHCTPFGMGS09,3DE Technology Prototype Solutions Pvt Ltd (Casting),133.0,0.0,133.0,380.0,50540.0
2025-06-27,UHCTPFGMGS10,3DE Technology Prototype Solutions Pvt Ltd (Casting),11.0,0.0,11.0,190.0,2090.0
2025-06-27,UHCTPFGMGS13,3DE Technology Prototype Solutions Pvt Ltd (Casting),50.0,0.0,50.0,190.0,9500.0
2025-06-27,UHCTPFGRTS09,3DE Technology Prototype Solutions Pvt Ltd (Casting),12.0,0.0,12.0,380.0,4560.0
2025-06-27,UHCTPFGRTS10,3DE Technology Prototype Solutions Pvt Ltd (Casting),21.0,0.0,21.0,380.0,7980.0
2025-06-27,UHCTPFGRTS11,3DE Technology Prototype Solutions Pvt Ltd (Casting),10.0,0.0,10.0,380.0,3800.0
2025-06-27,UHHMDVFGWEN,SHENZHEN PRODO TECHNOLOGY CO; LTD,84.0,0.0,84.0,11814.48,992416.32
2025-06-27,UHPLASIZRS05,ZOEONE INDUSTRIES,3500.0,0.0,3500.0,3.5,12250.0
2025-06-27,UHPLASIZRS06,ZOEONE INDUSTRIES,3500.0,0.0,3500.0,3.5,12250.0
2025-06-27,UHPLASIZRS07,ZOEONE INDUSTRIES,3500.0,0.0,3500.0,3.5,12250.0
2025-06-27,UHPLASIZRS08,ZOEONE INDUSTRIES,3500.0,0.0,3500.0,3.5,12250.0
2025-06-27,UHPLASIZRS09,ZOEONE INDUSTRIES,3500.0,0.0,3500.0,3.5,12250.0
2025-06-27,UHPLASIZRS10,ZOEONE INDUSTRIES,3500.0,0.0,3500.0,3.5,12250.0
2025-06-27,UHPLASIZRS11,ZOEONE INDUSTRIES,3500.0,0.0,3500.0,3.5,12250.0
2025-06-27,UHPLASIZRS12,ZOEONE INDUSTRIES,3500.0,0.0,3500.0,3.5,12250.0
2025-06-27,UHPLASIZRS13,ZOEONE INDUSTRIES,3500.0,0.0,3500.0,3.5,12250.0
2025-06-27,UHPLASIZRS14,ZOEONE INDUSTRIES,3500.0,0.0,3500.0,3.5,12250.0
2025-06-27,UHRING1.6PCBA,Zreyah Semiconductor Systems Pvt. Ltd.,2820.0,0.0,2820.0,190.0,535800.0
2025-06-28,UH0.2MG09,Oerlikon balzers coating india pvt ltd,216.0,0.0,216.0,207.0,44712.0
2025-06-28,UH0.2MG10,CP Global Solution Technologies,2587.0,0.0,2587.0,210.0,543270.0
2025-06-28,UH0.2MG12,CP Global Solution Technologies,63.0,0.0,63.0,210.0,13230.0
2025-06-28,UH0.2MG12,Oerlikon balzers coating india pvt ltd,330.0,0.0,330.0,207.0,68310.0
2025-06-28,UH0.2MIRROR05,HANAV MANUFACTURING AND BUSINESS PRIVATE LIMITED,38.0,0.0,38.0,530.0,20140.0
2025-06-28,UH0.2MIRROR06,HANAV MANUFACTURING AND BUSINESS PRIVATE LIMITED,101.0,0.0,101.0,530.0,53530.0
2025-06-28,UH0.2MIRROR07,HANAV MANUFACTURING AND BUSINESS PRIVATE LIMITED,39.0,0.0,39.0,530.0,20670.0
2025-06-28,UH0.2MIRROR08,HANAV MANUFACTURING AND BUSINESS PRIVATE LIMITED,11.0,0.0,11.0,530.0,5830.0
2025-06-28,UH0.2MIRROR09,HANAV MANUFACTURING AND BUSINESS PRIVATE LIMITED,5.0,0.0,5.0,530.0,2650.0
2025-06-28,UH0.2MIRROR10,HANAV MANUFACTURING AND BUSINESS PRIVATE LIMITED,8.0,0.0,8.0,530.0,4240.0
2025-06-28,UHCHA2BASS06,Aaru Plastics,700.0,0.0,700.0,235.0,164500.0
2025-06-28,UHCHA2BASS07,Aaru Plastics,700.0,0.0,700.0,235.0,164500.0
2025-06-28,UHCHA2BASS08,Aaru Plastics,500.0,0.0,500.0,235.0,117500.0
2025-06-28,UHCHA2BASS09,Aaru Plastics,500.0,0.0,500.0,235.0,117500.0
2025-06-28,UHCHA2BASS10,Aaru Plastics,129.0,0.0,129.0,235.0,30315.0
2025-06-28,UHCTPFGAGO07,MAKENICA PRIVATE LIMITED (Casting),54.0,0.0,54.0,380.0,20520.0
2025-06-28,UHCTPFGAGO08,MAKENICA PRIVATE LIMITED (Casting),15.0,0.0,15.0,380.0,5700.0
2025-06-28,UHCTPFGASO08,MAKENICA PRIVATE LIMITED (Casting),3.0,0.0,3.0,380.0,1140.0
2025-06-28,UHLROODALVR,OODA INDUSTRIAL PRODUCTS,7500.0,0.0,7500.0,8.35,62625.0
2025-06-28,UHPLASIZRS05,ZOEONE INDUSTRIES,4000.0,0.0,4000.0,3.5,14000.0
2025-06-28,UHPLASIZRS06,ZOEONE INDUSTRIES,4000.0,0.0,4000.0,3.5,14000.0
2025-06-28,UHPLASIZRS07,ZOEONE INDUSTRIES,4000.0,0.0,4000.0,3.5,14000.0
2025-06-28,UHPLASIZRS08,ZOEONE INDUSTRIES,4000.0,0.0,4000.0,3.5,14000.0
2025-06-28,UHPLASIZRS09,ZOEONE INDUSTRIES,4000.0,0.0,4000.0,3.5,14000.0
2025-06-28,UHPLASIZRS10,ZOEONE INDUSTRIES,4000.0,0.0,4000.0,3.5,14000.0
2025-06-28,UHPLASIZRS11,ZOEONE INDUSTRIES,4000.0,0.0,4000.0,3.5,14000.0
2025-06-28,UHPLASIZRS12,ZOEONE INDUSTRIES,4000.0,0.0,4000.0,3.5,14000.0
2025-06-28,UHPLASIZRS13,ZOEONE INDUSTRIES,4000.0,0.0,4000.0,3.5,14000.0
2025-06-28,UHPLASIZRS14,ZOEONE INDUSTRIES,4000.0,0.0,4000.0,3.5,14000.0
2025-06-28,UHRSOODALVR,OODA INDUSTRIAL PRODUCTS,15000.0,0.0,15000.0,9.82,147315.0
2025-06-30,UH0.2MACHINS13,HANAV MANUFACTURING AND BUSINESS PRIVATE LIMITED,509.0,12.0,497.0,245.0,121765.0
2025-06-30,UH0.2MG06,CP Global Solution Technologies,330.0,0.0,330.0,210.0,69300.0
2025-06-30,UH0.2MG09,CP Global Solution Technologies,2339.0,0.0,2339.0,210.0,491190.0
2025-06-30,UH0.2MIRROR05,HANAV MANUFACTURING AND BUSINESS PRIVATE LIMITED,16.0,0.0,16.0,530.0,8480.0
2025-06-30,UH0.2MIRROR06,HANAV MANUFACTURING AND BUSINESS PRIVATE LIMITED,79.0,0.0,79.0,530.0,41870.0
2025-06-30,UH0.2MIRROR07,HANAV MANUFACTURING AND BUSINESS PRIVATE LIMITED,75.0,0.0,75.0,530.0,39750.0
2025-06-30,UH0.2MIRROR08,HANAV MANUFACTURING AND BUSINESS PRIVATE LIMITED,26.0,0.0,26.0,530.0,13780.0
2025-06-30,UH0.2MIRROR09,HANAV MANUFACTURING AND BUSINESS PRIVATE LIMITED,7.0,0.0,7.0,530.0,3710.0
2025-06-30,UH0.2MIRROR10,HANAV MANUFACTURING AND BUSINESS PRIVATE LIMITED,10.0,0.0,10.0,530.0,5300.0
2025-06-30,UHBOXTBTTRAY,"Bonito Packaging Co.,Ltd",10000.0,0.0,10000.0,32.41,324129.6
2025-06-30,UHBOXTOPTRAY,"Bonito Packaging Co.,Ltd",10000.0,0.0,10000.0,25.65,256492.8
2025-06-30,UHC2PCBAREV21,Zreyah Semiconductor Systems Pvt. Ltd.,7831.0,0.0,7831.0,50.0,391550.0
2025-06-30,UHCAPMUR01UF,"Swift Electrocomp Solutions Pvt Ltd.,",95425.0,0.0,95425.0,0.48,45804.0
2025-06-30,UHCAPMURE1UF,"Swift Electrocomp Solutions Pvt Ltd.,",210000.0,0.0,210000.0,1.35,283500.0
2025-06-30,UHCHA2BASS09,HANAV MANUFACTURING AND BUSINESS PRIVATE LIMITED,544.0,0.0,544.0,250.0,136000.0
2025-06-30,UHROUNDTAPES05,Suprabha ColorGrafix Private Limited,1290.0,0.0,1290.0,0.65,838.5
2025-06-30,UHROUNDTAPES06,Suprabha ColorGrafix Private Limited,1290.0,0.0,1290.0,0.65,838.5
2025-06-30,UHROUNDTAPES07,Suprabha ColorGrafix Private Limited,1195.0,0.0,1195.0,0.65,776.75
2025-06-30,UHROUNDTAPES08,Suprabha ColorGrafix Private Limited,1195.0,0.0,1195.0,0.65,776.75
2025-06-30,UHROUNDTAPES09,Suprabha ColorGrafix Private Limited,1200.0,0.0,1200.0,0.65,780.0
2025-06-30,UHROUNDTAPES10,Suprabha ColorGrafix Private Limited,1200.0,0.0,1200.0,0.65,780.0
2025-06-30,UHROUNDTAPES11,Suprabha ColorGrafix Private Limited,1190.0,0.0,1190.0,0.65,773.5
2025-06-30,UHROUNDTAPES12,Suprabha ColorGrafix Private Limited,1190.0,0.0,1190.0,0.65,773.5
2025-06-30,UHTIJWAABS06,CP Global Solution Technologies,988.0,0.0,988.0,250.0,247000.0
2025-06-30,UHTIJWAABS08,CP Global Solution Technologies,1628.0,0.0,1628.0,250.0,407000.0
2025-07-01,UHCTPFGAAO05,3DE Technology Prototype Solutions Pvt Ltd (Casting),31.0,0.0,31.0,380.0,11780.0
2025-07-01,UHCTPFGAAO06,3DE Technology Prototype Solutions Pvt Ltd (Casting),19.0,0.0,19.0,380.0,7220.0
2025-07-01,UHCTPFGAAO07,3DE Technology Prototype Solutions Pvt Ltd (Casting),25.0,0.0,25.0,380.0,9500.0
2025-07-01,UHCTPFGAAO08,3DE Technology Prototype Solutions Pvt Ltd (Casting),60.0,0.0,60.0,380.0,22800.0
2025-07-01,UHCTPFGAAO09,3DE Technology Prototype Solutions Pvt Ltd (Casting),95.0,0.0,95.0,380.0,36100.0
2025-07-01,UHCTPFGAAO10,3DE Technology Prototype Solutions Pvt Ltd (Casting),10.0,0.0,10.0,380.0,3800.0
2025-07-01,UHCTPFGAAO11,3DE Technology Prototype Solutions Pvt Ltd (Casting),10.0,0.0,10.0,380.0,3800.0
2025-07-01,UHCTPFGAAO12,3DE Technology Prototype Solutions Pvt Ltd (Casting),52.0,0.0,52.0,380.0,19760.0
2025-07-01,UHCTPFGAGO05,3DE Technology Prototype Solutions Pvt Ltd (Casting),24.0,0.0,24.0,380.0,9120.0
2025-07-01,UHCTPFGAGO06,3DE Technology Prototype Solutions Pvt Ltd (Casting),259.0,0.0,259.0,380.0,98420.0
2025-07-01,UHCTPFGAGO07,MAKENICA PRIVATE LIMITED (Casting),44.0,0.0,44.0,380.0,16720.0
2025-07-01,UHCTPFGAGO08,3DE Technology Prototype Solutions Pvt Ltd (Casting),445.0,0.0,445.0,380.0,169100.0
2025-07-01,UHCTPFGAGO08,MAKENICA PRIVATE LIMITED (Casting),10.0,0.0,10.0,380.0,3800.0
2025-07-01,UHCTPFGAGS08,3DE Technology Prototype Solutions Pvt Ltd (Casting),12.0,0.0,12.0,380.0,4560.0
2025-07-01,UHCTPFGASO09,3DE Technology Prototype Solutions Pvt Ltd (Casting),28.0,0.0,28.0,380.0,10640.0
2025-07-01,UHCTPFGASS10,3DE Technology Prototype Solutions Pvt Ltd (Casting),68.0,0.0,68.0,190.0,12920.0
2025-07-01,UHCTPFGMGS06,3DE Technology Prototype Solutions Pvt Ltd (Casting),57.0,0.0,57.0,380.0,21660.0
2025-07-01,UHCTPFGMGS07,3DE Technology Prototype Solutions Pvt Ltd (Casting),168.0,0.0,168.0,190.0,31920.0
2025-07-01,UHCTPFGMGS08,3DE Technology Prototype Solutions Pvt Ltd (Casting),36.0,0.0,36.0,380.0,13680.0
2025-07-01,UHCTPFGMGS09,3DE Technology Prototype Solutions Pvt Ltd (Casting),110.0,0.0,110.0,380.0,41800.0
2025-07-01,UHCTPFGMGS10,3DE Technology Prototype Solutions Pvt Ltd (Casting),14.0,0.0,14.0,190.0,2660.0
2025-07-01,UHCTPFGMGS12,3DE Technology Prototype Solutions Pvt Ltd (Casting),113.0,0.0,113.0,380.0,42940.0
2025-07-01,UHCTPFGMGS13,3DE Technology Prototype Solutions Pvt Ltd (Casting),39.0,0.0,39.0,190.0,7410.0
2025-07-01,UHCTPFGRTS09,3DE Technology Prototype Solutions Pvt Ltd (Casting),43.0,0.0,43.0,380.0,16340.0
2025-07-02,UHC2PCBAREV21,Zreyah Semiconductor Systems Pvt. Ltd.,4381.0,0.0,4381.0,50.0,219050.0
2025-07-02,UHCH2COHOS07,Fabforma Technologies Private Limited,5500.0,0.0,5500.0,35.0,192500.0
2025-07-02,UHCH2COHOS10,Fabforma Technologies Private Limited,4800.0,0.0,4800.0,50.0,240000.0
2025-07-02,UHCTPFGAAO06,3DE Technology Prototype Solutions Pvt Ltd (Casting),23.0,0.0,23.0,380.0,8740.0
2025-07-02,UHCTPFGAAO07,3DE Technology Prototype Solutions Pvt Ltd (Casting),3.0,0.0,3.0,380.0,1140.0
2025-07-02,UHCTPFGAAO08,3DE Technology Prototype Solutions Pvt Ltd (Casting),32.0,0.0,32.0,380.0,12160.0
2025-07-02,UHCTPFGAAO09,3DE Technology Prototype Solutions Pvt Ltd (Casting),58.0,0.0,58.0,380.0,22040.0
2025-07-02,UHCTPFGAAO10,3DE Technology Prototype Solutions Pvt Ltd (Casting),60.0,0.0,60.0,380.0,22800.0
2025-07-02,UHCTPFGAGO06,3DE Technology Prototype Solutions Pvt Ltd (Casting),192.0,0.0,192.0,380.0,72960.0
2025-07-02,UHCTPFGAGO07,3DE Technology Prototype Solutions Pvt Ltd (Casting),562.0,0.0,562.0,380.0,213560.0
2025-07-02,UHCTPFGAGO07,MAKENICA PRIVATE LIMITED (Casting),19.0,0.0,19.0,380.0,7220.0
2025-07-02,UHCTPFGAGO08,3DE Technology Prototype Solutions Pvt Ltd (Casting),196.0,0.0,196.0,380.0,74480.0
2025-07-02,UHCTPFGAGO08,MAKENICA PRIVATE LIMITED (Casting),6.0,0.0,6.0,380.0,2280.0
2025-07-02,UHCTPFGAGS08,3DE Technology Prototype Solutions Pvt Ltd (Casting),40.0,0.0,40.0,380.0,15200.0
2025-07-02,UHCTPFGAGS10,3DE Technology Prototype Solutions Pvt Ltd (Casting),16.0,0.0,16.0,380.0,6080.0
2025-07-02,UHCTPFGASS10,3DE Technology Prototype Solutions Pvt Ltd (Casting),329.0,0.0,329.0,190.0,62510.0
2025-07-02,UHCTPFGMGS06,3DE Technology Prototype Solutions Pvt Ltd (Casting),20.0,0.0,20.0,380.0,7600.0
2025-07-02,UHCTPFGMGS07,3DE Technology Prototype Solutions Pvt Ltd (Casting),97.0,0.0,97.0,190.0,18430.0
2025-07-02,UHCTPFGMGS08,3DE Technology Prototype Solutions Pvt Ltd (Casting),11.0,0.0,11.0,380.0,4180.0
2025-07-02,UHCTPFGMGS09,3DE Technology Prototype Solutions Pvt Ltd (Casting),98.0,0.0,98.0,380.0,37240.0
2025-07-02,UHCTPFGMGS10,3DE Technology Prototype Solutions Pvt Ltd (Casting),79.0,0.0,79.0,190.0,15010.0
2025-07-02,UHCTPFGMGS12,3DE Technology Prototype Solutions Pvt Ltd (Casting),15.0,0.0,15.0,380.0,5700.0
2025-07-02,UHCTPFGRTS09,3DE Technology Prototype Solutions Pvt Ltd (Casting),28.0,0.0,28.0,380.0,10640.0
2025-07-02,UHCTPFGRTS10,3DE Technology Prototype Solutions Pvt Ltd (Casting),25.0,0.0,25.0,380.0,9500.0
2025-07-02,UHCTPFGRTS12,3DE Technology Prototype Solutions Pvt Ltd (Casting),10.0,0.0,10.0,380.0,3800.0
2025-07-03,UHC2PCBAREV21,Zreyah Semiconductor Systems Pvt. Ltd.,3111.0,0.0,3111.0,50.0,155550.0
2025-07-04,UH0.2MIRROR05,HANAV MANUFACTURING AND BUSINESS PRIVATE LIMITED,3.0,0.0,3.0,530.0,1590.0
2025-07-04,UH0.2MIRROR06,HANAV MANUFACTURING AND BUSINESS PRIVATE LIMITED,19.0,0.0,19.0,530.0,10070.0
2025-07-04,UH0.2MIRROR07,HANAV MANUFACTURING AND BUSINESS PRIVATE LIMITED,85.0,0.0,85.0,530.0,45050.0
2025-07-04,UH0.2MIRROR08,HANAV MANUFACTURING AND BUSINESS PRIVATE LIMITED,9.0,0.0,9.0,530.0,4770.0
2025-07-04,UH0.2MIRROR09,HANAV MANUFACTURING AND BUSINESS PRIVATE LIMITED,23.0,0.0,23.0,530.0,12190.0
2025-07-04,UH0.2MIRROR10,HANAV MANUFACTURING AND BUSINESS PRIVATE LIMITED,10.0,0.0,10.0,530.0,5300.0
2025-07-04,UH0.2MIRROR13,HANAV MANUFACTURING AND BUSINESS PRIVATE LIMITED,1.0,0.0,1.0,530.0,530.0
2025-07-04,UHC2100NF50V,ARROW ELECTRONICS ASIA (S) PTE LTD,240000.0,0.0,240000.0,2.09,501742.08
2025-07-04,UHC2C10UF50V,Avnet Asia Pte Ltd,69000.0,0.0,69000.0,0.04,2559.9
2025-07-04,UHC2PCBAREV21,Zreyah Semiconductor Systems Pvt. Ltd.,4989.0,0.0,4989.0,50.0,249450.0
2025-07-04,UHCAPMUR01UF,Avnet Asia Pte Ltd,1170000.0,0.0,1170000.0,0.21,243383.4
2025-07-04,UHCAPMUR047F,Avnet Asia Pte Ltd,75000.0,0.0,75000.0,0.12,9223.2
2025-07-04,UHCAPMUR10UF,Avnet Asia Pte Ltd,440000.0,0.0,440000.0,0.04,15840.0
2025-07-04,UHCAPMUR12PF,Avnet Asia Pte Ltd,540000.0,0.0,540000.0,0.0,594.0
2025-07-04,UHCAPMUR22UF,Avnet Asia Pte Ltd,135000.0,0.0,135000.0,0.01,1066.5
2025-07-04,UHCAPMURE14D,Avnet Asia Pte Ltd,450000.0,0.0,450000.0,0.0,990.0
2025-07-04,UHCAPMURE1UF,Avnet Asia Pte Ltd,1230000.0,0.0,1230000.0,0.01,6273.0
2025-07-04,UHCHCOMPERJ,Avnet Asia Pte Ltd,40000.0,0.0,40000.0,0.0,80.0
2025-07-04,UHCONSCLOTH,Hesh opto lab pvt ltd,50.0,0.0,50.0,120.0,6000.0
2025-07-04,UHCTPFGAAO05,3DE Technology Prototype Solutions Pvt Ltd (Casting),8.0,0.0,8.0,380.0,3040.0
2025-07-04,UHCTPFGAAO06,3DE Technology Prototype Solutions Pvt Ltd (Casting),5.0,0.0,5.0,380.0,1900.0
2025-07-04,UHCTPFGAAO07,3DE Technology Prototype Solutions Pvt Ltd (Casting),15.0,0.0,15.0,380.0,5700.0
2025-07-04,UHCTPFGAAO08,3DE Technology Prototype Solutions Pvt Ltd (Casting),9.0,0.0,9.0,380.0,3420.0
2025-07-04,UHCTPFGAAO09,3DE Technology Prototype Solutions Pvt Ltd (Casting),13.0,0.0,13.0,380.0,4940.0
2025-07-04,UHCTPFGAAO10,3DE Technology Prototype Solutions Pvt Ltd (Casting),3.0,0.0,3.0,380.0,1140.0
2025-07-04,UHCTPFGAAO11,3DE Technology Prototype Solutions Pvt Ltd (Casting),5.0,0.0,5.0,380.0,1900.0
2025-07-04,UHCTPFGAAO13,3DE Technology Prototype Solutions Pvt Ltd (Casting),8.0,0.0,8.0,380.0,3040.0
2025-07-04,UHCTPFGAAS09,3DE Technology Prototype Solutions Pvt Ltd (Casting),5.0,0.0,5.0,380.0,1900.0
2025-07-04,UHCTPFGAGO06,3DE Technology Prototype Solutions Pvt Ltd (Casting),41.0,0.0,41.0,380.0,15580.0
2025-07-04,UHCTPFGAGO07,3DE Technology Prototype Solutions Pvt Ltd (Casting),117.0,0.0,117.0,380.0,44460.0
2025-07-04,UHCTPFGAGO08,3DE Technology Prototype Solutions Pvt Ltd (Casting),39.0,0.0,39.0,380.0,14820.0
2025-07-04,UHCTPFGAGO09,3DE Technology Prototype Solutions Pvt Ltd (Casting),230.0,0.0,230.0,380.0,87400.0
2025-07-04,UHCTPFGAGS05,3DE Technology Prototype Solutions Pvt Ltd (Casting),11.0,0.0,11.0,380.0,4180.0
2025-07-04,UHCTPFGAGS06,3DE Technology Prototype Solutions Pvt Ltd (Casting),9.0,0.0,9.0,380.0,3420.0
2025-07-04,UHCTPFGAGS07,3DE Technology Prototype Solutions Pvt Ltd (Casting),3.0,0.0,3.0,380.0,1140.0
2025-07-04,UHCTPFGAGS08,3DE Technology Prototype Solutions Pvt Ltd (Casting),20.0,0.0,20.0,380.0,7600.0
2025-07-04,UHCTPFGAGS09,3DE Technology Prototype Solutions Pvt Ltd (Casting),1.0,0.0,1.0,380.0,380.0
2025-07-04,UHCTPFGAGS11,3DE Technology Prototype Solutions Pvt Ltd (Casting),17.0,0.0,17.0,380.0,6460.0
2025-07-04,UHCTPFGAGS12,3DE Technology Prototype Solutions Pvt Ltd (Casting),2.0,0.0,2.0,190.0,380.0
2025-07-04,UHCTPFGASO06,3DE Technology Prototype Solutions Pvt Ltd (Casting),21.0,0.0,21.0,380.0,7980.0
2025-07-04,UHCTPFGASO07,3DE Technology Prototype Solutions Pvt Ltd (Casting),8.0,0.0,8.0,380.0,3040.0
2025-07-04,UHCTPFGASS07,3DE Technology Prototype Solutions Pvt Ltd (Casting),2.0,0.0,2.0,380.0,760.0
2025-07-04,UHCTPFGASS08,3DE Technology Prototype Solutions Pvt Ltd (Casting),3.0,0.0,3.0,380.0,1140.0
2025-07-04,UHCTPFGASS10,3DE Technology Prototype Solutions Pvt Ltd (Casting),38.0,0.0,38.0,190.0,7220.0
2025-07-04,UHCTPFGASS11,3DE Technology Prototype Solutions Pvt Ltd (Casting),11.0,0.0,11.0,293.64,3230.0
2025-07-04,UHCTPFGMGS09,3DE Technology Prototype Solutions Pvt Ltd (Casting),46.0,0.0,46.0,380.0,17480.0
2025-07-04,UHCTPFGMGS10,3DE Technology Prototype Solutions Pvt Ltd (Casting),3.0,0.0,3.0,190.0,570.0
2025-07-04,UHCTPFGMGS11,3DE Technology Prototype Solutions Pvt Ltd (Casting),5.0,0.0,5.0,190.0,950.0
2025-07-04,UHCTPFGMGS12,3DE Technology Prototype Solutions Pvt Ltd (Casting),10.0,0.0,10.0,380.0,3800.0
2025-07-04,UHCTPFGMGS13,3DE Technology Prototype Solutions Pvt Ltd (Casting),9.0,0.0,9.0,190.0,1710.0
2025-07-04,UHCTPFGRTS05,3DE Technology Prototype Solutions Pvt Ltd (Casting),5.0,0.0,5.0,380.0,1900.0
2025-07-04,UHCTPFGRTS07,3DE Technology Prototype Solutions Pvt Ltd (Casting),1.0,0.0,1.0,380.0,380.0
2025-07-04,UHCTPFGRTS09,3DE Technology Prototype Solutions Pvt Ltd (Casting),4.0,0.0,4.0,380.0,1520.0
2025-07-04,UHCTPFGRTS13,3DE Technology Prototype Solutions Pvt Ltd (Casting),11.0,0.0,11.0,380.0,4180.0
2025-07-04,UHDIODIO100V,Avnet Asia Pte Ltd,40000.0,0.0,40000.0,0.01,312.0
2025-07-04,UHICHANA4124,Macnica Cytech Pte Ltd,30000.0,0.0,30000.0,205.59,6167822.7
2025-07-04,UHICHNRF5284,MILLENNIUM SEMICONDUCTORS INDIA PRIVATE LIMITED,147000.0,0.0,147000.0,150.83,22172010.0
2025-07-04,UHICHTEXTMP1,ARROW ELECTRONICS ASIA (S) PTE LTD,102000.0,0.0,102000.0,11.16,1137879.36
2025-07-04,UHINDMUR1OUH,ARROW ELECTRONICS ASIA (S) PTE LTD,120000.0,0.0,120000.0,2.1,252030.53
2025-07-04,UHLROODALVR,OODA INDUSTRIAL PRODUCTS,50000.0,0.0,50000.0,8.35,417500.0
2025-07-04,UHOSCECS27MH,Avnet Asia Pte Ltd,60000.0,0.0,60000.0,0.32,19200.0
2025-07-04,UHRD3PLTRNR,Fabforma Technologies Private Limited,260.0,0.0,260.0,225.0,58500.0
2025-07-04,UHRDATNAPAD,"Shenzhen BZ Tape Co., Ltd.",100.0,0.0,100.0,11.42,1141.92
2025-07-04,UHRDDOCKBAE,Fabforma Technologies Private Limited,25.0,0.0,25.0,80.0,2000.0
2025-07-04,UHRDDOCKTOP,Fabforma Technologies Private Limited,25.0,0.0,25.0,75.0,1875.0
2025-07-04,UHRDMOLDV22,Fabforma Technologies Private Limited,24.0,0.0,24.0,300.0,7200.0
2025-07-04,UHRDUWRSTBM,Fabforma Technologies Private Limited,25.0,0.0,25.0,100.0,2500.0
2025-07-04,UHRDUWRSTOP,Fabforma Technologies Private Limited,25.0,0.0,25.0,160.0,4000.0
2025-07-04,UHRESPAN01KO,Avnet Asia Pte Ltd,165000.0,0.0,165000.0,0.0,330.0
2025-07-04,UHRESPAN1MOH,Avnet Asia Pte Ltd,120000.0,0.0,120000.0,0.0,240.0
2025-07-04,UHRESPAN47KO,Avnet Asia Pte Ltd,630000.0,0.0,630000.0,0.0,1890.0
2025-07-04,UHRING1.6PCBA,Zreyah Semiconductor Systems Pvt. Ltd.,3549.0,0.0,3549.0,190.0,674310.0
2025-07-04,UHRSOODALVR,OODA INDUSTRIAL PRODUCTS,100000.0,0.0,100000.0,9.82,982100.0
2025-07-05,UHCTPFGAAO05,3DE Technology Prototype Solutions Pvt Ltd (Casting),57.0,0.0,57.0,380.0,21660.0
2025-07-05,UHCTPFGAAO06,3DE Technology Prototype Solutions Pvt Ltd (Casting),95.0,0.0,95.0,380.0,36100.0
2025-07-05,UHCTPFGAAO07,3DE Technology Prototype Solutions Pvt Ltd (Casting),277.0,0.0,277.0,380.0,105260.0
2025-07-05,UHCTPFGAAO07,MAKENICA PRIVATE LIMITED (Casting),18.0,0.0,18.0,380.0,6840.0
2025-07-05,UHCTPFGAAO08,3DE Technology Prototype Solutions Pvt Ltd (Casting),284.0,0.0,284.0,380.0,107920.0
2025-07-05,UHCTPFGAAO08,MAKENICA PRIVATE LIMITED (Casting),48.0,0.0,48.0,380.0,18240.0
2025-07-05,UHCTPFGAAO09,3DE Technology Prototype Solutions Pvt Ltd (Casting),407.0,0.0,407.0,380.0,154660.0
2025-07-05,UHCTPFGAAO09,MAKENICA PRIVATE LIMITED (Casting),20.0,0.0,20.0,380.0,7600.0
2025-07-05,UHCTPFGAAO10,3DE Technology Prototype Solutions Pvt Ltd (Casting),103.0,0.0,103.0,380.0,39140.0
2025-07-05,UHCTPFGAAO11,3DE Technology Prototype Solutions Pvt Ltd (Casting),82.0,0.0,82.0,380.0,31160.0
2025-07-05,UHCTPFGAAO12,3DE Technology Prototype Solutions Pvt Ltd (Casting),80.0,0.0,80.0,380.0,30400.0
2025-07-05,UHCTPFGAAO13,3DE Technology Prototype Solutions Pvt Ltd (Casting),22.0,0.0,22.0,380.0,8360.0
2025-07-05,UHCTPFGAAS06,3DE Technology Prototype Solutions Pvt Ltd (Casting),11.0,0.0,11.0,190.0,2090.0
2025-07-05,UHCTPFGAAS07,3DE Technology Prototype Solutions Pvt Ltd (Casting),16.0,0.0,16.0,380.0,6080.0
2025-07-05,UHCTPFGAAS07,MAKENICA PRIVATE LIMITED (Casting),1.0,0.0,1.0,380.0,380.0
2025-07-05,UHCTPFGAAS08,3DE Technology Prototype Solutions Pvt Ltd (Casting),2.0,0.0,2.0,380.0,760.0
2025-07-05,UHCTPFGAAS09,3DE Technology Prototype Solutions Pvt Ltd (Casting),36.0,0.0,36.0,380.0,13680.0
2025-07-05,UHCTPFGAAS09,MAKENICA PRIVATE LIMITED (Casting),15.0,0.0,15.0,380.0,5700.0
2025-07-05,UHCTPFGAAS10,3DE Technology Prototype Solutions Pvt Ltd (Casting),4.0,0.0,4.0,380.0,1520.0
2025-07-05,UHCTPFGAAS11,3DE Technology Prototype Solutions Pvt Ltd (Casting),65.0,0.0,65.0,190.0,12350.0
2025-07-05,UHCTPFGAAS12,3DE Technology Prototype Solutions Pvt Ltd (Casting),30.0,0.0,30.0,190.0,5700.0
2025-07-05,UHCTPFGAAS13,3DE Technology Prototype Solutions Pvt Ltd (Casting),19.0,0.0,19.0,360.0,6840.0
2025-07-05,UHCTPFGAAS14,3DE Technology Prototype Solutions Pvt Ltd (Casting),12.0,0.0,12.0,380.0,4560.0
2025-07-05,UHCTPFGAGO05,3DE Technology Prototype Solutions Pvt Ltd (Casting),98.0,0.0,98.0,380.0,37240.0
2025-07-05,UHCTPFGAGO06,3DE Technology Prototype Solutions Pvt Ltd (Casting),540.0,0.0,540.0,380.0,205200.0
2025-07-05,UHCTPFGAGO06,MAKENICA PRIVATE LIMITED (Casting),72.0,0.0,72.0,380.0,27360.0
2025-07-05,UHCTPFGAGO07,3DE Technology Prototype Solutions Pvt Ltd (Casting),2247.0,0.0,2247.0,227.46,511100.0
2025-07-05,UHCTPFGAGO07,MAKENICA PRIVATE LIMITED (Casting),101.0,0.0,101.0,380.0,38380.0
2025-07-05,UHCTPFGAGO08,3DE Technology Prototype Solutions Pvt Ltd (Casting),564.0,0.0,564.0,352.38,198740.0
2025-07-05,UHCTPFGAGO08,MAKENICA PRIVATE LIMITED (Casting),30.0,0.0,30.0,380.0,11400.0
2025-07-05,UHCTPFGAGO09,3DE Technology Prototype Solutions Pvt Ltd (Casting),222.0,0.0,222.0,380.0,84360.0
2025-07-05,UHCTPFGAGO09,MAKENICA PRIVATE LIMITED (Casting),32.0,0.0,32.0,380.0,12160.0
2025-07-05,UHCTPFGAGO10,3DE Technology Prototype Solutions Pvt Ltd (Casting),2.0,0.0,2.0,380.0,760.0
2025-07-05,UHCTPFGAGO10,MAKENICA PRIVATE LIMITED (Casting),1.0,0.0,1.0,380.0,380.0
2025-07-05,UHCTPFGAGS05,3DE Technology Prototype Solutions Pvt Ltd (Casting),31.0,0.0,31.0,380.0,11780.0
2025-07-05,UHCTPFGAGS06,3DE Technology Prototype Solutions Pvt Ltd (Casting),377.0,0.0,377.0,380.0,143260.0
2025-07-05,UHCTPFGAGS06,MAKENICA PRIVATE LIMITED (Casting),19.0,0.0,19.0,380.0,7220.0
2025-07-05,UHCTPFGAGS07,3DE Technology Prototype Solutions Pvt Ltd (Casting),860.0,0.0,860.0,380.0,326800.0
2025-07-05,UHCTPFGAGS07,MAKENICA PRIVATE LIMITED (Casting),28.0,0.0,28.0,380.0,10640.0
2025-07-05,UHCTPFGAGS08,3DE Technology Prototype Solutions Pvt Ltd (Casting),1655.0,0.0,1655.0,322.25,533330.0
2025-07-05,UHCTPFGAGS08,MAKENICA PRIVATE LIMITED (Casting),92.0,0.0,92.0,380.0,34960.0
2025-07-05,UHCTPFGAGS09,3DE Technology Prototype Solutions Pvt Ltd (Casting),106.0,0.0,106.0,233.02,24700.0
2025-07-05,UHCTPFGAGS09,MAKENICA PRIVATE LIMITED (Casting),10.0,0.0,10.0,380.0,3800.0
2025-07-05,UHCTPFGAGS10,3DE Technology Prototype Solutions Pvt Ltd (Casting),285.0,0.0,285.0,380.0,108300.0
2025-07-05,UHCTPFGAGS10,MAKENICA PRIVATE LIMITED (Casting),9.0,0.0,9.0,380.0,3420.0
2025-07-05,UHCTPFGAGS11,3DE Technology Prototype Solutions Pvt Ltd (Casting),111.0,0.0,111.0,246.49,27360.0
2025-07-05,UHCTPFGAGS12,3DE Technology Prototype Solutions Pvt Ltd (Casting),33.0,0.0,33.0,190.0,6270.0
2025-07-05,UHCTPFGAGS13,3DE Technology Prototype Solutions Pvt Ltd (Casting),23.0,0.0,23.0,380.0,8740.0
2025-07-05,UHCTPFGAGS14,3DE Technology Prototype Solutions Pvt Ltd (Casting),11.0,0.0,11.0,380.0,4180.0
2025-07-05,UHCTPFGASO05,3DE Technology Prototype Solutions Pvt Ltd (Casting),1.0,0.0,1.0,0.0,0.0
2025-07-05,UHCTPFGASO06,3DE Technology Prototype Solutions Pvt Ltd (Casting),216.0,0.0,216.0,380.0,82080.0
2025-07-05,UHCTPFGASO06,MAKENICA PRIVATE LIMITED (Casting),2.0,0.0,2.0,380.0,760.0
2025-07-05,UHCTPFGASO07,3DE Technology Prototype Solutions Pvt Ltd (Casting),115.0,0.0,115.0,380.0,43700.0
2025-07-05,UHCTPFGASO07,MAKENICA PRIVATE LIMITED (Casting),60.0,0.0,60.0,380.0,22800.0
2025-07-05,UHCTPFGASO08,3DE Technology Prototype Solutions Pvt Ltd (Casting),6.0,0.0,6.0,126.67,760.0
2025-07-05,UHCTPFGASO08,MAKENICA PRIVATE LIMITED (Casting),20.0,0.0,20.0,380.0,7600.0
2025-07-05,UHCTPFGASS05,3DE Technology Prototype Solutions Pvt Ltd (Casting),88.0,0.0,88.0,380.0,33440.0
2025-07-05,UHCTPFGASS06,3DE Technology Prototype Solutions Pvt Ltd (Casting),126.0,0.0,126.0,191.51,24130.0
2025-07-05,UHCTPFGASS06,MAKENICA PRIVATE LIMITED (Casting),1.0,0.0,1.0,380.0,380.0
2025-07-05,UHCTPFGASS07,3DE Technology Prototype Solutions Pvt Ltd (Casting),409.0,0.0,409.0,380.0,155420.0
2025-07-05,UHCTPFGASS07,MAKENICA PRIVATE LIMITED (Casting),1.0,0.0,1.0,380.0,380.0
2025-07-05,UHCTPFGASS08,3DE Technology Prototype Solutions Pvt Ltd (Casting),115.0,0.0,115.0,361.83,41610.0
2025-07-05,UHCTPFGASS09,3DE Technology Prototype Solutions Pvt Ltd (Casting),20.0,0.0,20.0,380.0,7600.0
2025-07-05,UHCTPFGASS10,3DE Technology Prototype Solutions Pvt Ltd (Casting),260.0,0.0,260.0,249.19,64790.0
2025-07-05,UHCTPFGASS10,MAKENICA PRIVATE LIMITED (Casting),96.0,0.0,96.0,380.0,36480.0
2025-07-05,UHCTPFGASS11,3DE Technology Prototype Solutions Pvt Ltd (Casting),184.0,0.0,184.0,230.27,42370.0
2025-07-05,UHCTPFGASS12,3DE Technology Prototype Solutions Pvt Ltd (Casting),16.0,0.0,16.0,213.75,3420.0
2025-07-05,UHCTPFGASS13,3DE Technology Prototype Solutions Pvt Ltd (Casting),18.0,0.0,18.0,211.11,3800.0
2025-07-05,UHCTPFGBRGO05,3DE Technology Prototype Solutions Pvt Ltd (Casting),3.0,0.0,3.0,380.0,1140.0
2025-07-05,UHCTPFGBRGO06,3DE Technology Prototype Solutions Pvt Ltd (Casting),7.0,0.0,7.0,380.0,2660.0
2025-07-05,UHCTPFGBRGO07,3DE Technology Prototype Solutions Pvt Ltd (Casting),13.0,0.0,13.0,1470.43,19115.59
2025-07-05,UHCTPFGBRGO08,3DE Technology Prototype Solutions Pvt Ltd (Casting),9.0,0.0,9.0,380.0,3420.0
2025-07-05,UHCTPFGBRGO09,3DE Technology Prototype Solutions Pvt Ltd (Casting),22.0,0.0,22.0,380.0,8360.0
2025-07-05,UHCTPFGBRGO13,3DE Technology Prototype Solutions Pvt Ltd (Casting),2.0,0.0,2.0,380.0,760.0
2025-07-05,UHCTPFGMGO08,MAKENICA PRIVATE LIMITED (Casting),1.0,0.0,1.0,380.0,380.0
2025-07-05,UHCTPFGMGO09,3DE Technology Prototype Solutions Pvt Ltd (Casting),2.0,0.0,2.0,380.0,760.0
2025-07-05,UHCTPFGMGO09,MAKENICA PRIVATE LIMITED (Casting),2.0,0.0,2.0,380.0,760.0
2025-07-05,UHCTPFGMGS05,3DE Technology Prototype Solutions Pvt Ltd (Casting),2.0,0.0,2.0,380.0,760.0
2025-07-05,UHCTPFGMGS06,3DE Technology Prototype Solutions Pvt Ltd (Casting),131.0,0.0,131.0,380.0,49780.0
2025-07-05,UHCTPFGMGS07,3DE Technology Prototype Solutions Pvt Ltd (Casting),486.0,0.0,486.0,228.7,111150.0
2025-07-05,UHCTPFGMGS07,MAKENICA PRIVATE LIMITED (Casting),1.0,0.0,1.0,380.0,380.0
2025-07-05,UHCTPFGMGS08,3DE Technology Prototype Solutions Pvt Ltd (Casting),69.0,0.0,69.0,368.99,25460.0
2025-07-05,UHCTPFGMGS09,3DE Technology Prototype Solutions Pvt Ltd (Casting),441.0,0.0,441.0,271.0,119510.0
2025-07-05,UHCTPFGMGS10,3DE Technology Prototype Solutions Pvt Ltd (Casting),65.0,0.0,65.0,195.85,12730.0
2025-07-05,UHCTPFGMGS10,MAKENICA PRIVATE LIMITED (Casting),4.0,0.0,4.0,380.0,1520.0
2025-07-05,UHCTPFGMGS11,3DE Technology Prototype Solutions Pvt Ltd (Casting),122.0,0.0,122.0,213.36,26030.0
2025-07-05,UHCTPFGMGS12,3DE Technology Prototype Solutions Pvt Ltd (Casting),180.0,0.0,180.0,332.5,59850.0
2025-07-05,UHCTPFGMGS13,3DE Technology Prototype Solutions Pvt Ltd (Casting),127.0,0.0,127.0,239.37,30400.0
2025-07-05,UHCTPFGMGS14,3DE Technology Prototype Solutions Pvt Ltd (Casting),44.0,0.0,44.0,228.86,10070.0
2025-07-05,UHCTPFGRTS05,3DE Technology Prototype Solutions Pvt Ltd (Casting),31.0,0.0,31.0,380.0,11780.0
2025-07-05,UHCTPFGRTS06,3DE Technology Prototype Solutions Pvt Ltd (Casting),29.0,0.0,29.0,196.55,5700.0
2025-07-05,UHCTPFGRTS06,MAKENICA PRIVATE LIMITED (Casting),10.0,0.0,10.0,380.0,3800.0
2025-07-05,UHCTPFGRTS07,3DE Technology Prototype Solutions Pvt Ltd (Casting),90.0,0.0,90.0,342.0,30780.0
2025-07-05,UHCTPFGRTS07,MAKENICA PRIVATE LIMITED (Casting),34.0,0.0,34.0,380.0,12920.0
2025-07-05,UHCTPFGRTS08,3DE Technology Prototype Solutions Pvt Ltd (Casting),82.0,0.0,82.0,192.32,15770.0
2025-07-05,UHCTPFGRTS09,3DE Technology Prototype Solutions Pvt Ltd (Casting),159.0,0.0,159.0,348.93,55480.0
2025-07-05,UHCTPFGRTS10,3DE Technology Prototype Solutions Pvt Ltd (Casting),163.0,0.0,163.0,304.23,49590.0
2025-07-05,UHCTPFGRTS10,MAKENICA PRIVATE LIMITED (Casting),7.0,0.0,7.0,380.0,2660.0
2025-07-05,UHCTPFGRTS11,3DE Technology Prototype Solutions Pvt Ltd (Casting),4.0,0.0,4.0,190.0,760.0
2025-07-05,UHCTPFGRTS12,3DE Technology Prototype Solutions Pvt Ltd (Casting),54.0,0.0,54.0,380.0,20520.0
2025-07-05,UHCTPFGRTS13,3DE Technology Prototype Solutions Pvt Ltd (Casting),43.0,0.0,43.0,380.0,16340.0
2025-07-05,UHCTPFGRTS14,3DE Technology Prototype Solutions Pvt Ltd (Casting),18.0,0.0,18.0,369.44,6650.0
2025-07-06,UHCTPFGAAS09,MAKENICA PRIVATE LIMITED (Casting),15.0,0.0,15.0,380.0,5700.0
2025-07-06,UHCTPFGAGO06,MAKENICA PRIVATE LIMITED (Casting),3.0,0.0,3.0,380.0,1140.0
2025-07-06,UHCTPFGAGO07,MAKENICA PRIVATE LIMITED (Casting),3.0,0.0,3.0,380.0,1140.0
2025-07-06,UHCTPFGAGO09,MAKENICA PRIVATE LIMITED (Casting),9.0,0.0,9.0,380.0,3420.0
2025-07-06,UHCTPFGAGS06,MAKENICA PRIVATE LIMITED (Casting),3.0,0.0,3.0,380.0,1140.0
2025-07-06,UHCTPFGAGS07,MAKENICA PRIVATE LIMITED (Casting),8.0,0.0,8.0,380.0,3040.0
2025-07-06,UHCTPFGAGS08,MAKENICA PRIVATE LIMITED (Casting),7.0,0.0,7.0,380.0,2660.0
2025-07-06,UHCTPFGAGS09,MAKENICA PRIVATE LIMITED (Casting),13.0,0.0,13.0,380.0,4940.0
2025-07-06,UHCTPFGAGS10,MAKENICA PRIVATE LIMITED (Casting),1.0,0.0,1.0,380.0,380.0
2025-07-06,UHCTPFGASO06,MAKENICA PRIVATE LIMITED (Casting),1.0,0.0,1.0,380.0,380.0
2025-07-06,UHCTPFGASO07,MAKENICA PRIVATE LIMITED (Casting),9.0,0.0,9.0,380.0,3420.0
2025-07-06,UHCTPFGASO08,MAKENICA PRIVATE LIMITED (Casting),1.0,0.0,1.0,380.0,380.0
2025-07-06,UHCTPFGASO09,MAKENICA PRIVATE LIMITED (Casting),1.0,0.0,1.0,380.0,380.0
2025-07-06,UHCTPFGASS09,MAKENICA PRIVATE LIMITED (Casting),1.0,0.0,1.0,380.0,380.0
2025-07-06,UHCTPFGASS10,MAKENICA PRIVATE LIMITED (Casting),9.0,0.0,9.0,380.0,3420.0
2025-07-06,UHCTPFGMGS08,MAKENICA PRIVATE LIMITED (Casting),3.0,0.0,3.0,380.0,1140.0
2025-07-08,UHCTPFGAAO05,3DE Technology Prototype Solutions Pvt Ltd (Casting),9.0,0.0,9.0,380.0,3420.0
2025-07-08,UHCTPFGAAO06,3DE Technology Prototype Solutions Pvt Ltd (Casting),12.0,0.0,12.0,380.0,4560.0
2025-07-08,UHCTPFGAAO07,3DE Technology Prototype Solutions Pvt Ltd (Casting),3.0,0.0,3.0,380.0,1140.0
2025-07-08,UHCTPFGAAO08,3DE Technology Prototype Solutions Pvt Ltd (Casting),33.0,0.0,33.0,380.0,12540.0
2025-07-08,UHCTPFGAAO09,3DE Technology Prototype Solutions Pvt Ltd (Casting),27.0,0.0,27.0,380.0,10260.0
2025-07-08,UHCTPFGAAO10,3DE Technology Prototype Solutions Pvt Ltd (Casting),16.0,0.0,16.0,380.0,6080.0
2025-07-08,UHCTPFGAAO11,3DE Technology Prototype Solutions Pvt Ltd (Casting),4.0,0.0,4.0,380.0,1520.0
2025-07-08,UHCTPFGAAO13,3DE Technology Prototype Solutions Pvt Ltd (Casting),44.0,0.0,44.0,380.0,16720.0
2025-07-08,UHCTPFGAAS05,3DE Technology Prototype Solutions Pvt Ltd (Casting),3.0,0.0,3.0,380.0,1140.0
2025-07-08,UHCTPFGAAS06,3DE Technology Prototype Solutions Pvt Ltd (Casting),1.0,0.0,1.0,190.0,190.0
2025-07-08,UHCTPFGAAS07,3DE Technology Prototype Solutions Pvt Ltd (Casting),12.0,0.0,12.0,380.0,4560.0
2025-07-08,UHCTPFGAAS08,3DE Technology Prototype Solutions Pvt Ltd (Casting),1.0,0.0,1.0,380.0,380.0
2025-07-08,UHCTPFGAAS09,3DE Technology Prototype Solutions Pvt Ltd (Casting),1.0,0.0,1.0,380.0,380.0
2025-07-08,UHCTPFGAAS12,3DE Technology Prototype Solutions Pvt Ltd (Casting),5.0,0.0,5.0,190.0,950.0
2025-07-08,UHCTPFGAAS13,3DE Technology Prototype Solutions Pvt Ltd (Casting),3.0,0.0,3.0,190.0,570.0
2025-07-08,UHCTPFGAGO05,3DE Technology Prototype Solutions Pvt Ltd (Casting),5.0,0.0,5.0,380.0,1900.0
2025-07-08,UHCTPFGAGO08,3DE Technology Prototype Solutions Pvt Ltd (Casting),14.0,0.0,14.0,0.0,0.0
2025-07-08,UHCTPFGAGO09,3DE Technology Prototype Solutions Pvt Ltd (Casting),4.0,0.0,4.0,380.0,1520.0
2025-07-08,UHCTPFGAGS05,3DE Technology Prototype Solutions Pvt Ltd (Casting),61.0,0.0,61.0,380.0,23180.0
2025-07-08,UHCTPFGAGS06,3DE Technology Prototype Solutions Pvt Ltd (Casting),19.0,0.0,19.0,380.0,7220.0
2025-07-08,UHCTPFGAGS07,3DE Technology Prototype Solutions Pvt Ltd (Casting),78.0,0.0,78.0,380.0,29640.0
2025-07-08,UHCTPFGAGS08,3DE Technology Prototype Solutions Pvt Ltd (Casting),10.0,0.0,10.0,380.0,3800.0
2025-07-08,UHCTPFGAGS09,3DE Technology Prototype Solutions Pvt Ltd (Casting),1.0,0.0,1.0,190.0,190.0
2025-07-08,UHCTPFGAGS11,3DE Technology Prototype Solutions Pvt Ltd (Casting),30.0,0.0,30.0,278.67,8360.0
2025-07-08,UHCTPFGAGS12,3DE Technology Prototype Solutions Pvt Ltd (Casting),2.0,0.0,2.0,190.0,380.0
2025-07-08,UHCTPFGAGS13,3DE Technology Prototype Solutions Pvt Ltd (Casting),3.0,0.0,3.0,380.0,1140.0
2025-07-08,UHCTPFGAGS14,3DE Technology Prototype Solutions Pvt Ltd (Casting),3.0,0.0,3.0,380.0,1140.0
2025-07-08,UHCTPFGASO06,3DE Technology Prototype Solutions Pvt Ltd (Casting),1.0,0.0,1.0,380.0,380.0
2025-07-08,UHCTPFGASO07,3DE Technology Prototype Solutions Pvt Ltd (Casting),1.0,0.0,1.0,380.0,380.0
2025-07-08,UHCTPFGASO08,3DE Technology Prototype Solutions Pvt Ltd (Casting),1.0,0.0,1.0,0.0,0.0
2025-07-08,UHCTPFGASS07,3DE Technology Prototype Solutions Pvt Ltd (Casting),29.0,0.0,29.0,380.0,11020.0
2025-07-08,UHCTPFGASS08,3DE Technology Prototype Solutions Pvt Ltd (Casting),3.0,0.0,3.0,190.0,570.0
2025-07-08,UHCTPFGASS09,3DE Technology Prototype Solutions Pvt Ltd (Casting),11.0,0.0,11.0,380.0,4180.0
2025-07-08,UHCTPFGASS10,3DE Technology Prototype Solutions Pvt Ltd (Casting),16.0,0.0,16.0,380.0,6080.0
2025-07-08,UHCTPFGASS11,3DE Technology Prototype Solutions Pvt Ltd (Casting),25.0,0.0,25.0,380.0,9500.0
2025-07-08,UHCTPFGASS12,3DE Technology Prototype Solutions Pvt Ltd (Casting),5.0,0.0,5.0,190.0,950.0
2025-07-08,UHCTPFGASS13,3DE Technology Prototype Solutions Pvt Ltd (Casting),6.0,0.0,6.0,380.0,2280.0
2025-07-08,UHCTPFGBRGO06,3DE Technology Prototype Solutions Pvt Ltd (Casting),1.0,0.0,1.0,380.0,380.0
2025-07-08,UHCTPFGMGS05,3DE Technology Prototype Solutions Pvt Ltd (Casting),1.0,0.0,1.0,380.0,380.0
2025-07-08,UHCTPFGMGS07,3DE Technology Prototype Solutions Pvt Ltd (Casting),30.0,0.0,30.0,190.0,5700.0
2025-07-08,UHCTPFGMGS08,3DE Technology Prototype Solutions Pvt Ltd (Casting),6.0,0.0,6.0,190.0,1140.0
2025-07-08,UHCTPFGMGS09,3DE Technology Prototype Solutions Pvt Ltd (Casting),66.0,0.0,66.0,190.0,12540.0
2025-07-08,UHCTPFGMGS10,3DE Technology Prototype Solutions Pvt Ltd (Casting),5.0,0.0,5.0,190.0,950.0
2025-07-08,UHCTPFGMGS11,3DE Technology Prototype Solutions Pvt Ltd (Casting),8.0,0.0,8.0,190.0,1520.0
2025-07-08,UHCTPFGMGS12,3DE Technology Prototype Solutions Pvt Ltd (Casting),1.0,0.0,1.0,190.0,190.0
2025-07-08,UHCTPFGMGS14,3DE Technology Prototype Solutions Pvt Ltd (Casting),7.0,0.0,7.0,380.0,2660.0
2025-07-08,UHCTPFGRTS05,3DE Technology Prototype Solutions Pvt Ltd (Casting),13.0,0.0,13.0,380.0,4940.0
2025-07-08,UHCTPFGRTS06,3DE Technology Prototype Solutions Pvt Ltd (Casting),3.0,0.0,3.0,190.0,570.0
2025-07-08,UHCTPFGRTS07,3DE Technology Prototype Solutions Pvt Ltd (Casting),1.0,0.0,1.0,380.0,380.0
2025-07-08,UHCTPFGRTS08,3DE Technology Prototype Solutions Pvt Ltd (Casting),3.0,0.0,3.0,190.0,570.0
2025-07-08,UHCTPFGRTS10,3DE Technology Prototype Solutions Pvt Ltd (Casting),3.0,0.0,3.0,190.0,570.0
2025-07-08,UHCTPFGRTS11,3DE Technology Prototype Solutions Pvt Ltd (Casting),3.0,0.0,3.0,190.0,570.0
2025-07-08,UHCTPFGRTS13,3DE Technology Prototype Solutions Pvt Ltd (Casting),4.0,0.0,4.0,380.0,1520.0
2025-07-08,UHCTPFGRTS14,3DE Technology Prototype Solutions Pvt Ltd (Casting),5.0,0.0,5.0,380.0,1900.0
2025-07-11,UHCTPFGAAO07,3DE Technology Prototype Solutions Pvt Ltd (Casting),87.0,0.0,87.0,380.0,33060.0
2025-07-11,UHCTPFGAGO07,3DE Technology Prototype Solutions Pvt Ltd (Casting),66.0,0.0,66.0,380.0,25080.0
2025-07-11,UHCTPFGAGS05,3DE Technology Prototype Solutions Pvt Ltd (Casting),101.0,0.0,101.0,380.0,38380.0
2025-07-11,UHCTPFGAGS06,3DE Technology Prototype Solutions Pvt Ltd (Casting),214.0,0.0,214.0,380.0,81320.0
2025-07-11,UHCTPFGAGS08,3DE Technology Prototype Solutions Pvt Ltd (Casting),280.0,0.0,280.0,380.0,106400.0
2025-07-11,UHCTPFGAGS09,3DE Technology Prototype Solutions Pvt Ltd (Casting),70.0,0.0,70.0,380.0,26600.0
2025-07-11,UHCTPFGAGS11,3DE Technology Prototype Solutions Pvt Ltd (Casting),68.0,0.0,68.0,380.0,25840.0
2025-07-11,UHCTPFGASS07,3DE Technology Prototype Solutions Pvt Ltd (Casting),137.0,0.0,137.0,380.0,52060.0
2025-07-11,UHCTPFGASS08,3DE Technology Prototype Solutions Pvt Ltd (Casting),60.0,0.0,60.0,380.0,22800.0
2025-07-11,UHCTPFGASS09,3DE Technology Prototype Solutions Pvt Ltd (Casting),204.0,0.0,204.0,380.0,77520.0
2025-07-11,UHCTPFGASS10,3DE Technology Prototype Solutions Pvt Ltd (Casting),63.0,0.0,63.0,380.0,23940.0
2025-07-11,UHCTPFGBRGO07,3DE Technology Prototype Solutions Pvt Ltd (Casting),57.0,0.0,57.0,380.0,21660.0
2025-07-11,UHCTPFGMGS06,3DE Technology Prototype Solutions Pvt Ltd (Casting),129.0,0.0,129.0,380.0,49020.0
2025-07-11,UHCTPFGMGS07,3DE Technology Prototype Solutions Pvt Ltd (Casting),110.0,0.0,110.0,380.0,41800.0
2025-07-11,UHCTPFGMGS08,3DE Technology Prototype Solutions Pvt Ltd (Casting),91.0,0.0,91.0,380.0,34580.0
2025-07-11,UHCTPFGMGS09,3DE Technology Prototype Solutions Pvt Ltd (Casting),118.0,0.0,118.0,190.0,22420.0
2025-07-11,UHCTPFGMGS11,3DE Technology Prototype Solutions Pvt Ltd (Casting),79.0,0.0,79.0,380.0,30020.0
2025-07-11,UHCTPFGRTS08,3DE Technology Prototype Solutions Pvt Ltd (Casting),81.0,0.0,81.0,380.0,30780.0
2025-07-12,UHC2PCBAREV21,Zreyah Semiconductor Systems Pvt. Ltd.,10068.0,0.0,10068.0,50.0,503400.0
2025-07-12,UHCTPFGAGO06,3DE Technology Prototype Solutions Pvt Ltd (Casting),55.0,0.0,55.0,380.0,20900.0
2025-07-12,UHCTPFGAGO08,3DE Technology Prototype Solutions Pvt Ltd (Casting),56.0,0.0,56.0,380.0,21280.0
2025-07-12,UHCTPFGMGS13,3DE Technology Prototype Solutions Pvt Ltd (Casting),48.0,0.0,48.0,380.0,18240.0
2025-07-15,UHC2PCBAREV21,Zreyah Semiconductor Systems Pvt. Ltd.,5400.0,0.0,5400.0,50.0,270000.0
2025-07-15,UHCHA2BASS07,Aaru Plastics,3008.0,0.0,3008.0,235.0,706880.0
2025-07-15,UHCHA2BASS08,Aaru Plastics,3008.0,0.0,3008.0,235.0,706880.0
2025-07-15,UHCHA2BASS10,Aaru Plastics,440.0,0.0,440.0,235.0,103400.0
2025-07-15,UHCHARTOPS12,Aaru Plastics,1000.0,0.0,1000.0,34.0,34000.0
2025-07-15,UHRING1.6PCBA,SVTRONICS India Private Limited,1200.0,0.0,1200.0,75.0,90000.0
2025-07-16,UH0.2MIRROR05,HANAV MANUFACTURING AND BUSINESS PRIVATE LIMITED,5.0,0.0,5.0,530.0,2650.0
2025-07-16,UH0.2MIRROR06,HANAV MANUFACTURING AND BUSINESS PRIVATE LIMITED,12.0,0.0,12.0,530.0,6360.0
2025-07-16,UH0.2MIRROR07,HANAV MANUFACTURING AND BUSINESS PRIVATE LIMITED,92.0,0.0,92.0,530.0,48760.0
2025-07-16,UH0.2MIRROR08,HANAV MANUFACTURING AND BUSINESS PRIVATE LIMITED,10.0,0.0,10.0,530.0,5300.0
2025-07-16,UH0.2MIRROR09,HANAV MANUFACTURING AND BUSINESS PRIVATE LIMITED,70.0,0.0,70.0,530.0,37100.0
2025-07-16,UH0.2MIRROR10,HANAV MANUFACTURING AND BUSINESS PRIVATE LIMITED,14.0,0.0,14.0,530.0,7420.0
2025-07-16,UH0.2MIRROR13,HANAV MANUFACTURING AND BUSINESS PRIVATE LIMITED,2.0,0.0,2.0,530.0,1060.0
2025-07-16,UHRING1.6PCBA,RLogic Technology Services (India) Pvt. Ltd.,3988.0,0.0,3988.0,75.0,299100.0
2025-07-16,UHRING1.6PCBA,SVTRONICS India Private Limited,840.0,0.0,840.0,75.0,63000.0
2025-07-17,UHCTPFGAAO05,3DE Technology Prototype Solutions Pvt Ltd (Casting),19.0,0.0,19.0,380.0,7220.0
2025-07-17,UHCTPFGAAO06,3DE Technology Prototype Solutions Pvt Ltd (Casting),23.0,0.0,23.0,380.0,8740.0
2025-07-17,UHCTPFGAAO07,3DE Technology Prototype Solutions Pvt Ltd (Casting),18.0,0.0,18.0,380.0,6840.0
2025-07-17,UHCTPFGAAO07,MAKENICA PRIVATE LIMITED (Casting),3.0,0.0,3.0,380.0,1140.0
2025-07-17,UHCTPFGAAO08,3DE Technology Prototype Solutions Pvt Ltd (Casting),21.0,0.0,21.0,380.0,7980.0
2025-07-17,UHCTPFGAAO08,MAKENICA PRIVATE LIMITED (Casting),2.0,0.0,2.0,380.0,760.0
2025-07-17,UHCTPFGAAO09,3DE Technology Prototype Solutions Pvt Ltd (Casting),18.0,0.0,18.0,380.0,6840.0
2025-07-17,UHCTPFGAAO09,MAKENICA PRIVATE LIMITED (Casting),5.0,0.0,5.0,380.0,1900.0
2025-07-17,UHCTPFGAAO10,3DE Technology Prototype Solutions Pvt Ltd (Casting),35.0,0.0,35.0,380.0,13300.0
2025-07-17,UHCTPFGAAO11,3DE Technology Prototype Solutions Pvt Ltd (Casting),21.0,0.0,21.0,380.0,7980.0
2025-07-17,UHCTPFGAAO12,3DE Technology Prototype Solutions Pvt Ltd (Casting),11.0,0.0,11.0,380.0,4180.0
2025-07-17,UHCTPFGAAO13,3DE Technology Prototype Solutions Pvt Ltd (Casting),3.0,0.0,3.0,380.0,1140.0
2025-07-17,UHCTPFGAAS05,3DE Technology Prototype Solutions Pvt Ltd (Casting),16.0,0.0,16.0,380.0,6080.0
2025-07-17,UHCTPFGAAS06,3DE Technology Prototype Solutions Pvt Ltd (Casting),19.0,0.0,19.0,380.0,7220.0
2025-07-17,UHCTPFGAAS07,3DE Technology Prototype Solutions Pvt Ltd (Casting),6.0,0.0,6.0,380.0,2280.0
2025-07-17,UHCTPFGAAS08,3DE Technology Prototype Solutions Pvt Ltd (Casting),28.0,0.0,28.0,380.0,10640.0
2025-07-17,UHCTPFGAAS08,MAKENICA PRIVATE LIMITED (Casting),2.0,0.0,2.0,380.0,760.0
2025-07-17,UHCTPFGAAS09,3DE Technology Prototype Solutions Pvt Ltd (Casting),55.0,0.0,55.0,380.0,20900.0
2025-07-17,UHCTPFGAAS09,MAKENICA PRIVATE LIMITED (Casting),6.0,0.0,6.0,380.0,2280.0
2025-07-17,UHCTPFGAAS10,3DE Technology Prototype Solutions Pvt Ltd (Casting),18.0,0.0,18.0,380.0,6840.0
2025-07-17,UHCTPFGAAS11,3DE Technology Prototype Solutions Pvt Ltd (Casting),49.0,0.0,49.0,380.0,18620.0
2025-07-17,UHCTPFGAAS12,3DE Technology Prototype Solutions Pvt Ltd (Casting),26.0,0.0,26.0,380.0,9880.0
2025-07-17,UHCTPFGAAS13,3DE Technology Prototype Solutions Pvt Ltd (Casting),4.0,0.0,4.0,380.0,1520.0
2025-07-17,UHCTPFGAAS14,3DE Technology Prototype Solutions Pvt Ltd (Casting),5.0,0.0,5.0,380.0,1900.0
2025-07-17,UHCTPFGAGO05,3DE Technology Prototype Solutions Pvt Ltd (Casting),32.0,0.0,32.0,380.0,12160.0
2025-07-17,UHCTPFGAGO07,MAKENICA PRIVATE LIMITED (Casting),15.0,0.0,15.0,380.0,5700.0
2025-07-17,UHCTPFGAGO08,MAKENICA PRIVATE LIMITED (Casting),13.0,0.0,13.0,380.0,4940.0
2025-07-17,UHCTPFGAGO09,MAKENICA PRIVATE LIMITED (Casting),9.0,0.0,9.0,380.0,3420.0
2025-07-17,UHCTPFGAGS06,MAKENICA PRIVATE LIMITED (Casting),7.0,0.0,7.0,380.0,2660.0
2025-07-17,UHCTPFGAGS07,MAKENICA PRIVATE LIMITED (Casting),14.0,0.0,14.0,380.0,5320.0
2025-07-17,UHCTPFGAGS08,MAKENICA PRIVATE LIMITED (Casting),33.0,0.0,33.0,380.0,12540.0
2025-07-17,UHCTPFGAGS09,MAKENICA PRIVATE LIMITED (Casting),9.0,0.0,9.0,380.0,3420.0
2025-07-17,UHCTPFGAGS10,3DE Technology Prototype Solutions Pvt Ltd (Casting),97.0,0.0,97.0,380.0,36860.0
2025-07-17,UHCTPFGAGS10,MAKENICA PRIVATE LIMITED (Casting),5.0,0.0,5.0,380.0,1900.0
2025-07-17,UHCTPFGAGS11,3DE Technology Prototype Solutions Pvt Ltd (Casting),66.0,0.0,66.0,380.0,25080.0
2025-07-17,UHCTPFGAGS12,3DE Technology Prototype Solutions Pvt Ltd (Casting),74.0,0.0,74.0,380.0,28120.0
2025-07-17,UHCTPFGAGS13,3DE Technology Prototype Solutions Pvt Ltd (Casting),26.0,0.0,26.0,380.0,9880.0
2025-07-17,UHCTPFGAGS14,3DE Technology Prototype Solutions Pvt Ltd (Casting),5.0,0.0,5.0,380.0,1900.0
2025-07-17,UHCTPFGASO05,3DE Technology Prototype Solutions Pvt Ltd (Casting),9.0,0.0,9.0,380.0,3420.0
2025-07-17,UHCTPFGASO05,MAKENICA PRIVATE LIMITED (Casting),2.0,0.0,2.0,380.0,760.0
2025-07-17,UHCTPFGASO06,3DE Technology Prototype Solutions Pvt Ltd (Casting),40.0,0.0,40.0,380.0,15200.0
2025-07-17,UHCTPFGASO06,MAKENICA PRIVATE LIMITED (Casting),2.0,0.0,2.0,380.0,760.0
2025-07-17,UHCTPFGASO07,MAKENICA PRIVATE LIMITED (Casting),21.0,0.0,21.0,380.0,7980.0
2025-07-17,UHCTPFGASO08,3DE Technology Prototype Solutions Pvt Ltd (Casting),26.0,0.0,26.0,380.0,9880.0
2025-07-17,UHCTPFGASO08,MAKENICA PRIVATE LIMITED (Casting),4.0,0.0,4.0,380.0,1520.0
2025-07-17,UHCTPFGASO09,3DE Technology Prototype Solutions Pvt Ltd (Casting),19.0,0.0,19.0,380.0,7220.0
2025-07-17,UHCTPFGASO09,MAKENICA PRIVATE LIMITED (Casting),2.0,0.0,2.0,380.0,760.0
2025-07-17,UHCTPFGASS05,3DE Technology Prototype Solutions Pvt Ltd (Casting),35.0,0.0,35.0,380.0,13300.0
2025-07-17,UHCTPFGASS06,3DE Technology Prototype Solutions Pvt Ltd (Casting),17.0,0.0,17.0,380.0,6460.0
2025-07-17,UHCTPFGASS07,3DE Technology Prototype Solutions Pvt Ltd (Casting),95.0,0.0,95.0,380.0,36100.0
2025-07-17,UHCTPFGASS07,MAKENICA PRIVATE LIMITED (Casting),2.0,0.0,2.0,380.0,760.0
2025-07-17,UHCTPFGASS08,3DE Technology Prototype Solutions Pvt Ltd (Casting),33.0,0.0,33.0,380.0,12540.0
2025-07-17,UHCTPFGASS09,3DE Technology Prototype Solutions Pvt Ltd (Casting),50.0,0.0,50.0,380.0,19000.0
2025-07-17,UHCTPFGASS10,3DE Technology Prototype Solutions Pvt Ltd (Casting),13.0,0.0,13.0,380.0,4940.0
2025-07-17,UHCTPFGASS10,MAKENICA PRIVATE LIMITED (Casting),2.0,0.0,2.0,380.0,760.0
2025-07-17,UHCTPFGASS11,3DE Technology Prototype Solutions Pvt Ltd (Casting),39.0,0.0,39.0,380.0,14820.0
2025-07-17,UHCTPFGASS12,3DE Technology Prototype Solutions Pvt Ltd (Casting),43.0,0.0,43.0,380.0,16340.0
2025-07-17,UHCTPFGASS13,3DE Technology Prototype Solutions Pvt Ltd (Casting),23.0,0.0,23.0,380.0,8740.0
2025-07-17,UHCTPFGBRGO05,3DE Technology Prototype Solutions Pvt Ltd (Casting),25.0,0.0,25.0,380.0,9500.0
2025-07-17,UHCTPFGBRGO06,3DE Technology Prototype Solutions Pvt Ltd (Casting),44.0,0.0,44.0,380.0,16720.0
2025-07-17,UHCTPFGBRGO07,3DE Technology Prototype Solutions Pvt Ltd (Casting),63.0,0.0,63.0,380.0,23940.0
2025-07-17,UHCTPFGBRGO08,3DE Technology Prototype Solutions Pvt Ltd (Casting),25.0,0.0,25.0,380.0,9500.0
2025-07-17,UHCTPFGBRGO09,3DE Technology Prototype Solutions Pvt Ltd (Casting),15.0,0.0,15.0,380.0,5700.0
2025-07-17,UHCTPFGMGO08,3DE Technology Prototype Solutions Pvt Ltd (Casting),13.0,0.0,13.0,380.0,4940.0
2025-07-17,UHCTPFGMGO08,MAKENICA PRIVATE LIMITED (Casting),2.0,0.0,2.0,380.0,760.0
2025-07-17,UHCTPFGMGO09,MAKENICA PRIVATE LIMITED (Casting),4.0,0.0,4.0,380.0,1520.0
2025-07-17,UHCTPFGMGS05,3DE Technology Prototype Solutions Pvt Ltd (Casting),52.0,0.0,52.0,380.0,19760.0
2025-07-17,UHCTPFGMGS06,3DE Technology Prototype Solutions Pvt Ltd (Casting),39.0,0.0,39.0,380.0,14820.0
2025-07-17,UHCTPFGMGS07,3DE Technology Prototype Solutions Pvt Ltd (Casting),58.0,0.0,58.0,380.0,22040.0
2025-07-17,UHCTPFGMGS08,3DE Technology Prototype Solutions Pvt Ltd (Casting),30.0,0.0,30.0,380.0,11400.0
2025-07-17,UHCTPFGMGS08,MAKENICA PRIVATE LIMITED (Casting),3.0,0.0,3.0,380.0,1140.0
2025-07-17,UHCTPFGMGS09,3DE Technology Prototype Solutions Pvt Ltd (Casting),66.0,0.0,66.0,380.0,25080.0
2025-07-17,UHCTPFGMGS09,MAKENICA PRIVATE LIMITED (Casting),2.0,0.0,2.0,380.0,760.0
2025-07-17,UHCTPFGMGS10,3DE Technology Prototype Solutions Pvt Ltd (Casting),69.0,0.0,69.0,380.0,26220.0
2025-07-17,UHCTPFGMGS11,3DE Technology Prototype Solutions Pvt Ltd (Casting),42.0,0.0,42.0,380.0,15960.0
2025-07-17,UHCTPFGMGS12,3DE Technology Prototype Solutions Pvt Ltd (Casting),36.0,0.0,36.0,380.0,13680.0
2025-07-17,UHCTPFGMGS13,3DE Technology Prototype Solutions Pvt Ltd (Casting),23.0,0.0,23.0,380.0,8740.0
2025-07-17,UHCTPFGMGS14,3DE Technology Prototype Solutions Pvt Ltd (Casting),14.0,0.0,14.0,380.0,5320.0
2025-07-17,UHCTPFGRTS05,3DE Technology Prototype Solutions Pvt Ltd (Casting),43.0,0.0,43.0,380.0,16340.0
2025-07-17,UHCTPFGRTS06,3DE Technology Prototype Solutions Pvt Ltd (Casting),43.0,0.0,43.0,380.0,16340.0
2025-07-17,UHCTPFGRTS07,3DE Technology Prototype Solutions Pvt Ltd (Casting),21.0,0.0,21.0,380.0,7980.0
2025-07-17,UHCTPFGRTS08,3DE Technology Prototype Solutions Pvt Ltd (Casting),28.0,0.0,28.0,380.0,10640.0
2025-07-17,UHCTPFGRTS09,3DE Technology Prototype Solutions Pvt Ltd (Casting),53.0,0.0,53.0,380.0,20140.0
2025-07-17,UHCTPFGRTS10,3DE Technology Prototype Solutions Pvt Ltd (Casting),23.0,0.0,23.0,380.0,8740.0
2025-07-17,UHCTPFGRTS11,3DE Technology Prototype Solutions Pvt Ltd (Casting),16.0,0.0,16.0,380.0,6080.0
2025-07-17,UHCTPFGRTS12,3DE Technology Prototype Solutions Pvt Ltd (Casting),53.0,0.0,53.0,380.0,20140.0
2025-07-17,UHCTPFGRTS13,3DE Technology Prototype Solutions Pvt Ltd (Casting),31.0,0.0,31.0,380.0,11780.0
2025-07-18,UHCH2COHOS06,Fabforma Technologies Private Limited,3000.0,0.0,3000.0,35.0,105000.0
2025-07-18,UHCH2COHOS07,Fabforma Technologies Private Limited,7640.0,0.0,7640.0,35.0,267400.0
2025-07-18,UHCH2COHOS08,Fabforma Technologies Private Limited,7170.0,0.0,7170.0,35.0,250950.0
2025-07-18,UHCHA2BASS06,HANAV MANUFACTURING AND BUSINESS PRIVATE LIMITED,1008.0,0.0,1008.0,250.0,252000.0
2025-07-18,UHCHA2BASS07,Aaru Plastics,2016.0,0.0,2016.0,235.0,473760.0
2025-07-18,UHCHA2BASS08,Aaru Plastics,1008.0,0.0,1008.0,235.0,236880.0
2025-07-18,UHCHA2BASS09,Aaru Plastics,1500.0,0.0,1500.0,235.0,352500.0
2025-07-18,UHCHA2BASS09,HANAV MANUFACTURING AND BUSINESS PRIVATE LIMITED,1008.0,0.0,1008.0,250.0,252000.0
2025-07-18,UHRING1.6PCBA,SVTRONICS India Private Limited,300.0,0.0,300.0,75.0,22500.0
2025-07-19,UHCTPFGAAO10,3DE Technology Prototype Solutions Pvt Ltd (Casting),13.0,0.0,13.0,380.0,4940.0
2025-07-19,UHCTPFGAAS07,3DE Technology Prototype Solutions Pvt Ltd (Casting),18.0,0.0,18.0,380.0,6840.0
2025-07-19,UHCTPFGAAS08,3DE Technology Prototype Solutions Pvt Ltd (Casting),19.0,0.0,19.0,380.0,7220.0
2025-07-19,UHCTPFGAAS09,3DE Technology Prototype Solutions Pvt Ltd (Casting),22.0,0.0,22.0,380.0,8360.0
2025-07-19,UHCTPFGAAS11,3DE Technology Prototype Solutions Pvt Ltd (Casting),11.0,0.0,11.0,380.0,4180.0
2025-07-19,UHCTPFGAAS12,3DE Technology Prototype Solutions Pvt Ltd (Casting),13.0,0.0,13.0,380.0,4940.0
2025-07-19,UHCTPFGAGO06,3DE Technology Prototype Solutions Pvt Ltd (Casting),28.0,0.0,28.0,380.0,10640.0
2025-07-19,UHCTPFGAGO07,3DE Technology Prototype Solutions Pvt Ltd (Casting),114.0,0.0,114.0,380.0,43320.0
2025-07-19,UHCTPFGAGO08,3DE Technology Prototype Solutions Pvt Ltd (Casting),33.0,0.0,33.0,380.0,12540.0
2025-07-19,UHCTPFGAGO09,3DE Technology Prototype Solutions Pvt Ltd (Casting),69.0,0.0,69.0,380.0,26220.0
2025-07-19,UHCTPFGAGS05,3DE Technology Prototype Solutions Pvt Ltd (Casting),63.0,0.0,63.0,380.0,23940.0
2025-07-19,UHCTPFGAGS06,3DE Technology Prototype Solutions Pvt Ltd (Casting),81.0,0.0,81.0,380.0,30780.0
2025-07-19,UHCTPFGAGS07,3DE Technology Prototype Solutions Pvt Ltd (Casting),85.0,0.0,85.0,380.0,32300.0
2025-07-19,UHCTPFGAGS08,3DE Technology Prototype Solutions Pvt Ltd (Casting),78.0,0.0,78.0,380.0,29640.0
2025-07-19,UHCTPFGAGS09,3DE Technology Prototype Solutions Pvt Ltd (Casting),48.0,0.0,48.0,380.0,18240.0
2025-07-19,UHCTPFGAGS10,3DE Technology Prototype Solutions Pvt Ltd (Casting),51.0,0.0,51.0,380.0,19380.0
2025-07-19,UHCTPFGAGS11,3DE Technology Prototype Solutions Pvt Ltd (Casting),41.0,0.0,41.0,380.0,15580.0
2025-07-19,UHCTPFGAGS12,3DE Technology Prototype Solutions Pvt Ltd (Casting),27.0,0.0,27.0,380.0,10260.0
2025-07-19,UHCTPFGAGS13,3DE Technology Prototype Solutions Pvt Ltd (Casting),23.0,0.0,23.0,380.0,8740.0
2025-07-19,UHCTPFGASO05,3DE Technology Prototype Solutions Pvt Ltd (Casting),13.0,0.0,13.0,380.0,4940.0
2025-07-19,UHCTPFGASO06,3DE Technology Prototype Solutions Pvt Ltd (Casting),25.0,0.0,25.0,380.0,9500.0
2025-07-19,UHCTPFGASO07,3DE Technology Prototype Solutions Pvt Ltd (Casting),14.0,0.0,14.0,380.0,5320.0
2025-07-19,UHCTPFGASS06,3DE Technology Prototype Solutions Pvt Ltd (Casting),20.0,0.0,20.0,380.0,7600.0
2025-07-19,UHCTPFGASS07,3DE Technology Prototype Solutions Pvt Ltd (Casting),40.0,0.0,40.0,380.0,15200.0
2025-07-19,UHCTPFGASS08,3DE Technology Prototype Solutions Pvt Ltd (Casting),25.0,0.0,25.0,380.0,9500.0
2025-07-19,UHCTPFGASS09,3DE Technology Prototype Solutions Pvt Ltd (Casting),68.0,0.0,68.0,380.0,25840.0
2025-07-19,UHCTPFGASS10,3DE Technology Prototype Solutions Pvt Ltd (Casting),52.0,0.0,52.0,380.0,19760.0
2025-07-19,UHCTPFGASS11,3DE Technology Prototype Solutions Pvt Ltd (Casting),10.0,0.0,10.0,380.0,3800.0
2025-07-19,UHCTPFGASS12,3DE Technology Prototype Solutions Pvt Ltd (Casting),13.0,0.0,13.0,380.0,4940.0
2025-07-19,UHCTPFGBRGO05,3DE Technology Prototype Solutions Pvt Ltd (Casting),24.0,0.0,24.0,380.0,9120.0
2025-07-19,UHCTPFGBRGO06,3DE Technology Prototype Solutions Pvt Ltd (Casting),18.0,0.0,18.0,380.0,6840.0
2025-07-19,UHCTPFGBRGO07,3DE Technology Prototype Solutions Pvt Ltd (Casting),31.0,0.0,31.0,380.0,11780.0
2025-07-19,UHCTPFGBRGO08,3DE Technology Prototype Solutions Pvt Ltd (Casting),38.0,0.0,38.0,380.0,14440.0
2025-07-19,UHCTPFGMGS05,3DE Technology Prototype Solutions Pvt Ltd (Casting),12.0,0.0,12.0,380.0,4560.0
2025-07-19,UHCTPFGMGS06,3DE Technology Prototype Solutions Pvt Ltd (Casting),22.0,0.0,22.0,380.0,8360.0
2025-07-19,UHCTPFGMGS07,3DE Technology Prototype Solutions Pvt Ltd (Casting),48.0,0.0,48.0,380.0,18240.0
2025-07-19,UHCTPFGMGS08,3DE Technology Prototype Solutions Pvt Ltd (Casting),63.0,0.0,63.0,380.0,23940.0
2025-07-19,UHCTPFGMGS09,3DE Technology Prototype Solutions Pvt Ltd (Casting),69.0,0.0,69.0,380.0,26220.0
2025-07-19,UHCTPFGMGS10,3DE Technology Prototype Solutions Pvt Ltd (Casting),38.0,0.0,38.0,380.0,14440.0
2025-07-19,UHCTPFGMGS11,3DE Technology Prototype Solutions Pvt Ltd (Casting),29.0,0.0,29.0,380.0,11020.0
2025-07-19,UHCTPFGMGS12,3DE Technology Prototype Solutions Pvt Ltd (Casting),21.0,0.0,21.0,380.0,7980.0
2025-07-19,UHCTPFGMGS13,3DE Technology Prototype Solutions Pvt Ltd (Casting),17.0,0.0,17.0,380.0,6460.0
2025-07-19,UHCTPFGRTS06,3DE Technology Prototype Solutions Pvt Ltd (Casting),20.0,0.0,20.0,380.0,7600.0
2025-07-19,UHCTPFGRTS07,3DE Technology Prototype Solutions Pvt Ltd (Casting),15.0,0.0,15.0,380.0,5700.0
2025-07-19,UHCTPFGRTS09,3DE Technology Prototype Solutions Pvt Ltd (Casting),25.0,0.0,25.0,380.0,9500.0
2025-07-19,UHCTPFGRTS10,3DE Technology Prototype Solutions Pvt Ltd (Casting),19.0,0.0,19.0,380.0,7220.0
2025-07-19,UHRING1.6PCBA,Zreyah Semiconductor Systems Pvt. Ltd.,506.0,0.0,506.0,150.0,75900.0
2025-07-20,UHCTPFGAAO05,3DE Technology Prototype Solutions Pvt Ltd (Casting),3.0,0.0,3.0,380.0,1140.0
2025-07-20,UHCTPFGAAO07,3DE Technology Prototype Solutions Pvt Ltd (Casting),11.0,0.0,11.0,380.0,4180.0
2025-07-20,UHCTPFGAAO08,3DE Technology Prototype Solutions Pvt Ltd (Casting),3.0,0.0,3.0,380.0,1140.0
2025-07-20,UHCTPFGAAO09,3DE Technology Prototype Solutions Pvt Ltd (Casting),2.0,0.0,2.0,380.0,760.0
2025-07-20,UHCTPFGAAO09,MAKENICA PRIVATE LIMITED (Casting),1.0,0.0,1.0,380.0,380.0
2025-07-20,UHCTPFGAAO10,3DE Technology Prototype Solutions Pvt Ltd (Casting),2.0,0.0,2.0,380.0,760.0
2025-07-20,UHCTPFGAAS07,3DE Technology Prototype Solutions Pvt Ltd (Casting),3.0,0.0,3.0,380.0,1140.0
2025-07-20,UHCTPFGAAS08,3DE Technology Prototype Solutions Pvt Ltd (Casting),3.0,0.0,3.0,380.0,1140.0
2025-07-20,UHCTPFGAAS09,3DE Technology Prototype Solutions Pvt Ltd (Casting),21.0,0.0,21.0,380.0,7980.0
2025-07-20,UHCTPFGAAS11,3DE Technology Prototype Solutions Pvt Ltd (Casting),3.0,0.0,3.0,380.0,1140.0
2025-07-20,UHCTPFGAAS12,3DE Technology Prototype Solutions Pvt Ltd (Casting),5.0,0.0,5.0,380.0,1900.0
2025-07-20,UHCTPFGAGO05,3DE Technology Prototype Solutions Pvt Ltd (Casting),3.0,0.0,3.0,380.0,1140.0
2025-07-20,UHCTPFGAGO06,3DE Technology Prototype Solutions Pvt Ltd (Casting),14.0,0.0,14.0,380.0,5320.0
2025-07-20,UHCTPFGAGO07,3DE Technology Prototype Solutions Pvt Ltd (Casting),136.0,0.0,136.0,380.0,51680.0
2025-07-20,UHCTPFGAGO07,MAKENICA PRIVATE LIMITED (Casting),2.0,0.0,2.0,380.0,760.0
2025-07-20,UHCTPFGAGO08,3DE Technology Prototype Solutions Pvt Ltd (Casting),28.0,0.0,28.0,380.0,10640.0
2025-07-20,UHCTPFGAGO09,3DE Technology Prototype Solutions Pvt Ltd (Casting),53.0,0.0,53.0,380.0,20140.0
2025-07-20,UHCTPFGAGO09,MAKENICA PRIVATE LIMITED (Casting),1.0,0.0,1.0,380.0,380.0
2025-07-20,UHCTPFGAGO10,3DE Technology Prototype Solutions Pvt Ltd (Casting),2.0,0.0,2.0,380.0,760.0
2025-07-20,UHCTPFGAGS05,3DE Technology Prototype Solutions Pvt Ltd (Casting),16.0,0.0,16.0,380.0,6080.0
2025-07-20,UHCTPFGAGS06,3DE Technology Prototype Solutions Pvt Ltd (Casting),44.0,0.0,44.0,380.0,16720.0
2025-07-20,UHCTPFGAGS07,3DE Technology Prototype Solutions Pvt Ltd (Casting),51.0,0.0,51.0,380.0,19380.0
2025-07-20,UHCTPFGAGS07,MAKENICA PRIVATE LIMITED (Casting),3.0,0.0,3.0,380.0,1140.0
2025-07-20,UHCTPFGAGS08,3DE Technology Prototype Solutions Pvt Ltd (Casting),66.0,0.0,66.0,380.0,25080.0
2025-07-20,UHCTPFGAGS08,MAKENICA PRIVATE LIMITED (Casting),3.0,0.0,3.0,380.0,1140.0
2025-07-20,UHCTPFGAGS09,3DE Technology Prototype Solutions Pvt Ltd (Casting),35.0,0.0,35.0,380.0,13300.0
2025-07-20,UHCTPFGAGS09,MAKENICA PRIVATE LIMITED (Casting),1.0,0.0,1.0,380.0,380.0
2025-07-20,UHCTPFGAGS10,3DE Technology Prototype Solutions Pvt Ltd (Casting),26.0,0.0,26.0,380.0,9880.0
2025-07-20,UHCTPFGAGS11,3DE Technology Prototype Solutions Pvt Ltd (Casting),37.0,0.0,37.0,380.0,14060.0
2025-07-20,UHCTPFGAGS12,3DE Technology Prototype Solutions Pvt Ltd (Casting),25.0,0.0,25.0,190.0,4750.0
2025-07-20,UHCTPFGAGS13,3DE Technology Prototype Solutions Pvt Ltd (Casting),6.0,0.0,6.0,380.0,2280.0
2025-07-20,UHCTPFGAGS14,3DE Technology Prototype Solutions Pvt Ltd (Casting),8.0,0.0,8.0,380.0,3040.0
2025-07-20,UHCTPFGASO06,3DE Technology Prototype Solutions Pvt Ltd (Casting),7.0,0.0,7.0,380.0,2660.0
2025-07-20,UHCTPFGASO07,3DE Technology Prototype Solutions Pvt Ltd (Casting),39.0,0.0,39.0,380.0,14820.0
2025-07-20,UHCTPFGASO08,3DE Technology Prototype Solutions Pvt Ltd (Casting),4.0,0.0,4.0,380.0,1520.0
2025-07-20,UHCTPFGASO08,MAKENICA PRIVATE LIMITED (Casting),1.0,0.0,1.0,380.0,380.0
2025-07-20,UHCTPFGASO09,3DE Technology Prototype Solutions Pvt Ltd (Casting),3.0,0.0,3.0,380.0,1140.0
2025-07-20,UHCTPFGASS05,3DE Technology Prototype Solutions Pvt Ltd (Casting),2.0,0.0,2.0,380.0,760.0
2025-07-20,UHCTPFGASS05,MAKENICA PRIVATE LIMITED (Casting),1.0,0.0,1.0,380.0,380.0
2025-07-20,UHCTPFGASS06,3DE Technology Prototype Solutions Pvt Ltd (Casting),4.0,0.0,4.0,380.0,1520.0
2025-07-20,UHCTPFGASS06,MAKENICA PRIVATE LIMITED (Casting),1.0,0.0,1.0,380.0,380.0
2025-07-20,UHCTPFGASS07,3DE Technology Prototype Solutions Pvt Ltd (Casting),77.0,0.0,77.0,380.0,29260.0
2025-07-20,UHCTPFGASS08,3DE Technology Prototype Solutions Pvt Ltd (Casting),6.0,0.0,6.0,380.0,2280.0
2025-07-20,UHCTPFGASS08,MAKENICA PRIVATE LIMITED (Casting),1.0,0.0,1.0,380.0,380.0
2025-07-20,UHCTPFGASS09,3DE Technology Prototype Solutions Pvt Ltd (Casting),45.0,0.0,45.0,380.0,17100.0
2025-07-20,UHCTPFGASS10,3DE Technology Prototype Solutions Pvt Ltd (Casting),20.0,0.0,20.0,380.0,7600.0
2025-07-20,UHCTPFGASS11,3DE Technology Prototype Solutions Pvt Ltd (Casting),7.0,0.0,7.0,380.0,2660.0
2025-07-20,UHCTPFGASS12,3DE Technology Prototype Solutions Pvt Ltd (Casting),21.0,0.0,21.0,380.0,7980.0
2025-07-20,UHCTPFGASS13,3DE Technology Prototype Solutions Pvt Ltd (Casting),2.0,0.0,2.0,380.0,760.0
2025-07-20,UHCTPFGBRGO05,3DE Technology Prototype Solutions Pvt Ltd (Casting),4.0,0.0,4.0,380.0,1520.0
2025-07-20,UHCTPFGBRGO06,3DE Technology Prototype Solutions Pvt Ltd (Casting),5.0,0.0,5.0,380.0,1900.0
2025-07-20,UHCTPFGBRGO07,3DE Technology Prototype Solutions Pvt Ltd (Casting),32.0,0.0,32.0,380.0,12160.0
2025-07-20,UHCTPFGBRGO08,3DE Technology Prototype Solutions Pvt Ltd (Casting),3.0,0.0,3.0,380.0,1140.0
2025-07-20,UHCTPFGBRGO09,3DE Technology Prototype Solutions Pvt Ltd (Casting),4.0,0.0,4.0,380.0,1520.0
2025-07-20,UHCTPFGBRGO12,3DE Technology Prototype Solutions Pvt Ltd (Casting),12.0,0.0,12.0,380.0,4560.0
2025-07-20,UHCTPFGMGO09,3DE Technology Prototype Solutions Pvt Ltd (Casting),2.0,0.0,2.0,380.0,760.0
2025-07-20,UHCTPFGMGO09,MAKENICA PRIVATE LIMITED (Casting),1.0,0.0,1.0,380.0,380.0
2025-07-20,UHCTPFGMGS05,3DE Technology Prototype Solutions Pvt Ltd (Casting),3.0,0.0,3.0,380.0,1140.0
2025-07-20,UHCTPFGMGS06,3DE Technology Prototype Solutions Pvt Ltd (Casting),21.0,0.0,21.0,380.0,7980.0
2025-07-20,UHCTPFGMGS07,3DE Technology Prototype Solutions Pvt Ltd (Casting),63.0,0.0,63.0,380.0,23940.0
2025-07-20,UHCTPFGMGS07,MAKENICA PRIVATE LIMITED (Casting),4.0,0.0,4.0,380.0,1520.0
2025-07-20,UHCTPFGMGS08,3DE Technology Prototype Solutions Pvt Ltd (Casting),17.0,0.0,17.0,190.0,3230.0
2025-07-20,UHCTPFGMGS09,3DE Technology Prototype Solutions Pvt Ltd (Casting),35.0,0.0,35.0,380.0,13300.0
2025-07-20,UHCTPFGMGS10,3DE Technology Prototype Solutions Pvt Ltd (Casting),16.0,0.0,16.0,380.0,6080.0
2025-07-20,UHCTPFGMGS11,3DE Technology Prototype Solutions Pvt Ltd (Casting),30.0,0.0,30.0,380.0,11400.0
2025-07-20,UHCTPFGMGS12,3DE Technology Prototype Solutions Pvt Ltd (Casting),12.0,0.0,12.0,380.0,4560.0
2025-07-20,UHCTPFGMGS13,3DE Technology Prototype Solutions Pvt Ltd (Casting),3.0,0.0,3.0,380.0,1140.0
2025-07-20,UHCTPFGMGS14,3DE Technology Prototype Solutions Pvt Ltd (Casting),6.0,0.0,6.0,380.0,2280.0
2025-07-20,UHCTPFGRTS05,3DE Technology Prototype Solutions Pvt Ltd (Casting),2.0,0.0,2.0,380.0,760.0
2025-07-20,UHCTPFGRTS06,3DE Technology Prototype Solutions Pvt Ltd (Casting),10.0,0.0,10.0,380.0,3800.0
2025-07-20,UHCTPFGRTS07,3DE Technology Prototype Solutions Pvt Ltd (Casting),12.0,0.0,12.0,380.0,4560.0
2025-07-20,UHCTPFGRTS08,3DE Technology Prototype Solutions Pvt Ltd (Casting),5.0,0.0,5.0,380.0,1900.0
2025-07-20,UHCTPFGRTS09,3DE Technology Prototype Solutions Pvt Ltd (Casting),14.0,0.0,14.0,380.0,5320.0
2025-07-20,UHCTPFGRTS12,3DE Technology Prototype Solutions Pvt Ltd (Casting),3.0,0.0,3.0,380.0,1140.0
2025-07-21,UHCTPFGAAO05,3DE Technology Prototype Solutions Pvt Ltd (Casting),7.0,0.0,7.0,380.0,2660.0
2025-07-21,UHCTPFGAAO06,3DE Technology Prototype Solutions Pvt Ltd (Casting),8.0,0.0,8.0,380.0,3040.0
2025-07-21,UHCTPFGAAO07,3DE Technology Prototype Solutions Pvt Ltd (Casting),16.0,0.0,16.0,380.0,6080.0
2025-07-21,UHCTPFGAAO08,3DE Technology Prototype Solutions Pvt Ltd (Casting),7.0,0.0,7.0,380.0,2660.0
2025-07-21,UHCTPFGAAO09,3DE Technology Prototype Solutions Pvt Ltd (Casting),26.0,0.0,26.0,380.0,9880.0
2025-07-21,UHCTPFGAAO09,MAKENICA PRIVATE LIMITED (Casting),2.0,0.0,2.0,380.0,760.0
2025-07-21,UHCTPFGAAO10,3DE Technology Prototype Solutions Pvt Ltd (Casting),69.0,0.0,69.0,380.0,26220.0
2025-07-21,UHCTPFGAAO11,3DE Technology Prototype Solutions Pvt Ltd (Casting),6.0,0.0,6.0,380.0,2280.0
2025-07-21,UHCTPFGAAO11,MAKENICA PRIVATE LIMITED (Casting),7.0,0.0,7.0,380.0,2660.0
2025-07-21,UHCTPFGAAO12,3DE Technology Prototype Solutions Pvt Ltd (Casting),6.0,0.0,6.0,380.0,2280.0
2025-07-21,UHCTPFGAAO13,3DE Technology Prototype Solutions Pvt Ltd (Casting),2.0,0.0,2.0,380.0,760.0
2025-07-21,UHCTPFGAAO13,MAKENICA PRIVATE LIMITED (Casting),4.0,0.0,4.0,380.0,1520.0
2025-07-21,UHCTPFGAAS06,3DE Technology Prototype Solutions Pvt Ltd (Casting),6.0,0.0,6.0,380.0,2280.0
2025-07-21,UHCTPFGAAS07,3DE Technology Prototype Solutions Pvt Ltd (Casting),10.0,0.0,10.0,380.0,3800.0
2025-07-21,UHCTPFGAAS08,3DE Technology Prototype Solutions Pvt Ltd (Casting),47.0,0.0,47.0,380.0,17860.0
2025-07-21,UHCTPFGAAS09,3DE Technology Prototype Solutions Pvt Ltd (Casting),52.0,0.0,52.0,380.0,19760.0
2025-07-21,UHCTPFGAAS09,MAKENICA PRIVATE LIMITED (Casting),1.0,0.0,1.0,380.0,380.0
2025-07-21,UHCTPFGAAS10,3DE Technology Prototype Solutions Pvt Ltd (Casting),13.0,0.0,13.0,380.0,4940.0
2025-07-21,UHCTPFGAAS11,3DE Technology Prototype Solutions Pvt Ltd (Casting),23.0,0.0,23.0,380.0,8740.0
2025-07-21,UHCTPFGAAS11,MAKENICA PRIVATE LIMITED (Casting),9.0,0.0,9.0,380.0,3420.0
2025-07-21,UHCTPFGAAS12,3DE Technology Prototype Solutions Pvt Ltd (Casting),21.0,0.0,21.0,380.0,7980.0
2025-07-21,UHCTPFGAAS12,MAKENICA PRIVATE LIMITED (Casting),3.0,0.0,3.0,380.0,1140.0
2025-07-21,UHCTPFGAGO05,3DE Technology Prototype Solutions Pvt Ltd (Casting),26.0,0.0,26.0,380.0,9880.0
2025-07-21,UHCTPFGAGO06,3DE Technology Prototype Solutions Pvt Ltd (Casting),94.0,0.0,94.0,380.0,35720.0
2025-07-21,UHCTPFGAGO07,3DE Technology Prototype Solutions Pvt Ltd (Casting),121.0,0.0,121.0,380.0,45980.0
2025-07-21,UHCTPFGAGO07,MAKENICA PRIVATE LIMITED (Casting),3.0,0.0,3.0,380.0,1140.0
2025-07-21,UHCTPFGAGO08,3DE Technology Prototype Solutions Pvt Ltd (Casting),33.0,0.0,33.0,380.0,12540.0
2025-07-21,UHCTPFGAGO08,MAKENICA PRIVATE LIMITED (Casting),1.0,0.0,1.0,380.0,380.0
2025-07-21,UHCTPFGAGO09,3DE Technology Prototype Solutions Pvt Ltd (Casting),297.0,0.0,297.0,380.0,112860.0
2025-07-21,UHCTPFGAGO09,MAKENICA PRIVATE LIMITED (Casting),2.0,0.0,2.0,380.0,760.0
2025-07-21,UHCTPFGAGO10,3DE Technology Prototype Solutions Pvt Ltd (Casting),2.0,0.0,2.0,380.0,760.0
2025-07-21,UHCTPFGAGS05,3DE Technology Prototype Solutions Pvt Ltd (Casting),120.0,0.0,120.0,380.0,45600.0
2025-07-21,UHCTPFGAGS06,3DE Technology Prototype Solutions Pvt Ltd (Casting),206.0,0.0,206.0,380.0,78280.0
2025-07-21,UHCTPFGAGS06,MAKENICA PRIVATE LIMITED (Casting),3.0,0.0,3.0,380.0,1140.0
2025-07-21,UHCTPFGAGS07,3DE Technology Prototype Solutions Pvt Ltd (Casting),159.0,0.0,159.0,380.0,60420.0
2025-07-21,UHCTPFGAGS07,MAKENICA PRIVATE LIMITED (Casting),4.0,0.0,4.0,380.0,1520.0
2025-07-21,UHCTPFGAGS08,3DE Technology Prototype Solutions Pvt Ltd (Casting),172.0,0.0,172.0,380.0,65360.0
2025-07-21,UHCTPFGAGS09,3DE Technology Prototype Solutions Pvt Ltd (Casting),87.0,0.0,87.0,380.0,33060.0
2025-07-21,UHCTPFGAGS09,MAKENICA PRIVATE LIMITED (Casting),3.0,0.0,3.0,380.0,1140.0
2025-07-21,UHCTPFGAGS10,3DE Technology Prototype Solutions Pvt Ltd (Casting),110.0,0.0,110.0,380.0,41800.0
2025-07-21,UHCTPFGAGS10,MAKENICA PRIVATE LIMITED (Casting),2.0,0.0,2.0,380.0,760.0
2025-07-21,UHCTPFGAGS11,3DE Technology Prototype Solutions Pvt Ltd (Casting),102.0,0.0,102.0,380.0,38760.0
2025-07-21,UHCTPFGAGS11,MAKENICA PRIVATE LIMITED (Casting),45.0,0.0,45.0,380.0,17100.0
2025-07-21,UHCTPFGAGS12,3DE Technology Prototype Solutions Pvt Ltd (Casting),65.0,0.0,65.0,380.0,24700.0
2025-07-21,UHCTPFGAGS12,MAKENICA PRIVATE LIMITED (Casting),11.0,0.0,11.0,380.0,4180.0
2025-07-21,UHCTPFGAGS13,3DE Technology Prototype Solutions Pvt Ltd (Casting),75.0,0.0,75.0,380.0,28500.0
2025-07-21,UHCTPFGAGS13,MAKENICA PRIVATE LIMITED (Casting),11.0,0.0,11.0,380.0,4180.0
2025-07-21,UHCTPFGAGS14,3DE Technology Prototype Solutions Pvt Ltd (Casting),16.0,0.0,16.0,380.0,6080.0
2025-07-21,UHCTPFGAGS14,MAKENICA PRIVATE LIMITED (Casting),2.0,0.0,2.0,380.0,760.0
2025-07-21,UHCTPFGASO05,3DE Technology Prototype Solutions Pvt Ltd (Casting),11.0,0.0,11.0,380.0,4180.0
2025-07-21,UHCTPFGASO06,3DE Technology Prototype Solutions Pvt Ltd (Casting),24.0,0.0,24.0,380.0,9120.0
2025-07-21,UHCTPFGASO06,MAKENICA PRIVATE LIMITED (Casting),3.0,0.0,3.0,380.0,1140.0
2025-07-21,UHCTPFGASO07,3DE Technology Prototype Solutions Pvt Ltd (Casting),28.0,0.0,28.0,380.0,10640.0
2025-07-21,UHCTPFGASO07,MAKENICA PRIVATE LIMITED (Casting),2.0,0.0,2.0,380.0,760.0
2025-07-21,UHCTPFGASO08,3DE Technology Prototype Solutions Pvt Ltd (Casting),12.0,0.0,12.0,380.0,4560.0
2025-07-21,UHCTPFGASO08,MAKENICA PRIVATE LIMITED (Casting),1.0,0.0,1.0,380.0,380.0
2025-07-21,UHCTPFGASO09,3DE Technology Prototype Solutions Pvt Ltd (Casting),15.0,0.0,15.0,380.0,5700.0
2025-07-21,UHCTPFGASS05,3DE Technology Prototype Solutions Pvt Ltd (Casting),22.0,0.0,22.0,380.0,8360.0
2025-07-21,UHCTPFGASS06,3DE Technology Prototype Solutions Pvt Ltd (Casting),56.0,0.0,56.0,380.0,21280.0
2025-07-21,UHCTPFGASS07,3DE Technology Prototype Solutions Pvt Ltd (Casting),92.0,0.0,92.0,380.0,34960.0
2025-07-21,UHCTPFGASS07,MAKENICA PRIVATE LIMITED (Casting),2.0,0.0,2.0,380.0,760.0
2025-07-21,UHCTPFGASS08,3DE Technology Prototype Solutions Pvt Ltd (Casting),48.0,0.0,48.0,380.0,18240.0
2025-07-21,UHCTPFGASS08,MAKENICA PRIVATE LIMITED (Casting),4.0,0.0,4.0,380.0,1520.0
2025-07-21,UHCTPFGASS09,3DE Technology Prototype Solutions Pvt Ltd (Casting),176.0,0.0,176.0,380.0,66880.0
2025-07-21,UHCTPFGASS09,MAKENICA PRIVATE LIMITED (Casting),1.0,0.0,1.0,380.0,380.0
2025-07-21,UHCTPFGASS10,3DE Technology Prototype Solutions Pvt Ltd (Casting),104.0,0.0,104.0,380.0,39520.0
2025-07-21,UHCTPFGASS10,MAKENICA PRIVATE LIMITED (Casting),1.0,0.0,1.0,380.0,380.0
2025-07-21,UHCTPFGASS11,3DE Technology Prototype Solutions Pvt Ltd (Casting),22.0,0.0,22.0,380.0,8360.0
2025-07-21,UHCTPFGASS11,MAKENICA PRIVATE LIMITED (Casting),3.0,0.0,3.0,380.0,1140.0
2025-07-21,UHCTPFGASS12,3DE Technology Prototype Solutions Pvt Ltd (Casting),42.0,0.0,42.0,380.0,15960.0
2025-07-21,UHCTPFGASS12,MAKENICA PRIVATE LIMITED (Casting),14.0,0.0,14.0,380.0,5320.0
2025-07-21,UHCTPFGASS13,3DE Technology Prototype Solutions Pvt Ltd (Casting),30.0,0.0,30.0,380.0,11400.0
2025-07-21,UHCTPFGBRGO05,3DE Technology Prototype Solutions Pvt Ltd (Casting),20.0,0.0,20.0,380.0,7600.0
2025-07-21,UHCTPFGBRGO06,3DE Technology Prototype Solutions Pvt Ltd (Casting),22.0,0.0,22.0,380.0,8360.0
2025-07-21,UHCTPFGBRGO07,3DE Technology Prototype Solutions Pvt Ltd (Casting),35.0,0.0,35.0,380.0,13300.0
2025-07-21,UHCTPFGBRGO08,3DE Technology Prototype Solutions Pvt Ltd (Casting),20.0,0.0,20.0,380.0,7600.0
2025-07-21,UHCTPFGBRGO09,3DE Technology Prototype Solutions Pvt Ltd (Casting),11.0,0.0,11.0,380.0,4180.0
2025-07-21,UHCTPFGBRGO10,3DE Technology Prototype Solutions Pvt Ltd (Casting),2.0,0.0,2.0,380.0,760.0
2025-07-21,UHCTPFGBRGO12,3DE Technology Prototype Solutions Pvt Ltd (Casting),1.0,0.0,1.0,380.0,380.0
2025-07-21,UHCTPFGMGO08,3DE Technology Prototype Solutions Pvt Ltd (Casting),1.0,0.0,1.0,380.0,380.0
2025-07-21,UHCTPFGMGO08,MAKENICA PRIVATE LIMITED (Casting),3.0,0.0,3.0,380.0,1140.0
2025-07-21,UHCTPFGMGS05,3DE Technology Prototype Solutions Pvt Ltd (Casting),29.0,0.0,29.0,380.0,11020.0
2025-07-21,UHCTPFGMGS06,3DE Technology Prototype Solutions Pvt Ltd (Casting),56.0,0.0,56.0,380.0,21280.0
2025-07-21,UHCTPFGMGS07,3DE Technology Prototype Solutions Pvt Ltd (Casting),54.0,0.0,54.0,380.0,20520.0
2025-07-21,UHCTPFGMGS07,MAKENICA PRIVATE LIMITED (Casting),5.0,0.0,5.0,380.0,1900.0
2025-07-21,UHCTPFGMGS08,3DE Technology Prototype Solutions Pvt Ltd (Casting),171.0,0.0,171.0,380.0,64980.0
2025-07-21,UHCTPFGMGS08,MAKENICA PRIVATE LIMITED (Casting),4.0,0.0,4.0,380.0,1520.0
2025-07-21,UHCTPFGMGS09,3DE Technology Prototype Solutions Pvt Ltd (Casting),91.0,0.0,91.0,380.0,34580.0
2025-07-21,UHCTPFGMGS10,3DE Technology Prototype Solutions Pvt Ltd (Casting),97.0,0.0,97.0,380.0,36860.0
2025-07-21,UHCTPFGMGS11,3DE Technology Prototype Solutions Pvt Ltd (Casting),46.0,0.0,46.0,380.0,17480.0
2025-07-21,UHCTPFGMGS12,3DE Technology Prototype Solutions Pvt Ltd (Casting),48.0,0.0,48.0,380.0,18240.0
2025-07-21,UHCTPFGMGS13,3DE Technology Prototype Solutions Pvt Ltd (Casting),22.0,0.0,22.0,380.0,8360.0
2025-07-21,UHCTPFGMGS13,MAKENICA PRIVATE LIMITED (Casting),1.0,0.0,1.0,380.0,380.0
2025-07-21,UHCTPFGMGS14,3DE Technology Prototype Solutions Pvt Ltd (Casting),6.0,0.0,6.0,380.0,2280.0
2025-07-21,UHCTPFGMGS14,MAKENICA PRIVATE LIMITED (Casting),1.0,0.0,1.0,380.0,380.0
2025-07-21,UHCTPFGRTS05,3DE Technology Prototype Solutions Pvt Ltd (Casting),34.0,0.0,34.0,380.0,12920.0
2025-07-21,UHCTPFGRTS06,3DE Technology Prototype Solutions Pvt Ltd (Casting),28.0,0.0,28.0,380.0,10640.0
2025-07-21,UHCTPFGRTS07,3DE Technology Prototype Solutions Pvt Ltd (Casting),44.0,0.0,44.0,380.0,16720.0
2025-07-21,UHCTPFGRTS07,MAKENICA PRIVATE LIMITED (Casting),1.0,0.0,1.0,380.0,380.0
2025-07-21,UHCTPFGRTS08,3DE Technology Prototype Solutions Pvt Ltd (Casting),37.0,0.0,37.0,380.0,14060.0
2025-07-21,UHCTPFGRTS09,3DE Technology Prototype Solutions Pvt Ltd (Casting),72.0,0.0,72.0,380.0,27360.0
2025-07-21,UHCTPFGRTS09,MAKENICA PRIVATE LIMITED (Casting),1.0,0.0,1.0,380.0,380.0
2025-07-21,UHCTPFGRTS10,3DE Technology Prototype Solutions Pvt Ltd (Casting),50.0,0.0,50.0,380.0,19000.0
2025-07-21,UHCTPFGRTS11,3DE Technology Prototype Solutions Pvt Ltd (Casting),21.0,0.0,21.0,380.0,7980.0
2025-07-21,UHCTPFGRTS11,MAKENICA PRIVATE LIMITED (Casting),1.0,0.0,1.0,380.0,380.0
2025-07-21,UHCTPFGRTS12,3DE Technology Prototype Solutions Pvt Ltd (Casting),14.0,0.0,14.0,380.0,5320.0
2025-07-21,UHCTPFGRTS13,3DE Technology Prototype Solutions Pvt Ltd (Casting),11.0,0.0,11.0,380.0,4180.0
2025-07-21,UHCTPFGRTS13,MAKENICA PRIVATE LIMITED (Casting),5.0,0.0,5.0,380.0,1900.0
2025-07-21,UHCTPFGRTS14,3DE Technology Prototype Solutions Pvt Ltd (Casting),1.0,0.0,1.0,380.0,380.0
2025-07-21,UHCTPFGRTS14,MAKENICA PRIVATE LIMITED (Casting),1.0,0.0,1.0,380.0,380.0
2025-07-22,UHCH2COHOS07,Fabforma Technologies Private Limited,5000.0,0.0,5000.0,35.0,175000.0
2025-07-22,UHCH2COHOS10,Fabforma Technologies Private Limited,3000.0,0.0,3000.0,50.0,150000.0
2025-07-22,UHCTPFGAAO06,3DE Technology Prototype Solutions Pvt Ltd (Casting),4.0,0.0,4.0,380.0,1520.0
2025-07-22,UHCTPFGAAO07,3DE Technology Prototype Solutions Pvt Ltd (Casting),11.0,0.0,11.0,380.0,4180.0
2025-07-22,UHCTPFGAAO08,3DE Technology Prototype Solutions Pvt Ltd (Casting),5.0,0.0,5.0,380.0,1900.0
2025-07-22,UHCTPFGAAO09,3DE Technology Prototype Solutions Pvt Ltd (Casting),10.0,0.0,10.0,380.0,3800.0
2025-07-22,UHCTPFGAAO09,MAKENICA PRIVATE LIMITED (Casting),1.0,0.0,1.0,355.0,355.0
2025-07-22,UHCTPFGAAO10,3DE Technology Prototype Solutions Pvt Ltd (Casting),1.0,0.0,1.0,380.0,380.0
2025-07-22,UHCTPFGAAS07,3DE Technology Prototype Solutions Pvt Ltd (Casting),2.0,0.0,2.0,380.0,760.0
2025-07-22,UHCTPFGAAS08,3DE Technology Prototype Solutions Pvt Ltd (Casting),5.0,0.0,5.0,380.0,1900.0
2025-07-22,UHCTPFGAAS11,3DE Technology Prototype Solutions Pvt Ltd (Casting),1.0,0.0,1.0,380.0,380.0
2025-07-22,UHCTPFGAAS12,3DE Technology Prototype Solutions Pvt Ltd (Casting),1.0,0.0,1.0,380.0,380.0
2025-07-22,UHCTPFGAAS13,3DE Technology Prototype Solutions Pvt Ltd (Casting),1.0,0.0,1.0,380.0,380.0
2025-07-22,UHCTPFGAAS14,3DE Technology Prototype Solutions Pvt Ltd (Casting),12.0,0.0,12.0,380.0,4560.0
2025-07-22,UHCTPFGAGO05,MAKENICA PRIVATE LIMITED (Casting),1.0,0.0,1.0,355.0,355.0
2025-07-22,UHCTPFGAGO06,3DE Technology Prototype Solutions Pvt Ltd (Casting),6.0,0.0,6.0,380.0,2280.0
2025-07-22,UHCTPFGAGO07,3DE Technology Prototype Solutions Pvt Ltd (Casting),88.0,0.0,88.0,380.0,33440.0
2025-07-22,UHCTPFGAGO07,MAKENICA PRIVATE LIMITED (Casting),2.0,0.0,2.0,355.0,710.0
2025-07-22,UHCTPFGAGO08,3DE Technology Prototype Solutions Pvt Ltd (Casting),159.0,0.0,159.0,380.0,60420.0
2025-07-22,UHCTPFGAGO08,MAKENICA PRIVATE LIMITED (Casting),1.0,0.0,1.0,355.0,355.0
2025-07-22,UHCTPFGAGO09,3DE Technology Prototype Solutions Pvt Ltd (Casting),64.0,0.0,64.0,380.0,24320.0
2025-07-22,UHCTPFGAGO09,MAKENICA PRIVATE LIMITED (Casting),4.0,0.0,4.0,355.0,1420.0
2025-07-22,UHCTPFGAGS05,3DE Technology Prototype Solutions Pvt Ltd (Casting),36.0,0.0,36.0,380.0,13680.0
2025-07-22,UHCTPFGAGS06,3DE Technology Prototype Solutions Pvt Ltd (Casting),192.0,0.0,192.0,380.0,72960.0
2025-07-22,UHCTPFGAGS07,3DE Technology Prototype Solutions Pvt Ltd (Casting),54.0,0.0,54.0,380.0,20520.0
2025-07-22,UHCTPFGAGS08,3DE Technology Prototype Solutions Pvt Ltd (Casting),37.0,0.0,37.0,380.0,14060.0
2025-07-22,UHCTPFGAGS09,3DE Technology Prototype Solutions Pvt Ltd (Casting),5.0,0.0,5.0,380.0,1900.0
2025-07-22,UHCTPFGAGS10,3DE Technology Prototype Solutions Pvt Ltd (Casting),44.0,0.0,44.0,380.0,16720.0
2025-07-22,UHCTPFGAGS10,MAKENICA PRIVATE LIMITED (Casting),5.0,0.0,5.0,355.0,1775.0
2025-07-22,UHCTPFGAGS11,3DE Technology Prototype Solutions Pvt Ltd (Casting),28.0,0.0,28.0,380.0,10640.0
2025-07-22,UHCTPFGAGS12,3DE Technology Prototype Solutions Pvt Ltd (Casting),36.0,0.0,36.0,380.0,13680.0
2025-07-22,UHCTPFGAGS13,3DE Technology Prototype Solutions Pvt Ltd (Casting),27.0,0.0,27.0,380.0,10260.0
2025-07-22,UHCTPFGAGS14,3DE Technology Prototype Solutions Pvt Ltd (Casting),1.0,0.0,1.0,380.0,380.0
2025-07-22,UHCTPFGASO05,3DE Technology Prototype Solutions Pvt Ltd (Casting),2.0,0.0,2.0,380.0,760.0
2025-07-22,UHCTPFGASO07,3DE Technology Prototype Solutions Pvt Ltd (Casting),24.0,0.0,24.0,380.0,9120.0
2025-07-22,UHCTPFGASO08,3DE Technology Prototype Solutions Pvt Ltd (Casting),15.0,0.0,15.0,380.0,5700.0
2025-07-22,UHCTPFGASO09,3DE Technology Prototype Solutions Pvt Ltd (Casting),13.0,0.0,13.0,380.0,4940.0
2025-07-22,UHCTPFGASO10,3DE Technology Prototype Solutions Pvt Ltd (Casting),15.0,0.0,15.0,380.0,5700.0
2025-07-22,UHCTPFGASS05,3DE Technology Prototype Solutions Pvt Ltd (Casting),6.0,0.0,6.0,380.0,2280.0
2025-07-22,UHCTPFGASS06,3DE Technology Prototype Solutions Pvt Ltd (Casting),8.0,0.0,8.0,380.0,3040.0
2025-07-22,UHCTPFGASS07,3DE Technology Prototype Solutions Pvt Ltd (Casting),1.0,0.0,1.0,380.0,380.0
2025-07-22,UHCTPFGASS08,3DE Technology Prototype Solutions Pvt Ltd (Casting),23.0,0.0,23.0,380.0,8740.0
2025-07-22,UHCTPFGASS09,3DE Technology Prototype Solutions Pvt Ltd (Casting),19.0,0.0,19.0,380.0,7220.0
2025-07-22,UHCTPFGASS11,3DE Technology Prototype Solutions Pvt Ltd (Casting),4.0,0.0,4.0,380.0,1520.0
2025-07-22,UHCTPFGASS12,3DE Technology Prototype Solutions Pvt Ltd (Casting),7.0,0.0,7.0,380.0,2660.0
2025-07-22,UHCTPFGASS13,3DE Technology Prototype Solutions Pvt Ltd (Casting),12.0,0.0,12.0,380.0,4560.0
2025-07-22,UHCTPFGBRGO07,3DE Technology Prototype Solutions Pvt Ltd (Casting),5.0,0.0,5.0,380.0,1900.0
2025-07-22,UHCTPFGBRGO08,3DE Technology Prototype Solutions Pvt Ltd (Casting),3.0,0.0,3.0,380.0,1140.0
2025-07-22,UHCTPFGMGO08,3DE Technology Prototype Solutions Pvt Ltd (Casting),1.0,0.0,1.0,380.0,380.0
2025-07-22,UHCTPFGMGS05,3DE Technology Prototype Solutions Pvt Ltd (Casting),17.0,0.0,17.0,380.0,6460.0
2025-07-22,UHCTPFGMGS06,3DE Technology Prototype Solutions Pvt Ltd (Casting),1.0,0.0,1.0,380.0,380.0
2025-07-22,UHCTPFGMGS07,3DE Technology Prototype Solutions Pvt Ltd (Casting),13.0,0.0,13.0,380.0,4940.0
2025-07-22,UHCTPFGMGS08,3DE Technology Prototype Solutions Pvt Ltd (Casting),42.0,0.0,42.0,380.0,15960.0
2025-07-22,UHCTPFGMGS09,3DE Technology Prototype Solutions Pvt Ltd (Casting),4.0,0.0,4.0,380.0,1520.0
2025-07-22,UHCTPFGMGS10,3DE Technology Prototype Solutions Pvt Ltd (Casting),5.0,0.0,5.0,380.0,1900.0
2025-07-22,UHCTPFGMGS11,3DE Technology Prototype Solutions Pvt Ltd (Casting),10.0,0.0,10.0,380.0,3800.0
2025-07-22,UHCTPFGRTS05,3DE Technology Prototype Solutions Pvt Ltd (Casting),24.0,0.0,24.0,380.0,9120.0
2025-07-22,UHCTPFGRTS06,3DE Technology Prototype Solutions Pvt Ltd (Casting),6.0,0.0,6.0,380.0,2280.0
2025-07-22,UHCTPFGRTS07,3DE Technology Prototype Solutions Pvt Ltd (Casting),2.0,0.0,2.0,380.0,760.0
2025-07-22,UHCTPFGRTS09,3DE Technology Prototype Solutions Pvt Ltd (Casting),8.0,0.0,8.0,190.0,1520.0
2025-07-22,UHCTPFGRTS10,3DE Technology Prototype Solutions Pvt Ltd (Casting),3.0,0.0,3.0,380.0,1140.0
2025-07-22,UHCTPFGRTS12,3DE Technology Prototype Solutions Pvt Ltd (Casting),15.0,0.0,15.0,380.0,5700.0
2025-07-22,UHCTPFGRTS13,3DE Technology Prototype Solutions Pvt Ltd (Casting),2.0,0.0,2.0,380.0,760.0
2025-07-22,UHRING1.6PCBA,Zreyah Semiconductor Systems Pvt. Ltd.,3000.0,0.0,3000.0,150.0,450000.0
2025-07-23,UHCHA2BASS07,HANAV MANUFACTURING AND BUSINESS PRIVATE LIMITED,1008.0,0.0,1008.0,250.0,252000.0
2025-07-23,UHCHA2BASS08,HANAV MANUFACTURING AND BUSINESS PRIVATE LIMITED,1008.0,0.0,1008.0,250.0,252000.0
2025-07-23,UHCONSACETON,J V Chemicals,35.0,0.0,35.0,1444.8,50568.0
2025-07-23,UHCTPFGAAS05,3DE Technology Prototype Solutions Pvt Ltd (Casting),5.0,0.0,5.0,380.0,1900.0
2025-07-23,UHCTPFGAGO09,3DE Technology Prototype Solutions Pvt Ltd (Casting),1.0,0.0,1.0,380.0,380.0
2025-07-23,UHCTPFGAGS05,3DE Technology Prototype Solutions Pvt Ltd (Casting),1.0,0.0,1.0,380.0,380.0
2025-07-23,UHCTPFGAGS06,MAKENICA PRIVATE LIMITED (Casting),6.0,0.0,6.0,355.0,2130.0
2025-07-23,UHCTPFGAGS07,MAKENICA PRIVATE LIMITED (Casting),4.0,0.0,4.0,355.0,1420.0
2025-07-23,UHCTPFGAGS08,3DE Technology Prototype Solutions Pvt Ltd (Casting),3.0,0.0,3.0,380.0,1140.0
2025-07-23,UHCTPFGAGS09,MAKENICA PRIVATE LIMITED (Casting),4.0,0.0,4.0,355.0,1420.0
2025-07-23,UHCTPFGAGS11,MAKENICA PRIVATE LIMITED (Casting),2.0,0.0,2.0,355.0,710.0
2025-07-23,UHCTPFGASS10,3DE Technology Prototype Solutions Pvt Ltd (Casting),3.0,0.0,3.0,380.0,1140.0
2025-07-23,UHCTPFGBRGO05,3DE Technology Prototype Solutions Pvt Ltd (Casting),1.0,0.0,1.0,380.0,380.0
2025-07-23,UHCTPFGRTS10,MAKENICA PRIVATE LIMITED (Casting),1.0,0.0,1.0,355.0,355.0
2025-07-23,UHCTPFGRTS11,MAKENICA PRIVATE LIMITED (Casting),1.0,0.0,1.0,380.0,380.0
2025-07-23,UHCTPFGRTS13,MAKENICA PRIVATE LIMITED (Casting),4.0,0.0,4.0,380.0,1520.0
2025-07-23,UHROUNDTAPES05,Suprabha ColorGrafix Private Limited,1210.0,0.0,1210.0,0.65,786.5
2025-07-23,UHROUNDTAPES06,Suprabha ColorGrafix Private Limited,1210.0,0.0,1210.0,0.65,786.5
2025-07-23,UHROUNDTAPES07,Suprabha ColorGrafix Private Limited,1305.0,0.0,1305.0,0.65,848.25
2025-07-23,UHROUNDTAPES08,Suprabha ColorGrafix Private Limited,1305.0,0.0,1305.0,0.65,848.25
2025-07-23,UHROUNDTAPES09,Suprabha ColorGrafix Private Limited,1300.0,0.0,1300.0,0.65,845.0
2025-07-23,UHROUNDTAPES10,Suprabha ColorGrafix Private Limited,1300.0,0.0,1300.0,0.65,845.0
2025-07-23,UHROUNDTAPES11,Suprabha ColorGrafix Private Limited,1310.0,0.0,1310.0,0.65,851.5
2025-07-23,UHROUNDTAPES12,Suprabha ColorGrafix Private Limited,1310.0,0.0,1310.0,0.65,851.5
2025-07-24,UHC2PCBAREV21,Zreyah Semiconductor Systems Pvt. Ltd.,6000.0,0.0,6000.0,50.0,300000.0
2025-07-24,UHCAPTAY27PF,"Swift Electrocomp Solutions Pvt Ltd.,",100000.0,0.0,100000.0,0.5,50000.0
2025-07-24,UHCHA2BASS06,Aaru Plastics,2016.0,0.0,2016.0,235.0,473760.0
2025-07-24,UHCHA2BASS06,HANAV MANUFACTURING AND BUSINESS PRIVATE LIMITED,1008.0,0.0,1008.0,250.0,252000.0
2025-07-24,UHCHA2BASS09,HANAV MANUFACTURING AND BUSINESS PRIVATE LIMITED,1008.0,0.0,1008.0,250.0,252000.0
2025-07-24,UHCHA2BASS12,HANAV MANUFACTURING AND BUSINESS PRIVATE LIMITED,500.0,0.0,500.0,250.0,125000.0
2025-07-24,UHCTPFGAAO10,3DE Technology Prototype Solutions Pvt Ltd (Casting),1.0,0.0,1.0,380.0,380.0
2025-07-24,UHLROODALVR,OODA INDUSTRIAL PRODUCTS,36000.0,0.0,36000.0,8.35,300600.0
2025-07-24,UHRDCLGWRAP,Reliable office supplies,2.0,0.0,2.0,350.0,700.0
2025-07-24,UHRDDRV2605,"Swift Electrocomp Solutions Pvt Ltd.,",10000.0,0.0,10000.0,63.01,630100.0
2025-07-24,UHRDGLUESTK,Aarthi Electronics,36.0,0.0,36.0,9.5,342.0
2025-07-24,UHRDONEPEGP,"Swift Electrocomp Solutions Pvt Ltd.,",3.0,0.0,3.0,3096.95,9290.85
2025-07-24,UHRDPCBRUSH,Aarthi Electronics,50.0,0.0,50.0,95.0,4750.0
2025-07-24,UHRDSODERIN,Aarthi Electronics,6.0,0.0,6.0,180.0,1080.0
2025-07-24,UHRDTPCLEAN,Aarthi Electronics,12.0,0.0,12.0,40.0,480.0
2025-07-24,UHRDUNXCELL,Aarthi Electronics,50.0,0.0,50.0,55.0,2750.0
2025-07-24,UHRDUSB20CB,Aarthi Electronics,2.0,0.0,2.0,270.0,540.0
2025-07-24,UHRSOODALVR,OODA INDUSTRIAL PRODUCTS,72000.0,0.0,72000.0,9.82,707112.0
2025-07-25,UH0.2MIRROR05,HANAV MANUFACTURING AND BUSINESS PRIVATE LIMITED,816.0,0.0,816.0,530.0,432480.0
2025-07-25,UH0.2MIRROR06,HANAV MANUFACTURING AND BUSINESS PRIVATE LIMITED,229.0,0.0,229.0,530.0,121370.0
2025-07-25,UH0.2MIRROR07,HANAV MANUFACTURING AND BUSINESS PRIVATE LIMITED,1294.0,0.0,1294.0,530.0,685820.0
2025-07-25,UH0.2MIRROR08,HANAV MANUFACTURING AND BUSINESS PRIVATE LIMITED,101.0,0.0,101.0,530.0,53530.0
2025-07-25,UH0.2MIRROR09,HANAV MANUFACTURING AND BUSINESS PRIVATE LIMITED,87.0,0.0,87.0,530.0,46110.0
2025-07-25,UH0.2MIRROR10,HANAV MANUFACTURING AND BUSINESS PRIVATE LIMITED,201.0,0.0,201.0,530.0,106530.0
2025-07-25,UH0.2MIRROR11,HANAV MANUFACTURING AND BUSINESS PRIVATE LIMITED,27.0,0.0,27.0,530.0,14310.0
2025-07-25,UH0.2MIRROR12,HANAV MANUFACTURING AND BUSINESS PRIVATE LIMITED,6.0,0.0,6.0,530.0,3180.0
2025-07-25,UH0.2MIRROR13,HANAV MANUFACTURING AND BUSINESS PRIVATE LIMITED,2.0,0.0,2.0,530.0,1060.0
2025-07-25,UHCHA2BASS07,Aaru Plastics,2016.0,0.0,2016.0,235.0,473760.0
2025-07-25,UHCHA2BASS08,Aaru Plastics,2016.0,0.0,2016.0,235.0,473760.0
2025-07-25,UHCHARTOPS05,Aaru Plastics,1285.0,0.0,1285.0,34.0,43690.0
2025-07-25,UHCONSACETON,J V Chemicals,5.0,0.0,5.0,1444.8,7224.0
2025-07-25,UHCONSIPA,J V Chemicals,100.0,0.0,100.0,197.0,19700.0
2025-07-26,UH0.2MIRROR05,HANAV MANUFACTURING AND BUSINESS PRIVATE LIMITED,336.0,0.0,336.0,530.0,178080.0
2025-07-26,UH0.2MIRROR06,HANAV MANUFACTURING AND BUSINESS PRIVATE LIMITED,114.0,0.0,114.0,530.0,60420.0
2025-07-26,UH0.2MIRROR07,HANAV MANUFACTURING AND BUSINESS PRIVATE LIMITED,341.0,0.0,341.0,530.0,180730.0
2025-07-26,UH0.2MIRROR08,HANAV MANUFACTURING AND BUSINESS PRIVATE LIMITED,48.0,0.0,48.0,530.0,25440.0
2025-07-26,UH0.2MIRROR09,HANAV MANUFACTURING AND BUSINESS PRIVATE LIMITED,1.0,0.0,1.0,530.0,530.0
2025-07-26,UH0.2MIRROR10,HANAV MANUFACTURING AND BUSINESS PRIVATE LIMITED,107.0,0.0,107.0,530.0,56710.0
2025-07-26,UH0.2MIRROR11,HANAV MANUFACTURING AND BUSINESS PRIVATE LIMITED,8.0,0.0,8.0,530.0,4240.0
2025-07-26,UH0.2MIRROR12,HANAV MANUFACTURING AND BUSINESS PRIVATE LIMITED,5.0,0.0,5.0,530.0,2650.0
2025-07-26,UHCHA2BASS07,HANAV MANUFACTURING AND BUSINESS PRIVATE LIMITED,1008.0,0.0,1008.0,250.0,252000.0
2025-07-26,UHCHA2BASS08,HANAV MANUFACTURING AND BUSINESS PRIVATE LIMITED,1008.0,0.0,1008.0,250.0,252000.0
2025-07-26,UHSWATCHAA,Mudra innovation,5000.0,339.0,4661.0,12.2,56864.2
2025-07-26,UHSWATCHAG,Mudra innovation,5000.0,1269.0,3731.0,12.2,45518.2
2025-07-26,UHSWATCHAS,Mudra innovation,5000.0,64.0,4936.0,12.2,60219.2
2025-07-26,UHSWATCHMG,Mudra innovation,5000.0,191.0,4809.0,12.2,58669.8
2025-07-26,UHSWATCHRT,Mudra innovation,5000.0,572.0,4428.0,12.2,54021.6
2025-07-28,UH0.2AG05,CN Innovations Limited,700.0,0.0,700.0,577.11,403976.16
2025-07-28,UH0.2AG06,CN Innovations Limited,1750.0,0.0,1750.0,577.11,1009940.4
2025-07-28,UH0.2AG07,CN Innovations Limited,9500.0,0.0,9500.0,577.11,5482533.6
2025-07-28,UH0.2AG08,CN Innovations Limited,2100.0,0.0,2100.0,577.11,1211928.48
2025-07-28,UH0.2AG09,CN Innovations Limited,5950.0,0.0,5950.0,577.11,3433797.36
2025-07-28,UH0.2AS06,CN Innovations Limited,9100.0,0.0,9100.0,578.12,5260913.28
2025-07-28,UH0.2AS07,CN Innovations Limited,6650.0,0.0,6650.0,545.49,3627484.56
2025-07-28,UH0.2AS08,CN Innovations Limited,15200.0,2250.0,12950.0,556.02,7200420.48
2025-07-28,UH0.2AS09,CN Innovations Limited,350.0,0.0,350.0,545.49,190920.24
2025-07-28,UH0.2AS10,CN Innovations Limited,1050.0,0.0,1050.0,648.26,680672.16
2025-07-28,UH0.2AS13,CN Innovations Limited,350.0,0.0,350.0,648.26,226890.72
2025-07-28,UHAIRMIRSHEL05,CN Innovations Limited,462.0,0.0,462.0,509.47,235376.06
2025-07-28,UHAIRMIRSHEL06,CN Innovations Limited,472.0,0.0,472.0,509.47,240470.78
2025-07-28,UHAIRMIRSHEL07,CN Innovations Limited,1820.0,0.0,1820.0,509.47,927239.04
2025-07-28,UHAIRMIRSHEL08,CN Innovations Limited,570.0,0.0,570.0,509.47,290399.04
2025-07-28,UHAIRMIRSHEL09,CN Innovations Limited,602.0,0.0,602.0,509.47,306702.14
2025-07-28,UHAIRMIRSHEL10,CN Innovations Limited,159.0,0.0,159.0,597.31,94972.61
2025-07-28,UHARTSGDBR07,CN Innovations Limited,350.0,0.0,350.0,522.65,182926.8
2025-07-28,UHARTSGDBR08,CN Innovations Limited,700.0,0.0,700.0,522.65,365853.6
2025-07-28,UHARTSGDBR09,CN Innovations Limited,350.0,0.0,350.0,522.65,182926.8
2025-07-28,UHARTSGDBR10,CN Innovations Limited,350.0,0.0,350.0,563.93,197376.48
2025-07-28,UHBRUSHARG05,CN Innovations Limited,514.0,0.0,514.0,588.53,302503.39
2025-07-28,UHBRUSHARG06,CN Innovations Limited,2876.0,0.0,2876.0,588.53,1692606.53
2025-07-28,UHBRUSHARG07,CN Innovations Limited,5740.0,0.0,5740.0,588.53,3378150.72
2025-07-28,UHBRUSHARG08,CN Innovations Limited,5305.0,0.0,5305.0,588.53,3122141.04
2025-07-28,UHBRUSHARG09,CN Innovations Limited,1928.0,0.0,1928.0,588.53,1134681.98
2025-07-28,UHBRUSHARG10,CN Innovations Limited,513.0,0.0,513.0,614.88,315433.44
2025-07-28,UHBRUSHARG11,CN Innovations Limited,253.0,0.0,253.0,614.88,155564.64
2025-07-28,UHBRUSHARG12,CN Innovations Limited,255.0,0.0,255.0,614.88,156794.4
2025-07-28,UHBRUSHARG13,CN Innovations Limited,118.0,0.0,118.0,614.88,72555.84
2025-07-28,UHBRUSHARG14,CN Innovations Limited,129.0,0.0,129.0,614.88,79319.52
2025-07-28,UHCH2COHOS11,Fabforma Technologies Private Limited,1400.0,0.0,1400.0,50.0,70000.0
2025-07-28,UHCH2COHOS12,Fabforma Technologies Private Limited,1000.0,0.0,1000.0,50.0,50000.0
2025-07-28,UHCHA2BASS06,HANAV MANUFACTURING AND BUSINESS PRIVATE LIMITED,2016.0,0.0,2016.0,250.0,504000.0
2025-07-28,UHCHA2BASS07,HANAV MANUFACTURING AND BUSINESS PRIVATE LIMITED,2016.0,0.0,2016.0,250.0,504000.0
2025-07-28,UHCHA2BASS09,HANAV MANUFACTURING AND BUSINESS PRIVATE LIMITED,2016.0,0.0,2016.0,250.0,504000.0
2025-07-28,UHCTPFGASS06,3DE Technology Prototype Solutions Pvt Ltd (Casting),12.0,0.0,12.0,380.0,4560.0
2025-07-28,UHCTPFGASS07,3DE Technology Prototype Solutions Pvt Ltd (Casting),4.0,0.0,4.0,380.0,1520.0
2025-07-28,UHCTPFGASS08,3DE Technology Prototype Solutions Pvt Ltd (Casting),7.0,0.0,7.0,380.0,2660.0
2025-07-28,UHCTPFGASS09,3DE Technology Prototype Solutions Pvt Ltd (Casting),25.0,0.0,25.0,380.0,9500.0
2025-07-28,UHCTPFGASS10,3DE Technology Prototype Solutions Pvt Ltd (Casting),16.0,0.0,16.0,380.0,6080.0
2025-07-28,UHCTPFGASS11,3DE Technology Prototype Solutions Pvt Ltd (Casting),2.0,0.0,2.0,380.0,760.0
2025-07-28,UHCTPFGASS12,3DE Technology Prototype Solutions Pvt Ltd (Casting),2.0,0.0,2.0,380.0,760.0
2025-07-28,UHCTPFGASS13,3DE Technology Prototype Solutions Pvt Ltd (Casting),2.0,0.0,2.0,380.0,760.0
2025-07-28,UHCTPFGBRGO05,3DE Technology Prototype Solutions Pvt Ltd (Casting),2.0,0.0,2.0,380.0,760.0
2025-07-28,UHCTPFGBRGO06,3DE Technology Prototype Solutions Pvt Ltd (Casting),4.0,0.0,4.0,380.0,1520.0
2025-07-28,UHCTPFGBRGO07,3DE Technology Prototype Solutions Pvt Ltd (Casting),7.0,0.0,7.0,380.0,2660.0
2025-07-28,UHCTPFGBRGO08,3DE Technology Prototype Solutions Pvt Ltd (Casting),2.0,0.0,2.0,380.0,760.0
2025-07-28,UHCTPFGMGS05,3DE Technology Prototype Solutions Pvt Ltd (Casting),6.0,0.0,6.0,380.0,2280.0
2025-07-28,UHCTPFGMGS06,3DE Technology Prototype Solutions Pvt Ltd (Casting),6.0,0.0,6.0,380.0,2280.0
2025-07-28,UHCTPFGMGS07,3DE Technology Prototype Solutions Pvt Ltd (Casting),14.0,0.0,14.0,380.0,5320.0
2025-07-28,UHCTPFGMGS08,3DE Technology Prototype Solutions Pvt Ltd (Casting),61.0,0.0,61.0,380.0,23180.0
2025-07-28,UHCTPFGMGS09,3DE Technology Prototype Solutions Pvt Ltd (Casting),39.0,0.0,39.0,380.0,14820.0
2025-07-28,UHCTPFGMGS10,3DE Technology Prototype Solutions Pvt Ltd (Casting),43.0,0.0,43.0,380.0,16340.0
2025-07-28,UHCTPFGMGS11,3DE Technology Prototype Solutions Pvt Ltd (Casting),31.0,0.0,31.0,380.0,11780.0
2025-07-28,UHCTPFGMGS12,3DE Technology Prototype Solutions Pvt Ltd (Casting),4.0,0.0,4.0,380.0,1520.0
2025-07-28,UHCTPFGMGS13,3DE Technology Prototype Solutions Pvt Ltd (Casting),4.0,0.0,4.0,380.0,1520.0
2025-07-28,UHCTPFGRTS05,3DE Technology Prototype Solutions Pvt Ltd (Casting),4.0,0.0,4.0,380.0,1520.0
2025-07-28,UHCTPFGRTS06,3DE Technology Prototype Solutions Pvt Ltd (Casting),11.0,0.0,11.0,380.0,4180.0
2025-07-28,UHCTPFGRTS07,3DE Technology Prototype Solutions Pvt Ltd (Casting),22.0,0.0,22.0,380.0,8360.0
2025-07-28,UHCTPFGRTS08,3DE Technology Prototype Solutions Pvt Ltd (Casting),3.0,0.0,3.0,380.0,1140.0
2025-07-28,UHCTPFGRTS09,3DE Technology Prototype Solutions Pvt Ltd (Casting),24.0,0.0,24.0,380.0,9120.0
2025-07-28,UHCTPFGRTS10,3DE Technology Prototype Solutions Pvt Ltd (Casting),15.0,0.0,15.0,380.0,5700.0
2025-07-28,UHCTPFGRTS11,3DE Technology Prototype Solutions Pvt Ltd (Casting),3.0,0.0,3.0,380.0,1140.0
2025-07-28,UHCTPFGRTS14,3DE Technology Prototype Solutions Pvt Ltd (Casting),1.0,0.0,1.0,380.0,380.0
2025-07-28,UHRING1.62PCBA,Zreyah Semiconductor Systems Pvt. Ltd.,1464.0,0.0,1464.0,140.0,204960.0
2025-07-28,UHSWATCHBRG,Mudra innovation,5000.0,4000.0,1000.0,18.0,18000.0
2025-07-29,UH0.2MIRROR05,HANAV MANUFACTURING AND BUSINESS PRIVATE LIMITED,256.0,0.0,256.0,530.0,135680.0
2025-07-29,UH0.2MIRROR06,HANAV MANUFACTURING AND BUSINESS PRIVATE LIMITED,74.0,0.0,74.0,530.0,39220.0
2025-07-29,UH0.2MIRROR07,HANAV MANUFACTURING AND BUSINESS PRIVATE LIMITED,84.0,0.0,84.0,530.0,44520.0
2025-07-29,UH0.2MIRROR08,HANAV MANUFACTURING AND BUSINESS PRIVATE LIMITED,4.0,0.0,4.0,530.0,2120.0
2025-07-29,UH0.2MIRROR10,HANAV MANUFACTURING AND BUSINESS PRIVATE LIMITED,2.0,0.0,2.0,530.0,1060.0
2025-07-29,UH0.2MIRROR11,HANAV MANUFACTURING AND BUSINESS PRIVATE LIMITED,1.0,0.0,1.0,530.0,530.0
2025-07-29,UHARPR161PB,WITGAIN TECHNOLOGY LIMITED,102240.0,0.0,102240.0,83.45,8531723.52
2025-07-29,UHC2PCBAREV21,Zreyah Semiconductor Systems Pvt. Ltd.,2274.0,0.0,2274.0,50.0,113700.0
2025-07-29,UHC2TRCL72UH,WITGAIN TECHNOLOGY LIMITED,76730.0,0.0,76730.0,43.92,3369981.6
2025-07-29,UHC3BOTTPAD,"Shenzhen BZ Tape Co., Ltd.",20000.0,0.0,20000.0,5.27,105408.0
2025-07-29,UHCH2COHOS13,Fabforma Technologies Private Limited,1000.0,0.0,1000.0,50.0,50000.0
2025-07-29,UHCHA2BASS08,HANAV MANUFACTURING AND BUSINESS PRIVATE LIMITED,1235.0,0.0,1235.0,250.0,308750.0
2025-07-29,UHCTPFGAAO06,3DE Technology Prototype Solutions Pvt Ltd (Casting),2.0,0.0,2.0,380.0,760.0
2025-07-29,UHCTPFGAAO07,3DE Technology Prototype Solutions Pvt Ltd (Casting),21.0,0.0,21.0,380.0,7980.0
2025-07-29,UHCTPFGAAO08,3DE Technology Prototype Solutions Pvt Ltd (Casting),4.0,0.0,4.0,380.0,1520.0
2025-07-29,UHCTPFGAAO09,3DE Technology Prototype Solutions Pvt Ltd (Casting),7.0,0.0,7.0,380.0,2660.0
2025-07-29,UHCTPFGAAO10,3DE Technology Prototype Solutions Pvt Ltd (Casting),5.0,0.0,5.0,380.0,1900.0
2025-07-29,UHCTPFGAAO11,3DE Technology Prototype Solutions Pvt Ltd (Casting),1.0,0.0,1.0,380.0,380.0
2025-07-29,UHCTPFGAAS05,3DE Technology Prototype Solutions Pvt Ltd (Casting),10.0,0.0,10.0,380.0,3800.0
2025-07-29,UHCTPFGAAS06,3DE Technology Prototype Solutions Pvt Ltd (Casting),8.0,0.0,8.0,380.0,3040.0
2025-07-29,UHCTPFGAAS07,3DE Technology Prototype Solutions Pvt Ltd (Casting),35.0,0.0,35.0,380.0,13300.0
2025-07-29,UHCTPFGAAS08,3DE Technology Prototype Solutions Pvt Ltd (Casting),4.0,0.0,4.0,380.0,1520.0
2025-07-29,UHCTPFGAAS09,3DE Technology Prototype Solutions Pvt Ltd (Casting),11.0,0.0,11.0,380.0,4180.0
2025-07-29,UHCTPFGAAS10,3DE Technology Prototype Solutions Pvt Ltd (Casting),5.0,0.0,5.0,380.0,1900.0
2025-07-29,UHCTPFGAAS12,3DE Technology Prototype Solutions Pvt Ltd (Casting),4.0,0.0,4.0,380.0,1520.0
2025-07-29,UHCTPFGAAS13,3DE Technology Prototype Solutions Pvt Ltd (Casting),1.0,0.0,1.0,380.0,380.0
2025-07-29,UHCTPFGAGO06,3DE Technology Prototype Solutions Pvt Ltd (Casting),22.0,0.0,22.0,380.0,8360.0
2025-07-29,UHCTPFGAGO07,3DE Technology Prototype Solutions Pvt Ltd (Casting),10.0,0.0,10.0,380.0,3800.0
2025-07-29,UHCTPFGAGO08,3DE Technology Prototype Solutions Pvt Ltd (Casting),4.0,0.0,4.0,380.0,1520.0
2025-07-29,UHCTPFGAGO09,3DE Technology Prototype Solutions Pvt Ltd (Casting),6.0,0.0,6.0,380.0,2280.0
2025-07-29,UHCTPFGAGO10,3DE Technology Prototype Solutions Pvt Ltd (Casting),1.0,0.0,1.0,380.0,380.0
2025-07-29,UHCTPFGAGS05,3DE Technology Prototype Solutions Pvt Ltd (Casting),25.0,0.0,25.0,380.0,9500.0
2025-07-29,UHCTPFGAGS06,3DE Technology Prototype Solutions Pvt Ltd (Casting),88.0,0.0,88.0,380.0,33440.0
2025-07-29,UHCTPFGAGS08,3DE Technology Prototype Solutions Pvt Ltd (Casting),52.0,0.0,52.0,380.0,19760.0
2025-07-29,UHCTPFGAGS10,3DE Technology Prototype Solutions Pvt Ltd (Casting),19.0,0.0,19.0,380.0,7220.0
2025-07-29,UHCTPFGAGS11,3DE Technology Prototype Solutions Pvt Ltd (Casting),11.0,0.0,11.0,380.0,4180.0
2025-07-29,UHCTPFGAGS12,3DE Technology Prototype Solutions Pvt Ltd (Casting),7.0,0.0,7.0,380.0,2660.0
2025-07-29,UHCTPFGAGS13,3DE Technology Prototype Solutions Pvt Ltd (Casting),6.0,0.0,6.0,380.0,2280.0
2025-07-29,UHCTPFGASO05,3DE Technology Prototype Solutions Pvt Ltd (Casting),1.0,0.0,1.0,380.0,380.0
2025-07-29,UHCTPFGASO06,3DE Technology Prototype Solutions Pvt Ltd (Casting),4.0,0.0,4.0,380.0,1520.0
2025-07-29,UHCTPFGASO07,3DE Technology Prototype Solutions Pvt Ltd (Casting),1.0,0.0,1.0,380.0,380.0
2025-07-29,UHCTPFGASO09,3DE Technology Prototype Solutions Pvt Ltd (Casting),1.0,0.0,1.0,380.0,380.0
2025-07-29,UHCTPFGASO10,3DE Technology Prototype Solutions Pvt Ltd (Casting),2.0,0.0,2.0,380.0,760.0
2025-07-29,UHPCBREV15S6,WITGAIN TECHNOLOGY LIMITED,97175.0,0.0,97175.0,39.18,3806989.99
2025-07-29,UHRD3DPRINT,Fabforma Technologies Private Limited,590.0,0.0,590.0,215.0,126850.0
2025-07-29,UHRING1.61PCBA,Zreyah Semiconductor Systems Pvt. Ltd.,492.0,0.0,492.0,140.0,68880.0
2025-07-30,UH0.2MIRROR05,HANAV MANUFACTURING AND BUSINESS PRIVATE LIMITED,69.0,0.0,69.0,530.0,36570.0
2025-07-30,UH0.2MIRROR06,HANAV MANUFACTURING AND BUSINESS PRIVATE LIMITED,49.0,0.0,49.0,530.0,25970.0
2025-07-30,UH0.2MIRROR07,HANAV MANUFACTURING AND BUSINESS PRIVATE LIMITED,40.0,0.0,40.0,530.0,21200.0
2025-07-30,UH0.2MIRROR08,HANAV MANUFACTURING AND BUSINESS PRIVATE LIMITED,2.0,0.0,2.0,530.0,1060.0
2025-07-30,UHRING1.61PCBA,Zreyah Semiconductor Systems Pvt. Ltd.,1008.0,0.0,1008.0,140.0,141120.0
2025-07-31,UH0.2MIRROR05,HANAV MANUFACTURING AND BUSINESS PRIVATE LIMITED,52.0,0.0,52.0,530.0,27560.0
2025-07-31,UH0.2MIRROR06,HANAV MANUFACTURING AND BUSINESS PRIVATE LIMITED,73.0,0.0,73.0,530.0,38690.0
2025-07-31,UH0.2MIRROR07,HANAV MANUFACTURING AND BUSINESS PRIVATE LIMITED,48.0,0.0,48.0,530.0,25440.0
2025-07-31,UHC2PCBAREV21,Zreyah Semiconductor Systems Pvt. Ltd.,4425.0,0.0,4425.0,50.0,221250.0
2025-07-31,UHC2RES0OM85,SEMISEARCH TECHNOLOGIES PRIVATE LIMITED,50000.0,0.0,50000.0,0.3,15000.0
2025-07-31,UHC3LASERTOPS06,Aaru Plastics,1000.0,0.0,1000.0,28.0,28000.0
2025-07-31,UHC3LASERTOPS07,Aaru Plastics,3980.0,0.0,3980.0,28.0,111440.0
2025-07-31,UHC3LASERTOPS08,Aaru Plastics,1000.0,0.0,1000.0,28.0,28000.0
2025-07-31,UHC3LASERTOPS09,Aaru Plastics,1000.0,0.0,1000.0,28.0,28000.0
2025-07-31,UHC3LASERTOPS10,Aaru Plastics,1000.0,0.0,1000.0,28.0,28000.0
2025-07-31,UHCAPYAG10PF,SEMISEARCH TECHNOLOGIES PRIVATE LIMITED,60000.0,0.0,60000.0,0.25,15000.0
2025-07-31,UHCH2COHOS11,3DE Technology Prototype Solutions Pvt Ltd (Casting),500.0,0.0,500.0,32.0,16000.0
2025-07-31,UHCHARTOPS07,Aaru Plastics,4000.0,0.0,4000.0,34.0,136000.0
2025-07-31,UHCHARTOPS12,Aaru Plastics,2000.0,0.0,2000.0,34.0,68000.0
2025-07-31,UHCONSSIHARD,EFIL ADDITIVE PRIVATE LIMITED,50.0,0.0,50.0,1310.0,65500.0
2025-07-31,UHCONSSIRES,EFIL ADDITIVE PRIVATE LIMITED,500.0,0.0,500.0,1240.0,620000.0
2025-07-31,UHRD01UFX7R,"Swift Electrocomp Solutions Pvt Ltd.,",1000.0,0.0,1000.0,0.71,710.0
2025-07-31,UHRD01X7S26,"Swift Electrocomp Solutions Pvt Ltd.,",2000.0,0.0,2000.0,0.85,1700.0
2025-07-31,UHRD0335C1H,"Swift Electrocomp Solutions Pvt Ltd.,",5000.0,0.0,5000.0,2.23,11150.0
2025-07-31,UHRD1230BNT,"Swift Electrocomp Solutions Pvt Ltd.,",500.0,0.0,500.0,90.63,45315.0
2025-07-31,UHRD14VCMP5,"Swift Electrocomp Solutions Pvt Ltd.,",6000.0,0.0,6000.0,4.38,26280.0
2025-07-31,UHRD20FA16J,"Swift Electrocomp Solutions Pvt Ltd.,",5000.0,0.0,5000.0,0.68,3400.0
2025-07-31,UHRD2200PF5,"Swift Electrocomp Solutions Pvt Ltd.,",6000.0,0.0,6000.0,0.96,5760.0
2025-07-31,UHRD22UFX51,"Swift Electrocomp Solutions Pvt Ltd.,",6000.0,0.0,6000.0,12.5,75000.0
2025-07-31,UHRD25COGPF,"Swift Electrocomp Solutions Pvt Ltd.,",12000.0,0.0,12000.0,1.8,21660.0
2025-07-31,UHRD320CDX2,"Swift Electrocomp Solutions Pvt Ltd.,",1000.0,0.0,1000.0,47.1,47100.0
2025-07-31,UHRD32768E1,"Swift Electrocomp Solutions Pvt Ltd.,",6000.0,0.0,6000.0,99.74,598440.0
2025-07-31,UHRD3N3BT20,"Swift Electrocomp Solutions Pvt Ltd.,",12000.0,4725.0,7275.0,7.19,52329.0
2025-07-31,UHRD50FA16D,"Swift Electrocomp Solutions Pvt Ltd.,",5000.0,0.0,5000.0,0.72,3600.0
2025-07-31,UHRDAC0201F,"Swift Electrocomp Solutions Pvt Ltd.,",6000.0,0.0,6000.0,0.97,5820.0
2025-07-31,UHRDAMIC201,"Swift Electrocomp Solutions Pvt Ltd.,",12000.0,0.0,12000.0,7.28,87360.0
2025-07-31,UHRDBM29B06333,"Swift Electrocomp Solutions Pvt Ltd.,",6000.0,0.0,6000.0,60.37,362220.0
2025-07-31,UHRDBM29B2D,"Swift Electrocomp Solutions Pvt Ltd.,",7000.0,0.0,7000.0,41.02,287160.0
2025-07-31,UHRDC0402TU,"Swift Electrocomp Solutions Pvt Ltd.,",6000.0,0.0,6000.0,11.38,68280.0
2025-07-31,UHRDC1H1R2W,"Swift Electrocomp Solutions Pvt Ltd.,",7000.0,0.0,7000.0,2.15,15030.0
2025-07-31,UHRDFLHNOR7,"Swift Electrocomp Solutions Pvt Ltd.,",7000.0,0.0,7000.0,55.33,387340.0
2025-07-31,UHRDGRME15J,"Swift Electrocomp Solutions Pvt Ltd.,",1000.0,0.0,1000.0,13.07,13070.0
2025-07-31,UHRDINDRF15,"Swift Electrocomp Solutions Pvt Ltd.,",12000.0,0.0,12000.0,4.54,54420.0
2025-07-31,UHRDMSASE06,"Swift Electrocomp Solutions Pvt Ltd.,",6000.0,0.0,6000.0,0.9,5400.0
2025-07-31,UHRDNSR05F4,"Swift Electrocomp Solutions Pvt Ltd.,",12000.0,0.0,12000.0,7.85,94200.0
2025-07-31,UHRDNTCG063,"Swift Electrocomp Solutions Pvt Ltd.,",12000.0,0.0,12000.0,3.71,44460.0
2025-07-31,UHRDPWR0603,"Swift Electrocomp Solutions Pvt Ltd.,",24000.0,0.0,24000.0,9.87,236760.0
2025-07-31,UHRDR0WB01D,"Swift Electrocomp Solutions Pvt Ltd.,",5000.0,0.0,5000.0,2.62,13100.0
2025-07-31,UHRDRR16211,WITGAIN TECHNOLOGY LIMITED,20000.0,0.0,20000.0,154.6,3091968.0
2025-07-31,UHRDRR21CNA,WITGAIN TECHNOLOGY LIMITED,20000.0,0.0,20000.0,158.11,3162240.0
2025-07-31,UHRDSMD0201,"Swift Electrocomp Solutions Pvt Ltd.,",3000.0,0.0,3000.0,8.66,25980.0
2025-07-31,UHRESNMUR8PF,Avnet Asia Pte Ltd,50000.0,0.0,50000.0,54.46,2723040.0
2025-07-31,UHRINGECS320,Avnet Asia Pte Ltd,20000.0,0.0,20000.0,21.96,439200.0
2025-08-01,UH0.2MIRROR05,HANAV MANUFACTURING AND BUSINESS PRIVATE LIMITED,41.0,0.0,41.0,530.0,21730.0
2025-08-01,UH0.2MIRROR06,HANAV MANUFACTURING AND BUSINESS PRIVATE LIMITED,47.0,0.0,47.0,530.0,24910.0
2025-08-01,UH0.2MIRROR07,HANAV MANUFACTURING AND BUSINESS PRIVATE LIMITED,23.0,0.0,23.0,530.0,12190.0
2025-08-01,UH0.2MIRROR08,HANAV MANUFACTURING AND BUSINESS PRIVATE LIMITED,1.0,0.0,1.0,530.0,530.0
2025-08-01,UHC2PCBAREV21,Zreyah Semiconductor Systems Pvt. Ltd.,1751.0,0.0,1751.0,50.0,87550.0
2025-08-01,UHCH2COHOS05,3DE Technology Prototype Solutions Pvt Ltd (Casting),500.0,0.0,500.0,32.0,16000.0
2025-08-01,UHCH2COHOS06,3DE Technology Prototype Solutions Pvt Ltd (Casting),497.0,0.0,497.0,32.0,15904.0
2025-08-01,UHCHARTOPS12,Aaru Plastics,400.0,0.0,400.0,34.0,13600.0
2025-08-01,UHICHNRF5284,MILLENNIUM SEMICONDUCTORS INDIA PRIVATE LIMITED,84000.0,0.0,84000.0,150.83,12669720.0
2025-08-01,UHRD01X7S26,"Swift Electrocomp Solutions Pvt Ltd.,",1000.0,0.0,1000.0,0.85,850.0
2025-08-01,UHRD0201AEC,"Swift Electrocomp Solutions Pvt Ltd.,",1000.0,0.0,1000.0,1.06,1060.0
2025-08-01,UHRD022UF10,"Swift Electrocomp Solutions Pvt Ltd.,",14000.0,0.0,14000.0,1.06,14840.0
2025-08-01,UHRD040ZT2A,"Swift Electrocomp Solutions Pvt Ltd.,",960.0,0.0,960.0,1.45,1392.0
2025-08-01,UHRD0710KLR,"Swift Electrocomp Solutions Pvt Ltd.,",480.0,0.0,480.0,0.59,283.2
2025-08-01,UHRD196AEC2,"Swift Electrocomp Solutions Pvt Ltd.,",1000.0,0.0,1000.0,0.74,740.0
2025-08-01,UHRD20ATCSF,"Swift Electrocomp Solutions Pvt Ltd.,",1000.0,0.0,1000.0,5.32,5320.0
2025-08-01,UHRD2121003,"Swift Electrocomp Solutions Pvt Ltd.,",7000.0,0.0,7000.0,20.12,140840.0
2025-08-01,UHRD2200PF5,"Swift Electrocomp Solutions Pvt Ltd.,",3000.0,0.0,3000.0,0.96,2880.0
2025-08-01,UHRD25COGPF,"Swift Electrocomp Solutions Pvt Ltd.,",7000.0,0.0,7000.0,1.83,12810.0
2025-08-01,UHRD25VDCX8,"Swift Electrocomp Solutions Pvt Ltd.,",1000.0,0.0,1000.0,2.71,2710.0
2025-08-01,UHRD3N3BT20,"Swift Electrocomp Solutions Pvt Ltd.,",6807.0,0.0,6807.0,7.16,48738.12
2025-08-01,UHRD499RSTR,"Swift Electrocomp Solutions Pvt Ltd.,",1000.0,0.0,1000.0,1.16,1160.0
2025-08-01,UHRD66AUTVE,"Swift Electrocomp Solutions Pvt Ltd.,",1000.0,0.0,1000.0,0.74,740.0
2025-08-01,UHRD6871011,"Swift Electrocomp Solutions Pvt Ltd.,",120.0,0.0,120.0,88.05,10566.0
2025-08-01,UHRD6878211,"Swift Electrocomp Solutions Pvt Ltd.,",240.0,0.0,240.0,133.84,32121.6
2025-08-01,UHRDAECQ200,"Swift Electrocomp Solutions Pvt Ltd.,",14000.0,0.0,14000.0,1.33,18620.0
2025-08-01,UHRDAP211G1,"Swift Electrocomp Solutions Pvt Ltd.,",120.0,0.0,120.0,11.14,1336.8
2025-08-01,UHRDAP2TRG1,"Swift Electrocomp Solutions Pvt Ltd.,",120.0,0.0,120.0,11.14,1336.8
2025-08-01,UHRDB3U00PM,"Swift Electrocomp Solutions Pvt Ltd.,",120.0,0.0,120.0,74.96,8995.2
2025-08-01,UHRDBLMTN1D,"Swift Electrocomp Solutions Pvt Ltd.,",1000.0,0.0,1000.0,4.52,4520.0
2025-08-01,UHRDC1680AA,"Swift Electrocomp Solutions Pvt Ltd.,",623.0,0.0,623.0,1.6,996.8
2025-08-01,UHRDC1H1R2W,"Swift Electrocomp Solutions Pvt Ltd.,",1000.0,0.0,1000.0,2.61,2610.0
2025-08-01,UHRDCAPTR16,"Swift Electrocomp Solutions Pvt Ltd.,",14000.0,0.0,14000.0,0.72,10080.0
2025-08-01,UHRDCBSS138,"Swift Electrocomp Solutions Pvt Ltd.,",120.0,0.0,120.0,7.59,910.8
2025-08-01,UHRDCGA50BE,"Swift Electrocomp Solutions Pvt Ltd.,",14000.0,0.0,14000.0,4.54,63560.0
2025-08-01,UHRDCL05B1K,"Swift Electrocomp Solutions Pvt Ltd.,",600.0,0.0,600.0,0.46,276.0
2025-08-01,UHRDCNL320X,"Swift Electrocomp Solutions Pvt Ltd.,",7000.0,0.0,7000.0,7.45,52150.0
2025-08-01,UHRDCOGNPO1,"Swift Electrocomp Solutions Pvt Ltd.,",7000.0,0.0,7000.0,7.35,51450.0
2025-08-01,UHRDDEF2MP2,"Swift Electrocomp Solutions Pvt Ltd.,",240.0,0.0,240.0,15.13,3631.2
2025-08-01,UHRDDMP25U7,"Swift Electrocomp Solutions Pvt Ltd.,",480.0,0.0,480.0,16.94,8131.2
2025-08-01,UHRDDRV2605,"Swift Electrocomp Solutions Pvt Ltd.,",7000.0,0.0,7000.0,67.68,473760.0
2025-08-01,UHRDEC34BTR,"Swift Electrocomp Solutions Pvt Ltd.,",120.0,0.0,120.0,30.37,3644.4
2025-08-01,UHRDERA303X,"Swift Electrocomp Solutions Pvt Ltd.,",120.0,0.0,120.0,6.58,789.6
2025-08-01,UHRDERJ010X,"Swift Electrocomp Solutions Pvt Ltd.,",120.0,0.0,120.0,11.12,1334.4
2025-08-01,UHRDERJ200X,"Swift Electrocomp Solutions Pvt Ltd.,",1000.0,0.0,1000.0,3.48,3480.0
2025-08-01,UHRDERJ343X,"Swift Electrocomp Solutions Pvt Ltd.,",1000.0,0.0,1000.0,0.74,740.0
2025-08-01,UHRDFMM19TA,"Swift Electrocomp Solutions Pvt Ltd.,",1320.0,0.0,1320.0,16.12,21278.4
2025-08-01,UHRDGNRLTOP,"Swift Electrocomp Solutions Pvt Ltd.,",1000.0,0.0,1000.0,98.28,98280.0
2025-08-01,UHRDGRM188C,"Swift Electrocomp Solutions Pvt Ltd.,",1000.0,0.0,1000.0,17.94,17940.0
2025-08-01,UHRDGRME19D,"Swift Electrocomp Solutions Pvt Ltd.,",120.0,0.0,120.0,3.25,390.0
2025-08-01,UHRDGRR611D,"Swift Electrocomp Solutions Pvt Ltd.,",360.0,0.0,360.0,2.22,799.2
2025-08-01,UHRDINDRF15,"Swift Electrocomp Solutions Pvt Ltd.,",300.0,0.0,300.0,4.36,1308.0
2025-08-01,UHRDLNRSOT5,"Swift Electrocomp Solutions Pvt Ltd.,",7000.0,0.0,7000.0,8.59,60130.0
2025-08-01,UHRDLSMSVTR,"Swift Electrocomp Solutions Pvt Ltd.,",120.0,0.0,120.0,270.82,32498.4
2025-08-01,UHRDMCPCIOT,"Swift Electrocomp Solutions Pvt Ltd.,",120.0,0.0,120.0,67.41,8089.2
2025-08-01,UHRDMCTP500,"Swift Electrocomp Solutions Pvt Ltd.,",1000.0,0.0,1000.0,70.08,70080.0
2025-08-01,UHRDMDE1210,"Swift Electrocomp Solutions Pvt Ltd.,",1000.0,0.0,1000.0,46.09,46090.0
2025-08-01,UHRDNCP15XH,"Swift Electrocomp Solutions Pvt Ltd.,",1000.0,0.0,1000.0,5.9,5900.0
2025-08-01,UHRDPJA3431,"Swift Electrocomp Solutions Pvt Ltd.,",2000.0,0.0,2000.0,6.39,12780.0
2025-08-01,UHRDRC0402K,"Swift Electrocomp Solutions Pvt Ltd.,",120.0,0.0,120.0,0.49,58.8
2025-08-01,UHRDRC070RL,"Swift Electrocomp Solutions Pvt Ltd.,",21000.0,0.0,21000.0,0.29,6090.0
2025-08-01,UHRDRC071KL,"Swift Electrocomp Solutions Pvt Ltd.,",120.0,0.0,120.0,0.39,46.8
2025-08-01,UHRDRC470RL,"Swift Electrocomp Solutions Pvt Ltd.,",120.0,0.0,120.0,0.39,46.8
2025-08-01,UHRDRC74K7L,"Swift Electrocomp Solutions Pvt Ltd.,",840.0,0.0,840.0,0.87,730.8
2025-08-01,UHRDRINGC63,Fast turn PCB,240.0,0.0,240.0,1292.13,310110.34
2025-08-01,UHRDRINGR31,Fast turn PCB,240.0,0.0,240.0,1292.13,310110.34
2025-08-01,UHRDRMC27OK,"Swift Electrocomp Solutions Pvt Ltd.,",120.0,0.0,120.0,0.83,99.6
2025-08-01,UHRDRSTR105,"Swift Electrocomp Solutions Pvt Ltd.,",14000.0,0.0,14000.0,0.23,3220.0
2025-08-01,UHRDSFH2703,"Swift Electrocomp Solutions Pvt Ltd.,",480.0,0.0,480.0,72.67,34881.6
2025-08-01,UHRDSFH7016,"Swift Electrocomp Solutions Pvt Ltd.,",360.0,0.0,360.0,82.77,29797.2
2025-08-01,UHRDSHDWRE2,"Swift Electrocomp Solutions Pvt Ltd.,",1000.0,0.0,1000.0,9.26,9260.0
2025-08-01,UHRDSMD0201,"Swift Electrocomp Solutions Pvt Ltd.,",1000.0,0.0,1000.0,8.66,8660.0
2025-08-01,UHRDSMSD100,"Swift Electrocomp Solutions Pvt Ltd.,",120.0,0.0,120.0,6.14,736.8
2025-08-01,UHRDSWGVLE5,"Swift Electrocomp Solutions Pvt Ltd.,",120.0,0.0,120.0,23.04,2764.8
2025-08-01,UHRDTALETE1,"Swift Electrocomp Solutions Pvt Ltd.,",1000.0,0.0,1000.0,34.28,34280.0
2025-08-01,UHRDTPS2260,"Swift Electrocomp Solutions Pvt Ltd.,",14000.0,0.0,14000.0,26.54,371560.0
2025-08-01,UHRDUMK105B,"Swift Electrocomp Solutions Pvt Ltd.,",63000.0,0.0,63000.0,4.39,276570.0
2025-08-01,UHRDUMK107A,"Swift Electrocomp Solutions Pvt Ltd.,",21000.0,0.0,21000.0,2.47,51870.0
2025-08-01,UHRDVLMGS08,"Swift Electrocomp Solutions Pvt Ltd.,",480.0,0.0,480.0,11.32,5433.6
2025-08-01,UHRDW25Q128,"Swift Electrocomp Solutions Pvt Ltd.,",7120.0,0.0,7120.0,112.66,802161.6
2025-08-01,UHSENSMLX36V,MILLENNIUM SEMICONDUCTORS INDIA PRIVATE LIMITED,59883.0,0.0,59883.0,253.0,15150399.0
2025-08-02,UH0.2MG09,Oerlikon balzers coating india pvt ltd,550.0,0.0,550.0,207.0,113850.0
2025-08-02,UH0.2MG13,Oerlikon balzers coating india pvt ltd,477.0,0.0,477.0,207.0,98739.0
2025-08-02,UH0.2MG14,Oerlikon balzers coating india pvt ltd,73.0,0.0,73.0,207.0,15111.0
2025-08-02,UHARTITMPSN,"Swift Electrocomp Solutions Pvt Ltd.,",6000.0,0.0,6000.0,220.0,1320000.0
2025-08-02,UHCH2COHOS06,3DE Technology Prototype Solutions Pvt Ltd (Casting),1000.0,0.0,1000.0,32.0,32000.0
2025-08-02,UHCH2COHOS07,3DE Technology Prototype Solutions Pvt Ltd (Casting),1000.0,0.0,1000.0,32.0,32000.0
2025-08-02,UHCH2COHOS11,3DE Technology Prototype Solutions Pvt Ltd (Casting),500.0,0.0,500.0,32.0,16000.0
2025-08-02,UHCH2COHOS13,3DE Technology Prototype Solutions Pvt Ltd (Casting),1000.0,0.0,1000.0,32.0,32000.0
2025-08-02,UHCONSDBRBLD,SUNRISE ENTERPRISE,3000.0,0.0,3000.0,38.5,115500.0
2025-08-02,UHCONSPRSPRAY,RS components,100.0,0.0,100.0,1330.0,133000.0
2025-08-02,UHCTPFGAAO05,3DE Technology Prototype Solutions Pvt Ltd (Casting),2.0,0.0,2.0,380.0,760.0
2025-08-02,UHCTPFGAAO06,3DE Technology Prototype Solutions Pvt Ltd (Casting),1.0,0.0,1.0,380.0,380.0
2025-08-02,UHCTPFGAAO08,3DE Technology Prototype Solutions Pvt Ltd (Casting),1.0,0.0,1.0,380.0,380.0
2025-08-02,UHCTPFGAAO09,3DE Technology Prototype Solutions Pvt Ltd (Casting),6.0,0.0,6.0,380.0,2280.0
2025-08-02,UHCTPFGAAO10,3DE Technology Prototype Solutions Pvt Ltd (Casting),15.0,0.0,15.0,380.0,5700.0
2025-08-02,UHCTPFGAAO11,3DE Technology Prototype Solutions Pvt Ltd (Casting),2.0,0.0,2.0,380.0,760.0
2025-08-02,UHCTPFGAAO12,3DE Technology Prototype Solutions Pvt Ltd (Casting),3.0,0.0,3.0,380.0,1140.0
2025-08-02,UHCTPFGAAS05,3DE Technology Prototype Solutions Pvt Ltd (Casting),2.0,0.0,2.0,380.0,760.0
2025-08-02,UHCTPFGAAS06,3DE Technology Prototype Solutions Pvt Ltd (Casting),2.0,0.0,2.0,190.0,380.0
2025-08-02,UHCTPFGAAS07,3DE Technology Prototype Solutions Pvt Ltd (Casting),17.0,0.0,17.0,380.0,6460.0
2025-08-02,UHCTPFGAAS08,3DE Technology Prototype Solutions Pvt Ltd (Casting),31.0,0.0,31.0,380.0,11780.0
2025-08-02,UHCTPFGAAS09,3DE Technology Prototype Solutions Pvt Ltd (Casting),18.0,0.0,18.0,380.0,6840.0
2025-08-02,UHCTPFGAAS10,3DE Technology Prototype Solutions Pvt Ltd (Casting),9.0,0.0,9.0,380.0,3420.0
2025-08-02,UHCTPFGAAS11,3DE Technology Prototype Solutions Pvt Ltd (Casting),4.0,0.0,4.0,190.0,760.0
2025-08-02,UHCTPFGAAS12,3DE Technology Prototype Solutions Pvt Ltd (Casting),7.0,0.0,7.0,190.0,1330.0
2025-08-02,UHCTPFGAAS13,3DE Technology Prototype Solutions Pvt Ltd (Casting),10.0,0.0,10.0,190.0,1900.0
2025-08-02,UHCTPFGAAS14,3DE Technology Prototype Solutions Pvt Ltd (Casting),4.0,0.0,4.0,380.0,1520.0
2025-08-02,UHCTPFGAGO05,3DE Technology Prototype Solutions Pvt Ltd (Casting),9.0,0.0,9.0,380.0,3420.0
2025-08-02,UHCTPFGAGO06,3DE Technology Prototype Solutions Pvt Ltd (Casting),8.0,0.0,8.0,380.0,3040.0
2025-08-02,UHCTPFGAGO07,3DE Technology Prototype Solutions Pvt Ltd (Casting),42.0,0.0,42.0,380.0,15960.0
2025-08-02,UHCTPFGAGO08,3DE Technology Prototype Solutions Pvt Ltd (Casting),9.0,0.0,9.0,380.0,3420.0
2025-08-02,UHCTPFGAGO09,3DE Technology Prototype Solutions Pvt Ltd (Casting),14.0,0.0,14.0,380.0,5320.0
2025-08-02,UHCTPFGAGS05,3DE Technology Prototype Solutions Pvt Ltd (Casting),63.0,0.0,63.0,380.0,23940.0
2025-08-02,UHCTPFGAGS06,3DE Technology Prototype Solutions Pvt Ltd (Casting),86.0,0.0,86.0,380.0,32680.0
2025-08-02,UHCTPFGAGS07,3DE Technology Prototype Solutions Pvt Ltd (Casting),74.0,0.0,74.0,380.0,28120.0
2025-08-02,UHCTPFGAGS08,3DE Technology Prototype Solutions Pvt Ltd (Casting),47.0,0.0,47.0,190.0,8930.0
2025-08-02,UHCTPFGAGS09,3DE Technology Prototype Solutions Pvt Ltd (Casting),31.0,0.0,31.0,190.0,5890.0
2025-08-02,UHCTPFGAGS10,3DE Technology Prototype Solutions Pvt Ltd (Casting),30.0,0.0,30.0,380.0,11400.0
2025-08-02,UHCTPFGAGS11,3DE Technology Prototype Solutions Pvt Ltd (Casting),26.0,0.0,26.0,190.0,4940.0
2025-08-02,UHCTPFGAGS12,3DE Technology Prototype Solutions Pvt Ltd (Casting),13.0,0.0,13.0,190.0,2470.0
2025-08-02,UHCTPFGAGS13,3DE Technology Prototype Solutions Pvt Ltd (Casting),12.0,0.0,12.0,380.0,4560.0
2025-08-02,UHCTPFGAGS14,3DE Technology Prototype Solutions Pvt Ltd (Casting),3.0,0.0,3.0,380.0,1140.0
2025-08-02,UHCTPFGASO05,3DE Technology Prototype Solutions Pvt Ltd (Casting),1.0,0.0,1.0,380.0,380.0
2025-08-02,UHCTPFGASO06,3DE Technology Prototype Solutions Pvt Ltd (Casting),10.0,0.0,10.0,380.0,3800.0
2025-08-02,UHCTPFGASO07,3DE Technology Prototype Solutions Pvt Ltd (Casting),6.0,0.0,6.0,380.0,2280.0
2025-08-02,UHCTPFGASO09,3DE Technology Prototype Solutions Pvt Ltd (Casting),6.0,0.0,6.0,380.0,2280.0
2025-08-02,UHCTPFGASS05,3DE Technology Prototype Solutions Pvt Ltd (Casting),4.0,0.0,4.0,380.0,1520.0
2025-08-02,UHCTPFGASS06,3DE Technology Prototype Solutions Pvt Ltd (Casting),18.0,0.0,18.0,190.0,3420.0
2025-08-02,UHCTPFGASS07,3DE Technology Prototype Solutions Pvt Ltd (Casting),28.0,0.0,28.0,380.0,10640.0
2025-08-02,UHCTPFGASS08,3DE Technology Prototype Solutions Pvt Ltd (Casting),14.0,0.0,14.0,190.0,2660.0
2025-08-02,UHCTPFGASS09,3DE Technology Prototype Solutions Pvt Ltd (Casting),42.0,0.0,42.0,380.0,15960.0
2025-08-02,UHCTPFGASS10,3DE Technology Prototype Solutions Pvt Ltd (Casting),25.0,0.0,25.0,190.0,4750.0
2025-08-02,UHCTPFGASS11,3DE Technology Prototype Solutions Pvt Ltd (Casting),2.0,0.0,2.0,190.0,380.0
2025-08-02,UHCTPFGASS12,3DE Technology Prototype Solutions Pvt Ltd (Casting),14.0,0.0,14.0,190.0,2660.0
2025-08-02,UHCTPFGASS13,3DE Technology Prototype Solutions Pvt Ltd (Casting),9.0,0.0,9.0,190.0,1710.0
2025-08-02,UHCTPFGBRGO05,3DE Technology Prototype Solutions Pvt Ltd (Casting),1.0,0.0,1.0,380.0,380.0
2025-08-02,UHCTPFGBRGO06,3DE Technology Prototype Solutions Pvt Ltd (Casting),4.0,0.0,4.0,380.0,1520.0
2025-08-02,UHCTPFGBRGO07,3DE Technology Prototype Solutions Pvt Ltd (Casting),11.0,0.0,11.0,380.0,4180.0
2025-08-02,UHCTPFGBRGO08,3DE Technology Prototype Solutions Pvt Ltd (Casting),3.0,0.0,3.0,380.0,1140.0
2025-08-02,UHCTPFGBRGO09,3DE Technology Prototype Solutions Pvt Ltd (Casting),2.0,0.0,2.0,380.0,760.0
2025-08-02,UHCTPFGBRGO10,3DE Technology Prototype Solutions Pvt Ltd (Casting),1.0,0.0,1.0,380.0,380.0
2025-08-02,UHCTPFGMGS05,3DE Technology Prototype Solutions Pvt Ltd (Casting),21.0,0.0,21.0,380.0,7980.0
2025-08-02,UHCTPFGMGS06,3DE Technology Prototype Solutions Pvt Ltd (Casting),5.0,0.0,5.0,380.0,1900.0
2025-08-02,UHCTPFGMGS07,3DE Technology Prototype Solutions Pvt Ltd (Casting),22.0,0.0,22.0,190.0,4180.0
2025-08-02,UHCTPFGMGS08,3DE Technology Prototype Solutions Pvt Ltd (Casting),39.0,0.0,39.0,190.0,7410.0
2025-08-02,UHCTPFGMGS09,3DE Technology Prototype Solutions Pvt Ltd (Casting),69.0,0.0,69.0,190.0,13110.0
2025-08-02,UHCTPFGMGS10,3DE Technology Prototype Solutions Pvt Ltd (Casting),16.0,0.0,16.0,190.0,3040.0
2025-08-02,UHCTPFGMGS11,3DE Technology Prototype Solutions Pvt Ltd (Casting),10.0,0.0,10.0,190.0,1900.0
2025-08-02,UHCTPFGMGS12,3DE Technology Prototype Solutions Pvt Ltd (Casting),10.0,0.0,10.0,190.0,1900.0
2025-08-02,UHCTPFGMGS13,3DE Technology Prototype Solutions Pvt Ltd (Casting),31.0,0.0,31.0,190.0,5890.0
2025-08-02,UHCTPFGMGS14,3DE Technology Prototype Solutions Pvt Ltd (Casting),33.0,0.0,33.0,190.0,6270.0
2025-08-02,UHCTPFGRTS05,3DE Technology Prototype Solutions Pvt Ltd (Casting),6.0,0.0,6.0,380.0,2280.0
2025-08-02,UHCTPFGRTS06,3DE Technology Prototype Solutions Pvt Ltd (Casting),35.0,0.0,35.0,190.0,6650.0
2025-08-02,UHCTPFGRTS07,3DE Technology Prototype Solutions Pvt Ltd (Casting),24.0,0.0,24.0,190.0,4560.0
2025-08-02,UHCTPFGRTS08,3DE Technology Prototype Solutions Pvt Ltd (Casting),6.0,0.0,6.0,190.0,1140.0
2025-08-02,UHCTPFGRTS09,3DE Technology Prototype Solutions Pvt Ltd (Casting),33.0,0.0,33.0,190.0,6270.0
2025-08-02,UHCTPFGRTS10,3DE Technology Prototype Solutions Pvt Ltd (Casting),25.0,0.0,25.0,190.0,4750.0
2025-08-02,UHCTPFGRTS11,3DE Technology Prototype Solutions Pvt Ltd (Casting),2.0,0.0,2.0,190.0,380.0
2025-08-02,UHCTPFGRTS12,3DE Technology Prototype Solutions Pvt Ltd (Casting),6.0,0.0,6.0,380.0,2280.0
2025-08-02,UHCTPFGRTS13,3DE Technology Prototype Solutions Pvt Ltd (Casting),3.0,0.0,3.0,380.0,1140.0
2025-08-02,UHFSJW10M8M,Suprabha ColorGrafix Private Limited,144000.0,0.0,144000.0,0.01,1800.0
2025-08-02,UHICHNRF5284,MILLENNIUM SEMICONDUCTORS INDIA PRIVATE LIMITED,119000.0,0.0,119000.0,150.83,17948770.0
2025-08-02,UHOPSANA61EF,Macnica Cytech Pte Ltd,60000.0,15000.0,45000.0,265.1,11929550.4
2025-08-02,UHRDADPTER1,Aarthi Electronics,1.0,0.0,1.0,400.0,400.0
2025-08-02,UHRDC5X10MM,Bharath Hardware & Industrial Suppliers,200.0,0.0,200.0,5.06,1012.5
2025-08-02,UHRDC6X10MM,Bharath Hardware & Industrial Suppliers,200.0,0.0,200.0,4.46,892.5
2025-08-02,UHRDFOAMGAS,CHEMZEST TECHNOPRODUCTS PVT LTD,10.0,0.0,10.0,720.0,7200.0
2025-08-02,UHRDLSM6DSV,"Swift Electrocomp Solutions Pvt Ltd.,",4200.0,0.0,4200.0,324.51,1362942.0
2025-08-02,UHRDPWRICS1,"Swift Electrocomp Solutions Pvt Ltd.,",6000.0,0.0,6000.0,26.11,156660.0
2025-08-02,UHRDRINGGAS,CHEMZEST TECHNOPRODUCTS PVT LTD,40.0,0.0,40.0,1120.0,44800.0
2025-08-02,UHRDTPS2260,"Swift Electrocomp Solutions Pvt Ltd.,",10000.0,0.0,10000.0,24.85,248500.0
2025-08-02,UHSENSMLX36V,MILLENNIUM SEMICONDUCTORS INDIA PRIVATE LIMITED,5000.0,0.0,5000.0,253.0,1265000.0
2025-08-04,UH0.2MIRROR05,HANAV MANUFACTURING AND BUSINESS PRIVATE LIMITED,49.0,0.0,49.0,530.0,25970.0
2025-08-04,UH0.2MIRROR06,HANAV MANUFACTURING AND BUSINESS PRIVATE LIMITED,55.0,0.0,55.0,530.0,29150.0
2025-08-04,UH0.2MIRROR07,HANAV MANUFACTURING AND BUSINESS PRIVATE LIMITED,19.0,0.0,19.0,530.0,10070.0
2025-08-04,UH0.2MIRROR08,HANAV MANUFACTURING AND BUSINESS PRIVATE LIMITED,4.0,0.0,4.0,530.0,2120.0
2025-08-04,UHAIRMIRSHEL11,CN Innovations Limited,368.0,0.0,368.0,597.31,219810.82
2025-08-04,UHAIRMIRSHEL12,CN Innovations Limited,1078.0,0.0,1078.0,597.31,643902.34
2025-08-04,UHAIRMIRSHEL13,CN Innovations Limited,132.0,0.0,132.0,597.31,78845.18
2025-08-04,UHAIRMIRSHEL14,CN Innovations Limited,548.0,0.0,548.0,597.31,327326.98
2025-08-04,UHC2TRCL72UH,WITGAIN TECHNOLOGY LIMITED,28000.0,0.0,28000.0,43.92,1229760.0
2025-08-04,UHCTPFGAAO06,3DE Technology Prototype Solutions Pvt Ltd (Casting),1.0,0.0,1.0,380.0,380.0
2025-08-04,UHCTPFGAAO07,3DE Technology Prototype Solutions Pvt Ltd (Casting),9.0,0.0,9.0,380.0,3420.0
2025-08-04,UHCTPFGAAO09,3DE Technology Prototype Solutions Pvt Ltd (Casting),1.0,0.0,1.0,380.0,380.0
2025-08-04,UHCTPFGAAO10,3DE Technology Prototype Solutions Pvt Ltd (Casting),2.0,0.0,2.0,380.0,760.0
2025-08-04,UHCTPFGAAO11,3DE Technology Prototype Solutions Pvt Ltd (Casting),1.0,0.0,1.0,380.0,380.0
2025-08-04,UHCTPFGAAO12,3DE Technology Prototype Solutions Pvt Ltd (Casting),1.0,0.0,1.0,380.0,380.0
2025-08-04,UHCTPFGAAS05,3DE Technology Prototype Solutions Pvt Ltd (Casting),1.0,0.0,1.0,380.0,380.0
2025-08-04,UHCTPFGAAS06,3DE Technology Prototype Solutions Pvt Ltd (Casting),1.0,0.0,1.0,380.0,380.0
2025-08-04,UHCTPFGAAS07,3DE Technology Prototype Solutions Pvt Ltd (Casting),4.0,0.0,4.0,380.0,1520.0
2025-08-04,UHCTPFGAAS08,3DE Technology Prototype Solutions Pvt Ltd (Casting),2.0,0.0,2.0,380.0,760.0
2025-08-04,UHCTPFGAAS09,3DE Technology Prototype Solutions Pvt Ltd (Casting),2.0,0.0,2.0,380.0,760.0
2025-08-04,UHCTPFGAAS10,3DE Technology Prototype Solutions Pvt Ltd (Casting),1.0,0.0,1.0,380.0,380.0
2025-08-04,UHCTPFGAAS11,3DE Technology Prototype Solutions Pvt Ltd (Casting),2.0,0.0,2.0,380.0,760.0
2025-08-04,UHCTPFGAAS12,3DE Technology Prototype Solutions Pvt Ltd (Casting),3.0,0.0,3.0,190.0,570.0
2025-08-04,UHCTPFGAAS13,3DE Technology Prototype Solutions Pvt Ltd (Casting),2.0,0.0,2.0,190.0,380.0
2025-08-04,UHCTPFGAAS14,3DE Technology Prototype Solutions Pvt Ltd (Casting),3.0,0.0,3.0,380.0,1140.0
2025-08-04,UHCTPFGAGO06,3DE Technology Prototype Solutions Pvt Ltd (Casting),3.0,0.0,3.0,380.0,1140.0
2025-08-04,UHCTPFGAGO07,3DE Technology Prototype Solutions Pvt Ltd (Casting),19.0,0.0,19.0,380.0,7220.0
2025-08-04,UHCTPFGAGO08,3DE Technology Prototype Solutions Pvt Ltd (Casting),4.0,0.0,4.0,380.0,1520.0
2025-08-04,UHCTPFGAGO09,3DE Technology Prototype Solutions Pvt Ltd (Casting),5.0,0.0,5.0,380.0,1900.0
2025-08-04,UHCTPFGAGO10,3DE Technology Prototype Solutions Pvt Ltd (Casting),1.0,0.0,1.0,380.0,380.0
2025-08-04,UHCTPFGAGS05,3DE Technology Prototype Solutions Pvt Ltd (Casting),20.0,0.0,20.0,380.0,7600.0
2025-08-04,UHCTPFGAGS06,3DE Technology Prototype Solutions Pvt Ltd (Casting),39.0,0.0,39.0,380.0,14820.0
2025-08-04,UHCTPFGAGS07,3DE Technology Prototype Solutions Pvt Ltd (Casting),27.0,0.0,27.0,380.0,10260.0
2025-08-04,UHCTPFGAGS08,3DE Technology Prototype Solutions Pvt Ltd (Casting),11.0,0.0,11.0,190.0,2090.0
2025-08-04,UHCTPFGAGS09,3DE Technology Prototype Solutions Pvt Ltd (Casting),13.0,0.0,13.0,190.0,2470.0
2025-08-04,UHCTPFGAGS10,3DE Technology Prototype Solutions Pvt Ltd (Casting),11.0,0.0,11.0,380.0,4180.0
2025-08-04,UHCTPFGAGS11,3DE Technology Prototype Solutions Pvt Ltd (Casting),17.0,0.0,17.0,190.0,3230.0
2025-08-04,UHCTPFGAGS12,3DE Technology Prototype Solutions Pvt Ltd (Casting),14.0,0.0,14.0,190.0,2660.0
2025-08-04,UHCTPFGAGS13,3DE Technology Prototype Solutions Pvt Ltd (Casting),9.0,0.0,9.0,380.0,3420.0
2025-08-04,UHCTPFGASO05,3DE Technology Prototype Solutions Pvt Ltd (Casting),2.0,0.0,2.0,380.0,760.0
2025-08-04,UHCTPFGASO06,3DE Technology Prototype Solutions Pvt Ltd (Casting),1.0,0.0,1.0,380.0,380.0
2025-08-04,UHCTPFGASO07,3DE Technology Prototype Solutions Pvt Ltd (Casting),1.0,0.0,1.0,380.0,380.0
2025-08-04,UHCTPFGASO08,3DE Technology Prototype Solutions Pvt Ltd (Casting),2.0,0.0,2.0,380.0,760.0
2025-08-04,UHCTPFGASO09,3DE Technology Prototype Solutions Pvt Ltd (Casting),2.0,0.0,2.0,380.0,760.0
2025-08-04,UHCTPFGASS05,3DE Technology Prototype Solutions Pvt Ltd (Casting),5.0,0.0,5.0,380.0,1900.0
2025-08-04,UHCTPFGASS06,3DE Technology Prototype Solutions Pvt Ltd (Casting),7.0,0.0,7.0,190.0,1330.0
2025-08-04,UHCTPFGASS07,3DE Technology Prototype Solutions Pvt Ltd (Casting),11.0,0.0,11.0,380.0,4180.0
2025-08-04,UHCTPFGASS08,3DE Technology Prototype Solutions Pvt Ltd (Casting),2.0,0.0,2.0,190.0,380.0
2025-08-04,UHCTPFGASS09,3DE Technology Prototype Solutions Pvt Ltd (Casting),18.0,0.0,18.0,380.0,6840.0
2025-08-04,UHCTPFGASS10,3DE Technology Prototype Solutions Pvt Ltd (Casting),9.0,0.0,9.0,190.0,1710.0
2025-08-04,UHCTPFGASS11,3DE Technology Prototype Solutions Pvt Ltd (Casting),4.0,0.0,4.0,190.0,760.0
2025-08-04,UHCTPFGASS12,3DE Technology Prototype Solutions Pvt Ltd (Casting),4.0,0.0,4.0,190.0,760.0
2025-08-04,UHCTPFGASS13,3DE Technology Prototype Solutions Pvt Ltd (Casting),6.0,0.0,6.0,190.0,1140.0
2025-08-04,UHCTPFGBRGO05,3DE Technology Prototype Solutions Pvt Ltd (Casting),3.0,0.0,3.0,380.0,1140.0
2025-08-04,UHCTPFGBRGO06,3DE Technology Prototype Solutions Pvt Ltd (Casting),4.0,0.0,4.0,380.0,1520.0
2025-08-04,UHCTPFGBRGO08,3DE Technology Prototype Solutions Pvt Ltd (Casting),1.0,0.0,1.0,380.0,380.0
2025-08-04,UHCTPFGBRGO09,3DE Technology Prototype Solutions Pvt Ltd (Casting),4.0,0.0,4.0,380.0,1520.0
2025-08-04,UHCTPFGBRGO10,3DE Technology Prototype Solutions Pvt Ltd (Casting),2.0,0.0,2.0,380.0,760.0
2025-08-04,UHCTPFGMGS05,3DE Technology Prototype Solutions Pvt Ltd (Casting),11.0,0.0,11.0,380.0,4180.0
2025-08-04,UHCTPFGMGS06,3DE Technology Prototype Solutions Pvt Ltd (Casting),7.0,0.0,7.0,380.0,2660.0
2025-08-04,UHCTPFGMGS07,3DE Technology Prototype Solutions Pvt Ltd (Casting),18.0,0.0,18.0,190.0,3420.0
2025-08-04,UHCTPFGMGS08,3DE Technology Prototype Solutions Pvt Ltd (Casting),20.0,0.0,20.0,190.0,3800.0
2025-08-04,UHCTPFGMGS09,3DE Technology Prototype Solutions Pvt Ltd (Casting),38.0,0.0,38.0,190.0,7220.0
2025-08-04,UHCTPFGMGS10,3DE Technology Prototype Solutions Pvt Ltd (Casting),10.0,0.0,10.0,190.0,1900.0
2025-08-04,UHCTPFGMGS11,3DE Technology Prototype Solutions Pvt Ltd (Casting),6.0,0.0,6.0,190.0,1140.0
2025-08-04,UHCTPFGMGS12,3DE Technology Prototype Solutions Pvt Ltd (Casting),7.0,0.0,7.0,190.0,1330.0
2025-08-04,UHCTPFGMGS13,3DE Technology Prototype Solutions Pvt Ltd (Casting),6.0,0.0,6.0,190.0,1140.0
2025-08-04,UHCTPFGMGS14,3DE Technology Prototype Solutions Pvt Ltd (Casting),1.0,0.0,1.0,190.0,190.0
2025-08-04,UHCTPFGRTS05,3DE Technology Prototype Solutions Pvt Ltd (Casting),5.0,0.0,5.0,380.0,1900.0
2025-08-04,UHCTPFGRTS06,3DE Technology Prototype Solutions Pvt Ltd (Casting),16.0,0.0,16.0,190.0,3040.0
2025-08-04,UHCTPFGRTS07,3DE Technology Prototype Solutions Pvt Ltd (Casting),10.0,0.0,10.0,190.0,1900.0
2025-08-04,UHCTPFGRTS08,3DE Technology Prototype Solutions Pvt Ltd (Casting),1.0,0.0,1.0,190.0,190.0
2025-08-04,UHCTPFGRTS09,3DE Technology Prototype Solutions Pvt Ltd (Casting),8.0,0.0,8.0,190.0,1520.0
2025-08-04,UHCTPFGRTS10,3DE Technology Prototype Solutions Pvt Ltd (Casting),5.0,0.0,5.0,190.0,950.0
2025-08-04,UHCTPFGRTS12,3DE Technology Prototype Solutions Pvt Ltd (Casting),3.0,0.0,3.0,380.0,1140.0
2025-08-04,UHCTPFGRTS13,3DE Technology Prototype Solutions Pvt Ltd (Casting),4.0,0.0,4.0,380.0,1520.0
2025-08-04,UHCTPFGRTS14,3DE Technology Prototype Solutions Pvt Ltd (Casting),1.0,0.0,1.0,190.0,190.0
2025-08-04,UHICHANA4124,Macnica Cytech Pte Ltd,50000.0,0.0,50000.0,208.36,10417824.0
2025-08-04,UHICHNRF5284,MILLENNIUM SEMICONDUCTORS INDIA PRIVATE LIMITED,21000.0,0.0,21000.0,150.83,3167430.0
2025-08-04,UHPLASIZRS05,"YongChangXing International (HK), LTD",8000.0,0.0,8000.0,2.02,16162.56
2025-08-04,UHPLASIZRS06,"YongChangXing International (HK), LTD",8000.0,0.0,8000.0,2.02,16162.56
2025-08-04,UHPLASIZRS07,"YongChangXing International (HK), LTD",8000.0,0.0,8000.0,2.02,16162.56
2025-08-04,UHPLASIZRS08,"YongChangXing International (HK), LTD",8000.0,0.0,8000.0,2.02,16162.56
2025-08-04,UHPLASIZRS09,"YongChangXing International (HK), LTD",8000.0,0.0,8000.0,2.02,16162.56
2025-08-04,UHPLASIZRS10,"YongChangXing International (HK), LTD",6000.0,0.0,6000.0,2.02,12121.92
2025-08-04,UHPLASIZRS11,"YongChangXing International (HK), LTD",6000.0,0.0,6000.0,2.02,12121.92
2025-08-04,UHPLASIZRS12,"YongChangXing International (HK), LTD",6000.0,0.0,6000.0,2.02,12121.92
2025-08-04,UHPLASIZRS13,"YongChangXing International (HK), LTD",6000.0,0.0,6000.0,2.02,12121.92
2025-08-04,UHPLASIZRS14,"YongChangXing International (HK), LTD",6000.0,0.0,6000.0,2.02,12121.92
2025-08-04,UHRD2336FLX,Aarthi Electronics,20.0,0.0,20.0,25.0,500.0
2025-08-04,UHRDCR0402P,NAMOTRONICS,5000.0,0.0,5000.0,0.2,1000.0
2025-08-04,UHRDGRR611D,NAMOTRONICS,1000.0,0.0,1000.0,1.2,1200.0
2025-08-04,UHRDPH09421,GOODWILL ENTERPRISES,1.0,0.0,1.0,4704.0,4704.0
2025-08-04,UHRDWREDL09,GOODWILL ENTERPRISES,1.0,0.0,1.0,7656.0,7656.0
2025-08-05,UH0.2MIRROR05,HANAV MANUFACTURING AND BUSINESS PRIVATE LIMITED,47.0,0.0,47.0,530.0,24910.0
2025-08-05,UH0.2MIRROR06,HANAV MANUFACTURING AND BUSINESS PRIVATE LIMITED,88.0,0.0,88.0,530.0,46640.0
2025-08-05,UH0.2MIRROR07,HANAV MANUFACTURING AND BUSINESS PRIVATE LIMITED,27.0,0.0,27.0,530.0,14310.0
2025-08-05,UH0.2MIRROR08,HANAV MANUFACTURING AND BUSINESS PRIVATE LIMITED,9.0,0.0,9.0,530.0,4770.0
2025-08-05,UH0.2MIRROR10,HANAV MANUFACTURING AND BUSINESS PRIVATE LIMITED,1.0,0.0,1.0,530.0,530.0
2025-08-05,UHACCSTM6DSO,Ramakrishna Electro Components Pvt. Ltd.,150000.0,0.0,150000.0,146.0,21900000.0
2025-08-05,UHASRINGTRY,SHIVA ENGINEERING,860.0,0.0,860.0,320.0,275200.0
2025-08-05,UHC2PCBAREV21,Zreyah Semiconductor Systems Pvt. Ltd.,1249.0,0.0,1249.0,40.0,49960.0
2025-08-05,UHCTPFGAAO07,3DE Technology Prototype Solutions Pvt Ltd (Casting),1.0,0.0,1.0,380.0,380.0
2025-08-05,UHCTPFGAAO08,3DE Technology Prototype Solutions Pvt Ltd (Casting),1.0,0.0,1.0,380.0,380.0
2025-08-05,UHCTPFGAAO09,3DE Technology Prototype Solutions Pvt Ltd (Casting),1.0,0.0,1.0,380.0,380.0
2025-08-05,UHCTPFGAAO10,3DE Technology Prototype Solutions Pvt Ltd (Casting),2.0,0.0,2.0,380.0,760.0
2025-08-05,UHCTPFGAAO12,3DE Technology Prototype Solutions Pvt Ltd (Casting),2.0,0.0,2.0,380.0,760.0
2025-08-05,UHCTPFGAAS05,3DE Technology Prototype Solutions Pvt Ltd (Casting),1.0,0.0,1.0,380.0,380.0
2025-08-05,UHCTPFGAAS07,3DE Technology Prototype Solutions Pvt Ltd (Casting),1.0,0.0,1.0,380.0,380.0
2025-08-05,UHCTPFGAAS08,3DE Technology Prototype Solutions Pvt Ltd (Casting),1.0,0.0,1.0,380.0,380.0
2025-08-05,UHCTPFGAAS09,3DE Technology Prototype Solutions Pvt Ltd (Casting),7.0,0.0,7.0,380.0,2660.0
2025-08-05,UHCTPFGAAS10,3DE Technology Prototype Solutions Pvt Ltd (Casting),3.0,0.0,3.0,380.0,1140.0
2025-08-05,UHCTPFGAAS12,3DE Technology Prototype Solutions Pvt Ltd (Casting),2.0,0.0,2.0,190.0,380.0
2025-08-05,UHCTPFGAAS14,3DE Technology Prototype Solutions Pvt Ltd (Casting),1.0,0.0,1.0,380.0,380.0
2025-08-05,UHCTPFGAGO06,3DE Technology Prototype Solutions Pvt Ltd (Casting),1.0,0.0,1.0,380.0,380.0
2025-08-05,UHCTPFGAGO07,3DE Technology Prototype Solutions Pvt Ltd (Casting),17.0,0.0,17.0,380.0,6460.0
2025-08-05,UHCTPFGAGO08,3DE Technology Prototype Solutions Pvt Ltd (Casting),4.0,0.0,4.0,0.0,0.0
2025-08-05,UHCTPFGAGO09,3DE Technology Prototype Solutions Pvt Ltd (Casting),6.0,0.0,6.0,380.0,2280.0
2025-08-05,UHCTPFGAGS05,3DE Technology Prototype Solutions Pvt Ltd (Casting),7.0,0.0,7.0,380.0,2660.0
2025-08-05,UHCTPFGAGS06,3DE Technology Prototype Solutions Pvt Ltd (Casting),18.0,0.0,18.0,380.0,6840.0
2025-08-05,UHCTPFGAGS07,3DE Technology Prototype Solutions Pvt Ltd (Casting),8.0,0.0,8.0,380.0,3040.0
2025-08-05,UHCTPFGAGS08,3DE Technology Prototype Solutions Pvt Ltd (Casting),26.0,0.0,26.0,190.0,4940.0
2025-08-05,UHCTPFGAGS09,3DE Technology Prototype Solutions Pvt Ltd (Casting),5.0,0.0,5.0,190.0,950.0
2025-08-05,UHCTPFGAGS10,3DE Technology Prototype Solutions Pvt Ltd (Casting),8.0,0.0,8.0,380.0,3040.0
2025-08-05,UHCTPFGAGS11,3DE Technology Prototype Solutions Pvt Ltd (Casting),13.0,0.0,13.0,190.0,2470.0
2025-08-05,UHCTPFGAGS12,3DE Technology Prototype Solutions Pvt Ltd (Casting),1.0,0.0,1.0,190.0,190.0
2025-08-05,UHCTPFGAGS13,3DE Technology Prototype Solutions Pvt Ltd (Casting),4.0,0.0,4.0,380.0,1520.0
2025-08-05,UHCTPFGASO05,3DE Technology Prototype Solutions Pvt Ltd (Casting),1.0,0.0,1.0,380.0,380.0
2025-08-05,UHCTPFGASO06,3DE Technology Prototype Solutions Pvt Ltd (Casting),1.0,0.0,1.0,380.0,380.0
2025-08-05,UHCTPFGASO07,3DE Technology Prototype Solutions Pvt Ltd (Casting),1.0,0.0,1.0,380.0,380.0
2025-08-05,UHCTPFGASO08,3DE Technology Prototype Solutions Pvt Ltd (Casting),1.0,0.0,1.0,380.0,380.0
2025-08-05,UHCTPFGASS05,3DE Technology Prototype Solutions Pvt Ltd (Casting),1.0,0.0,1.0,380.0,380.0
2025-08-05,UHCTPFGASS06,3DE Technology Prototype Solutions Pvt Ltd (Casting),3.0,0.0,3.0,190.0,570.0
2025-08-05,UHCTPFGASS07,3DE Technology Prototype Solutions Pvt Ltd (Casting),7.0,0.0,7.0,380.0,2660.0
2025-08-05,UHCTPFGASS08,3DE Technology Prototype Solutions Pvt Ltd (Casting),4.0,0.0,4.0,190.0,760.0
2025-08-05,UHCTPFGASS09,3DE Technology Prototype Solutions Pvt Ltd (Casting),11.0,0.0,11.0,380.0,4180.0
2025-08-05,UHCTPFGASS10,3DE Technology Prototype Solutions Pvt Ltd (Casting),4.0,0.0,4.0,190.0,760.0
2025-08-05,UHCTPFGASS11,3DE Technology Prototype Solutions Pvt Ltd (Casting),2.0,0.0,2.0,190.0,380.0
2025-08-05,UHCTPFGASS12,3DE Technology Prototype Solutions Pvt Ltd (Casting),1.0,0.0,1.0,190.0,190.0
2025-08-05,UHCTPFGASS13,3DE Technology Prototype Solutions Pvt Ltd (Casting),5.0,0.0,5.0,190.0,950.0
2025-08-05,UHCTPFGBRGO05,3DE Technology Prototype Solutions Pvt Ltd (Casting),1.0,0.0,1.0,380.0,380.0
2025-08-05,UHCTPFGBRGO06,3DE Technology Prototype Solutions Pvt Ltd (Casting),3.0,0.0,3.0,380.0,1140.0
2025-08-05,UHCTPFGBRGO07,3DE Technology Prototype Solutions Pvt Ltd (Casting),15.0,0.0,15.0,380.0,5700.0
2025-08-05,UHCTPFGBRGO08,3DE Technology Prototype Solutions Pvt Ltd (Casting),3.0,0.0,3.0,380.0,1140.0
2025-08-05,UHCTPFGBRGO09,3DE Technology Prototype Solutions Pvt Ltd (Casting),1.0,0.0,1.0,380.0,380.0
2025-08-05,UHCTPFGMGS05,3DE Technology Prototype Solutions Pvt Ltd (Casting),4.0,0.0,4.0,380.0,1520.0
2025-08-05,UHCTPFGMGS06,3DE Technology Prototype Solutions Pvt Ltd (Casting),5.0,0.0,5.0,380.0,1900.0
2025-08-05,UHCTPFGMGS07,3DE Technology Prototype Solutions Pvt Ltd (Casting),12.0,0.0,12.0,190.0,2280.0
2025-08-05,UHCTPFGMGS08,3DE Technology Prototype Solutions Pvt Ltd (Casting),19.0,0.0,19.0,190.0,3610.0
2025-08-05,UHCTPFGMGS09,3DE Technology Prototype Solutions Pvt Ltd (Casting),18.0,0.0,18.0,190.0,3420.0
2025-08-05,UHCTPFGMGS10,3DE Technology Prototype Solutions Pvt Ltd (Casting),4.0,0.0,4.0,190.0,760.0
2025-08-05,UHCTPFGMGS11,3DE Technology Prototype Solutions Pvt Ltd (Casting),6.0,0.0,6.0,190.0,1140.0
2025-08-05,UHCTPFGMGS12,3DE Technology Prototype Solutions Pvt Ltd (Casting),2.0,0.0,2.0,190.0,380.0
2025-08-05,UHCTPFGMGS13,3DE Technology Prototype Solutions Pvt Ltd (Casting),3.0,0.0,3.0,190.0,570.0
2025-08-05,UHCTPFGRTS05,3DE Technology Prototype Solutions Pvt Ltd (Casting),3.0,0.0,3.0,380.0,1140.0
2025-08-05,UHCTPFGRTS06,3DE Technology Prototype Solutions Pvt Ltd (Casting),1.0,0.0,1.0,190.0,190.0
2025-08-05,UHCTPFGRTS07,3DE Technology Prototype Solutions Pvt Ltd (Casting),5.0,0.0,5.0,190.0,950.0
2025-08-05,UHCTPFGRTS08,3DE Technology Prototype Solutions Pvt Ltd (Casting),2.0,0.0,2.0,190.0,380.0
2025-08-05,UHCTPFGRTS09,3DE Technology Prototype Solutions Pvt Ltd (Casting),6.0,0.0,6.0,190.0,1140.0
2025-08-05,UHCTPFGRTS10,3DE Technology Prototype Solutions Pvt Ltd (Casting),4.0,0.0,4.0,190.0,760.0
2025-08-05,UHCTPFGRTS11,3DE Technology Prototype Solutions Pvt Ltd (Casting),1.0,0.0,1.0,190.0,190.0
2025-08-05,UHCTPFGRTS13,3DE Technology Prototype Solutions Pvt Ltd (Casting),3.0,0.0,3.0,380.0,1140.0
2025-08-05,UHRDBLEAIR6,CN Innovations Limited,50.0,0.0,50.0,430.42,21520.8
2025-08-05,UHRDCOTIG07,CN Innovations Limited,50.0,0.0,50.0,430.42,21520.8
2025-08-05,UHRDFNHAIR8,CN Innovations Limited,50.0,0.0,50.0,430.42,21520.8
2025-08-05,UHRDMIRROR9,CN Innovations Limited,50.0,0.0,50.0,430.42,21520.8
2025-08-05,UHRDSDZLC2B,CN Innovations Limited,50.0,0.0,50.0,3074.4,153720.0
2025-08-05,UHRDSDZLD2A,CN Innovations Limited,50.0,0.0,50.0,3074.4,153720.0
2025-08-05,UHRING1.6PCBA,Zreyah Semiconductor Systems Pvt. Ltd.,1603.0,0.0,1603.0,140.0,224420.0
2025-08-06,UH0.2MIRROR05,HANAV MANUFACTURING AND BUSINESS PRIVATE LIMITED,36.0,0.0,36.0,530.0,19080.0
2025-08-06,UH0.2MIRROR06,HANAV MANUFACTURING AND BUSINESS PRIVATE LIMITED,102.0,0.0,102.0,530.0,54060.0
2025-08-06,UH0.2MIRROR07,HANAV MANUFACTURING AND BUSINESS PRIVATE LIMITED,29.0,0.0,29.0,530.0,15370.0
2025-08-06,UH0.2MIRROR08,HANAV MANUFACTURING AND BUSINESS PRIVATE LIMITED,8.0,0.0,8.0,530.0,4240.0
2025-08-06,UHC2PCBAREV21,Zreyah Semiconductor Systems Pvt. Ltd.,9000.0,0.0,9000.0,40.0,360000.0
2025-08-06,UHCH2COHOS06,3DE Technology Prototype Solutions Pvt Ltd (Casting),500.0,0.0,500.0,32.0,16000.0
2025-08-06,UHCH2COHOS07,3DE Technology Prototype Solutions Pvt Ltd (Casting),500.0,0.0,500.0,32.0,16000.0
2025-08-06,UHCHA2BASS07,HANAV MANUFACTURING AND BUSINESS PRIVATE LIMITED,1008.0,0.0,1008.0,250.0,252000.0
2025-08-06,UHCHA2BASS08,HANAV MANUFACTURING AND BUSINESS PRIVATE LIMITED,1008.0,0.0,1008.0,250.0,252000.0
2025-08-06,UHCONSEMR1000,Bharath Hardware & Industrial Suppliers,1050.0,0.0,1050.0,18.0,18900.0
2025-08-06,UHCONSEMR1500,Bharath Hardware & Industrial Suppliers,500.0,0.0,500.0,18.0,9000.0
2025-08-06,UHCONSEMR2000,Bharath Hardware & Industrial Suppliers,500.0,0.0,500.0,18.0,9000.0
2025-08-06,UHCONSEMR600,Bharath Hardware & Industrial Suppliers,1500.0,0.0,1500.0,18.0,27000.0
2025-08-06,UHCONSSICOMET,Sellex Incorp,423.0,0.0,423.0,0.0,0.0
2025-08-06,UHCTPFGAAO09-T1.62,3DE Technology Prototype Solutions Pvt Ltd (Casting),120.0,0.0,120.0,380.0,45600.0
2025-08-06,UHCTPFGAGO07-T1.61,3DE Technology Prototype Solutions Pvt Ltd (Casting),240.0,0.0,240.0,380.0,91200.0
2025-08-06,UHCTPFGAGO08-T1.61,3DE Technology Prototype Solutions Pvt Ltd (Casting),120.0,0.0,120.0,380.0,45600.0
2025-08-06,UHCTPFGAGO09-T1.62,3DE Technology Prototype Solutions Pvt Ltd (Casting),150.0,0.0,150.0,380.0,57000.0
2025-08-06,UHCTPFGASO07-T1.61,3DE Technology Prototype Solutions Pvt Ltd (Casting),120.0,0.0,120.0,380.0,45600.0
2025-08-06,UHCTPFGASO08-T1.61,3DE Technology Prototype Solutions Pvt Ltd (Casting),118.0,0.0,118.0,380.0,44840.0
2025-08-06,UHCTPFGASO08-T1.62,3DE Technology Prototype Solutions Pvt Ltd (Casting),60.0,0.0,60.0,380.0,22800.0
2025-08-06,UHCTPFGASO09-T1.61,3DE Technology Prototype Solutions Pvt Ltd (Casting),120.0,0.0,120.0,380.0,45600.0
2025-08-06,UHCTPFGASO09-T1.62,3DE Technology Prototype Solutions Pvt Ltd (Casting),120.0,0.0,120.0,380.0,45600.0
2025-08-06,UHCTPFGMGO09-T1.61,3DE Technology Prototype Solutions Pvt Ltd (Casting),240.0,0.0,240.0,380.0,91200.0
2025-08-06,UHFQCAUTMAC,METALRIPPER MANUFACTURING,12.0,0.0,12.0,20700.0,248400.0
2025-08-06,UHPLASIZRS05,ZOEONE INDUSTRIES,20000.0,0.0,20000.0,3.5,70000.0
2025-08-06,UHPLASIZRS06,ZOEONE INDUSTRIES,20000.0,0.0,20000.0,3.5,70000.0
2025-08-06,UHPLASIZRS07,ZOEONE INDUSTRIES,20000.0,0.0,20000.0,3.5,70000.0
2025-08-06,UHPLASIZRS08,ZOEONE INDUSTRIES,20000.0,0.0,20000.0,3.5,70000.0
2025-08-06,UHPLASIZRS09,ZOEONE INDUSTRIES,20000.0,0.0,20000.0,3.5,70000.0
2025-08-06,UHPLASIZRS10,"YongChangXing International (HK), LTD",8000.0,0.0,8000.0,2.02,16162.56
2025-08-06,UHPLASIZRS10,ZOEONE INDUSTRIES,20000.0,0.0,20000.0,3.5,70000.0
2025-08-06,UHPLASIZRS11,"YongChangXing International (HK), LTD",8000.0,0.0,8000.0,2.02,16162.56
2025-08-06,UHPLASIZRS11,ZOEONE INDUSTRIES,20000.0,0.0,20000.0,3.5,70000.0
2025-08-06,UHPLASIZRS12,"YongChangXing International (HK), LTD",8000.0,0.0,8000.0,2.02,16162.56
2025-08-06,UHPLASIZRS12,ZOEONE INDUSTRIES,20000.0,0.0,20000.0,3.5,70000.0
2025-08-06,UHPLASIZRS13,"YongChangXing International (HK), LTD",8000.0,0.0,8000.0,2.02,16162.56
2025-08-06,UHPLASIZRS13,ZOEONE INDUSTRIES,20000.0,0.0,20000.0,3.5,70000.0
2025-08-06,UHPLASIZRS14,"YongChangXing International (HK), LTD",8000.0,0.0,8000.0,2.02,16162.56
2025-08-06,UHPLASIZRS14,ZOEONE INDUSTRIES,20000.0,0.0,20000.0,3.5,70000.0
2025-08-06,UHRD3DPRINT,Fabforma Technologies Private Limited,615.0,0.0,615.0,215.0,132225.0
2025-08-06,UHRD3PLTRNR,Fabforma Technologies Private Limited,310.0,0.0,310.0,225.0,69750.0
2025-08-06,UHRDACYLICT,METALRIPPER MANUFACTURING,50.0,0.0,50.0,550.0,27500.0
2025-08-06,UHRDPNUEMAT,KARNATAKA HARDWARE & INDUSTRIAL SUPPLIERS,20.0,0.0,20.0,27.0,540.0
2025-08-06,UHRDRECHAG1,METALRIPPER MANUFACTURING,50.0,0.0,50.0,1200.0,60000.0
2025-08-06,UHRDTAPEYZR,Aarthi Electronics,22.0,0.0,22.0,105.0,2310.0
2025-08-06,UHRDUWSSTOP,METALRIPPER MANUFACTURING,25.0,0.0,25.0,1700.0,42500.0
2025-08-06,UHRDUWSTBOT,METALRIPPER MANUFACTURING,25.0,0.0,25.0,700.0,17500.0
2025-08-06,UHRING1.62PCBA,Zreyah Semiconductor Systems Pvt. Ltd.,480.0,0.0,480.0,350.0,168000.0
2025-08-07,UHC2RES0OM85,SEMISEARCH TECHNOLOGIES PRIVATE LIMITED,100000.0,0.0,100000.0,0.3,30000.0
2025-08-07,UHCAPSAM22UF,SEMISEARCH TECHNOLOGIES PRIVATE LIMITED,50000.0,0.0,50000.0,12.5,625000.0
2025-08-07,UHCAPSAM43UF,SEMISEARCH TECHNOLOGIES PRIVATE LIMITED,50000.0,0.0,50000.0,7.24,362000.0
2025-08-07,UHCH2COHOS09,3DE Technology Prototype Solutions Pvt Ltd (Casting),1000.0,0.0,1000.0,36.86,36860.0
2025-08-07,UHCH2COHOS10,3DE Technology Prototype Solutions Pvt Ltd (Casting),1000.0,0.0,1000.0,32.0,32000.0
2025-08-07,UHCONSDBRBLD,SUNRISE ENTERPRISE,1700.0,0.0,1700.0,38.5,65450.0
2025-08-07,UHICHANA4124,Macnica Cytech Pte Ltd,50000.0,0.0,50000.0,208.36,10417824.0
2025-08-07,UHICHSTM3117,Ramakrishna Electro Components Pvt. Ltd.,50000.0,0.0,50000.0,20.0,1000000.0
2025-08-07,UHICHSTM32G0,Ramakrishna Electro Components Pvt. Ltd.,51000.0,0.0,51000.0,41.76,2129760.0
2025-08-07,UHOPSANA61EF,Macnica Cytech Pte Ltd,60000.0,0.0,60000.0,265.1,15906067.2
2025-08-07,UHRD3330160,"Swift Electrocomp Solutions Pvt Ltd.,",5.0,0.0,5.0,445.2,2226.0
2025-08-07,UHRDADHSIVE,HIRA HOLOVISION,259680.0,0.0,259680.0,0.5,129840.0
2025-08-07,UHRDADHSIVE (red),HIRA HOLOVISION,98640.0,0.0,98640.0,0.5,49320.0
2025-08-07,UHRDBATRIES,"Swift Electrocomp Solutions Pvt Ltd.,",2.0,0.0,2.0,3187.72,6375.44
2025-08-07,UHRDDWM3001,"Swift Electrocomp Solutions Pvt Ltd.,",2.0,0.0,2.0,3187.72,6375.44
2025-08-07,UHRDGCQH4R2,"Swift Electrocomp Solutions Pvt Ltd.,",5000.0,0.0,5000.0,4.0,20000.0
2025-08-07,UHRDISP1907,"Swift Electrocomp Solutions Pvt Ltd.,",1.0,0.0,1.0,64679.34,64679.34
2025-08-07,UHRDM6X80BN,Bharath Hardware & Industrial Suppliers,17.2,0.0,17.2,150.0,2580.0
2025-08-07,UHRDMOLDV22,Fabforma Technologies Private Limited,20.0,0.0,20.0,300.0,6000.0
2025-08-07,UHRDSMF3X08,Bharath Hardware & Industrial Suppliers,200.0,0.0,200.0,4.0,800.0
2025-08-07,UHRDSMF3X12,Bharath Hardware & Industrial Suppliers,200.0,0.0,200.0,6.0,1200.0
2025-08-07,UHRDTSTL005,"Swift Electrocomp Solutions Pvt Ltd.,",5.0,0.0,5.0,1617.19,8085.95
2025-08-07,UHRESYAG0OHM,SEMISEARCH TECHNOLOGIES PRIVATE LIMITED,50000.0,0.0,50000.0,0.3,15000.0
2025-08-07,UHRESYAG22OH,SEMISEARCH TECHNOLOGIES PRIVATE LIMITED,50000.0,0.0,50000.0,0.43,21500.0
2025-08-07,UHRESYAG27KO,SEMISEARCH TECHNOLOGIES PRIVATE LIMITED,50000.0,0.0,50000.0,0.29,14500.0
2025-08-07,UHRESYAG47KO,SEMISEARCH TECHNOLOGIES PRIVATE LIMITED,50000.0,0.0,50000.0,0.29,14500.0
2025-08-07,UHRING1.62PCBA,Zreyah Semiconductor Systems Pvt. Ltd.,780.0,0.0,780.0,350.0,273000.0
2025-08-07,UHSSTARPTS5,SST CUTTING TOOLS,20.0,0.0,20.0,2300.0,46000.0
2025-08-07,UHSSTARPTS6,SST CUTTING TOOLS,2.0,0.0,2.0,2500.0,5000.0
2025-08-07,UHSSTARPTS7,SST CUTTING TOOLS,32.0,0.0,32.0,2800.0,89600.0
2025-08-07,UHSTSKMAR07,MAKENICA PRIVATE LIMITED (Casting),108.0,0.0,108.0,160.0,17280.0
2025-08-08,UHHWSS1.8X6-H,"ZHONGSHAN HAOFAN HARDWARE CO., LTD",300000.0,0.0,300000.0,0.97,289872.0
2025-08-08,UHPCBREV15S6,WITGAIN TECHNOLOGY LIMITED,34623.0,0.0,34623.0,39.18,1356412.81
2025-08-08,UHRDSIT32KC,Avnet Asia Pte Ltd,50000.0,0.0,50000.0,39.53,1976400.0
2025-08-08,UHRESVIS10OH,"Swift Electrocomp Solutions Pvt Ltd.,",50000.0,0.0,50000.0,0.3,15000.0
2025-08-09,UH0.2MIRROR05,HANAV MANUFACTURING AND BUSINESS PRIVATE LIMITED,23.0,0.0,23.0,530.0,12190.0
2025-08-09,UH0.2MIRROR06,HANAV MANUFACTURING AND BUSINESS PRIVATE LIMITED,116.0,0.0,116.0,530.0,61480.0
2025-08-09,UH0.2MIRROR07,HANAV MANUFACTURING AND BUSINESS PRIVATE LIMITED,17.0,0.0,17.0,530.0,9010.0
2025-08-09,UH0.2MIRROR08,HANAV MANUFACTURING AND BUSINESS PRIVATE LIMITED,5.0,0.0,5.0,530.0,2650.0
2025-08-09,UHC2PCBAREV21,Zreyah Semiconductor Systems Pvt. Ltd.,5656.0,0.0,5656.0,40.0,226240.0
2025-08-09,UHCH2COHOS07,3DE Technology Prototype Solutions Pvt Ltd (Casting),1000.0,0.0,1000.0,32.0,32000.0
2025-08-09,UHCH2COHOS08,3DE Technology Prototype Solutions Pvt Ltd (Casting),1000.0,0.0,1000.0,32.0,32000.0
2025-08-09,UHCONSDBRBLD,SUNRISE ENTERPRISE,1000.0,0.0,1000.0,38.5,38500.0
2025-08-09,UHCONSDBRTL,SUNRISE ENTERPRISE,30.0,0.0,30.0,190.0,5700.0
2025-08-09,UHICHANA4124,Macnica Cytech Pte Ltd,5000.0,0.0,5000.0,208.36,1041782.4
2025-08-09,UHICHTEXTLV7,ARROW ELECTRONICS ASIA (S) PTE LTD,102000.0,0.0,102000.0,2.11,215032.32
2025-08-09,UHRD2450ATE,Element 14,2000.0,0.0,2000.0,30.45,60900.0
2025-08-09,UHRD3N3BT20,"Swift Electrocomp Solutions Pvt Ltd.,",4918.0,0.0,4918.0,7.16,35212.88
2025-08-09,UHRDC1680AA,"Swift Electrocomp Solutions Pvt Ltd.,",6377.0,0.0,6377.0,1.6,10203.2
2025-08-09,UHRDMAX983T,Element 14,1000.0,0.0,1000.0,151.13,151130.0
2025-08-09,UHSWATCHAA,Mudra innovation,5000.0,113.0,4887.0,12.2,59621.4
2025-08-09,UHSWATCHAG,Mudra innovation,5000.0,1107.0,3893.0,12.2,47494.6
2025-08-09,UHSWATCHAS,Mudra innovation,5000.0,26.0,4974.0,12.2,60682.8
2025-08-09,UHSWATCHMG,Mudra innovation,5000.0,96.0,4904.0,12.2,59828.8
2025-08-09,UHSWATCHRT,Mudra innovation,5000.0,138.0,4862.0,12.2,59316.4
2025-08-11,UH0.2MIRROR05,HANAV MANUFACTURING AND BUSINESS PRIVATE LIMITED,26.0,0.0,26.0,530.0,13780.0
2025-08-11,UH0.2MIRROR06,HANAV MANUFACTURING AND BUSINESS PRIVATE LIMITED,184.0,0.0,184.0,530.0,97520.0
2025-08-11,UH0.2MIRROR07,HANAV MANUFACTURING AND BUSINESS PRIVATE LIMITED,31.0,0.0,31.0,530.0,16430.0
2025-08-11,UH0.2MIRROR08,HANAV MANUFACTURING AND BUSINESS PRIVATE LIMITED,31.0,0.0,31.0,530.0,16430.0
2025-08-11,UHCH2COHOS06,3DE Technology Prototype Solutions Pvt Ltd (Casting),1000.0,0.0,1000.0,32.0,32000.0
2025-08-11,UHCHA2BASS09,HANAV MANUFACTURING AND BUSINESS PRIVATE LIMITED,1008.0,0.0,1008.0,250.0,252000.0
2025-08-11,UHCHA2BASS12,HANAV MANUFACTURING AND BUSINESS PRIVATE LIMITED,1008.0,0.0,1008.0,250.0,252000.0
2025-08-11,UHICHSTM3117,Ramakrishna Electro Components Pvt. Ltd.,100000.0,0.0,100000.0,20.0,2000000.0
2025-08-11,UHRD01UFX7R,"Swift Electrocomp Solutions Pvt Ltd.,",35196.0,0.0,35196.0,1.04,36603.84
2025-08-11,UHRD578ETST,MOUSER ELECTRONIC,2.0,0.0,2.0,2690.54,5381.08
2025-08-11,UHRDAFE4432,Texas Instruments,1.0,0.0,1.0,0.0,0.0
2025-08-11,UHRDDS1921H,MOUSER ELECTRONIC,10.0,0.0,10.0,3960.71,39607.06
2025-08-11,UHRDESDGUN1,"Lisun Electronics (Shanghai) Co., Ltd.",1.0,0.0,1.0,307440.0,307440.0
2025-08-11,UHRDJYRLYI1,JIE YI ELECTRONICS LIMITED,4000.0,0.0,4000.0,84.33,337305.6
2025-08-11,UHRDMS10X75,Bharath Hardware & Industrial Suppliers,13.5,0.0,13.5,150.0,2025.0
2025-08-11,UHRDRPR30CN,Fast turn PCB,240.0,0.0,240.0,1292.13,310110.34
2025-08-11,UHRDSLCO1MM,SANAA RUBBER PRODUCT,10.0,0.0,10.0,25.0,250.0
2025-08-11,UHRDSLCO2MM,SANAA RUBBER PRODUCT,10.0,0.0,10.0,25.0,250.0
2025-08-11,UHRDSMD0201,"Swift Electrocomp Solutions Pvt Ltd.,",40224.0,0.0,40224.0,8.53,343110.72
2025-08-11,UHRDSSAL425,Bharath Hardware & Industrial Suppliers,100.0,0.0,100.0,4.23,423.0
2025-08-11,UHRDSSNT4MM,Bharath Hardware & Industrial Suppliers,100.0,0.0,100.0,1.0,100.0
2025-08-11,UHRING1.62PCBA,Zreyah Semiconductor Systems Pvt. Ltd.,1944.0,0.0,1944.0,165.93,322560.0
2025-08-11,UHSWATCHBRG,Mudra innovation,4000.0,2325.0,1675.0,18.0,30150.0
2025-08-12,UH0.2MIRROR05,HANAV MANUFACTURING AND BUSINESS PRIVATE LIMITED,7.0,0.0,7.0,530.0,3710.0
2025-08-12,UH0.2MIRROR06,HANAV MANUFACTURING AND BUSINESS PRIVATE LIMITED,158.0,0.0,158.0,530.0,83740.0
2025-08-12,UH0.2MIRROR07,HANAV MANUFACTURING AND BUSINESS PRIVATE LIMITED,24.0,0.0,24.0,530.0,12720.0
2025-08-12,UH0.2MIRROR08,HANAV MANUFACTURING AND BUSINESS PRIVATE LIMITED,13.0,0.0,13.0,530.0,6890.0
2025-08-12,UHCH2COHOS07,3DE Technology Prototype Solutions Pvt Ltd (Casting),1000.0,0.0,1000.0,32.0,32000.0
2025-08-12,UHCH2COHOS08,3DE Technology Prototype Solutions Pvt Ltd (Casting),1900.0,0.0,1900.0,32.0,60800.0
2025-08-12,UHCHA2BASS08,HANAV MANUFACTURING AND BUSINESS PRIVATE LIMITED,504.0,0.0,504.0,250.0,126000.0
2025-08-12,UHPLASIZRS05,"YongChangXing International (HK), LTD",6000.0,0.0,6000.0,2.02,12121.92
2025-08-12,UHPLASIZRS06,"YongChangXing International (HK), LTD",6000.0,0.0,6000.0,2.02,12121.92
2025-08-12,UHPLASIZRS07,"YongChangXing International (HK), LTD",6000.0,0.0,6000.0,2.02,12121.92
2025-08-12,UHPLASIZRS08,"YongChangXing International (HK), LTD",6000.0,0.0,6000.0,2.02,12121.92
2025-08-12,UHPLASIZRS09,"YongChangXing International (HK), LTD",6000.0,0.0,6000.0,2.02,12121.92
2025-08-12,UHRD01UFX7R,"Swift Electrocomp Solutions Pvt Ltd.,",50000.0,0.0,50000.0,1.04,52000.0
2025-08-12,UHRD0201AEC,MOUSER ELECTRONIC,1000.0,0.0,1000.0,0.97,966.24
2025-08-12,UHRD22UFX51,"Swift Electrocomp Solutions Pvt Ltd.,",48000.0,0.0,48000.0,8.7,417600.0
2025-08-12,UHRD3DV5ABS,Fabforma Technologies Private Limited,500.0,0.0,500.0,10.0,5000.0
2025-08-12,UHRDESD350M,Flaners,24.0,0.0,24.0,2150.0,51600.0
2025-08-12,UHRDLOJSLIM,J C GUPTA & SONS,500.0,0.0,500.0,5.6,2800.0
2025-08-12,UHRDNRF5284,MOUSER ELECTRONIC,20.0,0.0,20.0,4304.16,86083.2
2025-08-12,UHRDNRF5340,MOUSER ELECTRONIC,20.0,0.0,20.0,4304.16,86083.2
2025-08-12,UHRDPVCTAPE,Bharath Hardware & Industrial Suppliers,20.0,0.0,20.0,20.0,400.0
2025-08-12,UHRDRPCRXCLTDK,Avnet Asia Pte Ltd,5184.0,0.0,5184.0,141.07,731312.27
2025-08-12,UHRDSIT155A,"Swift Electrocomp Solutions Pvt Ltd.,",1000.0,0.0,1000.0,103.0,103000.0
2025-08-12,UHRDSMD0201,"Swift Electrocomp Solutions Pvt Ltd.,",30000.0,0.0,30000.0,8.53,255900.0
2025-08-12,UHRDVCSPLIT,Fabforma Technologies Private Limited,150.0,0.0,150.0,185.0,27750.0
2025-08-12,UHRING1.6PCBA,SVTRONICS India Private Limited,8400.0,0.0,8400.0,140.0,1176000.0
2025-08-13,UH0.2MACHINS05,HANAV MANUFACTURING AND BUSINESS PRIVATE LIMITED,507.0,3.0,504.0,245.0,123480.0
2025-08-13,UH0.2MIRROR05,HANAV MANUFACTURING AND BUSINESS PRIVATE LIMITED,190.0,0.0,190.0,530.0,100700.0
2025-08-13,UH0.2MIRROR06,HANAV MANUFACTURING AND BUSINESS PRIVATE LIMITED,368.0,0.0,368.0,530.0,195040.0
2025-08-13,UH0.2MIRROR07,HANAV MANUFACTURING AND BUSINESS PRIVATE LIMITED,64.0,0.0,64.0,530.0,33920.0
2025-08-13,UH0.2MIRROR08,HANAV MANUFACTURING AND BUSINESS PRIVATE LIMITED,57.0,0.0,57.0,530.0,30210.0
2025-08-13,UHC2PCBAREV21,Zreyah Semiconductor Systems Pvt. Ltd.,3149.0,0.0,3149.0,40.0,125960.0
2025-08-13,UHCHA2BASS06,Aaru Plastics,1000.0,0.0,1000.0,235.0,235000.0
2025-08-13,UHCHA2BASS07,Aaru Plastics,1000.0,0.0,1000.0,235.0,235000.0
2025-08-13,UHCHA2BASS09,Aaru Plastics,500.0,0.0,500.0,235.0,117500.0
2025-08-13,UHCHA2BASS09,HANAV MANUFACTURING AND BUSINESS PRIVATE LIMITED,1008.0,0.0,1008.0,250.0,252000.0
2025-08-13,UHICHANA4124,Macnica Cytech Pte Ltd,45000.0,0.0,45000.0,208.36,9376041.6
2025-08-13,UHOPSANA61EF,Macnica Cytech Pte Ltd,20000.0,0.0,20000.0,265.1,5302022.4
2025-08-13,UHRDASIATIC,Amazon India PVT LTD,1.0,0.0,1.0,507.63,507.63
2025-08-13,UHRDBATT225,MASCOT ENTERPRISE LIMITED,1000.0,0.0,1000.0,351.36,351360.0
2025-08-13,UHRDBOSCHGS,Amazon India PVT LTD,1.0,0.0,1.0,3890.68,3890.68
2025-08-13,UHRDBTG24MAH,"Shenzhen Grepow Battery Co.,Ltd",20.0,0.0,20.0,439.2,8784.0
2025-08-13,UHRDBTG28MAH,"Shenzhen Grepow Battery Co.,Ltd",40.0,0.0,40.0,439.2,17568.0
2025-08-13,UHRDBTG32MAH,"Shenzhen Grepow Battery Co.,Ltd",40.0,0.0,40.0,439.2,17568.0
2025-08-13,UHRDENONGUN,Amazon India PVT LTD,1.0,0.0,1.0,1527.12,1527.12
2025-08-13,UHRDJBWELD1,Amazon India PVT LTD,1.0,0.0,1.0,2057.53,2057.53
2025-08-13,UHRDKSKYNDL,Amazon India PVT LTD,8.0,0.0,8.0,399.0,3192.0
2025-08-13,UHRDMETHETH,PURE CHEMICALS COMPANY,4.0,0.0,4.0,531.14,2124.56
2025-08-13,UHRDMINIBET,Amazon India PVT LTD,1.0,0.0,1.0,22088.36,22088.36
2025-08-13,UHRDORING11,SANAA RUBBER PRODUCT,30.0,0.0,30.0,25.0,750.0
2025-08-13,UHRDPNUEMAT,KARNATAKA HARDWARE & INDUSTRIAL SUPPLIERS,40.0,0.0,40.0,27.0,1080.0
2025-08-13,UHRDPOLPLUS,Ninth avenue industries pvt ltd,200.0,0.0,200.0,360.0,72000.0
2025-08-13,UHRDSCHOFIC,Amazon India PVT LTD,20.0,0.0,20.0,231.91,4638.2
2025-08-13,UHRDSILICON,SANAA RUBBER PRODUCT,30.0,0.0,30.0,15.0,450.0
2025-08-13,UHRDSTANLEY ,Amazon India PVT LTD,5.0,0.0,5.0,563.06,2815.28
2025-08-13,UHRDVINCKOL,Amazon India PVT LTD,1.0,0.0,1.0,5845.76,5845.76
2025-08-13,UHRDVITON10,SANAA RUBBER PRODUCT,30.0,0.0,30.0,20.0,600.0
2025-08-13,UHRING1.61PCBA,Zreyah Semiconductor Systems Pvt. Ltd.,780.0,0.0,780.0,140.0,109200.0
2025-08-13,UHRING1.62PCBA,Zreyah Semiconductor Systems Pvt. Ltd.,1395.0,0.0,1395.0,140.0,195300.0
2025-08-14,UH0.2ACRMST06,G.M. Industries,169.0,0.0,169.0,214.0,36166.0
2025-08-14,UH0.2ACRMST08,G.M. Industries,136.0,0.0,136.0,214.0,29104.0
2025-08-14,UH0.2MIRROR05,HANAV MANUFACTURING AND BUSINESS PRIVATE LIMITED,7.0,0.0,7.0,530.0,3710.0
2025-08-14,UH0.2MIRROR06,HANAV MANUFACTURING AND BUSINESS PRIVATE LIMITED,216.0,0.0,216.0,530.0,114480.0
2025-08-14,UH0.2MIRROR07,HANAV MANUFACTURING AND BUSINESS PRIVATE LIMITED,32.0,0.0,32.0,530.0,16960.0
2025-08-14,UH0.2MIRROR08,HANAV MANUFACTURING AND BUSINESS PRIVATE LIMITED,18.0,0.0,18.0,530.0,9540.0
2025-08-14,UHAIRBEADBS08,G.M. Industries,108.0,0.0,108.0,218.0,23544.0
2025-08-14,UHARTITMPSN,ARROW ELECTRONICS ASIA (S) PTE LTD,39000.0,0.0,39000.0,67.64,2637835.2
2025-08-14,UHC3LASERTOPS05,Aaru Plastics,914.0,0.0,914.0,28.0,25592.0
2025-08-14,UHC3LASERTOPS06,Aaru Plastics,600.0,0.0,600.0,28.0,16800.0
2025-08-14,UHC3LASERTOPS08,Aaru Plastics,1480.0,0.0,1480.0,28.0,41440.0
2025-08-14,UHC3LASERTOPS09,Aaru Plastics,655.0,0.0,655.0,28.0,18340.0
2025-08-14,UHC3LASERTOPS10,Aaru Plastics,200.0,0.0,200.0,28.0,5600.0
2025-08-14,UHC3LASERTOPS11,Aaru Plastics,2523.0,0.0,2523.0,28.0,70644.0
2025-08-14,UHC3LASERTOPS12,Aaru Plastics,100.0,0.0,100.0,28.0,2800.0
2025-08-14,UHC3PAINBASES06,Aaru Plastics,500.0,0.0,500.0,250.0,125000.0
2025-08-14,UHCH2COHOS06,3DE Technology Prototype Solutions Pvt Ltd (Casting),500.0,0.0,500.0,32.0,16000.0
2025-08-14,UHCH2COHOS07,3DE Technology Prototype Solutions Pvt Ltd (Casting),500.0,0.0,500.0,32.0,16000.0
2025-08-14,UHCHA2BASS06,Aaru Plastics,1000.0,0.0,1000.0,235.0,235000.0
2025-08-14,UHCHA2BASS07,HANAV MANUFACTURING AND BUSINESS PRIVATE LIMITED,2016.0,0.0,2016.0,250.0,504000.0
2025-08-14,UHCHA2BASS08,Aaru Plastics,1000.0,0.0,1000.0,235.0,235000.0
2025-08-14,UHCHA2BASS08,HANAV MANUFACTURING AND BUSINESS PRIVATE LIMITED,500.0,0.0,500.0,250.0,125000.0
2025-08-14,UHCHA2BASS09,Aaru Plastics,500.0,0.0,500.0,235.0,117500.0
2025-08-14,UHCHARTOPS07,Aaru Plastics,6500.0,0.0,6500.0,34.0,221000.0
2025-08-14,UHCTPFGAAO07,3DE Technology Prototype Solutions Pvt Ltd (Casting),4.0,0.0,4.0,380.0,1520.0
2025-08-14,UHCTPFGAAO08,3DE Technology Prototype Solutions Pvt Ltd (Casting),1.0,0.0,1.0,380.0,380.0
2025-08-14,UHCTPFGAAO10,3DE Technology Prototype Solutions Pvt Ltd (Casting),3.0,0.0,3.0,380.0,1140.0
2025-08-14,UHCTPFGAAS05,3DE Technology Prototype Solutions Pvt Ltd (Casting),3.0,0.0,3.0,380.0,1140.0
2025-08-14,UHCTPFGAAS06,3DE Technology Prototype Solutions Pvt Ltd (Casting),1.0,0.0,1.0,190.0,190.0
2025-08-14,UHCTPFGAAS07,3DE Technology Prototype Solutions Pvt Ltd (Casting),2.0,0.0,2.0,380.0,760.0
2025-08-14,UHCTPFGAAS08,3DE Technology Prototype Solutions Pvt Ltd (Casting),2.0,0.0,2.0,380.0,760.0
2025-08-14,UHCTPFGAAS09,3DE Technology Prototype Solutions Pvt Ltd (Casting),1.0,0.0,1.0,380.0,380.0
2025-08-14,UHCTPFGAAS10,3DE Technology Prototype Solutions Pvt Ltd (Casting),1.0,0.0,1.0,380.0,380.0
2025-08-14,UHCTPFGAAS11,3DE Technology Prototype Solutions Pvt Ltd (Casting),3.0,0.0,3.0,190.0,570.0
2025-08-14,UHCTPFGAAS12,3DE Technology Prototype Solutions Pvt Ltd (Casting),6.0,0.0,6.0,190.0,1140.0
2025-08-14,UHCTPFGAAS13,3DE Technology Prototype Solutions Pvt Ltd (Casting),4.0,0.0,4.0,190.0,760.0
2025-08-14,UHCTPFGAGO05,3DE Technology Prototype Solutions Pvt Ltd (Casting),2.0,0.0,2.0,380.0,760.0
2025-08-14,UHCTPFGAGO06,3DE Technology Prototype Solutions Pvt Ltd (Casting),6.0,0.0,6.0,380.0,2280.0
2025-08-14,UHCTPFGAGO07,3DE Technology Prototype Solutions Pvt Ltd (Casting),6.0,0.0,6.0,380.0,2280.0
2025-08-14,UHCTPFGAGO08,3DE Technology Prototype Solutions Pvt Ltd (Casting),6.0,0.0,6.0,380.0,2280.0
2025-08-14,UHCTPFGAGO09,3DE Technology Prototype Solutions Pvt Ltd (Casting),12.0,0.0,12.0,380.0,4560.0
2025-08-14,UHCTPFGAGO10,3DE Technology Prototype Solutions Pvt Ltd (Casting),2.0,0.0,2.0,380.0,760.0
2025-08-14,UHCTPFGAGS05,3DE Technology Prototype Solutions Pvt Ltd (Casting),10.0,0.0,10.0,380.0,3800.0
2025-08-14,UHCTPFGAGS06,3DE Technology Prototype Solutions Pvt Ltd (Casting),10.0,0.0,10.0,380.0,3800.0
2025-08-14,UHCTPFGAGS07,3DE Technology Prototype Solutions Pvt Ltd (Casting),11.0,0.0,11.0,380.0,4180.0
2025-08-14,UHCTPFGAGS08,3DE Technology Prototype Solutions Pvt Ltd (Casting),7.0,0.0,7.0,190.0,1330.0
2025-08-14,UHCTPFGAGS09,3DE Technology Prototype Solutions Pvt Ltd (Casting),6.0,0.0,6.0,190.0,1140.0
2025-08-14,UHCTPFGAGS10,3DE Technology Prototype Solutions Pvt Ltd (Casting),13.0,0.0,13.0,380.0,4940.0
2025-08-14,UHCTPFGAGS11,3DE Technology Prototype Solutions Pvt Ltd (Casting),35.0,0.0,35.0,190.0,6650.0
2025-08-14,UHCTPFGAGS12,3DE Technology Prototype Solutions Pvt Ltd (Casting),3.0,0.0,3.0,190.0,570.0
2025-08-14,UHCTPFGAGS13,3DE Technology Prototype Solutions Pvt Ltd (Casting),5.0,0.0,5.0,380.0,1900.0
2025-08-14,UHCTPFGAGS14,3DE Technology Prototype Solutions Pvt Ltd (Casting),3.0,0.0,3.0,380.0,1140.0
2025-08-14,UHCTPFGASO05,3DE Technology Prototype Solutions Pvt Ltd (Casting),1.0,0.0,1.0,380.0,380.0
2025-08-14,UHCTPFGASO06,3DE Technology Prototype Solutions Pvt Ltd (Casting),2.0,0.0,2.0,380.0,760.0
2025-08-14,UHCTPFGASO07,3DE Technology Prototype Solutions Pvt Ltd (Casting),3.0,0.0,3.0,380.0,1140.0
2025-08-14,UHCTPFGASO08,3DE Technology Prototype Solutions Pvt Ltd (Casting),2.0,0.0,2.0,380.0,760.0
2025-08-14,UHCTPFGASO09,3DE Technology Prototype Solutions Pvt Ltd (Casting),3.0,0.0,3.0,380.0,1140.0
2025-08-14,UHCTPFGASO10,3DE Technology Prototype Solutions Pvt Ltd (Casting),2.0,0.0,2.0,380.0,760.0
2025-08-14,UHCTPFGASS05,3DE Technology Prototype Solutions Pvt Ltd (Casting),1.0,0.0,1.0,380.0,380.0
2025-08-14,UHCTPFGASS06,3DE Technology Prototype Solutions Pvt Ltd (Casting),6.0,0.0,6.0,190.0,1140.0
2025-08-14,UHCTPFGASS07,3DE Technology Prototype Solutions Pvt Ltd (Casting),9.0,0.0,9.0,380.0,3420.0
2025-08-14,UHCTPFGASS08,3DE Technology Prototype Solutions Pvt Ltd (Casting),6.0,0.0,6.0,190.0,1140.0
2025-08-14,UHCTPFGASS09,3DE Technology Prototype Solutions Pvt Ltd (Casting),15.0,0.0,15.0,380.0,5700.0
2025-08-14,UHCTPFGASS10,3DE Technology Prototype Solutions Pvt Ltd (Casting),13.0,0.0,13.0,190.0,2470.0
2025-08-14,UHCTPFGASS11,3DE Technology Prototype Solutions Pvt Ltd (Casting),4.0,0.0,4.0,190.0,760.0
2025-08-14,UHCTPFGASS12,3DE Technology Prototype Solutions Pvt Ltd (Casting),3.0,0.0,3.0,190.0,570.0
2025-08-14,UHCTPFGASS13,3DE Technology Prototype Solutions Pvt Ltd (Casting),2.0,0.0,2.0,190.0,380.0
2025-08-14,UHCTPFGASS14,3DE Technology Prototype Solutions Pvt Ltd (Casting),1.0,0.0,1.0,380.0,380.0
2025-08-14,UHCTPFGBRGO05,3DE Technology Prototype Solutions Pvt Ltd (Casting),3.0,0.0,3.0,380.0,1140.0
2025-08-14,UHCTPFGBRGO06,3DE Technology Prototype Solutions Pvt Ltd (Casting),3.0,0.0,3.0,380.0,1140.0
2025-08-14,UHCTPFGBRGO07,3DE Technology Prototype Solutions Pvt Ltd (Casting),3.0,0.0,3.0,380.0,1140.0
2025-08-14,UHCTPFGBRGO08,3DE Technology Prototype Solutions Pvt Ltd (Casting),2.0,0.0,2.0,380.0,760.0
2025-08-14,UHCTPFGBRGO12,3DE Technology Prototype Solutions Pvt Ltd (Casting),1.0,0.0,1.0,380.0,380.0
2025-08-14,UHCTPFGMGS05,3DE Technology Prototype Solutions Pvt Ltd (Casting),5.0,0.0,5.0,380.0,1900.0
2025-08-14,UHCTPFGMGS06,3DE Technology Prototype Solutions Pvt Ltd (Casting),3.0,0.0,3.0,380.0,1140.0
2025-08-14,UHCTPFGMGS07,3DE Technology Prototype Solutions Pvt Ltd (Casting),13.0,0.0,13.0,190.0,2470.0
2025-08-14,UHCTPFGMGS08,3DE Technology Prototype Solutions Pvt Ltd (Casting),10.0,0.0,10.0,190.0,1900.0
2025-08-14,UHCTPFGMGS09,3DE Technology Prototype Solutions Pvt Ltd (Casting),13.0,0.0,13.0,190.0,2470.0
2025-08-14,UHCTPFGMGS10,3DE Technology Prototype Solutions Pvt Ltd (Casting),7.0,0.0,7.0,190.0,1330.0
2025-08-14,UHCTPFGMGS11,3DE Technology Prototype Solutions Pvt Ltd (Casting),11.0,0.0,11.0,190.0,2090.0
2025-08-14,UHCTPFGMGS12,3DE Technology Prototype Solutions Pvt Ltd (Casting),3.0,0.0,3.0,190.0,570.0
2025-08-14,UHCTPFGMGS13,3DE Technology Prototype Solutions Pvt Ltd (Casting),1.0,0.0,1.0,190.0,190.0
2025-08-14,UHCTPFGMGS14,3DE Technology Prototype Solutions Pvt Ltd (Casting),1.0,0.0,1.0,190.0,190.0
2025-08-14,UHCTPFGRTS06,3DE Technology Prototype Solutions Pvt Ltd (Casting),4.0,0.0,4.0,190.0,760.0
2025-08-14,UHCTPFGRTS09,3DE Technology Prototype Solutions Pvt Ltd (Casting),6.0,0.0,6.0,190.0,1140.0
2025-08-14,UHCTPFGRTS10,3DE Technology Prototype Solutions Pvt Ltd (Casting),4.0,0.0,4.0,190.0,760.0
2025-08-14,UHCTPFGRTS11,3DE Technology Prototype Solutions Pvt Ltd (Casting),1.0,0.0,1.0,190.0,190.0
2025-08-14,UHCTPFGRTS12,3DE Technology Prototype Solutions Pvt Ltd (Casting),2.0,0.0,2.0,380.0,760.0
2025-08-14,UHCTPFGRTS13,3DE Technology Prototype Solutions Pvt Ltd (Casting),1.0,0.0,1.0,380.0,380.0
2025-08-14,UHRARERSG0LDS09,JEWELEX INDIA PRIVATE LIMITED,1.0,0.0,1.0,33730.15,33730.15
2025-08-14,UHRAREYLG0LDS05,JEWELEX INDIA PRIVATE LIMITED,2.0,0.0,2.0,30000.0,60000.0
2025-08-14,UHRAREYLG0LDS08,JEWELEX INDIA PRIVATE LIMITED,4.0,0.0,4.0,30000.0,120000.0
2025-08-14,UHRD39SRAKV,"Swift Electrocomp Solutions Pvt Ltd.,",6.0,0.0,6.0,3950.74,23704.44
2025-08-14,UHRDBASE10M,Polymercrafts Retail Displays,100.0,0.0,100.0,750.0,75000.0
2025-08-14,UHRDCUSO500,J V Chemicals,1.0,0.0,1.0,1067.0,1067.0
2025-08-14,UHRDRING162,WITGAIN TECHNOLOGY LIMITED,5040.0,0.0,5040.0,154.6,779175.94
2025-08-14,UHRDRR16211,WITGAIN TECHNOLOGY LIMITED,240.0,0.0,240.0,154.6,37103.62
2025-08-14,UHRDRR1621C,WITGAIN TECHNOLOGY LIMITED,5040.0,0.0,5040.0,154.6,779175.94
2025-08-14,UHRDRR1622C,WITGAIN TECHNOLOGY LIMITED,5040.0,0.0,5040.0,154.6,779175.94
2025-08-14,UHRDRR20CNA,WITGAIN TECHNOLOGY LIMITED,240.0,0.0,240.0,158.11,37946.88
2025-08-14,UHRDSMD0201,"Swift Electrocomp Solutions Pvt Ltd.,",45000.0,0.0,45000.0,8.53,383850.0
2025-08-14,UHRDTEST241,"Swift Electrocomp Solutions Pvt Ltd.,",10.0,0.0,10.0,1985.95,19859.5
2025-08-14,UHRDTOP10MM,Polymercrafts Retail Displays,100.0,0.0,100.0,750.0,75000.0
2025-08-14,UHRESYAG100K,SEMISEARCH TECHNOLOGIES PRIVATE LIMITED,100000.0,0.0,100000.0,0.48,48000.0
2025-08-14,UHRESYAG10KO,SEMISEARCH TECHNOLOGIES PRIVATE LIMITED,150000.0,0.0,150000.0,0.29,43500.0
2025-08-14,UHRESYAG60KO,SEMISEARCH TECHNOLOGIES PRIVATE LIMITED,40188.0,0.0,40188.0,0.29,11654.52
2025-08-16,UHCTPFGAGO07,3DE Technology Prototype Solutions Pvt Ltd (Casting),119.0,0.0,119.0,380.0,45220.0
2025-08-16,UHCTPFGAGO08,3DE Technology Prototype Solutions Pvt Ltd (Casting),120.0,0.0,120.0,380.0,45600.0
2025-08-16,UHDIODIO100V,"Swift Electrocomp Solutions Pvt Ltd.,",51000.0,0.0,51000.0,1.49,75990.0
2025-08-16,UHDIODIOI75V,"Swift Electrocomp Solutions Pvt Ltd.,",51000.0,0.0,51000.0,2.3,117300.0
2025-08-16,UHRING1.62PCBA,Zreyah Semiconductor Systems Pvt. Ltd.,1389.0,0.0,1389.0,140.0,194460.0
2025-08-18,UH0.2MIRROR05,HANAV MANUFACTURING AND BUSINESS PRIVATE LIMITED,14.0,0.0,14.0,530.0,7420.0
2025-08-18,UH0.2MIRROR06,HANAV MANUFACTURING AND BUSINESS PRIVATE LIMITED,170.0,0.0,170.0,530.0,90100.0
2025-08-18,UH0.2MIRROR07,HANAV MANUFACTURING AND BUSINESS PRIVATE LIMITED,48.0,0.0,48.0,530.0,25440.0
2025-08-18,UH0.2MIRROR08,HANAV MANUFACTURING AND BUSINESS PRIVATE LIMITED,36.0,0.0,36.0,530.0,19080.0
2025-08-18,UHC2PCBAREV21,Zreyah Semiconductor Systems Pvt. Ltd.,2580.0,0.0,2580.0,40.0,103200.0
2025-08-18,UHCH2COHOS06,3DE Technology Prototype Solutions Pvt Ltd (Casting),1000.0,0.0,1000.0,32.0,32000.0
2025-08-18,UHCH2COHOS08,3DE Technology Prototype Solutions Pvt Ltd (Casting),100.0,0.0,100.0,32.0,3200.0
2025-08-18,UHCTPFGAAO07,3DE Technology Prototype Solutions Pvt Ltd (Casting),15.0,0.0,15.0,380.0,5700.0
2025-08-18,UHCTPFGAAO08,3DE Technology Prototype Solutions Pvt Ltd (Casting),2.0,0.0,2.0,380.0,760.0
2025-08-18,UHCTPFGAAO09,3DE Technology Prototype Solutions Pvt Ltd (Casting),13.0,0.0,13.0,380.0,4940.0
2025-08-18,UHCTPFGAAO10,3DE Technology Prototype Solutions Pvt Ltd (Casting),11.0,0.0,11.0,380.0,4180.0
2025-08-18,UHCTPFGAAS07,3DE Technology Prototype Solutions Pvt Ltd (Casting),4.0,0.0,4.0,380.0,1520.0
2025-08-18,UHCTPFGAAS08,3DE Technology Prototype Solutions Pvt Ltd (Casting),4.0,0.0,4.0,380.0,1520.0
2025-08-18,UHCTPFGAAS09,3DE Technology Prototype Solutions Pvt Ltd (Casting),1.0,0.0,1.0,380.0,380.0
2025-08-18,UHCTPFGAAS14,3DE Technology Prototype Solutions Pvt Ltd (Casting),3.0,0.0,3.0,380.0,1140.0
2025-08-18,UHCTPFGAGO05,3DE Technology Prototype Solutions Pvt Ltd (Casting),2.0,0.0,2.0,380.0,760.0
2025-08-18,UHCTPFGAGO06,3DE Technology Prototype Solutions Pvt Ltd (Casting),2.0,0.0,2.0,380.0,760.0
2025-08-18,UHCTPFGAGO07,3DE Technology Prototype Solutions Pvt Ltd (Casting),316.0,0.0,316.0,380.0,120080.0
2025-08-18,UHCTPFGAGO08,3DE Technology Prototype Solutions Pvt Ltd (Casting),271.0,0.0,271.0,380.0,102980.0
2025-08-18,UHCTPFGAGO08-T1.62,3DE Technology Prototype Solutions Pvt Ltd (Casting),120.0,0.0,120.0,380.0,45600.0
2025-08-18,UHCTPFGAGO09,3DE Technology Prototype Solutions Pvt Ltd (Casting),57.0,0.0,57.0,380.0,21660.0
2025-08-18,UHCTPFGAGO09-T1.62,3DE Technology Prototype Solutions Pvt Ltd (Casting),300.0,0.0,300.0,380.0,114000.0
2025-08-18,UHCTPFGAGO10,3DE Technology Prototype Solutions Pvt Ltd (Casting),2.0,0.0,2.0,380.0,760.0
2025-08-18,UHCTPFGAGS05,3DE Technology Prototype Solutions Pvt Ltd (Casting),3.0,0.0,3.0,380.0,1140.0
2025-08-18,UHCTPFGAGS06,3DE Technology Prototype Solutions Pvt Ltd (Casting),4.0,0.0,4.0,380.0,1520.0
2025-08-18,UHCTPFGAGS07,3DE Technology Prototype Solutions Pvt Ltd (Casting),49.0,0.0,49.0,380.0,18620.0
2025-08-18,UHCTPFGAGS08,3DE Technology Prototype Solutions Pvt Ltd (Casting),13.0,0.0,13.0,190.0,2470.0
2025-08-18,UHCTPFGAGS09,3DE Technology Prototype Solutions Pvt Ltd (Casting),3.0,0.0,3.0,380.0,1140.0
2025-08-18,UHCTPFGAGS10,3DE Technology Prototype Solutions Pvt Ltd (Casting),1.0,0.0,1.0,380.0,380.0
2025-08-18,UHCTPFGAGS11,3DE Technology Prototype Solutions Pvt Ltd (Casting),1.0,0.0,1.0,380.0,380.0
2025-08-18,UHCTPFGAGS12,3DE Technology Prototype Solutions Pvt Ltd (Casting),1.0,0.0,1.0,380.0,380.0
2025-08-18,UHCTPFGASO07,3DE Technology Prototype Solutions Pvt Ltd (Casting),11.0,0.0,11.0,380.0,4180.0
2025-08-18,UHCTPFGASO08,3DE Technology Prototype Solutions Pvt Ltd (Casting),9.0,0.0,9.0,380.0,3420.0
2025-08-18,UHCTPFGASO09,3DE Technology Prototype Solutions Pvt Ltd (Casting),6.0,0.0,6.0,380.0,2280.0
2025-08-18,UHCTPFGASS05,3DE Technology Prototype Solutions Pvt Ltd (Casting),1.0,0.0,1.0,380.0,380.0
2025-08-18,UHCTPFGASS07,3DE Technology Prototype Solutions Pvt Ltd (Casting),19.0,0.0,19.0,380.0,7220.0
2025-08-18,UHCTPFGASS08,3DE Technology Prototype Solutions Pvt Ltd (Casting),8.0,0.0,8.0,380.0,3040.0
2025-08-18,UHCTPFGASS09,3DE Technology Prototype Solutions Pvt Ltd (Casting),1.0,0.0,1.0,380.0,380.0
2025-08-18,UHCTPFGASS10,3DE Technology Prototype Solutions Pvt Ltd (Casting),1.0,0.0,1.0,380.0,380.0
2025-08-18,UHCTPFGASS11,3DE Technology Prototype Solutions Pvt Ltd (Casting),2.0,0.0,2.0,380.0,760.0
2025-08-18,UHCTPFGASS13,3DE Technology Prototype Solutions Pvt Ltd (Casting),1.0,0.0,1.0,380.0,380.0
2025-08-18,UHCTPFGBRGO05,3DE Technology Prototype Solutions Pvt Ltd (Casting),2.0,0.0,2.0,380.0,760.0
2025-08-18,UHCTPFGBRGO06,3DE Technology Prototype Solutions Pvt Ltd (Casting),1.0,0.0,1.0,380.0,380.0
2025-08-18,UHCTPFGBRGO07,3DE Technology Prototype Solutions Pvt Ltd (Casting),31.0,0.0,31.0,380.0,11780.0
2025-08-18,UHCTPFGBRGO08,3DE Technology Prototype Solutions Pvt Ltd (Casting),24.0,0.0,24.0,380.0,9120.0
2025-08-18,UHCTPFGBRGO09,3DE Technology Prototype Solutions Pvt Ltd (Casting),3.0,0.0,3.0,380.0,1140.0
2025-08-18,UHCTPFGBRGO10,3DE Technology Prototype Solutions Pvt Ltd (Casting),2.0,0.0,2.0,380.0,760.0
2025-08-18,UHCTPFGBRGO12,3DE Technology Prototype Solutions Pvt Ltd (Casting),1.0,0.0,1.0,380.0,380.0
2025-08-18,UHCTPFGMGO08,3DE Technology Prototype Solutions Pvt Ltd (Casting),1.0,0.0,1.0,380.0,380.0
2025-08-18,UHCTPFGMGS08,3DE Technology Prototype Solutions Pvt Ltd (Casting),9.0,0.0,9.0,380.0,3420.0
2025-08-18,UHCTPFGMGS09,3DE Technology Prototype Solutions Pvt Ltd (Casting),3.0,0.0,3.0,380.0,1140.0
2025-08-18,UHCTPFGMGS10,3DE Technology Prototype Solutions Pvt Ltd (Casting),4.0,0.0,4.0,380.0,1520.0
2025-08-18,UHCTPFGMGS11,3DE Technology Prototype Solutions Pvt Ltd (Casting),1.0,0.0,1.0,380.0,380.0
2025-08-18,UHCTPFGMGS12,3DE Technology Prototype Solutions Pvt Ltd (Casting),1.0,0.0,1.0,380.0,380.0
2025-08-18,UHCTPFGMGS14,3DE Technology Prototype Solutions Pvt Ltd (Casting),3.0,0.0,3.0,380.0,1140.0
2025-08-18,UHCTPFGRTS06,3DE Technology Prototype Solutions Pvt Ltd (Casting),1.0,0.0,1.0,380.0,380.0
2025-08-18,UHCTPFGRTS07,3DE Technology Prototype Solutions Pvt Ltd (Casting),20.0,0.0,20.0,380.0,7600.0
2025-08-18,UHCTPFGRTS08,3DE Technology Prototype Solutions Pvt Ltd (Casting),2.0,0.0,2.0,380.0,760.0
2025-08-18,UHCTPFGRTS09,3DE Technology Prototype Solutions Pvt Ltd (Casting),2.0,0.0,2.0,380.0,760.0
2025-08-18,UHCTPFGRTS10,3DE Technology Prototype Solutions Pvt Ltd (Casting),2.0,0.0,2.0,380.0,760.0
2025-08-18,UHRDBLKCHRG,Dongguan dongniu electronic co.ltd,29.0,0.0,29.0,151.96,4406.93
2025-08-18,UHRDBOIT100,Bharath Hardware & Industrial Suppliers,12.0,0.0,12.0,150.0,1800.0
2025-08-18,UHRDHAPTIC1,CN Innovations Limited,500.0,0.0,500.0,17.57,8784.0
2025-08-18,UHRDMSNUT10,Bharath Hardware & Industrial Suppliers,2.5,0.0,2.5,150.0,375.0
2025-08-18,UHRDNOATAPE,NOA Labs (Shenzhen) Ltd.,2000.0,0.0,2000.0,17.57,35136.0
2025-08-18,UHRDORING70,MOUSER ELECTRONIC,500.0,0.0,500.0,3.25,1625.04
2025-08-18,UHRDPIPEBSH,Amazon India PVT LTD,2.0,0.0,2.0,284.76,569.52
2025-08-18,UHRDWASHER1,Bharath Hardware & Industrial Suppliers,1.0,0.0,1.0,150.0,150.0
2025-08-18,UHRING2.0PCBA,Zreyah Semiconductor Systems Pvt. Ltd.,72.0,0.0,72.0,140.0,10080.0
2025-08-19,UH0.2MIRROR05,HANAV MANUFACTURING AND BUSINESS PRIVATE LIMITED,10.0,0.0,10.0,530.0,5300.0
2025-08-19,UH0.2MIRROR06,HANAV MANUFACTURING AND BUSINESS PRIVATE LIMITED,99.0,0.0,99.0,530.0,52470.0
2025-08-19,UH0.2MIRROR07,HANAV MANUFACTURING AND BUSINESS PRIVATE LIMITED,40.0,0.0,40.0,530.0,21200.0
2025-08-19,UH0.2MIRROR08,HANAV MANUFACTURING AND BUSINESS PRIVATE LIMITED,55.0,0.0,55.0,530.0,29150.0
2025-08-19,UHASRINGTRY,SHIVA ENGINEERING,640.0,0.0,640.0,320.0,204800.0
2025-08-19,UHC2PCBAREV21,Zreyah Semiconductor Systems Pvt. Ltd.,2460.0,0.0,2460.0,40.0,98400.0
2025-08-19,UHC3LASERTOPS05,Aaru Plastics,98.0,0.0,98.0,28.0,2744.0
2025-08-19,UHC3LASERTOPS06,Aaru Plastics,1300.0,0.0,1300.0,28.0,36400.0
2025-08-19,UHC3LASERTOPS07,Aaru Plastics,300.0,0.0,300.0,28.0,8400.0
2025-08-19,UHC3LASERTOPS08,Aaru Plastics,1000.0,0.0,1000.0,28.0,28000.0
2025-08-19,UHC3LASERTOPS09,Aaru Plastics,695.0,0.0,695.0,28.0,19460.0
2025-08-19,UHC3LASERTOPS10,Aaru Plastics,1564.0,0.0,1564.0,28.0,43792.0
2025-08-19,UHC3LASERTOPS12,Aaru Plastics,1274.0,0.0,1274.0,28.0,35672.0
2025-08-19,UHC3PAINBASES07,Aaru Plastics,1000.0,0.0,1000.0,0.0,0.0
2025-08-19,UHC3PAINBASES08,Aaru Plastics,500.0,0.0,500.0,0.0,0.0
2025-08-19,UHC3PAINBASES09,Aaru Plastics,500.0,0.0,500.0,0.0,0.0
2025-08-19,UHC3PAINBASES10,Aaru Plastics,500.0,0.0,500.0,0.0,0.0
2025-08-19,UHC3PAINBASES11,Aaru Plastics,500.0,0.0,500.0,0.0,0.0
2025-08-19,UHCH2COHOS06,3DE Technology Prototype Solutions Pvt Ltd (Casting),1000.0,0.0,1000.0,32.0,32000.0
2025-08-19,UHCH2COHOS09,3DE Technology Prototype Solutions Pvt Ltd (Casting),1000.0,0.0,1000.0,36.86,36860.0
2025-08-19,UHCHA2BASS06,Aaru Plastics,2000.0,0.0,2000.0,235.0,470000.0
2025-08-19,UHCHA2BASS07,Aaru Plastics,2000.0,0.0,2000.0,235.0,470000.0
2025-08-19,UHCHA2BASS08,Aaru Plastics,2000.0,0.0,2000.0,235.0,470000.0
2025-08-19,UHCHA2BASS09,Aaru Plastics,1000.0,0.0,1000.0,235.0,235000.0
2025-08-19,UHCHARTOPS05,Aaru Plastics,500.0,0.0,500.0,34.0,17000.0
2025-08-19,UHCHARTOPS07,Aaru Plastics,2200.0,0.0,2200.0,34.0,74800.0
2025-08-19,UHCONSSIHARD,EFIL ADDITIVE PRIVATE LIMITED,30.0,0.0,30.0,1200.0,36000.0
2025-08-19,UHCONSSIRES,EFIL ADDITIVE PRIVATE LIMITED,300.0,0.0,300.0,1155.0,346500.0
2025-08-19,UHCTPFGAGO09-T1.62,3DE Technology Prototype Solutions Pvt Ltd (Casting),240.0,0.0,240.0,380.0,91200.0
2025-08-19,UHCTPFGMGS07,3DE Technology Prototype Solutions Pvt Ltd (Casting),27.0,0.0,27.0,380.0,10260.0
2025-08-19,UHRDANTENA1,Aarthi Electronics,10.0,0.0,10.0,140.0,1400.0
2025-08-19,UHRDBLUETUB,Aarthi Electronics,10.0,0.0,10.0,520.0,5200.0
2025-08-19,UHRDBOIT100,DASH ENTERPRISES,10.0,0.0,10.0,100.0,1000.0
2025-08-19,UHRDCR0402P,Aarthi Electronics,1000.0,0.0,1000.0,0.2,200.0
2025-08-19,UHRDDS1921H,MOUSER ELECTRONIC,10.0,0.0,10.0,3960.71,39607.06
2025-08-19,UHRDEXPLYBX,RAMESH PACKAGING,1.0,0.0,1.0,13500.0,13500.0
2025-08-19,UHRDHDMIJOT,Aarthi Electronics,10.0,0.0,10.0,60.0,600.0
2025-08-19,UHRDJUMPER2,Aarthi Electronics,100.0,0.0,100.0,0.5,50.0
2025-08-19,UHRDLIFY2PR,Amazon India PVT LTD,2.0,0.0,2.0,134.0,268.0
2025-08-19,UHRDMANGNET,Amazon India PVT LTD,2.0,0.0,2.0,284.76,569.52
2025-08-19,UHRDSAIRMST,METALRIPPER MANUFACTURING,80.0,0.0,80.0,650.0,52000.0
2025-08-19,UHRDSMPS20W,SHARVI ELECTRONICS,10.0,0.0,10.0,922.0,9220.0
2025-08-19,UHRDSOLDRIN,MOUSER ELECTRONIC,2.0,0.0,2.0,2690.54,5381.08
2025-08-19,UHRDUMK105B,Aarthi Electronics,1000.0,0.0,1000.0,0.9,900.0
2025-08-19,UHRDUMK107B,Aarthi Electronics,1000.0,0.0,1000.0,1.5,1500.0
2025-08-19,UHRDUSBCABL,Aarthi Electronics,10.0,0.0,10.0,190.0,1900.0
2025-08-19,UHRESSTA10MO,SEMISEARCH TECHNOLOGIES PRIVATE LIMITED,30000.0,0.0,30000.0,34.5,1035000.0
2025-08-19,UHSWATCHAA,Mudra innovation,5000.0,104.0,4896.0,12.2,59731.2
2025-08-19,UHSWATCHAG,Mudra innovation,5000.0,81.0,4919.0,12.2,60011.8
2025-08-19,UHSWATCHAS,Mudra innovation,5000.0,70.0,4930.0,12.2,60146.0
2025-08-19,UHSWATCHBRG,Mudra innovation,5000.0,125.0,4875.0,18.0,87750.0
2025-08-19,UHSWATCHMG,Mudra innovation,5000.0,77.0,4923.0,12.2,60060.6
2025-08-19,UHSWATCHRT,Mudra innovation,5000.0,109.0,4891.0,12.2,59670.2
2025-08-19,UHTRAYCFG48,SHIVA ENGINEERING,740.0,0.0,740.0,260.0,192400.0
2025-08-20,UH0.2MIRROR05,HANAV MANUFACTURING AND BUSINESS PRIVATE LIMITED,14.0,0.0,14.0,530.0,7420.0
2025-08-20,UH0.2MIRROR06,HANAV MANUFACTURING AND BUSINESS PRIVATE LIMITED,44.0,0.0,44.0,530.0,23320.0
2025-08-20,UH0.2MIRROR07,HANAV MANUFACTURING AND BUSINESS PRIVATE LIMITED,60.0,0.0,60.0,530.0,31800.0
2025-08-20,UH0.2MIRROR08,HANAV MANUFACTURING AND BUSINESS PRIVATE LIMITED,15.0,0.0,15.0,530.0,7950.0
2025-08-20,UHARPR161PB,WITGAIN TECHNOLOGY LIMITED,17760.0,0.0,17760.0,48.31,858021.12
2025-08-20,UHBOTTOMPADS,Radha labels and printers,27000.0,0.0,27000.0,4.95,133650.0
2025-08-20,UHC3PAINBASES07,Aaru Plastics,500.0,0.0,500.0,0.0,0.0
2025-08-20,UHC3PAINBASES08,Aaru Plastics,500.0,0.0,500.0,0.0,0.0
2025-08-20,UHC3PAINBASES09,Aaru Plastics,500.0,0.0,500.0,0.0,0.0
2025-08-20,UHCH2COHOS06,Fabforma Technologies Private Limited,2000.0,0.0,2000.0,35.0,70000.0
2025-08-20,UHCH2COHOS08,Fabforma Technologies Private Limited,4165.0,0.0,4165.0,35.0,145775.0
2025-08-20,UHCH2COHOS09,Fabforma Technologies Private Limited,4360.0,0.0,4360.0,35.0,152600.0
2025-08-20,UHCHA2BASS06,Aaru Plastics,1000.0,0.0,1000.0,235.0,235000.0
2025-08-20,UHCHA2BASS07,Aaru Plastics,1000.0,0.0,1000.0,235.0,235000.0
2025-08-20,UHCHA2BASS07,HANAV MANUFACTURING AND BUSINESS PRIVATE LIMITED,2018.0,0.0,2018.0,250.0,504500.0
2025-08-20,UHCHA2BASS08,Aaru Plastics,1000.0,0.0,1000.0,235.0,235000.0
2025-08-20,UHCHA2BASS08,HANAV MANUFACTURING AND BUSINESS PRIVATE LIMITED,804.0,0.0,804.0,250.0,201000.0
2025-08-20,UHCONSACRYBIG,LAMARIONS LASER,10000.0,0.0,10000.0,12.0,120000.0
2025-08-20,UHCONSACRYSML,LAMARIONS LASER,10000.0,0.0,10000.0,11.0,110000.0
2025-08-20,UHCONSCLOTH,Hesh opto lab pvt ltd,170.0,0.0,170.0,120.0,20400.0
2025-08-20,UHCTPFGAGO07-T1.62,3DE Technology Prototype Solutions Pvt Ltd (Casting),60.0,0.0,60.0,380.0,22800.0
2025-08-20,UHCTPFGAGO08-T1.62,3DE Technology Prototype Solutions Pvt Ltd (Casting),359.0,0.0,359.0,380.0,136420.0
2025-08-20,UHCTPFGAGO09-T1.62,3DE Technology Prototype Solutions Pvt Ltd (Casting),419.0,0.0,419.0,380.0,159220.0
2025-08-20,UHCTPFGAGO10-T1.62,3DE Technology Prototype Solutions Pvt Ltd (Casting),239.0,0.0,239.0,380.0,90820.0
2025-08-20,UHCTPFGMGO10-T1.62,3DE Technology Prototype Solutions Pvt Ltd (Casting),235.0,0.0,235.0,380.0,89300.0
2025-08-20,UHRDACDCADT,Aarthi Electronics,1.0,0.0,1.0,1850.0,1850.0
2025-08-20,UHRDPNUEMAT,Bharath Hardware & Industrial Suppliers,100.0,0.0,100.0,25.0,2500.0
2025-08-20,UHRING1.62PCBA,Zreyah Semiconductor Systems Pvt. Ltd.,1145.0,0.0,1145.0,140.0,160300.0
2025-08-20,UHRING1.63PCBA,Zreyah Semiconductor Systems Pvt. Ltd.,120.0,0.0,120.0,140.0,16800.0
2025-08-20,UHRING2.0PCBA,Zreyah Semiconductor Systems Pvt. Ltd.,72.0,0.0,72.0,140.0,10080.0
2025-08-21,UH0.2MIRROR05,HANAV MANUFACTURING AND BUSINESS PRIVATE LIMITED,65.0,0.0,65.0,530.0,34450.0
2025-08-21,UH0.2MIRROR06,HANAV MANUFACTURING AND BUSINESS PRIVATE LIMITED,78.0,0.0,78.0,530.0,41340.0
2025-08-21,UH0.2MIRROR07,HANAV MANUFACTURING AND BUSINESS PRIVATE LIMITED,40.0,0.0,40.0,530.0,21200.0
2025-08-21,UH0.2MIRROR08,HANAV MANUFACTURING AND BUSINESS PRIVATE LIMITED,19.0,0.0,19.0,530.0,10070.0
2025-08-21,UH0.2MIRROR09,HANAV MANUFACTURING AND BUSINESS PRIVATE LIMITED,1.0,0.0,1.0,530.0,530.0
2025-08-21,UHARPR161PB,WITGAIN TECHNOLOGY LIMITED,113.0,0.0,113.0,48.31,5459.26
2025-08-21,UHC2PCBAREV21,Zreyah Semiconductor Systems Pvt. Ltd.,3940.0,0.0,3940.0,40.0,157600.0
2025-08-21,UHC2PCBREV21,WITGAIN TECHNOLOGY LIMITED,50.0,0.0,50.0,276.7,13834.8
2025-08-21,UHCHA2BASS06,Aaru Plastics,500.0,0.0,500.0,235.0,117500.0
2025-08-21,UHCHA2BASS07,Aaru Plastics,2000.0,0.0,2000.0,235.0,470000.0
2025-08-21,UHCHARTOPS05,Aaru Plastics,400.0,0.0,400.0,34.0,13600.0
2025-08-21,UHCHARTOPS10,Aaru Plastics,2000.0,0.0,2000.0,34.0,68000.0
2025-08-21,UHCHARTOPS13,Aaru Plastics,1200.0,0.0,1200.0,34.0,40800.0
2025-08-21,UHCONSEMR1500,Bharath Hardware & Industrial Suppliers,500.0,0.0,500.0,18.0,9000.0
2025-08-21,UHCONSEMR2000,Bharath Hardware & Industrial Suppliers,500.0,0.0,500.0,18.0,9000.0
2025-08-21,UHOPSANA61EF,Macnica Cytech Pte Ltd,25000.0,0.0,25000.0,265.1,6627528.0
2025-08-21,UHRDADM8613,Macnica Cytech Pte Ltd,6000.0,0.0,6000.0,75.45,452727.36
2025-08-21,UHRDBENECRE,Amazon India PVT LTD,1.0,0.0,1.0,3964.42,3964.42
2025-08-21,UHRDMAX2035,Macnica Cytech Pte Ltd,6000.0,0.0,6000.0,314.47,1886803.2
2025-08-21,UHRDPHROZEN,MACFOS LIMITED,1.0,0.0,1.0,6983.9,6983.9
2025-08-21,UHRDRESISTO,NAMOTRONICS,1000.0,0.0,1000.0,0.2,200.0
2025-08-21,UHRDRING14S,WITGAIN TECHNOLOGY LIMITED,935.0,0.0,935.0,237.17,221752.08
2025-08-21,UHRDRLESCS5,Amazon India PVT LTD,1.0,0.0,1.0,1165.3,1165.3
2025-08-21,UHRDSI23011,NAMOTRONICS,100.0,0.0,100.0,4.5,450.0
2025-08-21,UHRDWIRE854,MOUSER ELECTRONIC,2.0,0.0,2.0,1176.18,2352.36
2025-08-22,UH0.2MIRROR05,HANAV MANUFACTURING AND BUSINESS PRIVATE LIMITED,78.0,0.0,78.0,530.0,41340.0
2025-08-22,UH0.2MIRROR06,HANAV MANUFACTURING AND BUSINESS PRIVATE LIMITED,54.0,0.0,54.0,530.0,28620.0
2025-08-22,UH0.2MIRROR07,HANAV MANUFACTURING AND BUSINESS PRIVATE LIMITED,37.0,0.0,37.0,530.0,19610.0
2025-08-22,UH0.2MIRROR08,HANAV MANUFACTURING AND BUSINESS PRIVATE LIMITED,13.0,0.0,13.0,530.0,6890.0
2025-08-22,UH0.2MIRROR09,HANAV MANUFACTURING AND BUSINESS PRIVATE LIMITED,1.0,0.0,1.0,530.0,530.0
2025-08-22,UHC2PCBAREV21,Zreyah Semiconductor Systems Pvt. Ltd.,4169.0,0.0,4169.0,40.0,166760.0
2025-08-22,UHCAPSAM22UF,SEMISEARCH TECHNOLOGIES PRIVATE LIMITED,50000.0,0.0,50000.0,12.5,625000.0
2025-08-22,UHCAPSAM43UF,SEMISEARCH TECHNOLOGIES PRIVATE LIMITED,50000.0,0.0,50000.0,7.24,362000.0
2025-08-22,UHRDBENEC23,Amazon India PVT LTD,1.0,0.0,1.0,3964.42,3964.42
2025-08-22,UHRDCL03A22,"Swift Electrocomp Solutions Pvt Ltd.,",500.0,0.0,500.0,7.9,3950.0
2025-08-22,UHRDDIYCRET,Amazon India PVT LTD,1.0,0.0,1.0,244.06,244.06
2025-08-22,UHRDM1SCRMM,Amazon India PVT LTD,1.0,0.0,1.0,1090.68,1090.68
2025-08-22,UHRDRLECS5T,Amazon India PVT LTD,1.0,0.0,1.0,1165.3,1165.3
2025-08-22,UHRDTUF1820,KOHESI BOND,10.0,0.0,10.0,4250.0,42500.0
2025-08-22,UHRING1.62PCBA,Zreyah Semiconductor Systems Pvt. Ltd.,357.0,0.0,357.0,140.0,49980.0
2025-08-23,UHBRUSBCABLE,"HONGKONG PENGLIAN ELECTRONICS CO.,LIMITED",10000.0,0.0,10000.0,68.52,685152.0
2025-08-23,UHCH2COHOS06,3DE Technology Prototype Solutions Pvt Ltd (Regular Purchase),500.0,0.0,500.0,32.0,16000.0
2025-08-23,UHCH2COHOS07,3DE Technology Prototype Solutions Pvt Ltd (Regular Purchase),1000.0,0.0,1000.0,32.0,32000.0
2025-08-23,UHCH2COHOS08,3DE Technology Prototype Solutions Pvt Ltd (Regular Purchase),1500.0,0.0,1500.0,32.0,48000.0
2025-08-23,UHCH2COHOS09,3DE Technology Prototype Solutions Pvt Ltd (Regular Purchase),1000.0,0.0,1000.0,32.0,32000.0
2025-08-23,UHCH2COHOS10,3DE Technology Prototype Solutions Pvt Ltd (Regular Purchase),1000.0,0.0,1000.0,32.0,32000.0
2025-08-23,UHCH2COHOS11,3DE Technology Prototype Solutions Pvt Ltd (Regular Purchase),1000.0,0.0,1000.0,32.0,32000.0
2025-08-23,UHCH2COHOS13,3DE Technology Prototype Solutions Pvt Ltd (Regular Purchase),1000.0,0.0,1000.0,32.0,32000.0
2025-08-23,UHCTPFGAAO08-T1.62,3DE Technology Prototype Solutions Pvt Ltd (Casting),59.0,0.0,59.0,380.0,22420.0
2025-08-23,UHCTPFGAAO09-T1.62,3DE Technology Prototype Solutions Pvt Ltd (Casting),60.0,0.0,60.0,380.0,22800.0
2025-08-23,UHCTPFGAGO07-T1.61,3DE Technology Prototype Solutions Pvt Ltd (Casting),299.0,0.0,299.0,380.0,113620.0
2025-08-23,UHCTPFGAGO07-T1.62,3DE Technology Prototype Solutions Pvt Ltd (Casting),300.0,0.0,300.0,380.0,114000.0
2025-08-23,UHCTPFGASO07-T1.62,3DE Technology Prototype Solutions Pvt Ltd (Casting),59.0,0.0,59.0,380.0,22420.0
2025-08-23,UHCTPFGASO08-T1.61,3DE Technology Prototype Solutions Pvt Ltd (Casting),239.0,0.0,239.0,380.0,90820.0
2025-08-23,UHCTPFGASO09-T1.61,3DE Technology Prototype Solutions Pvt Ltd (Casting),117.0,0.0,117.0,380.0,44460.0
2025-08-23,UHCTPFGBRGO11-T1.62,3DE Technology Prototype Solutions Pvt Ltd (Casting),12.0,0.0,12.0,380.0,4560.0
2025-08-23,UHPLASIZRS05,ZOEONE INDUSTRIES,2500.0,0.0,2500.0,3.5,8750.0
2025-08-23,UHPLASIZRS06,ZOEONE INDUSTRIES,2500.0,0.0,2500.0,3.5,8750.0
2025-08-23,UHPLASIZRS07,ZOEONE INDUSTRIES,2500.0,0.0,2500.0,3.5,8750.0
2025-08-23,UHPLASIZRS08,ZOEONE INDUSTRIES,2500.0,0.0,2500.0,3.5,8750.0
2025-08-23,UHPLASIZRS09,ZOEONE INDUSTRIES,2500.0,0.0,2500.0,3.5,8750.0
2025-08-23,UHPLASIZRS10,ZOEONE INDUSTRIES,2500.0,0.0,2500.0,3.5,8750.0
2025-08-23,UHPLASIZRS11,ZOEONE INDUSTRIES,2500.0,0.0,2500.0,3.5,8750.0
2025-08-23,UHPLASIZRS12,ZOEONE INDUSTRIES,2500.0,0.0,2500.0,3.5,8750.0
2025-08-23,UHPLASIZRS13,ZOEONE INDUSTRIES,2500.0,0.0,2500.0,3.5,8750.0
2025-08-23,UHPLASIZRS14,ZOEONE INDUSTRIES,2500.0,0.0,2500.0,3.5,8750.0
2025-08-23,UHRD100IBS1,Amazon India PVT LTD,1.0,0.0,1.0,507.62,507.62
2025-08-23,UHRDLOCTIT2,Amazon India PVT LTD,1.0,0.0,1.0,479.66,479.66
2025-08-23,UHRDROKFVHB,Amazon India PVT LTD,1.0,0.0,1.0,5121.28,5121.28
2025-08-23,UHRING1.61PCBA,Zreyah Semiconductor Systems Pvt. Ltd.,1326.0,0.0,1326.0,300.0,397800.0
2025-08-23,UHSTFACEMASK,Reliable office supplies,1000.0,0.0,1000.0,2.5,2500.0
2025-08-23,UHSTPRITONER,Reliable office supplies,10.0,0.0,10.0,3700.0,37000.0
2025-08-23,UHSTSPRNOTE,Reliable office supplies,30.0,0.0,30.0,75.0,2250.0
2025-08-23,UHSTZPLCK10X14,Reliable office supplies,10000.0,0.0,10000.0,2.4,24000.0
2025-08-24,UH0.2AA05,CP Global Solution Technologies,202.0,0.0,202.0,250.0,50500.0
2025-08-24,UH0.2AA06,CP Global Solution Technologies,653.0,0.0,653.0,250.0,163250.0
2025-08-24,UH0.2AA07,CP Global Solution Technologies,991.0,0.0,991.0,250.0,247750.0
2025-08-24,UH0.2AA08,CP Global Solution Technologies,91.0,0.0,91.0,250.0,22750.0
2025-08-24,UH0.2AA09,CP Global Solution Technologies,80.0,0.0,80.0,250.0,20000.0
2025-08-24,UH0.2AA10,CP Global Solution Technologies,595.0,0.0,595.0,250.0,148750.0
2025-08-24,UH0.2AA11,CP Global Solution Technologies,27.0,0.0,27.0,250.0,6750.0
2025-08-24,UH0.2AA12,CP Global Solution Technologies,1.0,0.0,1.0,250.0,250.0
2025-08-24,UH0.2AA13,CP Global Solution Technologies,2.0,0.0,2.0,250.0,500.0
2025-08-24,UH0.2MIRROR05,HANAV MANUFACTURING AND BUSINESS PRIVATE LIMITED,51.0,0.0,51.0,530.0,27030.0
2025-08-24,UH0.2MIRROR06,HANAV MANUFACTURING AND BUSINESS PRIVATE LIMITED,43.0,0.0,43.0,530.0,22790.0
2025-08-24,UH0.2MIRROR07,HANAV MANUFACTURING AND BUSINESS PRIVATE LIMITED,80.0,0.0,80.0,530.0,42400.0
2025-08-24,UH0.2MIRROR08,HANAV MANUFACTURING AND BUSINESS PRIVATE LIMITED,42.0,0.0,42.0,530.0,22260.0
2025-08-24,UH0.2MIRROR09,HANAV MANUFACTURING AND BUSINESS PRIVATE LIMITED,3.0,0.0,3.0,530.0,1590.0
2025-08-24,UHCTPFGAGO07-T1.62,3DE Technology Prototype Solutions Pvt Ltd (Casting),420.0,0.0,420.0,380.0,159600.0
2025-08-24,UHCTPFGMGO09-T1.62,3DE Technology Prototype Solutions Pvt Ltd (Casting),180.0,0.0,180.0,380.0,68400.0
2025-08-25,UH0.2MIRROR05,HANAV MANUFACTURING AND BUSINESS PRIVATE LIMITED,74.0,0.0,74.0,530.0,39220.0
2025-08-25,UH0.2MIRROR06,HANAV MANUFACTURING AND BUSINESS PRIVATE LIMITED,28.0,0.0,28.0,530.0,14840.0
2025-08-25,UH0.2MIRROR07,HANAV MANUFACTURING AND BUSINESS PRIVATE LIMITED,58.0,0.0,58.0,530.0,30740.0
2025-08-25,UH0.2MIRROR08,HANAV MANUFACTURING AND BUSINESS PRIVATE LIMITED,16.0,0.0,16.0,530.0,8480.0
2025-08-25,UH0.2MIRROR10,HANAV MANUFACTURING AND BUSINESS PRIVATE LIMITED,1.0,0.0,1.0,530.0,530.0
2025-08-25,UHC2068NF50V,"Swift Electrocomp Solutions Pvt Ltd.,",20.0,0.0,20.0,70.17,1403.4
2025-08-25,UHCAPMUR10UF,"Swift Electrocomp Solutions Pvt Ltd.,",20.0,0.0,20.0,12.97,259.4
2025-08-25,UHCH2COHOS05,3DE Technology Prototype Solutions Pvt Ltd (Regular Purchase),1000.0,0.0,1000.0,32.0,32000.0
2025-08-25,UHCH2COHOS06,3DE Technology Prototype Solutions Pvt Ltd (Regular Purchase),500.0,0.0,500.0,32.0,16000.0
2025-08-25,UHCH2COHOS08,3DE Technology Prototype Solutions Pvt Ltd (Regular Purchase),500.0,0.0,500.0,32.0,16000.0
2025-08-25,UHCH2COHOS10,3DE Technology Prototype Solutions Pvt Ltd (Regular Purchase),1000.0,0.0,1000.0,32.0,32000.0
2025-08-25,UHCHA2BASS05,Aaru Plastics,1200.0,0.0,1200.0,235.0,282000.0
2025-08-25,UHCHA2BASS07,HANAV MANUFACTURING AND BUSINESS PRIVATE LIMITED,2160.0,0.0,2160.0,250.0,540000.0
2025-08-25,UHCONSPOLPAD,MADRAS FELT,20.0,0.0,20.0,435.0,8700.0
2025-08-25,UHCTPFGAAS14-T1.62,3DE Technology Prototype Solutions Pvt Ltd (Casting),2.0,0.0,2.0,380.0,760.0
2025-08-25,UHCTPFGAGO07-T1.62,3DE Technology Prototype Solutions Pvt Ltd (Casting),231.0,0.0,231.0,380.0,87780.0
2025-08-25,UHCTPFGAGO08,3DE Technology Prototype Solutions Pvt Ltd (Casting),514.0,0.0,514.0,380.0,195320.0
2025-08-25,UHCTPFGAGO10,3DE Technology Prototype Solutions Pvt Ltd (Casting),69.0,0.0,69.0,380.0,26220.0
2025-08-25,UHCTPFGBRGO13-T1.62,3DE Technology Prototype Solutions Pvt Ltd (Casting),1.0,0.0,1.0,380.0,380.0
2025-08-25,UHCTPFGBRGO14-T1.62,3DE Technology Prototype Solutions Pvt Ltd (Casting),2.0,0.0,2.0,380.0,760.0
2025-08-25,UHCTPFGMGO09-T1.62,3DE Technology Prototype Solutions Pvt Ltd (Casting),6.0,0.0,6.0,380.0,2280.0
2025-08-25,UHCTPFGMGO10-T1.62,3DE Technology Prototype Solutions Pvt Ltd (Casting),108.0,0.0,108.0,380.0,41040.0
2025-08-25,UHCTPFGMGS10,3DE Technology Prototype Solutions Pvt Ltd (Casting),69.0,0.0,69.0,380.0,26220.0
2025-08-25,UHICHSTM32G0,Ramakrishna Electro Components Pvt. Ltd.,102000.0,0.0,102000.0,41.76,4259520.0
2025-08-25,UHLEDWOR812B,AGILE TRADE SOLUTIONS,50000.0,0.0,50000.0,7.06,353000.0
2025-08-25,UHRD330AEC2,"Swift Electrocomp Solutions Pvt Ltd.,",100.0,0.0,100.0,8.42,842.0
2025-08-25,UHRD40PSTCT,"Swift Electrocomp Solutions Pvt Ltd.,",20.0,0.0,20.0,177.07,3541.4
2025-08-25,UHRD8751001,"Swift Electrocomp Solutions Pvt Ltd.,",20.0,0.0,20.0,49.17,983.4
2025-08-25,UHRD903004B,"Swift Electrocomp Solutions Pvt Ltd.,",20.0,0.0,20.0,7.13,142.6
2025-08-25,UHRDJYRLYI1,JIE YI ELECTRONICS LIMITED,3000.0,0.0,3000.0,84.33,252979.2
2025-08-25,UHRDKEMET2A,"Swift Electrocomp Solutions Pvt Ltd.,",80.0,0.0,80.0,249.31,19944.8
2025-08-25,UHRDLDLILED,"Swift Electrocomp Solutions Pvt Ltd.,",80.0,0.0,80.0,83.49,6679.2
2025-08-25,UHRDMTYQ200,"Swift Electrocomp Solutions Pvt Ltd.,",100.0,0.0,100.0,6.38,638.0
2025-08-25,UHRDOTOLSOP,"Swift Electrocomp Solutions Pvt Ltd.,",80.0,0.0,80.0,22.55,1804.0
2025-08-25,UHRDRED624D,"Swift Electrocomp Solutions Pvt Ltd.,",100.0,0.0,100.0,38.91,3891.0
2025-08-25,UHRDSMD01XQ,"Swift Electrocomp Solutions Pvt Ltd.,",80.0,0.0,80.0,17.61,1408.8
2025-08-25,UHRDSMD10MS,"Swift Electrocomp Solutions Pvt Ltd.,",20.0,0.0,20.0,0.77,15.4
2025-08-25,UHRDSMD1KPW,"Swift Electrocomp Solutions Pvt Ltd.,",80.0,0.0,80.0,1.74,139.2
2025-08-25,UHRDSMD200D,"Swift Electrocomp Solutions Pvt Ltd.,",80.0,0.0,80.0,1.35,108.0
2025-08-25,UHRDSMDOH52,"Swift Electrocomp Solutions Pvt Ltd.,",100.0,0.0,100.0,3.0,300.0
2025-08-25,UHRDSMSD100,"Swift Electrocomp Solutions Pvt Ltd.,",80.0,0.0,80.0,3.0,240.0
2025-08-25,UHRDSTANDLE,Amazon India PVT LTD,5.0,0.0,5.0,250.28,1251.4
2025-08-25,UHRDTL2203E,"Swift Electrocomp Solutions Pvt Ltd.,",20.0,0.0,20.0,68.04,1360.8
2025-08-25,UHRDTSWTASM,"Swift Electrocomp Solutions Pvt Ltd.,",80.0,0.0,80.0,39.71,3176.8
2025-08-25,UHRDUCTCRAM,"Swift Electrocomp Solutions Pvt Ltd.,",80.0,0.0,80.0,121.38,9710.4
2025-08-25,UHRDUNXCELL,Amazon India PVT LTD,3.0,0.0,3.0,2198.91,6596.73
2025-08-25,UHRDWREBOXD,"Swift Electrocomp Solutions Pvt Ltd.,",100.0,0.0,100.0,83.5,8350.0
2025-08-25,UHRING1.61PCBA,Zreyah Semiconductor Systems Pvt. Ltd.,1019.0,0.0,1019.0,300.0,305700.0
2025-08-25,UHSENSMLX36V,MILLENNIUM SEMICONDUCTORS INDIA PRIVATE LIMITED,40000.0,0.0,40000.0,246.32,9852800.0
2025-08-26,UH0.2MIRROR05,HANAV MANUFACTURING AND BUSINESS PRIVATE LIMITED,101.0,0.0,101.0,530.0,53530.0
2025-08-26,UH0.2MIRROR06,HANAV MANUFACTURING AND BUSINESS PRIVATE LIMITED,9.0,0.0,9.0,530.0,4770.0
2025-08-26,UH0.2MIRROR07,HANAV MANUFACTURING AND BUSINESS PRIVATE LIMITED,45.0,0.0,45.0,530.0,23850.0
2025-08-26,UH0.2MIRROR08,HANAV MANUFACTURING AND BUSINESS PRIVATE LIMITED,41.0,0.0,41.0,530.0,21730.0
2025-08-26,UH0.2MIRROR10,HANAV MANUFACTURING AND BUSINESS PRIVATE LIMITED,22.0,0.0,22.0,530.0,11660.0
2025-08-26,UHARTITMPSN,ARROW ELECTRONICS ASIA (S) PTE LTD,99000.0,0.0,99000.0,67.64,6696043.2
2025-08-26,UHC2PCBAREV21,Zreyah Semiconductor Systems Pvt. Ltd.,4060.0,0.0,4060.0,40.0,162400.0
2025-08-26,UHCONSFINGCOT,Reliable office supplies,3078.0,0.0,3078.0,0.9,2770.2
2025-08-26,UHCONSTAPE2TRNS,Reliable office supplies,86.0,0.0,86.0,30.0,2580.0
2025-08-26,UHCTPFGAAS14-T1.62,3DE Technology Prototype Solutions Pvt Ltd (Casting),7.0,0.0,7.0,380.0,2660.0
2025-08-26,UHCTPFGAGO07,3DE Technology Prototype Solutions Pvt Ltd (Casting),155.0,0.0,155.0,380.0,58900.0
2025-08-26,UHCTPFGAGO07-T1.62,3DE Technology Prototype Solutions Pvt Ltd (Casting),381.0,0.0,381.0,380.0,144780.0
2025-08-26,UHCTPFGAGO08,3DE Technology Prototype Solutions Pvt Ltd (Casting),142.0,0.0,142.0,380.0,53960.0
2025-08-26,UHCTPFGAGO08-T1.62,3DE Technology Prototype Solutions Pvt Ltd (Casting),221.0,0.0,221.0,380.0,83980.0
2025-08-26,UHCTPFGAGO10,3DE Technology Prototype Solutions Pvt Ltd (Casting),185.0,0.0,185.0,380.0,70300.0
2025-08-26,UHCTPFGASO06-T1.62,3DE Technology Prototype Solutions Pvt Ltd (Casting),68.0,0.0,68.0,380.0,25840.0
2025-08-26,UHCTPFGBRGO11-T1.62,3DE Technology Prototype Solutions Pvt Ltd (Casting),41.0,0.0,41.0,380.0,15580.0
2025-08-26,UHCTPFGBRGO13-T1.62,3DE Technology Prototype Solutions Pvt Ltd (Casting),4.0,0.0,4.0,380.0,1520.0
2025-08-26,UHCTPFGBRGO14-T1.62,3DE Technology Prototype Solutions Pvt Ltd (Casting),1.0,0.0,1.0,380.0,380.0
2025-08-26,UHCTPFGMGO09-T1.62,3DE Technology Prototype Solutions Pvt Ltd (Casting),52.0,0.0,52.0,380.0,19760.0
2025-08-26,UHCTPFGMGO10-T1.62,3DE Technology Prototype Solutions Pvt Ltd (Casting),114.0,0.0,114.0,380.0,43320.0
2025-08-26,UHCTPFGMGS10,3DE Technology Prototype Solutions Pvt Ltd (Casting),134.0,0.0,134.0,380.0,50920.0
2025-08-26,UHHOMDALBAS,"Shenzhen Tatfook 2R Forming Technology Co., Ltd.",20.0,0.0,20.0,5684.13,113682.53
2025-08-26,UHHOMDALTOP,"Shenzhen Tatfook 2R Forming Technology Co., Ltd.",20.0,0.0,20.0,6239.28,124785.5
2025-08-26,UHHOMDBUTON,"Shenzhen Tatfook 2R Forming Technology Co., Ltd.",20.0,0.0,20.0,762.45,15249.02
2025-08-26,UHHOMDSWTCH,"Shenzhen Tatfook 2R Forming Technology Co., Ltd.",20.0,0.0,20.0,813.4,16267.97
2025-08-26,UHPLASIZRS05,ZOEONE INDUSTRIES,5000.0,0.0,5000.0,3.5,17500.0
2025-08-26,UHPLASIZRS06,ZOEONE INDUSTRIES,5000.0,0.0,5000.0,3.5,17500.0
2025-08-26,UHPLASIZRS07,ZOEONE INDUSTRIES,5000.0,0.0,5000.0,3.5,17500.0
2025-08-26,UHPLASIZRS08,ZOEONE INDUSTRIES,5000.0,0.0,5000.0,3.5,17500.0
2025-08-26,UHPLASIZRS09,ZOEONE INDUSTRIES,5000.0,0.0,5000.0,3.5,17500.0
2025-08-26,UHPLASIZRS10,ZOEONE INDUSTRIES,5000.0,0.0,5000.0,3.5,17500.0
2025-08-26,UHPLASIZRS11,ZOEONE INDUSTRIES,5000.0,0.0,5000.0,3.5,17500.0
2025-08-26,UHPLASIZRS12,ZOEONE INDUSTRIES,5000.0,0.0,5000.0,3.5,17500.0
2025-08-26,UHPLASIZRS13,ZOEONE INDUSTRIES,5000.0,0.0,5000.0,3.5,17500.0
2025-08-26,UHPLASIZRS14,ZOEONE INDUSTRIES,5000.0,0.0,5000.0,3.5,17500.0
2025-08-26,UHRD82112X3,"Swift Electrocomp Solutions Pvt Ltd.,",1.0,0.0,1.0,17665.47,17665.47
2025-08-26,UHRDCHGERPR,WITGAIN TECHNOLOGY LIMITED,5000.0,0.0,5000.0,381.23,1906128.0
2025-08-26,UHRDCHGFAB3,Fast turn PCB,960.0,0.0,960.0,166.9,160220.16
2025-08-26,UHRDCHRGR30,WITGAIN TECHNOLOGY LIMITED,5400.0,0.0,5400.0,104.88,566357.18
2025-08-26,UHRDERJ1R0C,"Swift Electrocomp Solutions Pvt Ltd.,",2000.0,0.0,2000.0,1.14,2280.0
2025-08-26,UHRDGRM225D,"Swift Electrocomp Solutions Pvt Ltd.,",49927.0,0.0,49927.0,5.9,294569.3
2025-08-26,UHRDHINGZB1,Dongguan smooth intelligent technology,500.0,0.0,500.0,8.78,4392.0
2025-08-26,UHRDRSS30CP,"Swift Electrocomp Solutions Pvt Ltd.,",20.0,0.0,20.0,273.65,5473.0
2025-08-26,UHRDUNIBALL,Amazon India PVT LTD,1.0,0.0,1.0,118.64,118.64
2025-08-26,UHRESSTA10MO,SEMISEARCH TECHNOLOGIES PRIVATE LIMITED,50000.0,0.0,50000.0,34.5,1725000.0
2025-08-26,UHRESVIS10OH,"Swift Electrocomp Solutions Pvt Ltd.,",50000.0,0.0,50000.0,0.3,15000.0
2025-08-26,UHRING1.61PCBA,Zreyah Semiconductor Systems Pvt. Ltd.,745.0,0.0,745.0,300.0,223500.0
2025-08-26,UHSTBLKMARK,Reliable office supplies,5.0,0.0,5.0,7.5,37.5
2025-08-26,UHSTNANFILE,Reliable office supplies,6.0,0.0,6.0,95.0,570.0
2025-08-27,UH0.2MIRROR10,HANAV MANUFACTURING AND BUSINESS PRIVATE LIMITED,3.0,0.0,3.0,530.0,1590.0
2025-08-27,UHCTPFGAAS11,3DE Technology Prototype Solutions Pvt Ltd (Casting),3.0,0.0,3.0,190.0,570.0
2025-08-27,UHCTPFGAAS12,3DE Technology Prototype Solutions Pvt Ltd (Casting),4.0,0.0,4.0,380.0,1520.0
2025-08-27,UHCTPFGAGO07,3DE Technology Prototype Solutions Pvt Ltd (Casting),111.0,0.0,111.0,380.0,42180.0
2025-08-27,UHCTPFGAGO07-T1.62,3DE Technology Prototype Solutions Pvt Ltd (Casting),141.0,0.0,141.0,380.0,53580.0
2025-08-27,UHCTPFGAGO08,3DE Technology Prototype Solutions Pvt Ltd (Casting),21.0,0.0,21.0,380.0,7980.0
2025-08-27,UHCTPFGAGO08-T1.62,3DE Technology Prototype Solutions Pvt Ltd (Casting),176.0,0.0,176.0,380.0,66880.0
2025-08-27,UHCTPFGAGO09,3DE Technology Prototype Solutions Pvt Ltd (Casting),10.0,0.0,10.0,380.0,3800.0
2025-08-27,UHCTPFGAGO10,3DE Technology Prototype Solutions Pvt Ltd (Casting),23.0,0.0,23.0,380.0,8740.0
2025-08-27,UHCTPFGASO06-T1.62,3DE Technology Prototype Solutions Pvt Ltd (Casting),34.0,0.0,34.0,380.0,12920.0
2025-08-27,UHCTPFGASO09,3DE Technology Prototype Solutions Pvt Ltd (Casting),2.0,0.0,2.0,380.0,760.0
2025-08-27,UHCTPFGASO09-T1.62,3DE Technology Prototype Solutions Pvt Ltd (Casting),8.0,0.0,8.0,380.0,3040.0
2025-08-27,UHCTPFGASS11-T1.62,3DE Technology Prototype Solutions Pvt Ltd (Casting),5.0,0.0,5.0,380.0,1900.0
2025-08-27,UHCTPFGBRGO11-T1.62,3DE Technology Prototype Solutions Pvt Ltd (Casting),12.0,0.0,12.0,380.0,4560.0
2025-08-27,UHCTPFGBRGO12-T1.62,3DE Technology Prototype Solutions Pvt Ltd (Casting),8.0,0.0,8.0,380.0,3040.0
2025-08-27,UHCTPFGBRGO13-T1.62,3DE Technology Prototype Solutions Pvt Ltd (Casting),12.0,0.0,12.0,380.0,4560.0
2025-08-27,UHCTPFGBRGO14-T1.62,3DE Technology Prototype Solutions Pvt Ltd (Casting),6.0,0.0,6.0,380.0,2280.0
2025-08-27,UHCTPFGMGO09-T1.62,3DE Technology Prototype Solutions Pvt Ltd (Casting),1.0,0.0,1.0,380.0,380.0
2025-08-27,UHCTPFGMGO10-T1.62,3DE Technology Prototype Solutions Pvt Ltd (Casting),7.0,0.0,7.0,380.0,2660.0
2025-08-27,UHCTPFGMGO11-T1.62,3DE Technology Prototype Solutions Pvt Ltd (Casting),5.0,0.0,5.0,380.0,1900.0
2025-08-27,UHCTPFGMGS10,3DE Technology Prototype Solutions Pvt Ltd (Casting),22.0,0.0,22.0,380.0,8360.0
2025-08-27,UHCTPFGRTO08,3DE Technology Prototype Solutions Pvt Ltd (Casting),43.0,0.0,43.0,380.0,16340.0
2025-08-27,UHCTPFGRTO09,3DE Technology Prototype Solutions Pvt Ltd (Casting),22.0,0.0,22.0,380.0,8360.0
2025-08-28,UH0.2MIRROR05,HANAV MANUFACTURING AND BUSINESS PRIVATE LIMITED,25.0,0.0,25.0,530.0,13250.0
2025-08-28,UH0.2MIRROR06,HANAV MANUFACTURING AND BUSINESS PRIVATE LIMITED,2.0,0.0,2.0,530.0,1060.0
2025-08-28,UH0.2MIRROR07,HANAV MANUFACTURING AND BUSINESS PRIVATE LIMITED,11.0,0.0,11.0,530.0,5830.0
2025-08-28,UH0.2MIRROR08,HANAV MANUFACTURING AND BUSINESS PRIVATE LIMITED,7.0,0.0,7.0,530.0,3710.0
2025-08-28,UH0.2MIRROR10,HANAV MANUFACTURING AND BUSINESS PRIVATE LIMITED,7.0,0.0,7.0,530.0,3710.0
2025-08-28,UHBOXTBTTRAY,"Bonito Packaging Co.,Ltd",20000.0,0.0,20000.0,32.41,648259.2
2025-08-28,UHBOXTOPTRAY,"Bonito Packaging Co.,Ltd",20000.0,0.0,20000.0,25.65,512985.6
2025-08-28,UHBRUSBCABLE,"HONGKONG PENGLIAN ELECTRONICS CO.,LIMITED",20000.0,0.0,20000.0,68.52,1370304.0
2025-08-28,UHBRUSHMACHS10,IILA INDUSTRIES (Regular Purchase),28.0,0.0,28.0,45.0,1260.0
2025-08-28,UHBRUSHMACHS14,IILA INDUSTRIES (Regular Purchase),272.0,0.0,272.0,45.0,12240.0
2025-08-28,UHC2PCBAREV21,Zreyah Semiconductor Systems Pvt. Ltd.,2400.0,0.0,2400.0,40.0,96000.0
2025-08-28,UHCH2COHOS07,3DE Technology Prototype Solutions Pvt Ltd (Regular Purchase),1000.0,0.0,1000.0,32.0,32000.0
2025-08-28,UHCH2COHOS08,3DE Technology Prototype Solutions Pvt Ltd (Regular Purchase),200.0,0.0,200.0,32.0,6400.0
2025-08-28,UHCH2COHOS09,3DE Technology Prototype Solutions Pvt Ltd (Regular Purchase),300.0,0.0,300.0,32.0,9600.0
2025-08-28,UHCH2COHOS10,3DE Technology Prototype Solutions Pvt Ltd (Regular Purchase),500.0,0.0,500.0,32.0,16000.0
2025-08-28,UHCH2COHOS11,3DE Technology Prototype Solutions Pvt Ltd (Regular Purchase),1000.0,0.0,1000.0,32.0,32000.0
2025-08-28,UHCHA2BASS07,Aaru Plastics,2500.0,0.0,2500.0,235.0,587500.0
2025-08-28,UHCHA2BASS10,HANAV MANUFACTURING AND BUSINESS PRIVATE LIMITED,2016.0,0.0,2016.0,250.0,504000.0
2025-08-28,UHCHA2BASS11,HANAV MANUFACTURING AND BUSINESS PRIVATE LIMITED,1518.0,0.0,1518.0,250.0,379500.0
2025-08-28,UHCTPFGAAO05,3DE Technology Prototype Solutions Pvt Ltd (Casting),2.0,0.0,2.0,380.0,760.0
2025-08-28,UHCTPFGAAO07,3DE Technology Prototype Solutions Pvt Ltd (Casting),2.0,0.0,2.0,380.0,760.0
2025-08-28,UHCTPFGAAO09,3DE Technology Prototype Solutions Pvt Ltd (Casting),6.0,0.0,6.0,380.0,2280.0
2025-08-28,UHCTPFGAAO10,3DE Technology Prototype Solutions Pvt Ltd (Casting),4.0,0.0,4.0,380.0,1520.0
2025-08-28,UHCTPFGAAO11,3DE Technology Prototype Solutions Pvt Ltd (Casting),2.0,0.0,2.0,380.0,760.0
2025-08-28,UHCTPFGAAS08,3DE Technology Prototype Solutions Pvt Ltd (Casting),1.0,0.0,1.0,380.0,380.0
2025-08-28,UHCTPFGAAS09,3DE Technology Prototype Solutions Pvt Ltd (Casting),3.0,0.0,3.0,380.0,1140.0
2025-08-28,UHCTPFGAAS11,3DE Technology Prototype Solutions Pvt Ltd (Casting),25.0,0.0,25.0,197.6,4940.0
2025-08-28,UHCTPFGAAS12,3DE Technology Prototype Solutions Pvt Ltd (Casting),24.0,0.0,24.0,380.0,9120.0
2025-08-28,UHCTPFGAAS13,3DE Technology Prototype Solutions Pvt Ltd (Casting),1.0,0.0,1.0,380.0,380.0
2025-08-28,UHCTPFGAAS14-T1.62,3DE Technology Prototype Solutions Pvt Ltd (Casting),3.0,0.0,3.0,380.0,1140.0
2025-08-28,UHCTPFGAGO06,3DE Technology Prototype Solutions Pvt Ltd (Casting),1.0,0.0,1.0,380.0,380.0
2025-08-28,UHCTPFGAGO07,3DE Technology Prototype Solutions Pvt Ltd (Casting),81.0,0.0,81.0,380.0,30780.0
2025-08-28,UHCTPFGAGO07-T1.62,3DE Technology Prototype Solutions Pvt Ltd (Casting),90.0,0.0,90.0,380.0,34200.0
2025-08-28,UHCTPFGAGO08,3DE Technology Prototype Solutions Pvt Ltd (Casting),18.0,0.0,18.0,380.0,6840.0
2025-08-28,UHCTPFGAGO08-T1.62,3DE Technology Prototype Solutions Pvt Ltd (Casting),123.0,0.0,123.0,380.0,46740.0
2025-08-28,UHCTPFGAGO09,3DE Technology Prototype Solutions Pvt Ltd (Casting),205.0,0.0,205.0,380.0,77900.0
2025-08-28,UHCTPFGAGO10,3DE Technology Prototype Solutions Pvt Ltd (Casting),13.0,0.0,13.0,380.0,4940.0
2025-08-28,UHCTPFGAGS06,3DE Technology Prototype Solutions Pvt Ltd (Casting),2.0,0.0,2.0,380.0,760.0
2025-08-28,UHCTPFGAGS07,3DE Technology Prototype Solutions Pvt Ltd (Casting),3.0,0.0,3.0,380.0,1140.0
2025-08-28,UHCTPFGAGS08,3DE Technology Prototype Solutions Pvt Ltd (Casting),4.0,0.0,4.0,380.0,1520.0
2025-08-28,UHCTPFGAGS09,3DE Technology Prototype Solutions Pvt Ltd (Casting),5.0,0.0,5.0,380.0,1900.0
2025-08-28,UHCTPFGAGS10,3DE Technology Prototype Solutions Pvt Ltd (Casting),6.0,0.0,6.0,380.0,2280.0
2025-08-28,UHCTPFGAGS11,3DE Technology Prototype Solutions Pvt Ltd (Casting),3.0,0.0,3.0,380.0,1140.0
2025-08-28,UHCTPFGAGS12,3DE Technology Prototype Solutions Pvt Ltd (Casting),1.0,0.0,1.0,380.0,380.0
2025-08-28,UHCTPFGAGS13,3DE Technology Prototype Solutions Pvt Ltd (Casting),1.0,0.0,1.0,380.0,380.0
2025-08-28,UHCTPFGASO06-T1.62,3DE Technology Prototype Solutions Pvt Ltd (Casting),15.0,0.0,15.0,380.0,5700.0
2025-08-28,UHCTPFGASO09,3DE Technology Prototype Solutions Pvt Ltd (Casting),82.0,0.0,82.0,380.0,31160.0
2025-08-28,UHCTPFGASO09-T1.62,3DE Technology Prototype Solutions Pvt Ltd (Casting),78.0,0.0,78.0,380.0,29640.0
2025-08-28,UHCTPFGASS05,3DE Technology Prototype Solutions Pvt Ltd (Casting),1.0,0.0,1.0,380.0,380.0
2025-08-28,UHCTPFGASS07,3DE Technology Prototype Solutions Pvt Ltd (Casting),4.0,0.0,4.0,380.0,1520.0
2025-08-28,UHCTPFGASS08,3DE Technology Prototype Solutions Pvt Ltd (Casting),2.0,0.0,2.0,380.0,760.0
2025-08-28,UHCTPFGASS09,3DE Technology Prototype Solutions Pvt Ltd (Casting),2.0,0.0,2.0,380.0,760.0
2025-08-28,UHCTPFGASS10,3DE Technology Prototype Solutions Pvt Ltd (Casting),6.0,0.0,6.0,380.0,2280.0
2025-08-28,UHCTPFGASS11,3DE Technology Prototype Solutions Pvt Ltd (Casting),1.0,0.0,1.0,380.0,380.0
2025-08-28,UHCTPFGASS11-T1.62,3DE Technology Prototype Solutions Pvt Ltd (Casting),38.0,0.0,38.0,380.0,14440.0
2025-08-28,UHCTPFGBRGO06,3DE Technology Prototype Solutions Pvt Ltd (Casting),2.0,0.0,2.0,380.0,760.0
2025-08-28,UHCTPFGBRGO07,3DE Technology Prototype Solutions Pvt Ltd (Casting),3.0,0.0,3.0,380.0,1140.0
2025-08-28,UHCTPFGBRGO11-T1.62,3DE Technology Prototype Solutions Pvt Ltd (Casting),6.0,0.0,6.0,380.0,2280.0
2025-08-28,UHCTPFGBRGO12-T1.62,3DE Technology Prototype Solutions Pvt Ltd (Casting),40.0,0.0,40.0,380.0,15200.0
2025-08-28,UHCTPFGBRGO13-T1.62,3DE Technology Prototype Solutions Pvt Ltd (Casting),30.0,0.0,30.0,380.0,11400.0
2025-08-28,UHCTPFGMGO09-T1.62,3DE Technology Prototype Solutions Pvt Ltd (Casting),1.0,0.0,1.0,380.0,380.0
2025-08-28,UHCTPFGMGO10-T1.62,3DE Technology Prototype Solutions Pvt Ltd (Casting),5.0,0.0,5.0,380.0,1900.0
2025-08-28,UHCTPFGMGO11-T1.62,3DE Technology Prototype Solutions Pvt Ltd (Casting),32.0,0.0,32.0,380.0,12160.0
2025-08-28,UHCTPFGMGS07,3DE Technology Prototype Solutions Pvt Ltd (Casting),1.0,0.0,1.0,380.0,380.0
2025-08-28,UHCTPFGMGS08,3DE Technology Prototype Solutions Pvt Ltd (Casting),3.0,0.0,3.0,380.0,1140.0
2025-08-28,UHCTPFGMGS09,3DE Technology Prototype Solutions Pvt Ltd (Casting),4.0,0.0,4.0,380.0,1520.0
2025-08-28,UHCTPFGMGS10,3DE Technology Prototype Solutions Pvt Ltd (Casting),18.0,0.0,18.0,380.0,6840.0
2025-08-28,UHCTPFGMGS11,3DE Technology Prototype Solutions Pvt Ltd (Casting),1.0,0.0,1.0,380.0,380.0
2025-08-28,UHCTPFGMGS12,3DE Technology Prototype Solutions Pvt Ltd (Casting),1.0,0.0,1.0,380.0,380.0
2025-08-28,UHCTPFGMGS13,3DE Technology Prototype Solutions Pvt Ltd (Casting),7.0,0.0,7.0,380.0,2660.0
2025-08-28,UHCTPFGMGS14,3DE Technology Prototype Solutions Pvt Ltd (Casting),1.0,0.0,1.0,380.0,380.0
2025-08-28,UHCTPFGRTO08,3DE Technology Prototype Solutions Pvt Ltd (Casting),146.0,0.0,146.0,380.0,55480.0
2025-08-28,UHCTPFGRTO09,3DE Technology Prototype Solutions Pvt Ltd (Casting),214.0,0.0,214.0,380.0,81320.0
2025-08-28,UHCTPFGRTS05,3DE Technology Prototype Solutions Pvt Ltd (Casting),1.0,0.0,1.0,380.0,380.0
2025-08-28,UHCTPFGRTS06,3DE Technology Prototype Solutions Pvt Ltd (Casting),2.0,0.0,2.0,380.0,760.0
2025-08-28,UHCTPFGRTS08,3DE Technology Prototype Solutions Pvt Ltd (Casting),1.0,0.0,1.0,380.0,380.0
2025-08-28,UHCTPFGRTS11,3DE Technology Prototype Solutions Pvt Ltd (Casting),1.0,0.0,1.0,380.0,380.0
2025-08-28,UHPLASIZRS05,ZOEONE INDUSTRIES,2500.0,0.0,2500.0,3.5,8750.0
2025-08-28,UHPLASIZRS06,ZOEONE INDUSTRIES,2500.0,0.0,2500.0,3.5,8750.0
2025-08-28,UHPLASIZRS07,ZOEONE INDUSTRIES,2500.0,0.0,2500.0,3.5,8750.0
2025-08-28,UHPLASIZRS08,ZOEONE INDUSTRIES,2500.0,0.0,2500.0,3.5,8750.0
2025-08-28,UHPLASIZRS09,ZOEONE INDUSTRIES,2500.0,0.0,2500.0,3.5,8750.0
2025-08-28,UHPLASIZRS10,ZOEONE INDUSTRIES,2500.0,0.0,2500.0,3.5,8750.0
2025-08-28,UHPLASIZRS11,ZOEONE INDUSTRIES,2500.0,0.0,2500.0,3.5,8750.0
2025-08-28,UHPLASIZRS12,ZOEONE INDUSTRIES,2500.0,0.0,2500.0,3.5,8750.0
2025-08-28,UHPLASIZRS13,ZOEONE INDUSTRIES,2500.0,0.0,2500.0,3.5,8750.0
2025-08-28,UHPLASIZRS14,ZOEONE INDUSTRIES,2500.0,0.0,2500.0,3.5,8750.0
2025-08-28,UHRDCUTTER1,Aarthi Electronics,9.0,0.0,9.0,240.0,2160.0
2025-08-28,UHRDDURCELL,Aarthi Electronics,4.0,0.0,4.0,40.0,160.0
2025-08-28,UHRDEDGEL12,Amazon India PVT LTD,2.0,0.0,2.0,1540.31,3080.62
2025-08-28,UHRDSEAMESD,Amazon India PVT LTD,1.0,0.0,1.0,754.24,754.24
2025-08-28,UHRDTHREAD4,MACFOS PRIVATE LIMITED,1.0,0.0,1.0,99.15,99.15
2025-08-28,UHRDUNIBALL,Amazon India PVT LTD,20.0,0.0,20.0,118.64,2372.8
2025-08-28,UHRDVERNIER,Amazon India PVT LTD,1.0,0.0,1.0,2794.06,2794.06
2025-08-28,UHRING1.61PCBA,Zreyah Semiconductor Systems Pvt. Ltd.,1203.0,6.0,1197.0,300.0,359100.0
2025-08-28,UHSENSMLX36V,MILLENNIUM SEMICONDUCTORS INDIA PRIVATE LIMITED,45000.0,0.0,45000.0,246.32,11084400.0
2025-08-29,UH0.3BRUSHAG14,Oerlikon balzers coating india pvt ltd,50.0,0.0,50.0,1500.0,75000.0
2025-08-29,UHBOXTBTTRAY,"Bonito Packaging Co.,Ltd",10000.0,0.0,10000.0,32.41,324129.6
2025-08-29,UHBOXTOPTRAY,"Bonito Packaging Co.,Ltd",10000.0,0.0,10000.0,25.65,256492.8
2025-08-29,UHBRUSBCABLE,"HONGKONG PENGLIAN ELECTRONICS CO.,LIMITED",10000.0,0.0,10000.0,68.52,685152.0
2025-08-29,UHC2PCBAREV21,PODRAIN ELECTRONICS PRIVATE LIMITED,5000.0,0.0,5000.0,32.0,160000.0
2025-08-29,UHC2PCBAREV21,Zreyah Semiconductor Systems Pvt. Ltd.,1337.0,0.0,1337.0,40.0,53480.0
2025-08-29,UHC3PAINBASES08,Aaru Plastics,500.0,0.0,500.0,0.0,0.0
2025-08-29,UHC3PAINBASES09,Aaru Plastics,500.0,0.0,500.0,0.0,0.0
2025-08-29,UHC3PAINBASES10,Aaru Plastics,350.0,0.0,350.0,0.0,0.0
2025-08-29,UHCH2COHOS09,3DE Technology Prototype Solutions Pvt Ltd (Regular Purchase),500.0,0.0,500.0,32.0,16000.0
2025-08-29,UHCHA2BASS08,Aaru Plastics,1000.0,0.0,1000.0,235.0,235000.0
2025-08-29,UHCHA2BASS12,Aaru Plastics,2000.0,0.0,2000.0,235.0,470000.0
2025-08-29,UHCHARTOPS08,Aaru Plastics,4000.0,0.0,4000.0,34.0,136000.0
2025-08-29,UHCTPFGAAS11,3DE Technology Prototype Solutions Pvt Ltd (Casting),25.0,0.0,25.0,190.0,4750.0
2025-08-29,UHCTPFGAAS12,3DE Technology Prototype Solutions Pvt Ltd (Casting),16.0,0.0,16.0,380.0,6080.0
2025-08-29,UHCTPFGAAS14,3DE Technology Prototype Solutions Pvt Ltd (Casting),4.0,0.0,4.0,380.0,1520.0
2025-08-29,UHCTPFGAGO07,3DE Technology Prototype Solutions Pvt Ltd (Casting),14.0,0.0,14.0,380.0,5320.0
2025-08-29,UHCTPFGAGO07-T1.62,3DE Technology Prototype Solutions Pvt Ltd (Casting),27.0,0.0,27.0,380.0,10260.0
2025-08-29,UHCTPFGAGO08,3DE Technology Prototype Solutions Pvt Ltd (Casting),7.0,0.0,7.0,380.0,2660.0
2025-08-29,UHCTPFGAGO08-T1.62,3DE Technology Prototype Solutions Pvt Ltd (Casting),84.0,0.0,84.0,380.0,31920.0
2025-08-29,UHCTPFGAGO09,3DE Technology Prototype Solutions Pvt Ltd (Casting),372.0,0.0,372.0,380.0,141360.0
2025-08-29,UHCTPFGAGO10,3DE Technology Prototype Solutions Pvt Ltd (Casting),325.0,0.0,325.0,380.0,123500.0
2025-08-29,UHCTPFGASO06,3DE Technology Prototype Solutions Pvt Ltd (Casting),27.0,0.0,27.0,380.0,10260.0
2025-08-29,UHCTPFGASO06-T1.62,3DE Technology Prototype Solutions Pvt Ltd (Casting),2.0,0.0,2.0,380.0,760.0
2025-08-29,UHCTPFGASO09,3DE Technology Prototype Solutions Pvt Ltd (Casting),34.0,0.0,34.0,380.0,12920.0
2025-08-29,UHCTPFGASO09-T1.62,3DE Technology Prototype Solutions Pvt Ltd (Casting),31.0,0.0,31.0,380.0,11780.0
2025-08-29,UHCTPFGASS11-T1.62,3DE Technology Prototype Solutions Pvt Ltd (Casting),12.0,0.0,12.0,380.0,4560.0
2025-08-29,UHCTPFGASS14,3DE Technology Prototype Solutions Pvt Ltd (Casting),1.0,0.0,1.0,380.0,380.0
2025-08-29,UHCTPFGBRGO10,3DE Technology Prototype Solutions Pvt Ltd (Casting),1.0,0.0,1.0,380.0,380.0
2025-08-29,UHCTPFGBRGO12-T1.62,3DE Technology Prototype Solutions Pvt Ltd (Casting),4.0,0.0,4.0,380.0,1520.0
2025-08-29,UHCTPFGBRGO13-T1.62,3DE Technology Prototype Solutions Pvt Ltd (Casting),2.0,0.0,2.0,380.0,760.0
2025-08-29,UHCTPFGMGO10-T1.62,3DE Technology Prototype Solutions Pvt Ltd (Casting),97.0,0.0,97.0,380.0,36860.0
2025-08-29,UHCTPFGMGO11-T1.62,3DE Technology Prototype Solutions Pvt Ltd (Casting),20.0,0.0,20.0,380.0,7600.0
2025-08-29,UHCTPFGMGO12-T1.62,3DE Technology Prototype Solutions Pvt Ltd (Casting),1.0,0.0,1.0,380.0,380.0
2025-08-29,UHCTPFGMGS10,3DE Technology Prototype Solutions Pvt Ltd (Casting),10.0,0.0,10.0,380.0,3800.0
2025-08-29,UHCTPFGMGS13-T1.62,3DE Technology Prototype Solutions Pvt Ltd (Casting),10.0,0.0,10.0,380.0,3800.0
2025-08-29,UHCTPFGRTO08,3DE Technology Prototype Solutions Pvt Ltd (Casting),42.0,0.0,42.0,380.0,15960.0
2025-08-29,UHCTPFGRTO09,3DE Technology Prototype Solutions Pvt Ltd (Casting),105.0,0.0,105.0,380.0,39900.0
2025-08-29,UHCTPFGRTO10,3DE Technology Prototype Solutions Pvt Ltd (Casting),258.0,0.0,258.0,380.0,98040.0
2025-08-29,UHRD20AWGKT,Amazon India PVT LTD,1.0,0.0,1.0,3005.03,3005.03
2025-08-29,UHRING1.61PCBA,Zreyah Semiconductor Systems Pvt. Ltd.,912.0,0.0,912.0,300.0,273600.0
2025-08-29,UHRING1.6PCBA,SVTRONICS India Private Limited,2160.0,0.0,2160.0,140.0,302400.0
2025-08-29,UHSWATCHAA,Mudra innovation,5000.0,195.0,4805.0,12.2,58621.0
2025-08-29,UHSWATCHAG,Mudra innovation,5000.0,336.0,4664.0,12.2,56900.8
2025-08-29,UHSWATCHAS,Mudra innovation,5000.0,70.0,4930.0,12.2,60146.0
2025-08-29,UHSWATCHMG,Mudra innovation,5000.0,112.0,4888.0,12.2,59633.6
2025-08-29,UHSWATCHRT,Mudra innovation,5000.0,175.0,4825.0,12.2,58865.0
2025-08-30,UH0.2MIRROR05,HANAV MANUFACTURING AND BUSINESS PRIVATE LIMITED,24.0,0.0,24.0,530.0,12720.0
2025-08-30,UH0.2MIRROR07,HANAV MANUFACTURING AND BUSINESS PRIVATE LIMITED,5.0,0.0,5.0,530.0,2650.0
2025-08-30,UH0.2MIRROR08,HANAV MANUFACTURING AND BUSINESS PRIVATE LIMITED,7.0,0.0,7.0,530.0,3710.0
2025-08-30,UH0.2MIRROR09,HANAV MANUFACTURING AND BUSINESS PRIVATE LIMITED,1.0,0.0,1.0,530.0,530.0
2025-08-30,UH0.2MIRROR10,HANAV MANUFACTURING AND BUSINESS PRIVATE LIMITED,10.0,0.0,10.0,530.0,5300.0
2025-08-30,UH0.2MIRROR12,HANAV MANUFACTURING AND BUSINESS PRIVATE LIMITED,1.0,0.0,1.0,530.0,530.0
2025-08-30,UHC2TRCL72UH,WITGAIN TECHNOLOGY LIMITED,72000.0,0.0,72000.0,43.92,3162240.0
2025-08-30,UHCH2COHOS08,3DE Technology Prototype Solutions Pvt Ltd (Regular Purchase),500.0,0.0,500.0,32.0,16000.0
2025-08-30,UHCH2COHOS09,3DE Technology Prototype Solutions Pvt Ltd (Regular Purchase),500.0,0.0,500.0,32.0,16000.0
2025-08-30,UHCHARTOPS09,Aaru Plastics,1000.0,0.0,1000.0,34.0,34000.0
2025-08-30,UHFSJW5.6M7M,Suprabha ColorGrafix Private Limited,151200.0,0.0,151200.0,0.01,1800.79
2025-08-30,UHRING1.61PCBA,Zreyah Semiconductor Systems Pvt. Ltd.,1070.0,0.0,1070.0,300.0,321000.0
2025-08-30,UHSTZIPLOCK5X7,Reliable office supplies,17600.0,0.0,17600.0,3.3,58080.0
2025-08-30,UHSWATCHBRG,Mudra innovation,12000.0,440.0,11560.0,18.0,208080.0
2025-08-30,UHTIJWAABS05,CP Global Solution Technologies,757.0,0.0,757.0,250.0,189250.0
2025-08-30,UHTIJWAABS08,CP Global Solution Technologies,434.0,0.0,434.0,250.0,108500.0
2025-08-30,UHTIJWAABS10,CP Global Solution Technologies,108.0,0.0,108.0,250.0,27000.0
2025-08-30,UHTIJWAABS11,CP Global Solution Technologies,1185.0,0.0,1185.0,250.0,296250.0
2025-08-30,UHTIJWAABS13,CP Global Solution Technologies,109.0,0.0,109.0,250.0,27250.0
2025-09-01,UH0.2MIRROR05,HANAV MANUFACTURING AND BUSINESS PRIVATE LIMITED,10.0,0.0,10.0,530.0,5300.0
2025-09-01,UH0.2MIRROR07,HANAV MANUFACTURING AND BUSINESS PRIVATE LIMITED,3.0,0.0,3.0,530.0,1590.0
2025-09-01,UH0.2MIRROR08,HANAV MANUFACTURING AND BUSINESS PRIVATE LIMITED,47.0,0.0,47.0,530.0,24910.0
2025-09-01,UH0.2MIRROR09,HANAV MANUFACTURING AND BUSINESS PRIVATE LIMITED,1.0,0.0,1.0,530.0,530.0
2025-09-01,UH0.2MIRROR10,HANAV MANUFACTURING AND BUSINESS PRIVATE LIMITED,15.0,0.0,15.0,530.0,7950.0
2025-09-01,UHC2PCBAREV21,Zreyah Semiconductor Systems Pvt. Ltd.,4200.0,0.0,4200.0,40.0,168000.0
2025-09-01,UHC2PCBREV21,"Shenzhen JDB Technology Co., Ltd.",8808.0,0.0,8808.0,16.23,142940.1
2025-09-01,UHCHARTOPS08,Aaru Plastics,1000.0,0.0,1000.0,34.0,34000.0
2025-09-01,UHCHARTOPS09,Aaru Plastics,1500.0,0.0,1500.0,34.0,51000.0
2025-09-01,UHCONSSURBLDE,Amazon India PVT LTD,15.0,0.0,15.0,245.76,3686.4
2025-09-01,UHCTPFGAAS11,3DE Technology Prototype Solutions Pvt Ltd (Casting),8.0,0.0,8.0,190.0,1520.0
2025-09-01,UHCTPFGAAS12,3DE Technology Prototype Solutions Pvt Ltd (Casting),4.0,0.0,4.0,380.0,1520.0
2025-09-01,UHCTPFGAAS14,3DE Technology Prototype Solutions Pvt Ltd (Casting),19.0,0.0,19.0,380.0,7220.0
2025-09-01,UHCTPFGAGO07,3DE Technology Prototype Solutions Pvt Ltd (Casting),5.0,0.0,5.0,380.0,1900.0
2025-09-01,UHCTPFGAGO07-T1.61,3DE Technology Prototype Solutions Pvt Ltd (Casting),360.0,0.0,360.0,380.0,136800.0
2025-09-01,UHCTPFGAGO07-T1.62,3DE Technology Prototype Solutions Pvt Ltd (Casting),8.0,0.0,8.0,380.0,3040.0
2025-09-01,UHCTPFGAGO08-T1.61,3DE Technology Prototype Solutions Pvt Ltd (Casting),228.0,0.0,228.0,380.0,86640.0
2025-09-01,UHCTPFGAGO08-T1.62,3DE Technology Prototype Solutions Pvt Ltd (Casting),54.0,0.0,54.0,380.0,20520.0
2025-09-01,UHCTPFGAGO09,3DE Technology Prototype Solutions Pvt Ltd (Casting),129.0,0.0,129.0,380.0,49020.0
2025-09-01,UHCTPFGAGO10,3DE Technology Prototype Solutions Pvt Ltd (Casting),150.0,0.0,150.0,380.0,57000.0
2025-09-01,UHCTPFGAGO10-T1.61,3DE Technology Prototype Solutions Pvt Ltd (Casting),94.0,0.0,94.0,380.0,35720.0
2025-09-01,UHCTPFGASO06,3DE Technology Prototype Solutions Pvt Ltd (Casting),194.0,0.0,194.0,380.0,73720.0
2025-09-01,UHCTPFGASO06-T1.62,3DE Technology Prototype Solutions Pvt Ltd (Casting),1.0,0.0,1.0,380.0,380.0
2025-09-01,UHCTPFGASO09,3DE Technology Prototype Solutions Pvt Ltd (Casting),57.0,0.0,57.0,380.0,21660.0
2025-09-01,UHCTPFGASO09-T1.62,3DE Technology Prototype Solutions Pvt Ltd (Casting),225.0,0.0,225.0,380.0,85500.0
2025-09-01,UHCTPFGASS11-T1.62,3DE Technology Prototype Solutions Pvt Ltd (Casting),5.0,0.0,5.0,380.0,1900.0
2025-09-01,UHCTPFGASS14,3DE Technology Prototype Solutions Pvt Ltd (Casting),11.0,0.0,11.0,380.0,4180.0
2025-09-01,UHCTPFGBRGO10,3DE Technology Prototype Solutions Pvt Ltd (Casting),34.0,0.0,34.0,380.0,12920.0
2025-09-01,UHCTPFGBRGO11,3DE Technology Prototype Solutions Pvt Ltd (Casting),52.0,0.0,52.0,380.0,19760.0
2025-09-01,UHCTPFGBRGO11-T1.62,3DE Technology Prototype Solutions Pvt Ltd (Casting),1.0,0.0,1.0,380.0,380.0
2025-09-01,UHCTPFGBRGO12-T1.62,3DE Technology Prototype Solutions Pvt Ltd (Casting),8.0,0.0,8.0,380.0,3040.0
2025-09-01,UHCTPFGBRGO14,3DE Technology Prototype Solutions Pvt Ltd (Casting),22.0,0.0,22.0,380.0,8360.0
2025-09-01,UHCTPFGMGO09,3DE Technology Prototype Solutions Pvt Ltd (Casting),106.0,0.0,106.0,380.0,40280.0
2025-09-01,UHCTPFGMGO10-T1.61,3DE Technology Prototype Solutions Pvt Ltd (Casting),191.0,0.0,191.0,380.0,72580.0
2025-09-01,UHCTPFGMGO10-T1.62,3DE Technology Prototype Solutions Pvt Ltd (Casting),26.0,0.0,26.0,380.0,9880.0
2025-09-01,UHCTPFGMGO11-T1.62,3DE Technology Prototype Solutions Pvt Ltd (Casting),2.0,0.0,2.0,380.0,760.0
2025-09-01,UHCTPFGMGO12-T1.62,3DE Technology Prototype Solutions Pvt Ltd (Casting),57.0,0.0,57.0,380.0,21660.0
2025-09-01,UHCTPFGMGS10,3DE Technology Prototype Solutions Pvt Ltd (Casting),2.0,0.0,2.0,380.0,760.0
2025-09-01,UHCTPFGMGS13-T1.62,3DE Technology Prototype Solutions Pvt Ltd (Casting),37.0,0.0,37.0,380.0,14060.0
2025-09-01,UHCTPFGRTO08,3DE Technology Prototype Solutions Pvt Ltd (Casting),9.0,0.0,9.0,380.0,3420.0
2025-09-01,UHCTPFGRTO08-T1.61,3DE Technology Prototype Solutions Pvt Ltd (Casting),102.0,0.0,102.0,380.0,38760.0
2025-09-01,UHCTPFGRTO09,3DE Technology Prototype Solutions Pvt Ltd (Casting),19.0,0.0,19.0,380.0,7220.0
2025-09-01,UHCTPFGRTO10,3DE Technology Prototype Solutions Pvt Ltd (Casting),446.0,0.0,446.0,380.0,169480.0
2025-09-01,UHHRDOODLVR,OODA INDUSTRIAL PRODUCTS,5000.0,0.0,5000.0,8.35,41750.0
2025-09-01,UHOODARESINBLK,OODA INDUSTRIAL PRODUCTS,10000.0,0.0,10000.0,9.82,98200.0
2025-09-01,UHRDCONFLY1,Aarthi Electronics,1.0,0.0,1.0,3380.0,3380.0
2025-09-01,UHRDF30MAGN,"Shenzhen Topmag Technology Co., Ltd.",100.0,0.0,100.0,87.84,8784.0
2025-09-01,UHRDMICROHD,Aarthi Electronics,100.0,0.0,100.0,145.0,14500.0
2025-09-01,UHRDT2855MA,"Shenzhen Topmag Technology Co., Ltd.",100.0,0.0,100.0,87.84,8784.0
2025-09-01,UHRDVARTECH,Amazon India PVT LTD,1.0,0.0,1.0,5889.84,5889.84
2025-09-01,UHTAPEDC10X8,Suprabha ColorGrafix Private Limited,100000.0,0.0,100000.0,0.3,30000.0
2025-09-02,UHC2PCBAREV21,Zreyah Semiconductor Systems Pvt. Ltd.,4207.0,0.0,4207.0,40.0,168280.0
2025-09-02,UHCH2COHOS09,3DE Technology Prototype Solutions Pvt Ltd (Regular Purchase),1000.0,0.0,1000.0,32.0,32000.0
2025-09-02,UHCH2COHOS10,3DE Technology Prototype Solutions Pvt Ltd (Regular Purchase),500.0,0.0,500.0,32.0,16000.0
2025-09-02,UHCHA2BASS11,HANAV MANUFACTURING AND BUSINESS PRIVATE LIMITED,1700.0,0.0,1700.0,250.0,425000.0
2025-09-02,UHCOTNGLOVE,MACFOS PRIVATE LIMITED,35.0,0.0,35.0,99.15,3470.25
2025-09-02,UHFERRTSHTUNCUT,"Shenzhen PH functional materials Co., Ltd.",500.0,0.0,500.0,822.18,411091.2
2025-09-02,UHRD01UFX7R,"Swift Electrocomp Solutions Pvt Ltd.,",1050.0,0.0,1050.0,0.78,819.0
2025-09-02,UHRD0225C1E,"Swift Electrocomp Solutions Pvt Ltd.,",5000.0,0.0,5000.0,5.84,29200.0
2025-09-02,UHRD20ATCSF,"Swift Electrocomp Solutions Pvt Ltd.,",3010.0,0.0,3010.0,0.99,2979.9
2025-09-02,UHRD499RSTR,"Swift Electrocomp Solutions Pvt Ltd.,",23250.0,0.0,23250.0,0.59,13717.5
2025-09-02,UHRDANTENA1,Aarthi Electronics,90.0,0.0,90.0,110.0,9900.0
2025-09-02,UHRDBLMTN1D,"Swift Electrocomp Solutions Pvt Ltd.,",9020.0,0.0,9020.0,3.56,32111.2
2025-09-02,UHRDBLUETUB,Aarthi Electronics,90.0,0.0,90.0,520.0,46800.0
2025-09-02,UHRDCCMC102,"Swift Electrocomp Solutions Pvt Ltd.,",5000.0,0.0,5000.0,38.66,193300.0
2025-09-02,UHRDERJ200X,"Swift Electrocomp Solutions Pvt Ltd.,",4010.0,0.0,4010.0,3.31,13273.1
2025-09-02,UHRDERJ343X,"Swift Electrocomp Solutions Pvt Ltd.,",4010.0,0.0,4010.0,0.69,2766.9
2025-09-02,UHRDGRM0B01,"Swift Electrocomp Solutions Pvt Ltd.,",5000.0,0.0,5000.0,0.79,3950.0
2025-09-02,UHRDMCTP500,"Swift Electrocomp Solutions Pvt Ltd.,",3500.0,0.0,3500.0,86.69,303415.0
2025-09-02,UHRDMICROHD,Aarthi Electronics,90.0,0.0,90.0,60.0,5400.0
2025-09-02,UHRDPJA3431,"Swift Electrocomp Solutions Pvt Ltd.,",3900.0,0.0,3900.0,5.76,22464.0
2025-09-02,UHRDSDCARD3,Aarthi Electronics,90.0,0.0,90.0,370.0,33300.0
2025-09-02,UHRDSHDWRE2,"Swift Electrocomp Solutions Pvt Ltd.,",3810.0,0.0,3810.0,9.43,35928.3
2025-09-02,UHRDSHRJMPR,Aarthi Electronics,90.0,0.0,90.0,0.5,45.0
2025-09-02,UHRDT7000BLK,Aarthi Electronics,2.0,0.0,2.0,100.0,200.0
2025-09-02,UHRDUNXCELL,Aarthi Electronics,5.0,0.0,5.0,70.0,350.0
2025-09-02,UHRDWE1010N,Amazon India PVT LTD,1.0,0.0,1.0,16934.75,16934.75
2025-09-02,UHRDXT30MLE,Aarthi Electronics,90.0,0.0,90.0,30.0,2700.0
2025-09-02,UHRINGPCBA,PODRAIN ELECTRONICS PRIVATE LIMITED,36.0,0.0,36.0,75.0,2700.0
2025-09-02,UHSTMICCABL,Aarthi Electronics,90.0,0.0,90.0,190.0,17100.0
2025-09-03,UHC2PCBAREV21,Zreyah Semiconductor Systems Pvt. Ltd.,2400.0,0.0,2400.0,40.0,96000.0
2025-09-03,UHC3LASERTOPS09,Aaru Plastics,1500.0,0.0,1500.0,28.0,42000.0
2025-09-03,UHCHA2BASS08,Aaru Plastics,2500.0,0.0,2500.0,235.0,587500.0
2025-09-03,UHCHA2BASS10,HANAV MANUFACTURING AND BUSINESS PRIVATE LIMITED,3000.0,0.0,3000.0,250.0,750000.0
2025-09-03,UHCHARTOPS09,Aaru Plastics,1000.0,0.0,1000.0,34.0,34000.0
2025-09-03,UHCTPFGAGO07-T1.61,3DE Technology Prototype Solutions Pvt Ltd (Casting),624.0,0.0,624.0,380.0,237120.0
2025-09-03,UHCTPFGAGO07-T1.62,3DE Technology Prototype Solutions Pvt Ltd (Casting),96.0,0.0,96.0,380.0,36480.0
2025-09-03,UHCTPFGAGO08,3DE Technology Prototype Solutions Pvt Ltd (Casting),95.0,0.0,95.0,380.0,36100.0
2025-09-03,UHCTPFGAGO08-T1.61,3DE Technology Prototype Solutions Pvt Ltd (Casting),280.0,0.0,280.0,380.0,106400.0
2025-09-03,UHCTPFGAGO08-T1.62,3DE Technology Prototype Solutions Pvt Ltd (Casting),1.0,0.0,1.0,380.0,380.0
2025-09-03,UHCTPFGAGO09,3DE Technology Prototype Solutions Pvt Ltd (Casting),4.0,0.0,4.0,380.0,1520.0
2025-09-03,UHCTPFGAGO10,3DE Technology Prototype Solutions Pvt Ltd (Casting),3.0,0.0,3.0,380.0,1140.0
2025-09-03,UHCTPFGAGO10-T1.61,3DE Technology Prototype Solutions Pvt Ltd (Casting),121.0,0.0,121.0,380.0,45980.0
2025-09-03,UHCTPFGASO06,3DE Technology Prototype Solutions Pvt Ltd (Casting),16.0,0.0,16.0,380.0,6080.0
2025-09-03,UHCTPFGASO09,3DE Technology Prototype Solutions Pvt Ltd (Casting),46.0,0.0,46.0,380.0,17480.0
2025-09-03,UHCTPFGASO09-T1.62,3DE Technology Prototype Solutions Pvt Ltd (Casting),17.0,0.0,17.0,380.0,6460.0
2025-09-03,UHCTPFGBRGO10,3DE Technology Prototype Solutions Pvt Ltd (Casting),1.0,0.0,1.0,380.0,380.0
2025-09-03,UHCTPFGBRGO11,3DE Technology Prototype Solutions Pvt Ltd (Casting),7.0,0.0,7.0,380.0,2660.0
2025-09-03,UHCTPFGBRGO14,3DE Technology Prototype Solutions Pvt Ltd (Casting),2.0,0.0,2.0,380.0,760.0
2025-09-03,UHCTPFGMGO09,3DE Technology Prototype Solutions Pvt Ltd (Casting),127.0,0.0,127.0,380.0,48260.0
2025-09-03,UHCTPFGMGO10-T1.61,3DE Technology Prototype Solutions Pvt Ltd (Casting),466.0,0.0,466.0,380.0,177080.0
2025-09-03,UHCTPFGMGO10-T1.62,3DE Technology Prototype Solutions Pvt Ltd (Casting),2.0,0.0,2.0,380.0,760.0
2025-09-03,UHCTPFGMGO11-T1.62,3DE Technology Prototype Solutions Pvt Ltd (Casting),1.0,0.0,1.0,380.0,380.0
2025-09-03,UHCTPFGMGO12-T1.62,3DE Technology Prototype Solutions Pvt Ltd (Casting),2.0,0.0,2.0,380.0,760.0
2025-09-03,UHCTPFGMGS13-T1.62,3DE Technology Prototype Solutions Pvt Ltd (Casting),1.0,0.0,1.0,380.0,380.0
2025-09-03,UHCTPFGRTO08-T1.61,3DE Technology Prototype Solutions Pvt Ltd (Casting),58.0,0.0,58.0,380.0,22040.0
2025-09-03,UHCTPFGRTO10,3DE Technology Prototype Solutions Pvt Ltd (Casting),16.0,0.0,16.0,380.0,6080.0
2025-09-03,UHRD01UFX7R,"Swift Electrocomp Solutions Pvt Ltd.,",350000.0,0.0,350000.0,0.35,122500.0
2025-09-03,UHRDGRM225D,"Swift Electrocomp Solutions Pvt Ltd.,",23000.0,0.0,23000.0,5.91,135930.0
2025-09-03,UHRDKNIFE12,METALRIPPER MANUFACTURING,45.0,0.0,45.0,500.0,22500.0
2025-09-03,UHRDLOCTIT2,Sellex Incorp,1.0,0.0,1.0,2900.0,2900.0
2025-09-03,UHRDPRCR162,Fast turn PCB,20267.0,245.0,20022.0,172.11,3446060.42
2025-09-03,UHRDSMD0201,"Swift Electrocomp Solutions Pvt Ltd.,",90000.0,0.0,90000.0,6.1,549000.0
2025-09-03,UHRDTOCHMNT,LEOXSYS NETWORKS PRIVATE LIMITED,75.0,0.0,75.0,10900.0,817500.0
2025-09-03,UHRW0.3RTS09,IILA INDUSTRIES (Regular Purchase),470.0,0.0,470.0,50.0,23500.0
2025-09-04,UH0.2MIRROR05,HANAV MANUFACTURING AND BUSINESS PRIVATE LIMITED,11.0,0.0,11.0,530.0,5830.0
2025-09-04,UH0.2MIRROR06,HANAV MANUFACTURING AND BUSINESS PRIVATE LIMITED,32.0,0.0,32.0,530.0,16960.0
2025-09-04,UH0.2MIRROR07,HANAV MANUFACTURING AND BUSINESS PRIVATE LIMITED,11.0,0.0,11.0,530.0,5830.0
2025-09-04,UH0.2MIRROR08,HANAV MANUFACTURING AND BUSINESS PRIVATE LIMITED,29.0,0.0,29.0,530.0,15370.0
2025-09-04,UH0.2MIRROR10,HANAV MANUFACTURING AND BUSINESS PRIVATE LIMITED,14.0,0.0,14.0,530.0,7420.0
2025-09-04,UH0.2MIRROR11,HANAV MANUFACTURING AND BUSINESS PRIVATE LIMITED,2.0,0.0,2.0,530.0,1060.0
2025-09-04,UH0.2MIRROR12,HANAV MANUFACTURING AND BUSINESS PRIVATE LIMITED,2.0,0.0,2.0,530.0,1060.0
2025-09-04,UHBOTTOMPADS,Radha labels and printers,88860.0,0.0,88860.0,4.95,439857.0
2025-09-04,UHCH2COHOS09,3DE Technology Prototype Solutions Pvt Ltd (Regular Purchase),700.0,0.0,700.0,32.0,22400.0
2025-09-04,UHCH2COHOS12,3DE Technology Prototype Solutions Pvt Ltd (Regular Purchase),500.0,0.0,500.0,32.0,16000.0
2025-09-04,UHCHA2BASS07,Aaru Plastics,2500.0,0.0,2500.0,235.0,587500.0
2025-09-04,UHCONSCLOTH,Hesh opto lab pvt ltd,200.0,0.0,200.0,120.0,24000.0
2025-09-04,UHCONSEMR2500,Bharath Hardware & Industrial Suppliers,500.0,0.0,500.0,40.0,20000.0
2025-09-04,UHCONSLAQUERPAT,Vijaya,30.0,0.0,30.0,145.0,4350.0
2025-09-04,UHCONSTAPE2TRNS,Reliable office supplies,200.0,0.0,200.0,24.0,4800.0
2025-09-04,UHCTPFGAGO07,3DE Technology Prototype Solutions Pvt Ltd (Casting),369.0,0.0,369.0,380.0,140220.0
2025-09-04,UHCTPFGAGO07-T1.61,3DE Technology Prototype Solutions Pvt Ltd (Casting),251.0,0.0,251.0,380.0,95380.0
2025-09-04,UHCTPFGAGO07-T1.62,3DE Technology Prototype Solutions Pvt Ltd (Casting),15.0,0.0,15.0,380.0,5700.0
2025-09-04,UHCTPFGAGO08,3DE Technology Prototype Solutions Pvt Ltd (Casting),373.0,0.0,373.0,380.0,141740.0
2025-09-04,UHCTPFGAGO08-T1.61,3DE Technology Prototype Solutions Pvt Ltd (Casting),95.0,0.0,95.0,380.0,36100.0
2025-09-04,UHCTPFGAGO08-T1.62,3DE Technology Prototype Solutions Pvt Ltd (Casting),1.0,0.0,1.0,380.0,380.0
2025-09-04,UHCTPFGAGO10,3DE Technology Prototype Solutions Pvt Ltd (Casting),63.0,0.0,63.0,380.0,23940.0
2025-09-04,UHCTPFGAGO10-T1.61,3DE Technology Prototype Solutions Pvt Ltd (Casting),20.0,0.0,20.0,380.0,7600.0
2025-09-04,UHCTPFGASO09,3DE Technology Prototype Solutions Pvt Ltd (Casting),113.0,0.0,113.0,380.0,42940.0
2025-09-04,UHCTPFGASO09-T1.62,3DE Technology Prototype Solutions Pvt Ltd (Casting),1.0,0.0,1.0,380.0,380.0
2025-09-04,UHCTPFGBRGO11,3DE Technology Prototype Solutions Pvt Ltd (Casting),1.0,0.0,1.0,380.0,380.0
2025-09-04,UHCTPFGMGO09,3DE Technology Prototype Solutions Pvt Ltd (Casting),5.0,0.0,5.0,380.0,1900.0
2025-09-04,UHCTPFGMGO10-T1.61,3DE Technology Prototype Solutions Pvt Ltd (Casting),39.0,0.0,39.0,380.0,14820.0
2025-09-04,UHCTPFGRTO08,3DE Technology Prototype Solutions Pvt Ltd (Casting),42.0,0.0,42.0,380.0,15960.0
2025-09-04,UHCTPFGRTO08-T1.61,3DE Technology Prototype Solutions Pvt Ltd (Casting),62.0,0.0,62.0,380.0,23560.0
2025-09-04,UHDUMRING-AA,MAKENICA PRIVATE LIMITED (Regular Purchase),414.0,0.0,414.0,395.0,163530.0
2025-09-04,UHDUMRING-AG,MAKENICA PRIVATE LIMITED (Regular Purchase),100.0,0.0,100.0,395.0,39500.0
2025-09-04,UHDUMRING-AS,MAKENICA PRIVATE LIMITED (Regular Purchase),100.0,0.0,100.0,395.0,39500.0
2025-09-04,UHDUMRING-BRG,MAKENICA PRIVATE LIMITED (Regular Purchase),125.0,0.0,125.0,395.0,49375.0
2025-09-04,UHDUMRING-MG,MAKENICA PRIVATE LIMITED (Regular Purchase),406.0,0.0,406.0,395.0,160370.0
2025-09-04,UHDUMRING-RT,MAKENICA PRIVATE LIMITED (Regular Purchase),245.0,0.0,245.0,395.0,96775.0
2025-09-04,UHPLASIZRS05,ZOEONE INDUSTRIES,2500.0,0.0,2500.0,3.5,8750.0
2025-09-04,UHPLASIZRS06,ZOEONE INDUSTRIES,2500.0,0.0,2500.0,3.5,8750.0
2025-09-04,UHPLASIZRS07,ZOEONE INDUSTRIES,2500.0,0.0,2500.0,3.5,8750.0
2025-09-04,UHPLASIZRS08,ZOEONE INDUSTRIES,2500.0,0.0,2500.0,3.5,8750.0
2025-09-04,UHPLASIZRS09,ZOEONE INDUSTRIES,2500.0,0.0,2500.0,3.5,8750.0
2025-09-04,UHPLASIZRS10,ZOEONE INDUSTRIES,2500.0,0.0,2500.0,3.5,8750.0
2025-09-04,UHPLASIZRS11,ZOEONE INDUSTRIES,2500.0,0.0,2500.0,3.5,8750.0
2025-09-04,UHPLASIZRS12,ZOEONE INDUSTRIES,2500.0,0.0,2500.0,3.5,8750.0
2025-09-04,UHPLASIZRS13,ZOEONE INDUSTRIES,2500.0,0.0,2500.0,3.5,8750.0
2025-09-04,UHPLASIZRS14,ZOEONE INDUSTRIES,2500.0,0.0,2500.0,3.5,8750.0
2025-09-04,UHRDGNRLTOP,"Swift Electrocomp Solutions Pvt Ltd.,",3810.0,0.0,3810.0,115.0,438150.0
2025-09-04,UHRDPSTFILM,NOA Labs (Shenzhen) Ltd.,20.0,0.0,20.0,17.57,351.36
2025-09-04,UHRDSILTRA2,Dabojin Silicone Product Manufactory,100.0,0.0,100.0,131.76,13176.0
2025-09-04,UHRDSILTRA3,Dabojin Silicone Product Manufactory,100.0,0.0,100.0,131.76,13176.0
2025-09-04,UHRING1.61PCBA,Zreyah Semiconductor Systems Pvt. Ltd.,991.0,0.0,991.0,300.0,297300.0
2025-09-04,UHRING1.6PCBA,SVTRONICS India Private Limited,1920.0,0.0,1920.0,140.0,268800.0
2025-09-04,UHSTBODMARK,Reliable office supplies,10.0,0.0,10.0,16.0,160.0
2025-09-04,UHSTCELLOPEN1,Reliable office supplies,100.0,0.0,100.0,7.0,700.0
2025-09-04,UHSTFLTFILE,Reliable office supplies,15.0,0.0,15.0,12.0,180.0
2025-09-04,UHSTNANFILE,Reliable office supplies,20.0,0.0,20.0,90.0,1800.0
2025-09-04,UHSTPERMARK,Reliable office supplies,25.0,0.0,25.0,15.0,375.0
2025-09-05,UH0.2MIRROR05,HANAV MANUFACTURING AND BUSINESS PRIVATE LIMITED,7.0,0.0,7.0,530.0,3710.0
2025-09-05,UH0.2MIRROR06,HANAV MANUFACTURING AND BUSINESS PRIVATE LIMITED,34.0,0.0,34.0,530.0,18020.0
2025-09-05,UH0.2MIRROR07,HANAV MANUFACTURING AND BUSINESS PRIVATE LIMITED,21.0,0.0,21.0,530.0,11130.0
2025-09-05,UH0.2MIRROR08,HANAV MANUFACTURING AND BUSINESS PRIVATE LIMITED,47.0,0.0,47.0,530.0,24910.0
2025-09-05,UH0.2MIRROR09,HANAV MANUFACTURING AND BUSINESS PRIVATE LIMITED,20.0,0.0,20.0,530.0,10600.0
2025-09-05,UH0.2MIRROR10,HANAV MANUFACTURING AND BUSINESS PRIVATE LIMITED,32.0,0.0,32.0,530.0,16960.0
2025-09-05,UH0.2MIRROR11,HANAV MANUFACTURING AND BUSINESS PRIVATE LIMITED,1.0,0.0,1.0,530.0,530.0
2025-09-05,UHBRUSBCABLE,"HONGKONG PENGLIAN ELECTRONICS CO.,LIMITED",20000.0,0.0,20000.0,68.52,1370304.0
2025-09-05,UHC2PCBAREV21,Zreyah Semiconductor Systems Pvt. Ltd.,2400.0,0.0,2400.0,40.0,96000.0
2025-09-05,UHC3BOTTPAD,"Shenzhen BZ Tape Co., Ltd.",30000.0,0.0,30000.0,5.27,158112.0
2025-09-05,UHCH2COHOS08,3DE Technology Prototype Solutions Pvt Ltd (Regular Purchase),300.0,0.0,300.0,32.0,9600.0
2025-09-05,UHCH2COHOS12,3DE Technology Prototype Solutions Pvt Ltd (Regular Purchase),1500.0,0.0,1500.0,32.0,48000.0
2025-09-05,UHCHA2BASS09,HANAV MANUFACTURING AND BUSINESS PRIVATE LIMITED,3000.0,0.0,3000.0,250.0,750000.0
2025-09-05,UHCHARTOPS07,Aaru Plastics,850.0,0.0,850.0,34.0,28900.0
2025-09-05,UHCHARTOPS11,Aaru Plastics,400.0,0.0,400.0,34.0,13600.0
2025-09-05,UHCHARTOPS12,Aaru Plastics,600.0,0.0,600.0,34.0,20400.0
2025-09-05,UHRDORING16,O-RING STORE LLC (THE),150.0,0.0,150.0,6.15,922.32
2025-09-05,UHRW0.2BBS06,IILA INDUSTRIES (Regular Purchase),4.0,0.0,4.0,50.0,200.0
2025-09-05,UHRW0.2BBS07,IILA INDUSTRIES (Regular Purchase),987.0,0.0,987.0,50.0,49350.0
2025-09-05,UHRW0.2BBS08,IILA INDUSTRIES (Regular Purchase),17.0,0.0,17.0,50.0,850.0
2025-09-05,UHRW0.2BBS09,IILA INDUSTRIES (Regular Purchase),898.0,0.0,898.0,50.0,44900.0
2025-09-05,UHRW0.2BBS10,IILA INDUSTRIES (Regular Purchase),4.0,0.0,4.0,50.0,200.0
2025-09-05,UHRW0.3BBS09,IILA INDUSTRIES (Regular Purchase),90.0,0.0,90.0,50.0,4500.0
2025-09-06,UH0.2MIRROR05,HANAV MANUFACTURING AND BUSINESS PRIVATE LIMITED,1.0,0.0,1.0,530.0,530.0
2025-09-06,UH0.2MIRROR06,HANAV MANUFACTURING AND BUSINESS PRIVATE LIMITED,1.0,0.0,1.0,530.0,530.0
2025-09-06,UH0.2MIRROR07,HANAV MANUFACTURING AND BUSINESS PRIVATE LIMITED,7.0,0.0,7.0,530.0,3710.0
2025-09-06,UH0.2MIRROR08,HANAV MANUFACTURING AND BUSINESS PRIVATE LIMITED,19.0,0.0,19.0,530.0,10070.0
2025-09-06,UH0.2MIRROR09,HANAV MANUFACTURING AND BUSINESS PRIVATE LIMITED,27.0,0.0,27.0,530.0,14310.0
2025-09-06,UH0.2MIRROR10,HANAV MANUFACTURING AND BUSINESS PRIVATE LIMITED,24.0,0.0,24.0,530.0,12720.0
2025-09-06,UH0.2MIRROR12,HANAV MANUFACTURING AND BUSINESS PRIVATE LIMITED,1.0,0.0,1.0,530.0,530.0
2025-09-06,UHBOXTBTTRAY,"Bonito Packaging Co.,Ltd",10000.0,0.0,10000.0,32.41,324129.6
2025-09-06,UHBOXTOPTRAY,"Bonito Packaging Co.,Ltd",10000.0,0.0,10000.0,25.65,256492.8
2025-09-06,UHCHA2BASS06,Aaru Plastics,2000.0,0.0,2000.0,235.0,470000.0
2025-09-06,UHCHA2BASS07,Aaru Plastics,500.0,0.0,500.0,235.0,117500.0
2025-09-06,UHCTPFGAAS14,3DE Technology Prototype Solutions Pvt Ltd (Casting),1.0,0.0,1.0,380.0,380.0
2025-09-06,UHCTPFGAGO07,3DE Technology Prototype Solutions Pvt Ltd (Casting),173.0,0.0,173.0,380.0,65740.0
2025-09-06,UHCTPFGAGO07-T1.61,3DE Technology Prototype Solutions Pvt Ltd (Casting),65.0,0.0,65.0,380.0,24700.0
2025-09-06,UHCTPFGAGO07-T1.62,3DE Technology Prototype Solutions Pvt Ltd (Casting),2.0,0.0,2.0,380.0,760.0
2025-09-06,UHCTPFGAGO08,3DE Technology Prototype Solutions Pvt Ltd (Casting),373.0,0.0,373.0,380.0,141740.0
2025-09-06,UHCTPFGAGO08-T1.61,3DE Technology Prototype Solutions Pvt Ltd (Casting),208.0,0.0,208.0,380.0,79040.0
2025-09-06,UHCTPFGAGO10,3DE Technology Prototype Solutions Pvt Ltd (Casting),146.0,0.0,146.0,380.0,55480.0
2025-09-06,UHCTPFGAGO10-T1.61,3DE Technology Prototype Solutions Pvt Ltd (Casting),5.0,0.0,5.0,380.0,1900.0
2025-09-06,UHCTPFGASO06,3DE Technology Prototype Solutions Pvt Ltd (Casting),1.0,0.0,1.0,380.0,380.0
2025-09-06,UHCTPFGASO07-T1.61,3DE Technology Prototype Solutions Pvt Ltd (Casting),61.0,0.0,61.0,380.0,23180.0
2025-09-06,UHCTPFGASO09,3DE Technology Prototype Solutions Pvt Ltd (Casting),77.0,0.0,77.0,380.0,29260.0
2025-09-06,UHCTPFGBRGO13,3DE Technology Prototype Solutions Pvt Ltd (Casting),22.0,0.0,22.0,380.0,8360.0
2025-09-06,UHCTPFGMGO09,3DE Technology Prototype Solutions Pvt Ltd (Casting),1.0,0.0,1.0,380.0,380.0
2025-09-06,UHCTPFGMGO10-T1.61,3DE Technology Prototype Solutions Pvt Ltd (Casting),66.0,0.0,66.0,380.0,25080.0
2025-09-06,UHCTPFGRTO08,3DE Technology Prototype Solutions Pvt Ltd (Casting),149.0,0.0,149.0,380.0,56620.0
2025-09-06,UHCTPFGRTO08-T1.61,3DE Technology Prototype Solutions Pvt Ltd (Casting),26.0,0.0,26.0,380.0,9880.0
2025-09-06,UHCTPFGRTO09,3DE Technology Prototype Solutions Pvt Ltd (Casting),159.0,0.0,159.0,380.0,60420.0
2025-09-06,UHDUMRING-AS,MAKENICA PRIVATE LIMITED (Regular Purchase),200.0,0.0,200.0,395.0,79000.0
2025-09-06,UHDUMRING-RT,MAKENICA PRIVATE LIMITED (Regular Purchase),30.0,0.0,30.0,395.0,11850.0
2025-09-06,UHPRINTBATPCB,Suprabha ColorGrafix Private Limited,12500.0,0.0,12500.0,1.0,12500.0
2025-09-06,UHRDTAPEYZR,Aarthi Electronics,80.0,0.0,80.0,105.0,8400.0
2025-09-06,UHRDTWERPRO,Amazon India PVT LTD,2.0,0.0,2.0,0.0,0.0
2025-09-06,UHRING1.6PCBA,SVTRONICS India Private Limited,1280.0,0.0,1280.0,140.0,179200.0
2025-09-06,UHRW0.3BBS07,IILA INDUSTRIES (Regular Purchase),2891.0,0.0,2891.0,50.0,144550.0
2025-09-06,UHRW0.3RTS08,IILA INDUSTRIES (Regular Purchase),500.0,0.0,500.0,50.0,25000.0
2025-09-06,UHRW0.3RTS09,IILA INDUSTRIES (Regular Purchase),351.0,0.0,351.0,50.0,17550.0
2025-09-07,UH0.2MIRROR06,HANAV MANUFACTURING AND BUSINESS PRIVATE LIMITED,1.0,0.0,1.0,530.0,530.0
2025-09-07,UH0.2MIRROR07,HANAV MANUFACTURING AND BUSINESS PRIVATE LIMITED,1.0,0.0,1.0,530.0,530.0
2025-09-07,UH0.2MIRROR08,HANAV MANUFACTURING AND BUSINESS PRIVATE LIMITED,6.0,0.0,6.0,530.0,3180.0
2025-09-07,UH0.2MIRROR09,HANAV MANUFACTURING AND BUSINESS PRIVATE LIMITED,15.0,0.0,15.0,530.0,7950.0
2025-09-07,UH0.2MIRROR10,HANAV MANUFACTURING AND BUSINESS PRIVATE LIMITED,25.0,0.0,25.0,530.0,13250.0
2025-09-07,UHC2PCBAREV21,Zreyah Semiconductor Systems Pvt. Ltd.,3600.0,0.0,3600.0,40.0,144000.0
2025-09-07,UHC2PCBREV21,"Shenzhen JDB Technology Co., Ltd.",36300.0,0.0,36300.0,18.89,685706.71
2025-09-07,UHC3LASERTOPS05,Aaru Plastics,600.0,100.0,500.0,28.0,14000.0
2025-09-07,UHC3LASERTOPS09,Aaru Plastics,1000.0,0.0,1000.0,28.0,28000.0
2025-09-07,UHC3LASERTOPS10,Aaru Plastics,1700.0,0.0,1700.0,28.0,47600.0
2025-09-07,UHC3LASERTOPS11,Aaru Plastics,2300.0,0.0,2300.0,28.0,64400.0
2025-09-07,UHC3LASERTOPS12,Aaru Plastics,600.0,0.0,600.0,28.0,16800.0
2025-09-07,UHCHA2BASS08,Aaru Plastics,2500.0,0.0,2500.0,235.0,587500.0
2025-09-07,UHCHA2BASS10,HANAV MANUFACTURING AND BUSINESS PRIVATE LIMITED,1008.0,0.0,1008.0,250.0,252000.0
2025-09-07,UHCHA2BASS11,HANAV MANUFACTURING AND BUSINESS PRIVATE LIMITED,804.0,0.0,804.0,250.0,201000.0
2025-09-07,UHCHARTOPS05,Aaru Plastics,400.0,0.0,400.0,34.0,13600.0
2025-09-07,UHCONSPOLPAD,MADRAS FELT,75.0,0.0,75.0,435.0,32625.0
2025-09-07,UHDUMRING-AG,MAKENICA PRIVATE LIMITED (Regular Purchase),99.0,0.0,99.0,395.0,39105.0
2025-09-07,UHDUMRING-AS,MAKENICA PRIVATE LIMITED (Regular Purchase),140.0,0.0,140.0,395.0,55300.0
2025-09-07,UHDUMRING-BRG,MAKENICA PRIVATE LIMITED (Regular Purchase),98.0,0.0,98.0,395.0,38710.0
2025-09-07,UHDUMRING-RT,MAKENICA PRIVATE LIMITED (Regular Purchase),128.0,0.0,128.0,395.0,50560.0
2025-09-07,UHPLASIZRS05,ZOEONE INDUSTRIES,2500.0,0.0,2500.0,3.5,8750.0
2025-09-07,UHPLASIZRS06,ZOEONE INDUSTRIES,2500.0,0.0,2500.0,3.5,8750.0
2025-09-07,UHPLASIZRS07,ZOEONE INDUSTRIES,2500.0,0.0,2500.0,3.5,8750.0
2025-09-07,UHPLASIZRS08,ZOEONE INDUSTRIES,2500.0,0.0,2500.0,3.5,8750.0
2025-09-07,UHPLASIZRS09,ZOEONE INDUSTRIES,2500.0,0.0,2500.0,3.5,8750.0
2025-09-07,UHPLASIZRS10,ZOEONE INDUSTRIES,2500.0,0.0,2500.0,3.5,8750.0
2025-09-07,UHPLASIZRS11,ZOEONE INDUSTRIES,2500.0,0.0,2500.0,3.5,8750.0
2025-09-07,UHPLASIZRS12,ZOEONE INDUSTRIES,2500.0,0.0,2500.0,3.5,8750.0
2025-09-07,UHPLASIZRS13,ZOEONE INDUSTRIES,2500.0,0.0,2500.0,3.5,8750.0
2025-09-07,UHPLASIZRS14,ZOEONE INDUSTRIES,2500.0,0.0,2500.0,3.5,8750.0
2025-09-07,UHRDRASB4RM,Aarthi Electronics,90.0,0.0,90.0,5400.0,486000.0
2025-09-07,UHRDRASBCOL,Aarthi Electronics,90.0,0.0,90.0,450.0,40500.0
2025-09-07,UHRING1.6PCBA,SVTRONICS India Private Limited,1279.0,0.0,1279.0,140.0,179060.0
2025-09-07,UHRW0.3RTS08,IILA INDUSTRIES (Regular Purchase),500.0,0.0,500.0,50.0,25000.0
2025-09-08,UH0.2AA06,CP Global Solution Technologies,935.0,0.0,935.0,250.0,233750.0
2025-09-08,UH0.2AA07,CP Global Solution Technologies,438.0,0.0,438.0,250.0,109500.0
2025-09-08,UH0.2AA08,CP Global Solution Technologies,709.0,0.0,709.0,250.0,177250.0
2025-09-08,UH0.2AA09,CP Global Solution Technologies,180.0,0.0,180.0,250.0,45000.0
2025-09-08,UHC3PAINBASES07,Aaru Plastics,500.0,0.0,500.0,0.0,0.0
2025-09-08,UHC3PAINBASES08,Aaru Plastics,1420.0,300.0,1120.0,0.0,0.0
2025-09-08,UHC3PAINBASES09,Aaru Plastics,456.0,0.0,456.0,0.0,0.0
2025-09-08,UHC3PAINBASES10,Aaru Plastics,1000.0,500.0,500.0,0.0,0.0
2025-09-08,UHC3PAINBASES11,Aaru Plastics,500.0,0.0,500.0,0.0,0.0
2025-09-08,UHCH2COHOS10,3DE Technology Prototype Solutions Pvt Ltd (Regular Purchase),1000.0,0.0,1000.0,32.0,32000.0
2025-09-08,UHCH2COHOS12,3DE Technology Prototype Solutions Pvt Ltd (Regular Purchase),1000.0,0.0,1000.0,32.0,32000.0
2025-09-08,UHCTPFGAAO10,3DE Technology Prototype Solutions Pvt Ltd (Casting),87.0,0.0,87.0,380.0,33060.0
2025-09-08,UHCTPFGAGO07,3DE Technology Prototype Solutions Pvt Ltd (Casting),51.0,0.0,51.0,380.0,19380.0
2025-09-08,UHCTPFGAGO07-T1.61,3DE Technology Prototype Solutions Pvt Ltd (Casting),20.0,0.0,20.0,380.0,7600.0
2025-09-08,UHCTPFGAGO07-T1.62,3DE Technology Prototype Solutions Pvt Ltd (Casting),7.0,0.0,7.0,380.0,2660.0
2025-09-08,UHCTPFGAGO08,3DE Technology Prototype Solutions Pvt Ltd (Casting),109.0,0.0,109.0,380.0,41420.0
2025-09-08,UHCTPFGAGO08-T1.61,3DE Technology Prototype Solutions Pvt Ltd (Casting),139.0,0.0,139.0,380.0,52820.0
2025-09-08,UHCTPFGAGO10,3DE Technology Prototype Solutions Pvt Ltd (Casting),27.0,0.0,27.0,380.0,10260.0
2025-09-08,UHCTPFGASO07-T1.61,3DE Technology Prototype Solutions Pvt Ltd (Casting),57.0,0.0,57.0,380.0,21660.0
2025-09-08,UHCTPFGASO08-T1.61,3DE Technology Prototype Solutions Pvt Ltd (Casting),206.0,0.0,206.0,380.0,78280.0
2025-09-08,UHCTPFGASO09,3DE Technology Prototype Solutions Pvt Ltd (Casting),8.0,0.0,8.0,380.0,3040.0
2025-09-08,UHCTPFGASO09-T1.61,3DE Technology Prototype Solutions Pvt Ltd (Casting),313.0,0.0,313.0,380.0,118940.0
2025-09-08,UHCTPFGBRGO13,3DE Technology Prototype Solutions Pvt Ltd (Casting),13.0,0.0,13.0,380.0,4940.0
2025-09-08,UHCTPFGMGO10-T1.61,3DE Technology Prototype Solutions Pvt Ltd (Casting),26.0,0.0,26.0,380.0,9880.0
2025-09-08,UHCTPFGRTO08,3DE Technology Prototype Solutions Pvt Ltd (Casting),46.0,0.0,46.0,380.0,17480.0
2025-09-08,UHCTPFGRTO08-T1.61,3DE Technology Prototype Solutions Pvt Ltd (Casting),104.0,0.0,104.0,380.0,39520.0
2025-09-08,UHCTPFGRTO09,3DE Technology Prototype Solutions Pvt Ltd (Casting),76.0,0.0,76.0,380.0,28880.0
2025-09-08,UHCTPFGRTO09-T1.61,3DE Technology Prototype Solutions Pvt Ltd (Casting),102.0,0.0,102.0,380.0,38760.0
2025-09-08,UHDUMSHELL-AA,CP Global Solution Technologies,398.0,0.0,398.0,250.0,99500.0
2025-09-08,UHHWSS1.8X6-H,"ZHONGSHAN HAOFAN HARDWARE CO., LTD",200000.0,0.0,200000.0,0.97,193248.0
2025-09-08,UHLROODALVR,OODA INDUSTRIAL PRODUCTS,17500.0,0.0,17500.0,8.35,146125.0
2025-09-08,UHRDHNMDPLT,METALRIPPER MANUFACTURING,2.0,0.0,2.0,6400.0,12800.0
2025-09-08,UHRSOODALVR,OODA INDUSTRIAL PRODUCTS,35000.0,0.0,35000.0,9.82,343735.0
2025-09-08,UHRW0.3BBS05,IILA INDUSTRIES (Regular Purchase),597.0,0.0,597.0,50.0,29850.0
2025-09-08,UHRW0.3BBS06,IILA INDUSTRIES (Regular Purchase),2263.0,0.0,2263.0,50.0,113150.0
2025-09-08,UHSWATCHAA,Mudra innovation,5000.0,75.0,4925.0,12.2,60085.0
2025-09-08,UHSWATCHAG,Mudra innovation,5000.0,34.0,4966.0,12.2,60585.2
2025-09-08,UHSWATCHAS,Mudra innovation,5000.0,21.0,4979.0,12.2,60743.8
2025-09-08,UHSWATCHBRG,Mudra innovation,5000.0,101.0,4899.0,18.0,88182.0
2025-09-08,UHSWATCHMG,Mudra innovation,5000.0,29.0,4971.0,12.2,60646.2
2025-09-08,UHSWATCHRT,Mudra innovation,5000.0,76.0,4924.0,12.2,60072.8
2025-09-09,UHARPR161PB,WITGAIN TECHNOLOGY LIMITED,4927.0,0.0,4927.0,48.31,238033.22
2025-09-09,UHC2PCBAREV21,Zreyah Semiconductor Systems Pvt. Ltd.,2324.0,0.0,2324.0,40.0,92960.0
2025-09-09,UHCHA2BASS08,Aaru Plastics,2000.0,0.0,2000.0,235.0,470000.0
2025-09-09,UHCHARTOPS07,Aaru Plastics,300.0,0.0,300.0,34.0,10200.0
2025-09-09,UHCHARTOPS08,Aaru Plastics,3700.0,0.0,3700.0,34.0,125800.0
2025-09-09,UHCHARTOPS09,Aaru Plastics,1500.0,0.0,1500.0,34.0,51000.0
2025-09-09,UHCHTOP2.5S11,Aaru Plastics,480.0,0.0,480.0,34.0,16320.0
2025-09-09,UHCTPFGAAO06,3DE Technology Prototype Solutions Pvt Ltd (Casting),36.0,0.0,36.0,380.0,13680.0
2025-09-09,UHCTPFGAAO10,3DE Technology Prototype Solutions Pvt Ltd (Casting),93.0,0.0,93.0,380.0,35340.0
2025-09-09,UHCTPFGAAO11,3DE Technology Prototype Solutions Pvt Ltd (Casting),36.0,0.0,36.0,380.0,13680.0
2025-09-09,UHCTPFGAAO12,3DE Technology Prototype Solutions Pvt Ltd (Casting),36.0,0.0,36.0,380.0,13680.0
2025-09-09,UHCTPFGAGO06,3DE Technology Prototype Solutions Pvt Ltd (Casting),180.0,0.0,180.0,380.0,68400.0
2025-09-09,UHCTPFGAGO07,3DE Technology Prototype Solutions Pvt Ltd (Casting),245.0,0.0,245.0,380.0,93100.0
2025-09-09,UHCTPFGAGO07-T1.61,3DE Technology Prototype Solutions Pvt Ltd (Casting),120.0,0.0,120.0,380.0,45600.0
2025-09-09,UHCTPFGAGO08,3DE Technology Prototype Solutions Pvt Ltd (Casting),10.0,0.0,10.0,380.0,3800.0
2025-09-09,UHCTPFGAGO08-T1.61,3DE Technology Prototype Solutions Pvt Ltd (Casting),9.0,0.0,9.0,380.0,3420.0
2025-09-09,UHCTPFGAGO10,3DE Technology Prototype Solutions Pvt Ltd (Casting),4.0,0.0,4.0,380.0,1520.0
2025-09-09,UHCTPFGASO07-T1.61,3DE Technology Prototype Solutions Pvt Ltd (Casting),2.0,0.0,2.0,380.0,760.0
2025-09-09,UHCTPFGASO08-T1.61,3DE Technology Prototype Solutions Pvt Ltd (Casting),34.0,0.0,34.0,380.0,12920.0
2025-09-09,UHCTPFGASO09,3DE Technology Prototype Solutions Pvt Ltd (Casting),1.0,0.0,1.0,380.0,380.0
2025-09-09,UHCTPFGASO09-T1.61,3DE Technology Prototype Solutions Pvt Ltd (Casting),47.0,0.0,47.0,380.0,17860.0
2025-09-09,UHCTPFGBRGO05,3DE Technology Prototype Solutions Pvt Ltd (Casting),36.0,0.0,36.0,380.0,13680.0
2025-09-09,UHCTPFGBRGO10,3DE Technology Prototype Solutions Pvt Ltd (Casting),180.0,0.0,180.0,380.0,68400.0
2025-09-09,UHCTPFGBRGO11,3DE Technology Prototype Solutions Pvt Ltd (Casting),60.0,0.0,60.0,380.0,22800.0
2025-09-09,UHCTPFGBRGO13,3DE Technology Prototype Solutions Pvt Ltd (Casting),1.0,0.0,1.0,380.0,380.0
2025-09-09,UHCTPFGBRGO14,3DE Technology Prototype Solutions Pvt Ltd (Casting),12.0,0.0,12.0,380.0,4560.0
2025-09-09,UHCTPFGMGO10-T1.61,3DE Technology Prototype Solutions Pvt Ltd (Casting),1.0,0.0,1.0,380.0,380.0
2025-09-09,UHCTPFGMGO11-T1.61,3DE Technology Prototype Solutions Pvt Ltd (Casting),180.0,0.0,180.0,380.0,68400.0
2025-09-09,UHCTPFGMGO12-T1.61,3DE Technology Prototype Solutions Pvt Ltd (Casting),180.0,0.0,180.0,380.0,68400.0
2025-09-09,UHCTPFGMGO13-T1.61,3DE Technology Prototype Solutions Pvt Ltd (Casting),24.0,0.0,24.0,380.0,9120.0
2025-09-09,UHCTPFGRTO08,3DE Technology Prototype Solutions Pvt Ltd (Casting),3.0,0.0,3.0,380.0,1140.0
2025-09-09,UHCTPFGRTO08-T1.61,3DE Technology Prototype Solutions Pvt Ltd (Casting),7.0,0.0,7.0,380.0,2660.0
2025-09-09,UHCTPFGRTO09,3DE Technology Prototype Solutions Pvt Ltd (Casting),5.0,0.0,5.0,380.0,1900.0
2025-09-09,UHCTPFGRTO09-T1.61,3DE Technology Prototype Solutions Pvt Ltd (Casting),18.0,0.0,18.0,380.0,6840.0
2025-09-09,UHCTPFGRTO11-T1.61,3DE Technology Prototype Solutions Pvt Ltd (Casting),120.0,0.0,120.0,380.0,45600.0
2025-09-09,UHFQCAUTMAC,METALRIPPER MANUFACTURING,2.0,0.0,2.0,20700.0,41400.0
2025-09-09,UHRD01X7S26,MOUSER ELECTRONIC,3000.0,0.0,3000.0,0.7,2108.16
2025-09-09,UHRD13330KL,MOUSER ELECTRONIC,10000.0,0.0,10000.0,0.26,2635.2
2025-09-09,UHRDGNF103C,MOUSER ELECTRONIC,10000.0,0.0,10000.0,0.61,6148.8
2025-09-09,UHRDGNF62RC,MOUSER ELECTRONIC,10000.0,0.0,10000.0,0.53,5270.4
2025-09-09,UHRDJR071ML,MOUSER ELECTRONIC,10000.0,0.0,10000.0,0.18,1756.8
2025-09-09,UHRDKEMET2A,"Swift Electrocomp Solutions Pvt Ltd.,",4279.0,0.0,4279.0,202.35,865855.65
2025-09-09,UHRDMAX2035,Macnica Cytech Pte Ltd,3800.0,0.0,3800.0,336.08,1277088.19
2025-09-09,UHRDOTOLSOP,"Swift Electrocomp Solutions Pvt Ltd.,",5020.0,0.0,5020.0,18.2,91364.0
2025-09-09,UHRDRINGP32,Fast turn PCB,2520.0,0.0,2520.0,407.23,1026216.77
2025-09-09,UHRDSCHOFIC,Amazon India PVT LTD,1.0,0.0,1.0,256.78,256.78
2025-09-09,UHRDSIT32KC,"Swift Electrocomp Solutions Pvt Ltd.,",6000.0,0.0,6000.0,125.64,753840.0
2025-09-09,UHRDSMD0201,"Swift Electrocomp Solutions Pvt Ltd.,",300000.0,0.0,300000.0,6.1,1830000.0
2025-09-09,UHRDTPS7A03,MOUSER ELECTRONIC,5000.0,0.0,5000.0,18.89,94428.0
2025-09-09,UHRING1.62PCBA,Zreyah Semiconductor Systems Pvt. Ltd.,4800.0,0.0,4800.0,140.0,672000.0
2025-09-09,UHRW0.2BBS07,IILA INDUSTRIES (Regular Purchase),1372.0,0.0,1372.0,100.0,137200.0
2025-09-09,UHSTZIPLOCK3X4,Reliable office supplies,50000.0,0.0,50000.0,0.3,15000.0
2025-09-10,UHC2PCBAREV21,Zreyah Semiconductor Systems Pvt. Ltd.,300.0,0.0,300.0,40.0,12000.0
2025-09-10,UHC3LASERTOPS09,Aaru Plastics,800.0,0.0,800.0,28.0,22400.0
2025-09-10,UHC3LASERTOPS10,Aaru Plastics,1400.0,0.0,1400.0,28.0,39200.0
2025-09-10,UHC3LASERTOPS11,Aaru Plastics,900.0,0.0,900.0,28.0,25200.0
2025-09-10,UHC3PAINBASES07,Aaru Plastics,2300.0,0.0,2300.0,0.0,0.0
2025-09-10,UHC3PAINBASES08,Aaru Plastics,1500.0,0.0,1500.0,0.0,0.0
2025-09-10,UHC3PAINBASES09,Aaru Plastics,500.0,0.0,500.0,0.0,0.0
2025-09-10,UHC3PAINBASES10,Aaru Plastics,350.0,0.0,350.0,0.0,0.0
2025-09-10,UHCH2COHOS13,3DE Technology Prototype Solutions Pvt Ltd (Regular Purchase),500.0,0.0,500.0,32.0,16000.0
2025-09-10,UHCHTOP2.5S11,Aaru Plastics,400.0,0.0,400.0,34.0,13600.0
2025-09-10,UHCONSLAQUERPAT,Vijaya,16.0,0.0,16.0,145.0,2320.0
2025-09-10,UHCTPFGAAO06,3DE Technology Prototype Solutions Pvt Ltd (Casting),24.0,0.0,24.0,380.0,9120.0
2025-09-10,UHCTPFGAAO08,3DE Technology Prototype Solutions Pvt Ltd (Casting),51.0,0.0,51.0,380.0,19380.0
2025-09-10,UHCTPFGAAO10,3DE Technology Prototype Solutions Pvt Ltd (Casting),19.0,0.0,19.0,380.0,7220.0
2025-09-10,UHCTPFGAAO11,3DE Technology Prototype Solutions Pvt Ltd (Casting),54.0,0.0,54.0,380.0,20520.0
2025-09-10,UHCTPFGAAO13,3DE Technology Prototype Solutions Pvt Ltd (Casting),23.0,0.0,23.0,380.0,8740.0
2025-09-10,UHCTPFGAAS11,3DE Technology Prototype Solutions Pvt Ltd (Casting),24.0,0.0,24.0,190.0,4560.0
2025-09-10,UHCTPFGAGO06,3DE Technology Prototype Solutions Pvt Ltd (Casting),82.0,0.0,82.0,380.0,31160.0
2025-09-10,UHCTPFGAGO07,3DE Technology Prototype Solutions Pvt Ltd (Casting),9.0,0.0,9.0,380.0,3420.0
2025-09-10,UHCTPFGAGO07-T1.61,3DE Technology Prototype Solutions Pvt Ltd (Casting),22.0,0.0,22.0,380.0,8360.0
2025-09-10,UHCTPFGAGO08,3DE Technology Prototype Solutions Pvt Ltd (Casting),203.0,0.0,203.0,380.0,77140.0
2025-09-10,UHCTPFGAGO08-T1.61,3DE Technology Prototype Solutions Pvt Ltd (Casting),30.0,0.0,30.0,380.0,11400.0
2025-09-10,UHCTPFGBRGO05,3DE Technology Prototype Solutions Pvt Ltd (Casting),20.0,0.0,20.0,380.0,7600.0
2025-09-10,UHCTPFGBRGO10,3DE Technology Prototype Solutions Pvt Ltd (Casting),22.0,0.0,22.0,380.0,8360.0
2025-09-10,UHCTPFGBRGO11,3DE Technology Prototype Solutions Pvt Ltd (Casting),41.0,0.0,41.0,380.0,15580.0
2025-09-10,UHCTPFGBRGO14,3DE Technology Prototype Solutions Pvt Ltd (Casting),19.0,0.0,19.0,380.0,7220.0
2025-09-10,UHCTPFGMGO08,3DE Technology Prototype Solutions Pvt Ltd (Casting),9.0,0.0,9.0,380.0,3420.0
2025-09-10,UHCTPFGMGO11-T1.61,3DE Technology Prototype Solutions Pvt Ltd (Casting),13.0,0.0,13.0,380.0,4940.0
2025-09-10,UHCTPFGMGO12-T1.61,3DE Technology Prototype Solutions Pvt Ltd (Casting),50.0,0.0,50.0,380.0,19000.0
2025-09-10,UHCTPFGRTO09,3DE Technology Prototype Solutions Pvt Ltd (Casting),36.0,0.0,36.0,380.0,13680.0
2025-09-10,UHCTPFGRTO09-T1.62,3DE Technology Prototype Solutions Pvt Ltd (Casting),6.0,0.0,6.0,380.0,2280.0
2025-09-10,UHCTPFGRTO10,3DE Technology Prototype Solutions Pvt Ltd (Casting),180.0,0.0,180.0,380.0,68400.0
2025-09-10,UHCTPFGRTS09,3DE Technology Prototype Solutions Pvt Ltd (Casting),96.0,0.0,96.0,190.0,18240.0
2025-09-10,UHCTPFGRTS09(RW),3DE Technology Prototype Solutions Pvt Ltd (Casting),76.0,0.0,76.0,380.0,28880.0
2025-09-10,UHCTPFGRTS12,3DE Technology Prototype Solutions Pvt Ltd (Casting),138.0,0.0,138.0,380.0,52440.0
2025-09-10,UHCTPFGRTS13,3DE Technology Prototype Solutions Pvt Ltd (Casting),19.0,0.0,19.0,380.0,7220.0
2025-09-10,UHDUMRING-AA,MAKENICA PRIVATE LIMITED (Regular Purchase),8.0,0.0,8.0,395.0,3160.0
2025-09-10,UHDUMRING-AG,MAKENICA PRIVATE LIMITED (Regular Purchase),53.0,0.0,53.0,395.0,20935.0
2025-09-10,UHDUMRING-AS,MAKENICA PRIVATE LIMITED (Regular Purchase),15.0,0.0,15.0,395.0,5925.0
2025-09-10,UHDUMRING-BRG,MAKENICA PRIVATE LIMITED (Regular Purchase),86.0,0.0,86.0,395.0,33970.0
2025-09-10,UHDUMRING-MG,MAKENICA PRIVATE LIMITED (Regular Purchase),13.0,0.0,13.0,395.0,5135.0
2025-09-10,UHDUMRING-RT,MAKENICA PRIVATE LIMITED (Regular Purchase),20.0,0.0,20.0,395.0,7900.0
2025-09-10,UHPCBRXCOS10,WITGAIN TECHNOLOGY LIMITED,1000.0,0.0,1000.0,27.23,27230.4
2025-09-10,UHRD01X7S26,UNISEM ELECTRONICS PRIVATE LIMITED,74832.0,0.0,74832.0,0.56,41905.92
2025-09-10,UHRD2450AT1,UNISEM ELECTRONICS PRIVATE LIMITED,5000.0,0.0,5000.0,26.9,134500.0
2025-09-10,UHRD25VDCX8,UNISEM ELECTRONICS PRIVATE LIMITED,8620.0,0.0,8620.0,1.59,13705.8
2025-09-10,UHRD3N3BT20,UNISEM ELECTRONICS PRIVATE LIMITED,3000.0,0.0,3000.0,5.07,15210.0
2025-09-10,UHRD578ETST,MOUSER ELECTRONIC,2000.0,0.0,2000.0,6.85,13703.04
2025-09-10,UHRD66AUTVE,UNISEM ELECTRONICS PRIVATE LIMITED,3810.0,0.0,3810.0,0.74,2819.4
2025-09-10,UHRD8542241,"Mouser Electronics, Inc.",220.0,0.0,220.0,1176.18,258759.07
2025-09-10,UHRDAF0201F,"Mouser Electronics, Inc.",6000.0,0.0,6000.0,1.76,10540.8
2025-09-10,UHRDERJXGNY,UNISEM ELECTRONICS PRIVATE LIMITED,12745.0,0.0,12745.0,2.55,32499.75
2025-09-10,UHRDHAMMER1,Amazon India PVT LTD,2.0,0.0,2.0,235.6,471.2
2025-09-10,UHRDHMOUTER,Fabforma Technologies Private Limited,10.0,0.0,10.0,400.0,4000.0
2025-09-10,UHRDHOMECAB,Fabforma Technologies Private Limited,10.0,0.0,10.0,900.0,9000.0
2025-09-10,UHRDHOMEORD,Amazon India PVT LTD,2.0,0.0,2.0,143.22,286.44
2025-09-10,UHRDINDRF15,UNISEM ELECTRONICS PRIVATE LIMITED,2320.0,0.0,2320.0,4.86,11275.2
2025-09-10,UHRDLDLILED,"Swift Electrocomp Solutions Pvt Ltd.,",1000.0,0.0,1000.0,83.21,83210.0
2025-09-10,UHRDLOWRELY,MOUSER ELECTRONIC,100.0,0.0,100.0,145.81,14581.44
2025-09-10,UHRDMAX17SE,Macnica Cytech Pte Ltd,5000.0,0.0,5000.0,48.05,240242.4
2025-09-10,UHRDMLYRCIP,UNISEM ELECTRONICS PRIVATE LIMITED,9620.0,0.0,9620.0,9.45,90909.0
2025-09-10,UHRDMOLDNOZ,Fabforma Technologies Private Limited,100.0,0.0,100.0,60.0,6000.0
2025-09-10,UHRDNCP15XH,UNISEM ELECTRONICS PRIVATE LIMITED,9020.0,0.0,9020.0,5.03,45370.6
2025-09-10,UHRDOTOLSOP,"Swift Electrocomp Solutions Pvt Ltd.,",1300.0,0.0,1300.0,18.2,23660.0
2025-09-10,UHRDSMD0201,"Swift Electrocomp Solutions Pvt Ltd.,",50464.0,0.0,50464.0,6.54,330034.56
2025-09-10,UHRDSMD0201,UNISEM ELECTRONICS PRIVATE LIMITED,610.0,0.0,610.0,2.11,1287.1
2025-09-10,UHRDSPLIT2V,Fabforma Technologies Private Limited,100.0,0.0,100.0,185.0,18500.0
2025-09-10,UHRDSUPERFA,FOCUS INDUSTRIAL SOLUTIONS,1.0,0.0,1.0,4028.0,4028.0
2025-09-10,UHRDTALETE1,UNISEM ELECTRONICS PRIVATE LIMITED,3810.0,0.0,3810.0,31.65,120586.5
2025-09-10,UHRDTSWTASM,"Swift Electrocomp Solutions Pvt Ltd.,",6320.0,0.0,6320.0,25.39,160464.8
2025-09-10,UHRDUCTCRAM,"Swift Electrocomp Solutions Pvt Ltd.,",6320.0,0.0,6320.0,96.36,608995.2
2025-09-10,UHRDXT60MAL,"Swift Electrocomp Solutions Pvt Ltd.,",90.0,0.0,90.0,89.01,8010.9
2025-09-10,UHRESNMUR8PF,Avnet Asia Pte Ltd,50000.0,0.0,50000.0,54.46,2723040.0
2025-09-10,UHRING1.61PCBA,Zreyah Semiconductor Systems Pvt. Ltd.,1007.0,0.0,1007.0,300.0,302100.0
2025-09-10,UHRING1.62PCBA,Zreyah Semiconductor Systems Pvt. Ltd.,3000.0,0.0,3000.0,140.0,420000.0
2025-09-10,UHRING1.6PCBA,SVTRONICS India Private Limited,2081.0,0.0,2081.0,140.0,291340.0
2025-09-10,UHRINGECS320,Avnet Asia Pte Ltd,90000.0,0.0,90000.0,21.96,1976400.0
2025-09-10,UHRW0.3RTS08,IILA INDUSTRIES (Regular Purchase),946.0,0.0,946.0,50.0,47300.0
2025-09-10,UHRW0.3RTS09,IILA INDUSTRIES (Regular Purchase),3.0,0.0,3.0,50.0,150.0
2025-09-10,UHTIJWAABS09,CP Global Solution Technologies,1600.0,0.0,1600.0,250.0,400000.0
2025-09-10,UHTIJWAABS12,CP Global Solution Technologies,1000.0,0.0,1000.0,250.0,250000.0
2025-09-11,UHC2PCBAREV21,Zreyah Semiconductor Systems Pvt. Ltd.,3000.0,0.0,3000.0,40.0,120000.0
2025-09-11,UHC3PAINBASES08,Aaru Plastics,220.0,0.0,220.0,0.0,0.0
2025-09-11,UHCH2COHOS10,3DE Technology Prototype Solutions Pvt Ltd (Regular Purchase),2000.0,0.0,2000.0,32.0,64000.0
2025-09-11,UHCH2COHOS13,3DE Technology Prototype Solutions Pvt Ltd (Regular Purchase),500.0,0.0,500.0,32.0,16000.0
2025-09-11,UHCH2COHOS14,3DE Technology Prototype Solutions Pvt Ltd (Regular Purchase),500.0,0.0,500.0,32.0,16000.0
2025-09-11,UHCHA2BASS09,HANAV MANUFACTURING AND BUSINESS PRIVATE LIMITED,3012.0,0.0,3012.0,250.0,753000.0
2025-09-11,UHCTPFGAAO06,3DE Technology Prototype Solutions Pvt Ltd (Casting),11.0,0.0,11.0,380.0,4180.0
2025-09-11,UHCTPFGAAO08,3DE Technology Prototype Solutions Pvt Ltd (Casting),9.0,0.0,9.0,380.0,3420.0
2025-09-11,UHCTPFGAAO10,3DE Technology Prototype Solutions Pvt Ltd (Casting),4.0,0.0,4.0,380.0,1520.0
2025-09-11,UHCTPFGAAO11,3DE Technology Prototype Solutions Pvt Ltd (Casting),6.0,0.0,6.0,380.0,2280.0
2025-09-11,UHCTPFGAAO13,3DE Technology Prototype Solutions Pvt Ltd (Casting),13.0,0.0,13.0,380.0,4940.0
2025-09-11,UHCTPFGAGO06,3DE Technology Prototype Solutions Pvt Ltd (Casting),14.0,0.0,14.0,380.0,5320.0
2025-09-11,UHCTPFGAGO07,3DE Technology Prototype Solutions Pvt Ltd (Casting),81.0,0.0,81.0,380.0,30780.0
2025-09-11,UHCTPFGAGO07-T1.61,3DE Technology Prototype Solutions Pvt Ltd (Casting),253.0,0.0,253.0,380.0,96140.0
2025-09-11,UHCTPFGAGO08,3DE Technology Prototype Solutions Pvt Ltd (Casting),81.0,0.0,81.0,380.0,30780.0
2025-09-11,UHCTPFGAGO08-T1.61,3DE Technology Prototype Solutions Pvt Ltd (Casting),126.0,0.0,126.0,380.0,47880.0
2025-09-11,UHCTPFGBRGO05,3DE Technology Prototype Solutions Pvt Ltd (Casting),4.0,0.0,4.0,380.0,1520.0
2025-09-11,UHCTPFGBRGO10,3DE Technology Prototype Solutions Pvt Ltd (Casting),2.0,0.0,2.0,380.0,760.0
2025-09-11,UHCTPFGBRGO11,3DE Technology Prototype Solutions Pvt Ltd (Casting),7.0,0.0,7.0,380.0,2660.0
2025-09-11,UHCTPFGBRGO14,3DE Technology Prototype Solutions Pvt Ltd (Casting),5.0,0.0,5.0,380.0,1900.0
2025-09-11,UHCTPFGMGO08,3DE Technology Prototype Solutions Pvt Ltd (Casting),44.0,0.0,44.0,380.0,16720.0
2025-09-11,UHCTPFGMGO11-T1.61,3DE Technology Prototype Solutions Pvt Ltd (Casting),42.0,0.0,42.0,380.0,15960.0
2025-09-11,UHCTPFGMGO12-T1.61,3DE Technology Prototype Solutions Pvt Ltd (Casting),20.0,0.0,20.0,380.0,7600.0
2025-09-11,UHCTPFGRTS09(RW),3DE Technology Prototype Solutions Pvt Ltd (Casting),124.0,0.0,124.0,380.0,47120.0
2025-09-11,UHCTPFGRTS12,3DE Technology Prototype Solutions Pvt Ltd (Casting),32.0,0.0,32.0,380.0,12160.0
2025-09-11,UHCTPFGRTS13,3DE Technology Prototype Solutions Pvt Ltd (Casting),4.0,0.0,4.0,380.0,1520.0
2025-09-11,UHFSJW10M8M,Suprabha ColorGrafix Private Limited,144000.0,0.0,144000.0,0.01,1800.0
2025-09-11,UHPLASIZRS05,"YongChangXing International (HK), LTD",5000.0,0.0,5000.0,2.02,10101.6
2025-09-11,UHPLASIZRS06,"YongChangXing International (HK), LTD",5000.0,0.0,5000.0,2.02,10101.6
2025-09-11,UHPLASIZRS07,"YongChangXing International (HK), LTD",5000.0,0.0,5000.0,2.02,10101.6
2025-09-11,UHPLASIZRS08,"YongChangXing International (HK), LTD",5000.0,0.0,5000.0,2.02,10101.6
2025-09-11,UHPLASIZRS09,"YongChangXing International (HK), LTD",5000.0,0.0,5000.0,2.02,10101.6
2025-09-11,UHPLASIZRS10,"YongChangXing International (HK), LTD",5000.0,0.0,5000.0,2.02,10101.6
2025-09-11,UHPLASIZRS11,"YongChangXing International (HK), LTD",5000.0,0.0,5000.0,2.02,10101.6
2025-09-11,UHPLASIZRS12,"YongChangXing International (HK), LTD",5000.0,0.0,5000.0,2.02,10101.6
2025-09-11,UHPLASIZRS13,"YongChangXing International (HK), LTD",5000.0,0.0,5000.0,2.02,10101.6
2025-09-11,UHPLASIZRS14,"YongChangXing International (HK), LTD",5000.0,0.0,5000.0,2.02,10101.6
2025-09-11,UHRD01UFX7R,"Swift Electrocomp Solutions Pvt Ltd.,",6340.0,0.0,6340.0,0.58,3677.2
2025-09-11,UHRD01X7S26,"Swift Electrocomp Solutions Pvt Ltd.,",1812.0,0.0,1812.0,0.86,1558.32
2025-09-11,UHRD475KEAD,LCSC ELECTRONICS TECHNOLOGY (HK) LIMITED,600.0,0.0,600.0,1.3,780.02
2025-09-11,UHRDALMTRAY,Reliable office supplies,200.0,0.0,200.0,4.5,900.0
2025-09-11,UHRDCPTX6S1,"Swift Electrocomp Solutions Pvt Ltd.,",503.0,0.0,503.0,3.81,1916.43
2025-09-11,UHRDCSS0402 ,"Swift Electrocomp Solutions Pvt Ltd.,",4550.0,0.0,4550.0,14.97,68113.5
2025-09-11,UHRDESD5451,LCSC ELECTRONICS TECHNOLOGY (HK) LIMITED,1600.0,0.0,1600.0,0.87,1391.39
2025-09-11,UHRDEXS00A6,LCSC ELECTRONICS TECHNOLOGY (HK) LIMITED,170.0,0.0,170.0,23.22,3948.23
2025-09-11,UHRDJOYART2,Amazon India PVT LTD,1.0,0.0,1.0,229.0,229.0
2025-09-11,UHRDLSM6DSV,LCSC ELECTRONICS TECHNOLOGY (HK) LIMITED,40.0,0.0,40.0,117.27,4690.66
2025-09-11,UHRDLSM6DSV,"Swift Electrocomp Solutions Pvt Ltd.,",500.0,0.0,500.0,297.0,148500.0
2025-09-11,UHRDMOZART1,Amazon India PVT LTD,1.0,0.0,1.0,401.87,401.87
2025-09-11,UHRDMSASE06,"Swift Electrocomp Solutions Pvt Ltd.,",2020.0,0.0,2020.0,1.27,2565.4
2025-09-11,UHRDSOCKET1,"WUXI SUNNY INTERNATIONAL CO., LIMITED",3000.0,0.0,3000.0,3.16,9486.72
2025-09-11,UHRDT7000BLK,Aarthi Electronics,2.0,0.0,2.0,100.0,200.0
2025-09-11,UHRDWATCHSP,NOA Labs (Shenzhen) Ltd.,7.0,0.0,7.0,878.4,6148.8
2025-09-11,UH_RING_PRO_REV3_1,Zreyah Semiconductor Systems Pvt. Ltd.,84.0,0.0,84.0,140.0,11760.0
2025-09-11,UHRW0.3RTS08,IILA INDUSTRIES (Regular Purchase),1593.0,0.0,1593.0,50.0,79650.0
2025-09-11,UHRW0.3RTS09,IILA INDUSTRIES (Regular Purchase),767.0,0.0,767.0,50.0,38350.0
2025-09-12,UH0.2MIRROR07,HANAV MANUFACTURING AND BUSINESS PRIVATE LIMITED,1.0,0.0,1.0,530.0,530.0
2025-09-12,UH0.2MIRROR08,HANAV MANUFACTURING AND BUSINESS PRIVATE LIMITED,2.0,0.0,2.0,530.0,1060.0
2025-09-12,UH0.2MIRROR09,HANAV MANUFACTURING AND BUSINESS PRIVATE LIMITED,14.0,0.0,14.0,530.0,7420.0
2025-09-12,UH0.2MIRROR10,HANAV MANUFACTURING AND BUSINESS PRIVATE LIMITED,6.0,0.0,6.0,530.0,3180.0
2025-09-12,UH0.2MIRROR12,HANAV MANUFACTURING AND BUSINESS PRIVATE LIMITED,1.0,0.0,1.0,530.0,530.0
2025-09-12,UHC2PCBAREV21,Zreyah Semiconductor Systems Pvt. Ltd.,3000.0,0.0,3000.0,40.0,120000.0
2025-09-12,UHC3PAINBASES12,Aaru Plastics,300.0,0.0,300.0,0.0,0.0
2025-09-12,UHC3PAINBASES13,Aaru Plastics,276.0,0.0,276.0,0.0,0.0
2025-09-12,UHCHA2BASS08,HANAV MANUFACTURING AND BUSINESS PRIVATE LIMITED,1500.0,0.0,1500.0,235.0,352500.0
2025-09-12,UHCONSSIHARD,EFIL ADDITIVE PRIVATE LIMITED,30.0,0.0,30.0,1200.0,36000.0
2025-09-12,UHCONSSIRES,EFIL ADDITIVE PRIVATE LIMITED,300.0,0.0,300.0,1155.0,346500.0
2025-09-12,UHCTPFGAAO06,3DE Technology Prototype Solutions Pvt Ltd (Casting),1.0,0.0,1.0,380.0,380.0
2025-09-12,UHCTPFGAAO08,3DE Technology Prototype Solutions Pvt Ltd (Casting),26.0,0.0,26.0,380.0,9880.0
2025-09-12,UHCTPFGAGO06,3DE Technology Prototype Solutions Pvt Ltd (Casting),90.0,0.0,90.0,380.0,34200.0
2025-09-12,UHCTPFGAGO07,3DE Technology Prototype Solutions Pvt Ltd (Casting),29.0,0.0,29.0,380.0,11020.0
2025-09-12,UHCTPFGAGO07-T1.61,3DE Technology Prototype Solutions Pvt Ltd (Casting),82.0,0.0,82.0,380.0,31160.0
2025-09-12,UHCTPFGAGO07-T1.62,3DE Technology Prototype Solutions Pvt Ltd (Casting),88.0,0.0,88.0,380.0,33440.0
2025-09-12,UHCTPFGAGO08,3DE Technology Prototype Solutions Pvt Ltd (Casting),66.0,0.0,66.0,380.0,25080.0
2025-09-12,UHCTPFGAGO08-T1.61,3DE Technology Prototype Solutions Pvt Ltd (Casting),24.0,0.0,24.0,380.0,9120.0
2025-09-12,UHCTPFGAGO08-T1.62,3DE Technology Prototype Solutions Pvt Ltd (Casting),78.0,0.0,78.0,380.0,29640.0
2025-09-12,UHCTPFGBRGO07-T1.62,3DE Technology Prototype Solutions Pvt Ltd (Casting),211.0,0.0,211.0,380.0,80180.0
2025-09-12,UHCTPFGMGO08,3DE Technology Prototype Solutions Pvt Ltd (Casting),18.0,0.0,18.0,380.0,6840.0
2025-09-12,UHCTPFGMGO11-T1.61,3DE Technology Prototype Solutions Pvt Ltd (Casting),5.0,0.0,5.0,380.0,1900.0
2025-09-12,UHCTPFGMGO12-T1.61,3DE Technology Prototype Solutions Pvt Ltd (Casting),2.0,0.0,2.0,380.0,760.0
2025-09-12,UHCTPFGMGS12,3DE Technology Prototype Solutions Pvt Ltd (Casting),29.0,0.0,29.0,380.0,11020.0
2025-09-12,UHCTPFGRTS09(RW),3DE Technology Prototype Solutions Pvt Ltd (Casting),75.0,0.0,75.0,380.0,28500.0
2025-09-12,UHCTPFGRTS12,3DE Technology Prototype Solutions Pvt Ltd (Casting),10.0,0.0,10.0,380.0,3800.0
2025-09-12,UHCTPFGRTS13,3DE Technology Prototype Solutions Pvt Ltd (Casting),1.0,0.0,1.0,380.0,380.0
2025-09-12,UHRD30XEMF1,NOA Labs (Shenzhen) Ltd.,1.0,0.0,1.0,61048.8,61048.8
2025-09-12,UHRDALKON60,Amazon India PVT LTD,1.0,0.0,1.0,2080.26,2080.26
2025-09-12,UHRDARCTICM,Amazon India PVT LTD,1.0,0.0,1.0,405.94,405.94
2025-09-12,UHRDBUYSAFET,Amazon India PVT LTD,5.0,0.0,5.0,92.67,463.35
2025-09-12,UHRDMAX983T,Macnica Cytech Pte Ltd,2500.0,0.0,2500.0,118.41,296020.8
2025-09-12,UHRESSTA10MO,SEMISEARCH TECHNOLOGIES PRIVATE LIMITED,20000.0,0.0,20000.0,34.5,690000.0
2025-09-12,UHRESYAG0OHM,SEMISEARCH TECHNOLOGIES PRIVATE LIMITED,10000.0,0.0,10000.0,0.3,3000.0
2025-09-12,UHRESYAG22OH,SEMISEARCH TECHNOLOGIES PRIVATE LIMITED,10000.0,0.0,10000.0,0.43,4300.0
2025-09-12,UHRESYAG27KO,SEMISEARCH TECHNOLOGIES PRIVATE LIMITED,10000.0,0.0,10000.0,0.29,2900.0
2025-09-13,UHC2PCBAREV21,Zreyah Semiconductor Systems Pvt. Ltd.,3000.0,0.0,3000.0,40.0,120000.0
2025-09-13,UHC3PAINBASES12,Aaru Plastics,200.0,0.0,200.0,0.0,0.0
2025-09-13,UHC3PAINBASES13,Aaru Plastics,224.0,0.0,224.0,0.0,0.0
2025-09-13,UHC3PAINBASES14,Aaru Plastics,500.0,0.0,500.0,0.0,0.0
2025-09-13,UHCTPFGAAO08,3DE Technology Prototype Solutions Pvt Ltd (Casting),34.0,0.0,34.0,380.0,12920.0
2025-09-13,UHCTPFGAGO06,3DE Technology Prototype Solutions Pvt Ltd (Casting),30.0,0.0,30.0,380.0,11400.0
2025-09-13,UHCTPFGAGO07-T1.61,3DE Technology Prototype Solutions Pvt Ltd (Casting),3.0,0.0,3.0,380.0,1140.0
2025-09-13,UHCTPFGAGO07-T1.62,3DE Technology Prototype Solutions Pvt Ltd (Casting),152.0,0.0,152.0,380.0,57760.0
2025-09-13,UHCTPFGAGO08,3DE Technology Prototype Solutions Pvt Ltd (Casting),190.0,0.0,190.0,380.0,72200.0
2025-09-13,UHCTPFGAGO08-T1.62,3DE Technology Prototype Solutions Pvt Ltd (Casting),399.0,0.0,399.0,380.0,151620.0
2025-09-13,UHCTPFGBRGO07-T1.62,3DE Technology Prototype Solutions Pvt Ltd (Casting),29.0,0.0,29.0,380.0,11020.0
2025-09-13,UHCTPFGMGO08,3DE Technology Prototype Solutions Pvt Ltd (Casting),49.0,0.0,49.0,380.0,18620.0
2025-09-13,UHCTPFGMGS12,3DE Technology Prototype Solutions Pvt Ltd (Casting),7.0,0.0,7.0,380.0,2660.0
2025-09-13,UHCTPFGRTS08(RW)-1.62V,3DE Technology Prototype Solutions Pvt Ltd (Casting),598.0,0.0,598.0,380.0,227240.0
2025-09-13,UHCTPFGRTS09(RW),3DE Technology Prototype Solutions Pvt Ltd (Casting),1.0,0.0,1.0,380.0,380.0
2025-09-13,UHCTPFGRTS09(RW)-1.62V,3DE Technology Prototype Solutions Pvt Ltd (Casting),120.0,0.0,120.0,380.0,45600.0
2025-09-13,UHPLASIZRS05,ZOEONE INDUSTRIES,2500.0,0.0,2500.0,3.5,8750.0
2025-09-13,UHPLASIZRS06,ZOEONE INDUSTRIES,2500.0,0.0,2500.0,3.5,8750.0
2025-09-13,UHPLASIZRS07,ZOEONE INDUSTRIES,2500.0,0.0,2500.0,3.5,8750.0
2025-09-13,UHPLASIZRS08,ZOEONE INDUSTRIES,2500.0,0.0,2500.0,3.5,8750.0
2025-09-13,UHPLASIZRS09,ZOEONE INDUSTRIES,2500.0,0.0,2500.0,3.5,8750.0
2025-09-13,UHPLASIZRS10,ZOEONE INDUSTRIES,2500.0,0.0,2500.0,3.5,8750.0
2025-09-13,UHPLASIZRS11,ZOEONE INDUSTRIES,2500.0,0.0,2500.0,3.5,8750.0
2025-09-13,UHPLASIZRS12,ZOEONE INDUSTRIES,2500.0,0.0,2500.0,3.5,8750.0
2025-09-13,UHPLASIZRS13,ZOEONE INDUSTRIES,2500.0,0.0,2500.0,3.5,8750.0
2025-09-13,UHPLASIZRS14,ZOEONE INDUSTRIES,2500.0,0.0,2500.0,3.5,8750.0
2025-09-13,UHPRINTBATPCB,Suprabha ColorGrafix Private Limited,17500.0,0.0,17500.0,1.0,17500.0
2025-09-13,UHRING1.62PCBA,Zreyah Semiconductor Systems Pvt. Ltd.,3588.0,0.0,3588.0,140.0,502320.0
2025-09-13,UHSWATCHAA,Mudra innovation,10000.0,203.0,9797.0,12.2,119523.4
2025-09-13,UHSWATCHAG,Mudra innovation,10000.0,93.0,9907.0,12.2,120865.4
2025-09-13,UHSWATCHAS,Mudra innovation,10000.0,24.0,9976.0,12.2,121707.2
2025-09-13,UHSWATCHBRG,Mudra innovation,10000.0,339.0,9661.0,18.0,173898.0
2025-09-13,UHSWATCHMG,Mudra innovation,10000.0,147.0,9853.0,12.2,120206.6
2025-09-13,UHSWATCHRT,Mudra innovation,10000.0,184.0,9816.0,12.2,119755.2
2025-09-15,UHBOXTBTTRAY,"Bonito Packaging Co.,Ltd",10000.0,0.0,10000.0,32.41,324129.6
2025-09-15,UHBOXTOPTRAY,"Bonito Packaging Co.,Ltd",10000.0,0.0,10000.0,25.65,256492.8
2025-09-15,UHC2PCBAREV21,Zreyah Semiconductor Systems Pvt. Ltd.,2526.0,0.0,2526.0,40.0,101040.0
2025-09-15,UHC3LASERTOPS08,Aaru Plastics,1000.0,0.0,1000.0,28.0,28000.0
2025-09-15,UHCH2COHOS14,3DE Technology Prototype Solutions Pvt Ltd (Regular Purchase),1500.0,0.0,1500.0,32.0,48000.0
2025-09-15,UHCHA2BASS09,HANAV MANUFACTURING AND BUSINESS PRIVATE LIMITED,1500.0,0.0,1500.0,235.0,352500.0
2025-09-15,UHCHTOP2.5S11,Aaru Plastics,200.0,0.0,200.0,34.0,6800.0
2025-09-15,UHCTPFGAGO08-T1.62,3DE Technology Prototype Solutions Pvt Ltd (Casting),1.0,0.0,1.0,380.0,380.0
2025-09-15,UHCTPFGAGO10,3DE Technology Prototype Solutions Pvt Ltd (Casting),1.0,0.0,1.0,380.0,380.0
2025-09-15,UHCTPFGMGO12-T1.62,3DE Technology Prototype Solutions Pvt Ltd (Casting),53.0,0.0,53.0,380.0,20140.0
2025-09-15,UHCTPFGRTO10-T1.62,3DE Technology Prototype Solutions Pvt Ltd (Casting),298.0,0.0,298.0,380.0,113240.0
2025-09-15,UHCTPFGRTO11-T1.62,3DE Technology Prototype Solutions Pvt Ltd (Casting),202.0,0.0,202.0,380.0,76760.0
2025-09-15,UHCTPFGRTS08(RW)-1.62V,3DE Technology Prototype Solutions Pvt Ltd (Casting),1.0,0.0,1.0,380.0,380.0
2025-09-15,UHCTPFGRTS12-T1.62,3DE Technology Prototype Solutions Pvt Ltd (Casting),97.0,0.0,97.0,380.0,36860.0
2025-09-15,UHCTPFGRTS14-T1.62,3DE Technology Prototype Solutions Pvt Ltd (Casting),22.0,0.0,22.0,380.0,8360.0
2025-09-15,UHDUMRING-AA,MAKENICA PRIVATE LIMITED (Regular Purchase),27.0,0.0,27.0,395.0,10665.0
2025-09-15,UHDUMRING-AG,MAKENICA PRIVATE LIMITED (Regular Purchase),21.0,0.0,21.0,395.0,8295.0
2025-09-15,UHDUMRING-MG,MAKENICA PRIVATE LIMITED (Regular Purchase),2.0,0.0,2.0,395.0,790.0
2025-09-15,UHDUMRING-RT,MAKENICA PRIVATE LIMITED (Regular Purchase),75.0,0.0,75.0,395.0,29625.0
2025-09-15,UHDUMSHELL-AG,Minox Metal Private Limited,500.0,0.0,500.0,196.87,98435.0
2025-09-15,UHLROODALVR,OODA INDUSTRIAL PRODUCTS,17500.0,0.0,17500.0,8.35,146125.0
2025-09-15,UHPLASIZRS05,ZOEONE INDUSTRIES,2500.0,0.0,2500.0,3.5,8750.0
2025-09-15,UHPLASIZRS06,ZOEONE INDUSTRIES,2500.0,0.0,2500.0,3.5,8750.0
2025-09-15,UHPLASIZRS07,ZOEONE INDUSTRIES,2500.0,0.0,2500.0,3.5,8750.0
2025-09-15,UHPLASIZRS08,ZOEONE INDUSTRIES,2500.0,0.0,2500.0,3.5,8750.0
2025-09-15,UHPLASIZRS09,ZOEONE INDUSTRIES,2500.0,0.0,2500.0,3.5,8750.0
2025-09-15,UHPLASIZRS10,ZOEONE INDUSTRIES,2500.0,0.0,2500.0,3.5,8750.0
2025-09-15,UHPLASIZRS11,ZOEONE INDUSTRIES,2500.0,0.0,2500.0,3.5,8750.0
2025-09-15,UHPLASIZRS12,ZOEONE INDUSTRIES,2500.0,0.0,2500.0,3.5,8750.0
2025-09-15,UHPLASIZRS13,ZOEONE INDUSTRIES,2500.0,0.0,2500.0,3.5,8750.0
2025-09-15,UHPLASIZRS14,ZOEONE INDUSTRIES,2500.0,0.0,2500.0,3.5,8750.0
2025-09-15,UHRD07100KL,Element 14,3000.0,0.0,3000.0,0.44,1308.0
2025-09-15,UHRD0733RLR,Element 14,200.0,0.0,200.0,0.52,104.6
2025-09-15,UHRDBAMBPEI,MACFOS PRIVATE LIMITED,1.0,0.0,1.0,4039.83,4039.83
2025-09-15,UHRDCONNT39,Avnet Asia Pte Ltd,800.0,0.0,800.0,74.66,59731.2
2025-09-15,UHRDGS8MMCL,Amazon India PVT LTD,1.0,0.0,1.0,158.57,158.57
2025-09-15,UHRDLOCTIT2,Sellex Incorp,10.0,0.0,10.0,2900.0,29000.0
2025-09-15,UHRDTOOLBAE,Amazon India PVT LTD,2.0,0.0,2.0,200.47,400.94
2025-09-15,UHRDVANITYP,MAGIC PRINT INC,1764.0,0.0,1764.0,48.0,84672.0
2025-09-15,UHRDWS2812B,"Shenzhen Chengxing Electronic Technology Co.,Ltd",16000.0,0.0,16000.0,2.72,43568.64
2025-09-15,UHRDZEVON12,Amazon India PVT LTD,2.0,0.0,2.0,273.37,546.74
2025-09-15,UHRSOODALVR,OODA INDUSTRIAL PRODUCTS,35000.0,0.0,35000.0,9.82,343735.0
2025-09-16,UHC2C47PF25V,SEMISEARCH TECHNOLOGIES PRIVATE LIMITED,10000.0,0.0,10000.0,0.95,9500.0
2025-09-16,UHC2PCBAREV21,Zreyah Semiconductor Systems Pvt. Ltd.,3000.0,0.0,3000.0,40.0,120000.0
2025-09-16,UHC2RES27OHM,SEMISEARCH TECHNOLOGIES PRIVATE LIMITED,50000.0,0.0,50000.0,0.25,12500.0
2025-09-16,UHCH2COHOS06,3DE Technology Prototype Solutions Pvt Ltd (Regular Purchase),1400.0,0.0,1400.0,32.0,44800.0
2025-09-16,UHCH2COHOS08,3DE Technology Prototype Solutions Pvt Ltd (Regular Purchase),600.0,0.0,600.0,32.0,19200.0
2025-09-16,UHCHA2BASS07,HANAV MANUFACTURING AND BUSINESS PRIVATE LIMITED,1008.0,0.0,1008.0,235.0,236880.0
2025-09-16,UHCHA2BASS08,HANAV MANUFACTURING AND BUSINESS PRIVATE LIMITED,1008.0,0.0,1008.0,235.0,236880.0
2025-09-16,UHCHA2BASS09,HANAV MANUFACTURING AND BUSINESS PRIVATE LIMITED,1008.0,0.0,1008.0,235.0,236880.0
2025-09-16,UHCHARTOPS07,Aaru Plastics,900.0,0.0,900.0,34.0,30600.0
2025-09-16,UHCHARTOPS11,Aaru Plastics,800.0,0.0,800.0,34.0,27200.0
2025-09-16,UHCTPFGAAO13-T1.62,3DE Technology Prototype Solutions Pvt Ltd (Casting),11.0,0.0,11.0,0.0,0.0
2025-09-16,UHCTPFGAGO08-T1.62,3DE Technology Prototype Solutions Pvt Ltd (Casting),1.0,0.0,1.0,380.0,380.0
2025-09-16,UHCTPFGMGO11-T1.62,3DE Technology Prototype Solutions Pvt Ltd (Casting),173.0,0.0,173.0,380.0,65740.0
2025-09-16,UHCTPFGMGO12-T1.62,3DE Technology Prototype Solutions Pvt Ltd (Casting),64.0,0.0,64.0,380.0,24320.0
2025-09-16,UHCTPFGMGO13-T1.62,3DE Technology Prototype Solutions Pvt Ltd (Casting),37.0,0.0,37.0,0.0,0.0
2025-09-16,UHCTPFGRTO10-T1.62,3DE Technology Prototype Solutions Pvt Ltd (Casting),111.0,0.0,111.0,380.0,42180.0
2025-09-16,UHCTPFGRTO11-T1.62,3DE Technology Prototype Solutions Pvt Ltd (Casting),85.0,0.0,85.0,380.0,32300.0
2025-09-16,UHCTPFGRTO13-T1.62,3DE Technology Prototype Solutions Pvt Ltd (Casting),23.0,0.0,23.0,0.0,0.0
2025-09-16,UHCTPFGRTS08(RW)-1.62V,3DE Technology Prototype Solutions Pvt Ltd (Casting),145.0,0.0,145.0,380.0,55100.0
2025-09-16,UHCTPFGRTS09(RW)-1.62V,3DE Technology Prototype Solutions Pvt Ltd (Casting),146.0,0.0,146.0,380.0,55480.0
2025-09-16,UHCTPFGRTS12-T1.62,3DE Technology Prototype Solutions Pvt Ltd (Casting),67.0,0.0,67.0,380.0,25460.0
2025-09-16,UHCTPFGRTS14-T1.62,3DE Technology Prototype Solutions Pvt Ltd (Casting),23.0,0.0,23.0,380.0,8740.0
2025-09-16,UHPCBRXCOS08,WITGAIN TECHNOLOGY LIMITED,30000.0,0.0,30000.0,27.23,816912.0
2025-09-16,UHPCBRXCOS10,WITGAIN TECHNOLOGY LIMITED,17000.0,0.0,17000.0,27.23,462916.8
2025-09-16,UHPLASIZRS05,ZOEONE INDUSTRIES,2500.0,0.0,2500.0,3.5,8750.0
2025-09-16,UHPLASIZRS06,ZOEONE INDUSTRIES,2500.0,0.0,2500.0,3.5,8750.0
2025-09-16,UHPLASIZRS07,ZOEONE INDUSTRIES,2500.0,0.0,2500.0,3.5,8750.0
2025-09-16,UHPLASIZRS08,ZOEONE INDUSTRIES,2500.0,0.0,2500.0,3.5,8750.0
2025-09-16,UHPLASIZRS09,ZOEONE INDUSTRIES,2500.0,0.0,2500.0,3.5,8750.0
2025-09-16,UHPLASIZRS10,ZOEONE INDUSTRIES,2500.0,0.0,2500.0,3.5,8750.0
2025-09-16,UHPLASIZRS11,ZOEONE INDUSTRIES,2500.0,0.0,2500.0,3.5,8750.0
2025-09-16,UHPLASIZRS12,ZOEONE INDUSTRIES,2500.0,0.0,2500.0,3.5,8750.0
2025-09-16,UHPLASIZRS13,ZOEONE INDUSTRIES,2500.0,0.0,2500.0,3.5,8750.0
2025-09-16,UHPLASIZRS14,ZOEONE INDUSTRIES,2500.0,0.0,2500.0,3.5,8750.0
2025-09-16,UHRD3MHALF1,Amazon India PVT LTD,1.0,0.0,1.0,1507.14,1507.14
2025-09-16,UHRDBATTERY,Aarthi Electronics,20.0,0.0,20.0,110.0,2200.0
2025-09-16,UHRDRESO450,Amazon India PVT LTD,2.0,0.0,2.0,1375.0,2750.0
2025-09-16,UHRDW25Q16J,"Swift Electrocomp Solutions Pvt Ltd.,",3000.0,0.0,3000.0,115.0,345000.0
2025-09-16,UHRESYAG0OHM,SEMISEARCH TECHNOLOGIES PRIVATE LIMITED,50000.0,0.0,50000.0,0.3,15000.0
2025-09-16,UHRESYAG100K,SEMISEARCH TECHNOLOGIES PRIVATE LIMITED,250000.0,0.0,250000.0,0.48,120000.0
2025-09-16,UHRESYAG10KO,SEMISEARCH TECHNOLOGIES PRIVATE LIMITED,300000.0,0.0,300000.0,0.29,87000.0
2025-09-16,UHRESYAG22KO,SEMISEARCH TECHNOLOGIES PRIVATE LIMITED,60000.0,0.0,60000.0,0.29,17400.0
2025-09-16,UHRESYAG22OH,SEMISEARCH TECHNOLOGIES PRIVATE LIMITED,50000.0,0.0,50000.0,0.43,21500.0
2025-09-16,UHRESYAG27KO,SEMISEARCH TECHNOLOGIES PRIVATE LIMITED,50000.0,0.0,50000.0,0.29,14500.0
2025-09-16,UHRESYAG47KO,SEMISEARCH TECHNOLOGIES PRIVATE LIMITED,50000.0,0.0,50000.0,0.29,14500.0
2025-09-16,UHRING1.61PCBA,SVTRONICS India Private Limited,80.0,0.0,80.0,140.0,11200.0
2025-09-16,UHRING1.62PCBA,Zreyah Semiconductor Systems Pvt. Ltd.,852.0,0.0,852.0,140.0,119280.0
2025-09-17,UH0.2MACHINS09,HANAV MANUFACTURING AND BUSINESS PRIVATE LIMITED,1434.0,0.0,1434.0,245.0,351330.0
2025-09-17,UH0.2MIRROR09,HANAV MANUFACTURING AND BUSINESS PRIVATE LIMITED,14.0,0.0,14.0,530.0,7420.0
2025-09-17,UH0.2MIRROR10,HANAV MANUFACTURING AND BUSINESS PRIVATE LIMITED,13.0,0.0,13.0,530.0,6890.0
2025-09-17,UH0.2MIRROR12,HANAV MANUFACTURING AND BUSINESS PRIVATE LIMITED,1.0,0.0,1.0,530.0,530.0
2025-09-17,UHBOXTBTTRAY,"Bonito Packaging Co.,Ltd",10000.0,0.0,10000.0,32.41,324129.6
2025-09-17,UHBOXTOPTRAY,"Bonito Packaging Co.,Ltd",10000.0,0.0,10000.0,25.65,256492.8
2025-09-17,UHC2PCBAREV21,Zreyah Semiconductor Systems Pvt. Ltd.,3000.0,0.0,3000.0,40.0,120000.0
2025-09-17,UHC3LASERTOPS06,Aaru Plastics,500.0,0.0,500.0,28.0,14000.0
2025-09-17,UHC3LASERTOPS11,Aaru Plastics,1700.0,0.0,1700.0,28.0,47600.0
2025-09-17,UHC3PAINBASES07,Aaru Plastics,500.0,0.0,500.0,0.0,0.0
2025-09-17,UHC3PAINBASES08,Aaru Plastics,500.0,0.0,500.0,0.0,0.0
2025-09-17,UHC3PAINBASES09,Aaru Plastics,544.0,0.0,544.0,0.0,0.0
2025-09-17,UHC3PAINBASES11,Aaru Plastics,500.0,0.0,500.0,0.0,0.0
2025-09-17,UHCH2COHOS08,3DE Technology Prototype Solutions Pvt Ltd (Regular Purchase),2500.0,0.0,2500.0,32.0,80000.0
2025-09-17,UHCHA2BASS10,Aaru Plastics,1000.0,0.0,1000.0,235.0,235000.0
2025-09-17,UHCHA2BASS13,Aaru Plastics,1000.0,0.0,1000.0,235.0,235000.0
2025-09-17,UHCHARTOPS06,Aaru Plastics,1300.0,0.0,1300.0,34.0,44200.0
2025-09-17,UHCHARTOPS07,Aaru Plastics,900.0,0.0,900.0,34.0,30600.0
2025-09-17,UHCHARTOPS09,Aaru Plastics,2000.0,0.0,2000.0,34.0,68000.0
2025-09-17,UHCHARTOPS11,Aaru Plastics,300.0,0.0,300.0,34.0,10200.0
2025-09-17,UHCHARTOPS12,Aaru Plastics,800.0,0.0,800.0,34.0,27200.0
2025-09-17,UHDUMRING-AG,MAKENICA PRIVATE LIMITED (Regular Purchase),55.0,0.0,55.0,395.0,21725.0
2025-09-17,UHDUMRING-BRG,MAKENICA PRIVATE LIMITED (Regular Purchase),35.0,0.0,35.0,395.0,13825.0
2025-09-17,UHDUMSHELL-AA,CP Global Solution Technologies,53.0,0.0,53.0,250.0,13250.0
2025-09-17,UHPLASIZRS05,ZOEONE INDUSTRIES,2500.0,0.0,2500.0,3.5,8750.0
2025-09-17,UHPLASIZRS06,ZOEONE INDUSTRIES,2500.0,0.0,2500.0,3.5,8750.0
2025-09-17,UHPLASIZRS07,ZOEONE INDUSTRIES,2500.0,0.0,2500.0,3.5,8750.0
2025-09-17,UHPLASIZRS08,ZOEONE INDUSTRIES,2500.0,0.0,2500.0,3.5,8750.0
2025-09-17,UHPLASIZRS09,ZOEONE INDUSTRIES,2500.0,0.0,2500.0,3.5,8750.0
2025-09-17,UHPLASIZRS10,ZOEONE INDUSTRIES,2500.0,0.0,2500.0,3.5,8750.0
2025-09-17,UHPLASIZRS11,ZOEONE INDUSTRIES,2500.0,0.0,2500.0,3.5,8750.0
2025-09-17,UHPLASIZRS12,ZOEONE INDUSTRIES,2500.0,0.0,2500.0,3.5,8750.0
2025-09-17,UHPLASIZRS13,ZOEONE INDUSTRIES,2500.0,0.0,2500.0,3.5,8750.0
2025-09-17,UHPLASIZRS14,ZOEONE INDUSTRIES,2500.0,0.0,2500.0,3.5,8750.0
2025-09-17,UHRD196AEC2,UNISEM ELECTRONICS PRIVATE LIMITED,3810.0,0.0,3810.0,0.81,3086.1
2025-09-17,UHRD2N2W04T,UNISEM ELECTRONICS PRIVATE LIMITED,5000.0,0.0,5000.0,4.64,23200.0
2025-09-17,UHRD2N7BTAI,UNISEM ELECTRONICS PRIVATE LIMITED,4980.0,0.0,4980.0,4.64,23107.2
2025-09-17,UHRDALMBASE,NOA Labs (Shenzhen) Ltd.,2.0,0.0,2.0,439.2,878.4
2025-09-17,UHRDBOTPADA,"Shenzhen BZ Tape Co., Ltd.",1050.0,0.0,1050.0,13.18,13834.8
2025-09-17,UHRDC1H1R2W,UNISEM ELECTRONICS PRIVATE LIMITED,7020.0,0.0,7020.0,2.46,17269.2
2025-09-17,UHRDCONTPAD,NOA Labs (Shenzhen) Ltd.,400.0,0.0,400.0,17.57,7027.2
2025-09-17,UHRDCR0402P,UNISEM ELECTRONICS PRIVATE LIMITED,10000.0,0.0,10000.0,1.25,12500.0
2025-09-17,UHRDGNRLTOP,UNISEM ELECTRONICS PRIVATE LIMITED,1123.0,0.0,1123.0,97.52,109514.96
2025-09-17,UHRDGRM188C,UNISEM ELECTRONICS PRIVATE LIMITED,19040.0,0.0,19040.0,17.94,341577.6
2025-09-17,UHRDM812530,J C GUPTA & SONS,25.0,0.0,25.0,46.8,1170.0
2025-09-17,UHRDMAX76EN,WorldWay Electronics Limited,200.0,0.0,200.0,289.87,57974.4
2025-09-17,UHRDMC3N3BT,UNISEM ELECTRONICS PRIVATE LIMITED,5000.0,0.0,5000.0,4.64,23200.0
2025-09-17,UHRDPLSTSAM,"YongChangXing International (HK), LTD",12.0,0.0,12.0,43.92,527.04
2025-09-17,UHRDRING162,WITGAIN TECHNOLOGY LIMITED,5000.0,0.0,5000.0,207.3,1036512.0
2025-09-17,UHRDRINGC63,WITGAIN TECHNOLOGY LIMITED,5040.0,0.0,5040.0,247.71,1248452.35
2025-09-17,UHRDRINGR31,WITGAIN TECHNOLOGY LIMITED,5040.0,0.0,5040.0,258.25,1301577.98
2025-09-17,UHRDTAPEMPL,"Dongguan Mingtan Electronics Co., Ltd",1.0,0.0,1.0,122.98,122.98
2025-09-17,UHRDTITANRG,NOA Labs (Shenzhen) Ltd.,5.0,0.0,5.0,439.2,2196.0
2025-09-17,UHTAPEBATPCB,"Shenzhen JDB Technology Co., Ltd.",62500.0,0.0,62500.0,3.41,213176.7
2025-09-18,UH0.2MACHINS09,HANAV MANUFACTURING AND BUSINESS PRIVATE LIMITED,830.0,0.0,830.0,245.0,203350.0
2025-09-18,UH0.2RT09,IILA INDUSTRIES (Regular Purchase),300.0,0.0,300.0,40.0,12000.0
2025-09-18,UHC2PCBAREV21,Zreyah Semiconductor Systems Pvt. Ltd.,1761.0,0.0,1761.0,40.0,70440.0
2025-09-18,UHC3LASERTOPS11,Aaru Plastics,700.0,0.0,700.0,28.0,19600.0
2025-09-18,UHC3LASERTOPS12,Aaru Plastics,2000.0,0.0,2000.0,28.0,56000.0
2025-09-18,UHC3PAINBASES08,Aaru Plastics,500.0,0.0,500.0,0.0,0.0
2025-09-18,UHC3PAINBASES10,Aaru Plastics,500.0,0.0,500.0,0.0,0.0
2025-09-18,UHCH2COHOS07,3DE Technology Prototype Solutions Pvt Ltd (Regular Purchase),500.0,0.0,500.0,32.0,16000.0
2025-09-18,UHCH2COHOS08,3DE Technology Prototype Solutions Pvt Ltd (Regular Purchase),1500.0,0.0,1500.0,32.0,48000.0
2025-09-18,UHCH2COHOS11,3DE Technology Prototype Solutions Pvt Ltd (Regular Purchase),500.0,0.0,500.0,32.0,16000.0
2025-09-18,UHCHA2BASS06,HANAV MANUFACTURING AND BUSINESS PRIVATE LIMITED,1008.0,0.0,1008.0,235.0,236880.0
2025-09-18,UHCHA2BASS07,HANAV MANUFACTURING AND BUSINESS PRIVATE LIMITED,1008.0,0.0,1008.0,235.0,236880.0
2025-09-18,UHCHA2BASS09,HANAV MANUFACTURING AND BUSINESS PRIVATE LIMITED,1008.0,0.0,1008.0,235.0,236880.0
2025-09-18,UHCHA2BASS10,Aaru Plastics,1000.0,0.0,1000.0,235.0,235000.0
2025-09-18,UHCHA2BASS12,Aaru Plastics,1000.0,0.0,1000.0,235.0,235000.0
2025-09-18,UHCHARTOPS05,Aaru Plastics,400.0,0.0,400.0,34.0,13600.0
2025-09-18,UHCHARTOPS08,Aaru Plastics,1000.0,0.0,1000.0,34.0,34000.0
2025-09-18,UHCHARTOPS09,Aaru Plastics,500.0,0.0,500.0,34.0,17000.0
2025-09-18,UHCHARTOPS12,Aaru Plastics,300.0,0.0,300.0,34.0,10200.0
2025-09-18,UHCHARTOPS13,Aaru Plastics,900.0,0.0,900.0,34.0,30600.0
2025-09-18,UHCONSPAINTBRSH,Reliable office supplies,10.0,0.0,10.0,100.0,1000.0
2025-09-18,UHCONSPRSPRAY,RS components,100.0,0.0,100.0,1330.0,133000.0
2025-09-18,UHCONSTAPE2BRWN,Reliable office supplies,50.0,0.0,50.0,24.0,1200.0
2025-09-18,UHCTPFGAAO13-T1.62,3DE Technology Prototype Solutions Pvt Ltd (Casting),11.0,0.0,11.0,0.0,0.0
2025-09-18,UHCTPFGAGO06-T1.62,3DE Technology Prototype Solutions Pvt Ltd (Casting),74.0,0.0,74.0,380.0,28120.0
2025-09-18,UHCTPFGAGO07-T1.62,3DE Technology Prototype Solutions Pvt Ltd (Casting),286.0,0.0,286.0,380.0,108680.0
2025-09-18,UHCTPFGMGO11-T1.62,3DE Technology Prototype Solutions Pvt Ltd (Casting),64.0,0.0,64.0,380.0,24320.0
2025-09-18,UHCTPFGMGO12-T1.62,3DE Technology Prototype Solutions Pvt Ltd (Casting),102.0,0.0,102.0,380.0,38760.0
2025-09-18,UHCTPFGMGO13-T1.62,3DE Technology Prototype Solutions Pvt Ltd (Casting),21.0,0.0,21.0,0.0,0.0
2025-09-18,UHCTPFGRTO10-T1.62,3DE Technology Prototype Solutions Pvt Ltd (Casting),67.0,0.0,67.0,380.0,25460.0
2025-09-18,UHCTPFGRTO11-T1.62,3DE Technology Prototype Solutions Pvt Ltd (Casting),11.0,0.0,11.0,380.0,4180.0
2025-09-18,UHCTPFGRTO13-T1.62,3DE Technology Prototype Solutions Pvt Ltd (Casting),13.0,0.0,13.0,0.0,0.0
2025-09-18,UHCTPFGRTS08(RW)-1.62V,3DE Technology Prototype Solutions Pvt Ltd (Casting),174.0,0.0,174.0,380.0,66120.0
2025-09-18,UHCTPFGRTS09(RW)-1.62V,3DE Technology Prototype Solutions Pvt Ltd (Casting),148.0,0.0,148.0,380.0,56240.0
2025-09-18,UHCTPFGRTS12-T1.62,3DE Technology Prototype Solutions Pvt Ltd (Casting),4.0,0.0,4.0,380.0,1520.0
2025-09-18,UHCTPFGRTS14-T1.62,3DE Technology Prototype Solutions Pvt Ltd (Casting),3.0,0.0,3.0,380.0,1140.0
2025-09-18,UHDUMRING-AS,MAKENICA PRIVATE LIMITED (Regular Purchase),35.0,0.0,35.0,395.0,13825.0
2025-09-18,UHDUMRING-RT,MAKENICA PRIVATE LIMITED (Regular Purchase),5.0,0.0,5.0,395.0,1975.0
2025-09-18,UHDUMSHELL-AG,Minox Metal Private Limited,300.0,0.0,300.0,196.87,59061.0
2025-09-18,UHPLASIZRS05,ZOEONE INDUSTRIES,2500.0,0.0,2500.0,3.5,8750.0
2025-09-18,UHPLASIZRS06,ZOEONE INDUSTRIES,2500.0,0.0,2500.0,3.5,8750.0
2025-09-18,UHPLASIZRS07,ZOEONE INDUSTRIES,2500.0,0.0,2500.0,3.5,8750.0
2025-09-18,UHPLASIZRS08,ZOEONE INDUSTRIES,2500.0,0.0,2500.0,3.5,8750.0
2025-09-18,UHPLASIZRS09,ZOEONE INDUSTRIES,2500.0,0.0,2500.0,3.5,8750.0
2025-09-18,UHPLASIZRS10,ZOEONE INDUSTRIES,2500.0,0.0,2500.0,3.5,8750.0
2025-09-18,UHPLASIZRS11,ZOEONE INDUSTRIES,2500.0,0.0,2500.0,3.5,8750.0
2025-09-18,UHPLASIZRS12,ZOEONE INDUSTRIES,2500.0,0.0,2500.0,3.5,8750.0
2025-09-18,UHPLASIZRS13,ZOEONE INDUSTRIES,2500.0,0.0,2500.0,3.5,8750.0
2025-09-18,UHPLASIZRS14,ZOEONE INDUSTRIES,2500.0,0.0,2500.0,3.5,8750.0
2025-09-18,UHRD330AEC2,"Swift Electrocomp Solutions Pvt Ltd.,",400.0,0.0,400.0,6.16,2464.0
2025-09-18,UHRD40PSTCT,"Swift Electrocomp Solutions Pvt Ltd.,",80.0,0.0,80.0,184.59,14767.2
2025-09-18,UHRD8751001,"Swift Electrocomp Solutions Pvt Ltd.,",280.0,0.0,280.0,33.5,9380.0
2025-09-18,UHRD903004B,"Swift Electrocomp Solutions Pvt Ltd.,",380.0,0.0,380.0,4.78,1816.4
2025-09-18,UHRDBTBJ140,"Swift Electrocomp Solutions Pvt Ltd.,",6400.0,0.0,6400.0,4.3,27520.0
2025-09-18,UHRDEXP28SO,"Swift Electrocomp Solutions Pvt Ltd.,",720.0,0.0,720.0,121.21,87271.2
2025-09-18,UHRDFDMPSO6,MAKENICA PRIVATE LIMITED (Regular Purchase),57.0,0.0,57.0,432.0,24624.0
2025-09-18,UHRDGRT188R ,"Swift Electrocomp Solutions Pvt Ltd.,",1000.0,0.0,1000.0,2.63,2630.0
2025-09-18,UHRDLDLILED,"Swift Electrocomp Solutions Pvt Ltd.,",5320.0,1325.0,3995.0,83.21,332423.95
2025-09-18,UHRDPOGPIN1,"Dongguan Mingtan Electronics Co., Ltd",67.0,0.0,67.0,105.41,7062.34
2025-09-18,UHRDSI1012R,Element 14,600.0,0.0,600.0,20.33,12198.0
2025-09-18,UHRDSMD01XQ,"Swift Electrocomp Solutions Pvt Ltd.,",6320.0,0.0,6320.0,7.03,44429.6
2025-09-18,UHRDSMD10MS,"Swift Electrocomp Solutions Pvt Ltd.,",200.0,0.0,200.0,0.66,132.0
2025-09-18,UHRDSMD1KPW,"Swift Electrocomp Solutions Pvt Ltd.,",6320.0,0.0,6320.0,0.49,3096.8
2025-09-18,UHRDSMD200D,"Swift Electrocomp Solutions Pvt Ltd.,",6320.0,0.0,6320.0,0.49,3096.8
2025-09-18,UHRDSMDOH52,"Swift Electrocomp Solutions Pvt Ltd.,",7500.0,0.0,7500.0,0.39,2925.0
2025-09-18,UHRDSMSD100,"Swift Electrocomp Solutions Pvt Ltd.,",6320.0,0.0,6320.0,1.86,11755.2
2025-09-18,UHRDTL2203E,"Swift Electrocomp Solutions Pvt Ltd.,",80.0,0.0,80.0,64.34,5147.2
2025-09-18,UHRDWREBOXD,"Swift Electrocomp Solutions Pvt Ltd.,",700.0,0.0,700.0,52.47,36729.0
2025-09-18,UHRING1.62PCBA,Zreyah Semiconductor Systems Pvt. Ltd.,165.0,0.0,165.0,140.0,23100.0
2025-09-18,UHRW0.2MGS09,CP Global Solution Technologies,320.0,0.0,320.0,200.0,64000.0
2025-09-18,UHSTCELLOPEN1,Reliable office supplies,50.0,0.0,50.0,7.0,350.0
2025-09-18,UHSTFACEMASK,Reliable office supplies,3000.0,0.0,3000.0,2.5,7500.0
2025-09-18,UHSTPERMARK,Reliable office supplies,100.0,0.0,100.0,15.0,1500.0
2025-09-18,UHTIJWMGLS11,CP Global Solution Technologies,764.0,0.0,764.0,200.0,152800.0
2025-09-18,UHTIJWMGLS12,CP Global Solution Technologies,1310.0,0.0,1310.0,200.0,262000.0
2025-09-19,687106182122,MOUSER ELECTRONIC,200.0,0.0,200.0,102.77,20554.56
2025-09-19,UH0.2RT09,IILA INDUSTRIES (Regular Purchase),600.0,0.0,600.0,40.0,24000.0
2025-09-19,UHC3LASERTOPS12,Aaru Plastics,700.0,0.0,700.0,28.0,19600.0
2025-09-19,UHC3LASERTOPS13,Aaru Plastics,2000.0,0.0,2000.0,28.0,56000.0
2025-09-19,UHC3LASERTOPS14,Aaru Plastics,700.0,0.0,700.0,28.0,19600.0
2025-09-19,UHC3PAINBASES07,Aaru Plastics,500.0,0.0,500.0,0.0,0.0
2025-09-19,UHC3PAINBASES08,Aaru Plastics,288.0,0.0,288.0,0.0,0.0
2025-09-19,UHCH2COHOS07,3DE Technology Prototype Solutions Pvt Ltd (Regular Purchase),500.0,0.0,500.0,32.0,16000.0
2025-09-19,UHCH2COHOS08,3DE Technology Prototype Solutions Pvt Ltd (Regular Purchase),1000.0,0.0,1000.0,32.0,32000.0
2025-09-19,UHCH2COHOS11,3DE Technology Prototype Solutions Pvt Ltd (Regular Purchase),1000.0,0.0,1000.0,32.0,32000.0
2025-09-19,UHCHA2BASS06,HANAV MANUFACTURING AND BUSINESS PRIVATE LIMITED,1008.0,0.0,1008.0,235.0,236880.0
2025-09-19,UHCHA2BASS07,HANAV MANUFACTURING AND BUSINESS PRIVATE LIMITED,504.0,0.0,504.0,235.0,118440.0
2025-09-19,UHCHA2BASS10,Aaru Plastics,1000.0,0.0,1000.0,235.0,235000.0
2025-09-19,UHCHA2BASS11,Aaru Plastics,1000.0,0.0,1000.0,235.0,235000.0
2025-09-19,UHCHARTOPS07,Aaru Plastics,500.0,0.0,500.0,34.0,17000.0
2025-09-19,UHCHARTOPS13,Aaru Plastics,780.0,0.0,780.0,34.0,26520.0
2025-09-19,UHCONSPOL3M,HP ENTERPRISES,200.0,0.0,200.0,137.47,27495.0
2025-09-19,UHCTPFGAAO13-T1.62,3DE Technology Prototype Solutions Pvt Ltd (Casting),31.0,0.0,31.0,355.48,11020.0
2025-09-19,UHCTPFGAGO06-T1.62,3DE Technology Prototype Solutions Pvt Ltd (Casting),43.0,0.0,43.0,380.0,16340.0
2025-09-19,UHCTPFGAGO07-T1.62,3DE Technology Prototype Solutions Pvt Ltd (Casting),72.0,0.0,72.0,380.0,27360.0
2025-09-19,UHCTPFGASO07-T1.62,3DE Technology Prototype Solutions Pvt Ltd (Casting),91.0,0.0,91.0,380.0,34580.0
2025-09-19,UHCTPFGMGO11-T1.62,3DE Technology Prototype Solutions Pvt Ltd (Casting),3.0,0.0,3.0,380.0,1140.0
2025-09-19,UHCTPFGMGO12-T1.62,3DE Technology Prototype Solutions Pvt Ltd (Casting),20.0,0.0,20.0,380.0,7600.0
2025-09-19,UHCTPFGMGO13-T1.62,3DE Technology Prototype Solutions Pvt Ltd (Casting),2.0,0.0,2.0,0.0,0.0
2025-09-19,UHCTPFGRTO10-T1.62,3DE Technology Prototype Solutions Pvt Ltd (Casting),3.0,0.0,3.0,380.0,1140.0
2025-09-19,UHCTPFGRTO11-T1.62,3DE Technology Prototype Solutions Pvt Ltd (Casting),178.0,0.0,178.0,380.0,67640.0
2025-09-19,UHCTPFGRTS08(RW)-1.62V,3DE Technology Prototype Solutions Pvt Ltd (Casting),296.0,0.0,296.0,380.0,112480.0
2025-09-19,UHCTPFGRTS09(RW)-1.62V,3DE Technology Prototype Solutions Pvt Ltd (Casting),75.0,0.0,75.0,380.0,28500.0
2025-09-19,UHCTPFGRTS12-T1.62,3DE Technology Prototype Solutions Pvt Ltd (Casting),71.0,0.0,71.0,380.0,26980.0
2025-09-19,UHDUMRING-AA,MAKENICA PRIVATE LIMITED (Regular Purchase),50.0,0.0,50.0,395.0,19750.0
2025-09-19,UHDUMRING-AG,MAKENICA PRIVATE LIMITED (Regular Purchase),21.0,0.0,21.0,395.0,8295.0
2025-09-19,UHDUMRING-AS,MAKENICA PRIVATE LIMITED (Regular Purchase),6.0,0.0,6.0,395.0,2370.0
2025-09-19,UHDUMRING-BRG,MAKENICA PRIVATE LIMITED (Regular Purchase),3.0,0.0,3.0,395.0,1185.0
2025-09-19,UHDUMRING-MG,MAKENICA PRIVATE LIMITED (Regular Purchase),72.0,0.0,72.0,395.0,28440.0
2025-09-19,UHDUMRING-RT,MAKENICA PRIVATE LIMITED (Regular Purchase),21.0,0.0,21.0,395.0,8295.0
2025-09-19,UHPLASIZRS05,ZOEONE INDUSTRIES,2500.0,0.0,2500.0,3.5,8750.0
2025-09-19,UHPLASIZRS06,ZOEONE INDUSTRIES,2500.0,0.0,2500.0,3.5,8750.0
2025-09-19,UHPLASIZRS07,ZOEONE INDUSTRIES,2500.0,0.0,2500.0,3.5,8750.0
2025-09-19,UHPLASIZRS08,ZOEONE INDUSTRIES,2500.0,0.0,2500.0,3.5,8750.0
2025-09-19,UHPLASIZRS09,ZOEONE INDUSTRIES,2500.0,0.0,2500.0,3.5,8750.0
2025-09-19,UHPLASIZRS10,ZOEONE INDUSTRIES,2500.0,0.0,2500.0,3.5,8750.0
2025-09-19,UHPLASIZRS11,ZOEONE INDUSTRIES,2500.0,0.0,2500.0,3.5,8750.0
2025-09-19,UHPLASIZRS12,ZOEONE INDUSTRIES,2500.0,0.0,2500.0,3.5,8750.0
2025-09-19,UHPLASIZRS13,ZOEONE INDUSTRIES,2500.0,0.0,2500.0,3.5,8750.0
2025-09-19,UHPLASIZRS14,ZOEONE INDUSTRIES,2500.0,0.0,2500.0,3.5,8750.0
2025-09-19,UHRD071K5L4,MOUSER ELECTRONIC,200.0,0.0,200.0,0.53,105.41
2025-09-19,UHRD071KLRC,MOUSER ELECTRONIC,600.0,0.0,600.0,0.53,316.22
2025-09-19,UHRD104KE14,MOUSER ELECTRONIC,4800.0,0.0,4800.0,0.61,2951.42
2025-09-19,UHRD105KA12,MOUSER ELECTRONIC,3600.0,0.0,3600.0,0.79,2846.02
2025-09-19,UHRD22KAA37D,MOUSER ELECTRONIC,200.0,0.0,200.0,0.97,193.25
2025-09-19,UHRD5054731,MOUSER ELECTRONIC,200.0,0.0,200.0,39.97,7993.44
2025-09-19,UHRD70WB01D,MOUSER ELECTRONIC,200.0,0.0,200.0,3.78,755.42
2025-09-19,UHRDADG849Y,MOUSER ELECTRONIC,200.0,0.0,200.0,140.54,28108.8
2025-09-19,UHRDB3U10PM,MOUSER ELECTRONIC,200.0,0.0,200.0,59.2,11840.83
2025-09-19,UHRDBLM18PG,MOUSER ELECTRONIC,1200.0,0.0,1200.0,2.46,2951.42
2025-09-19,UHRDDRV2605,MOUSER ELECTRONIC,200.0,0.0,200.0,93.99,18797.76
2025-09-19,UHRDFDMPSO6,MAKENICA PRIVATE LIMITED (Regular Purchase),60.0,0.0,60.0,432.0,25920.0
2025-09-19,UHRDLQ15HS2,MOUSER ELECTRONIC,400.0,0.0,400.0,2.64,1054.08
2025-09-19,UHRDPCSELET,SiTime Corporation,2.0,0.0,2.0,0.0,0.0
2025-09-19,UHRDPOGOPIN,"Dongguan Mingtan Electronics Co., Ltd",2000.0,0.0,2000.0,10.98,21960.0
2025-09-19,UHRDRED624D,"Swift Electrocomp Solutions Pvt Ltd.,",500.0,0.0,500.0,23.9,11950.0
2025-09-19,UHRDSMPS200,Aarthi Electronics,100.0,0.0,100.0,2280.0,228000.0
2025-09-19,UHRDTXS0104,MOUSER ELECTRONIC,200.0,0.0,200.0,46.38,9275.9
2025-09-19,UHRDWTD25ML,MOUSER ELECTRONIC,400.0,0.0,400.0,6.59,2635.2
2025-09-20,UH0.2RT09,IILA INDUSTRIES (Regular Purchase),534.0,0.0,534.0,40.0,21360.0
2025-09-20,UHC2PCBREV21,"Shenzhen JDB Technology Co., Ltd.",61332.0,0.0,61332.0,16.01,982199.78
2025-09-20,UHC3LASERTOPS07,Aaru Plastics,615.0,0.0,615.0,28.0,17220.0
2025-09-20,UHC3LASERTOPS13,Aaru Plastics,1100.0,0.0,1100.0,28.0,30800.0
2025-09-20,UHC3LASERTOPS14,Aaru Plastics,500.0,0.0,500.0,28.0,14000.0
2025-09-20,UHC3PAINBASES08,Aaru Plastics,372.0,0.0,372.0,0.0,0.0
2025-09-20,UHC3PAINBASES09,Aaru Plastics,500.0,0.0,500.0,0.0,0.0
2025-09-20,UHCH2COHOS07,3DE Technology Prototype Solutions Pvt Ltd (Regular Purchase),500.0,0.0,500.0,32.0,16000.0
2025-09-20,UHCH2COHOS08,3DE Technology Prototype Solutions Pvt Ltd (Regular Purchase),1500.0,0.0,1500.0,32.0,48000.0
2025-09-20,UHCH2COHOS11,3DE Technology Prototype Solutions Pvt Ltd (Regular Purchase),1500.0,0.0,1500.0,32.0,48000.0
2025-09-20,UHCHA2BASS07,HANAV MANUFACTURING AND BUSINESS PRIVATE LIMITED,504.0,0.0,504.0,235.0,118440.0
2025-09-20,UHCHA2BASS08,HANAV MANUFACTURING AND BUSINESS PRIVATE LIMITED,1008.0,0.0,1008.0,235.0,236880.0
2025-09-20,UHCHA2BASS09,HANAV MANUFACTURING AND BUSINESS PRIVATE LIMITED,1008.0,0.0,1008.0,235.0,236880.0
2025-09-20,UHCHA2BASS10,Aaru Plastics,1000.0,0.0,1000.0,235.0,235000.0
2025-09-20,UHCHA2BASS11,Aaru Plastics,1000.0,0.0,1000.0,235.0,235000.0
2025-09-20,UHCHARTOPS05,Aaru Plastics,450.0,0.0,450.0,34.0,15300.0
2025-09-20,UHCHARTOPS07,Aaru Plastics,480.0,0.0,480.0,34.0,16320.0
2025-09-20,UHCHARTOPS11,Aaru Plastics,500.0,0.0,500.0,34.0,17000.0
2025-09-20,UHCTPFGAAO13-T1.62,3DE Technology Prototype Solutions Pvt Ltd (Casting),31.0,0.0,31.0,380.0,11780.0
2025-09-20,UHCTPFGAGO06-T1.62,3DE Technology Prototype Solutions Pvt Ltd (Casting),3.0,0.0,3.0,380.0,1140.0
2025-09-20,UHCTPFGAGO07-T1.62,3DE Technology Prototype Solutions Pvt Ltd (Casting),324.0,0.0,324.0,380.0,123120.0
2025-09-20,UHCTPFGAGO08-T1.62,3DE Technology Prototype Solutions Pvt Ltd (Casting),221.0,0.0,221.0,380.0,83980.0
2025-09-20,UHCTPFGASO07-T1.62,3DE Technology Prototype Solutions Pvt Ltd (Casting),140.0,0.0,140.0,380.0,53200.0
2025-09-20,UHCTPFGASO08-T1.62,3DE Technology Prototype Solutions Pvt Ltd (Casting),221.0,0.0,221.0,380.0,83980.0
2025-09-20,UHCTPFGASS11-T1.62,3DE Technology Prototype Solutions Pvt Ltd (Casting),98.0,0.0,98.0,380.0,37240.0
2025-09-20,UHCTPFGMGO10-T1.62,3DE Technology Prototype Solutions Pvt Ltd (Casting),57.0,0.0,57.0,380.0,21660.0
2025-09-20,UHCTPFGMGO12-T1.62,3DE Technology Prototype Solutions Pvt Ltd (Casting),1.0,0.0,1.0,380.0,380.0
2025-09-20,UHCTPFGMGS08-T1.62,3DE Technology Prototype Solutions Pvt Ltd (Casting),100.0,0.0,100.0,380.0,38000.0
2025-09-20,UHCTPFGRTO11-T1.62,3DE Technology Prototype Solutions Pvt Ltd (Casting),62.0,0.0,62.0,380.0,23560.0
2025-09-20,UHCTPFGRTO13-T1.62,3DE Technology Prototype Solutions Pvt Ltd (Casting),106.0,0.0,106.0,380.0,40280.0
2025-09-20,UHCTPFGRTS08(RW)-1.62V,3DE Technology Prototype Solutions Pvt Ltd (Casting),314.0,0.0,314.0,380.0,119320.0
2025-09-20,UHCTPFGRTS09(RW)-1.62V,3DE Technology Prototype Solutions Pvt Ltd (Casting),15.0,0.0,15.0,380.0,5700.0
2025-09-20,UHCTPFGRTS10-T1.62,3DE Technology Prototype Solutions Pvt Ltd (Casting),99.0,0.0,99.0,380.0,37620.0
2025-09-20,UHCTPFGRTS12-T1.62,3DE Technology Prototype Solutions Pvt Ltd (Casting),48.0,0.0,48.0,380.0,18240.0
2025-09-20,UHCTPFGRTS14-T1.62,3DE Technology Prototype Solutions Pvt Ltd (Casting),18.0,0.0,18.0,380.0,6840.0
2025-09-20,UHLEDWOR812B,AGILE TRADE SOLUTIONS,50000.0,0.0,50000.0,7.06,353000.0
2025-09-20,UHPLASIZRS05,ZOEONE INDUSTRIES,2500.0,0.0,2500.0,3.5,8750.0
2025-09-20,UHPLASIZRS06,ZOEONE INDUSTRIES,2500.0,0.0,2500.0,3.5,8750.0
2025-09-20,UHPLASIZRS07,ZOEONE INDUSTRIES,2500.0,0.0,2500.0,3.5,8750.0
2025-09-20,UHPLASIZRS08,ZOEONE INDUSTRIES,2500.0,0.0,2500.0,3.5,8750.0
2025-09-20,UHPLASIZRS09,ZOEONE INDUSTRIES,2500.0,0.0,2500.0,3.5,8750.0
2025-09-20,UHPLASIZRS10,ZOEONE INDUSTRIES,2500.0,0.0,2500.0,3.5,8750.0
2025-09-20,UHPLASIZRS11,ZOEONE INDUSTRIES,2500.0,0.0,2500.0,3.5,8750.0
2025-09-20,UHPLASIZRS12,ZOEONE INDUSTRIES,2500.0,0.0,2500.0,3.5,8750.0
2025-09-20,UHPLASIZRS13,ZOEONE INDUSTRIES,2500.0,0.0,2500.0,3.5,8750.0
2025-09-20,UHPLASIZRS14,ZOEONE INDUSTRIES,2500.0,0.0,2500.0,3.5,8750.0
2025-09-20,UHRDPCBULTR,MASCOT ENTERPRISE LIMITED,60.0,0.0,60.0,1800.72,108043.2
2025-09-20,UHRDSIT32KC,SEMISEARCH TECHNOLOGIES PRIVATE LIMITED,9832.0,0.0,9832.0,96.07,944560.24
2025-09-20,UHSWATCHAA,Mudra innovation,10000.0,151.0,9849.0,12.2,120157.8
2025-09-20,UHSWATCHAG,Mudra innovation,10000.0,54.0,9946.0,12.2,121341.2
2025-09-20,UHSWATCHAS,Mudra innovation,10000.0,17.0,9983.0,12.2,121792.6
2025-09-20,UHSWATCHBRG,Mudra innovation,10000.0,572.0,9428.0,18.0,169704.0
2025-09-20,UHSWATCHMG,Mudra innovation,10000.0,360.0,9640.0,12.2,117608.0
2025-09-20,UHSWATCHRT,Mudra innovation,10000.0,219.0,9781.0,12.2,119328.2
2025-09-22,UHC2C47PF25V,SEMISEARCH TECHNOLOGIES PRIVATE LIMITED,40000.0,0.0,40000.0,0.95,38000.0
2025-09-22,UHC3LASERTOPS05,Aaru Plastics,800.0,0.0,800.0,28.0,22400.0
2025-09-22,UHC3LASERTOPS09,Aaru Plastics,400.0,0.0,400.0,28.0,11200.0
2025-09-22,UHC3LASERTOPS14,Aaru Plastics,1000.0,0.0,1000.0,28.0,28000.0
2025-09-22,UHC3PAINBASES08,Aaru Plastics,500.0,0.0,500.0,0.0,0.0
2025-09-22,UHC3PAINBASES10,Aaru Plastics,500.0,0.0,500.0,0.0,0.0
2025-09-22,UHCH2COHOS11,3DE Technology Prototype Solutions Pvt Ltd (Regular Purchase),1000.0,0.0,1000.0,32.0,32000.0
2025-09-22,UHCHA2BASS10,Aaru Plastics,1000.0,0.0,1000.0,235.0,235000.0
2025-09-22,UHCHTOP2.5S07,Aaru Plastics,300.0,0.0,300.0,34.0,10200.0
2025-09-22,UHCTPFGAAS12-T1.62,3DE Technology Prototype Solutions Pvt Ltd (Casting),67.0,0.0,67.0,380.0,25460.0
2025-09-22,UHCTPFGAGO07-T1.62,3DE Technology Prototype Solutions Pvt Ltd (Casting),142.0,0.0,142.0,380.0,53960.0
2025-09-22,UHCTPFGAGO08-T1.62,3DE Technology Prototype Solutions Pvt Ltd (Casting),19.0,0.0,19.0,380.0,7220.0
2025-09-22,UHCTPFGAGO10-T1.62,3DE Technology Prototype Solutions Pvt Ltd (Casting),63.0,0.0,63.0,380.0,23940.0
2025-09-22,UHCTPFGASO07-T1.62,3DE Technology Prototype Solutions Pvt Ltd (Casting),6.0,0.0,6.0,380.0,2280.0
2025-09-22,UHCTPFGASO08-T1.62,3DE Technology Prototype Solutions Pvt Ltd (Casting),16.0,0.0,16.0,380.0,6080.0
2025-09-22,UHCTPFGASS11-T1.62,3DE Technology Prototype Solutions Pvt Ltd (Casting),15.0,0.0,15.0,380.0,5700.0
2025-09-22,UHCTPFGMGO10-T1.62,3DE Technology Prototype Solutions Pvt Ltd (Casting),56.0,0.0,56.0,380.0,21280.0
2025-09-22,UHCTPFGMGS08-T1.62,3DE Technology Prototype Solutions Pvt Ltd (Casting),19.0,0.0,19.0,380.0,7220.0
2025-09-22,UHCTPFGRTO11-T1.62,3DE Technology Prototype Solutions Pvt Ltd (Casting),77.0,0.0,77.0,380.0,29260.0
2025-09-22,UHCTPFGRTO13-T1.62,3DE Technology Prototype Solutions Pvt Ltd (Casting),13.0,0.0,13.0,380.0,4940.0
2025-09-22,UHCTPFGRTS08(RW)-1.62V,3DE Technology Prototype Solutions Pvt Ltd (Casting),22.0,0.0,22.0,380.0,8360.0
2025-09-22,UHCTPFGRTS10-T1.62,3DE Technology Prototype Solutions Pvt Ltd (Casting),260.0,0.0,260.0,380.0,98800.0
2025-09-22,UHCTPFGRTS12-T1.62,3DE Technology Prototype Solutions Pvt Ltd (Casting),22.0,0.0,22.0,380.0,8360.0
2025-09-22,UHCTPFGRTS14-T1.62,3DE Technology Prototype Solutions Pvt Ltd (Casting),29.0,0.0,29.0,380.0,11020.0
2025-09-22,UHIND2213A156,SEMISEARCH TECHNOLOGIES PRIVATE LIMITED,138000.0,18000.0,120000.0,11.45,1374000.0
2025-09-22,UHPLASIZRS05,ZOEONE INDUSTRIES,2500.0,0.0,2500.0,3.5,8750.0
2025-09-22,UHPLASIZRS06,ZOEONE INDUSTRIES,2500.0,0.0,2500.0,3.5,8750.0
2025-09-22,UHPLASIZRS07,ZOEONE INDUSTRIES,2500.0,0.0,2500.0,3.5,8750.0
2025-09-22,UHPLASIZRS08,ZOEONE INDUSTRIES,2500.0,0.0,2500.0,3.5,8750.0
2025-09-22,UHPLASIZRS09,ZOEONE INDUSTRIES,2500.0,0.0,2500.0,3.5,8750.0
2025-09-22,UHPLASIZRS10,ZOEONE INDUSTRIES,2500.0,0.0,2500.0,3.5,8750.0
2025-09-22,UHPLASIZRS11,ZOEONE INDUSTRIES,2500.0,0.0,2500.0,3.5,8750.0
2025-09-22,UHPLASIZRS12,ZOEONE INDUSTRIES,2500.0,0.0,2500.0,3.5,8750.0
2025-09-22,UHPLASIZRS13,ZOEONE INDUSTRIES,2500.0,0.0,2500.0,3.5,8750.0
2025-09-22,UHPLASIZRS14,ZOEONE INDUSTRIES,2500.0,0.0,2500.0,3.5,8750.0
2025-09-22,UHRD5758552,"Mouser Electronics, Inc.",100.0,0.0,100.0,275.82,27581.76
2025-09-22,UHRDASANODR,Nordic Semiconducktor ASA,4.0,0.0,4.0,878.4,3513.6
2025-09-22,UHRDELGSAT4,PROTOMONT TECHNOLOGIES LLP,1.0,0.0,1.0,499.0,499.0
2025-09-22,UHRDM1PHLPS,Amazon India PVT LTD,1.0,0.0,1.0,2529.0,2529.0
2025-09-22,UHRDPLSTSAM,"YongChangXing International (HK), LTD",16.0,0.0,16.0,87.84,1405.44
2025-09-22,UHRDRTM1393,"Shenzhen JDB Technology Co., Ltd.",100.0,0.0,100.0,1209.56,120955.68
2025-09-22,UHRDRTM2392,"Shenzhen JDB Technology Co., Ltd.",400.0,0.0,400.0,2009.78,803911.68
2025-09-22,UHRDSI1012R,WorldWay Electronics Limited,600.0,0.0,600.0,15.81,9486.72
2025-09-22,UHRDSOVOL3D,Amazon India PVT LTD,1.0,0.0,1.0,1679.07,1679.07
2025-09-22,UHRDTECHPLT,Amazon India PVT LTD,2.0,0.0,2.0,422.0,844.0
2025-09-22,UHRESYAG60KO,SEMISEARCH TECHNOLOGIES PRIVATE LIMITED,21435.0,0.0,21435.0,0.29,6216.15
2025-09-23,UHC2PCBAREV21,Hi-Rel Tech Private Limited,3000.0,0.0,3000.0,32.0,96000.0
2025-09-23,UHC2PCBAREV21,Zreyah Semiconductor Systems Pvt. Ltd.,2356.0,0.0,2356.0,40.0,94240.0
2025-09-23,UHC3LASERTOPS06,Aaru Plastics,1100.0,0.0,1100.0,28.0,30800.0
2025-09-23,UHC3LASERTOPS09,Aaru Plastics,400.0,0.0,400.0,28.0,11200.0
2025-09-23,UHC3PAINBASES07,Aaru Plastics,500.0,0.0,500.0,0.0,0.0
2025-09-23,UHC3PAINBASES11,Aaru Plastics,300.0,0.0,300.0,0.0,0.0
2025-09-23,UHCAPTAY27PF,"Swift Electrocomp Solutions Pvt Ltd.,",70000.0,0.0,70000.0,0.5,35000.0
2025-09-23,UHCH2COHOS07,3DE Technology Prototype Solutions Pvt Ltd (Regular Purchase),500.0,0.0,500.0,32.0,16000.0
2025-09-23,UHCHA2BASS05,Aaru Plastics,1000.0,0.0,1000.0,235.0,235000.0
2025-09-23,UHCHARTOPS07,Aaru Plastics,1000.0,0.0,1000.0,34.0,34000.0
2025-09-23,UHCHARTOPS08,Aaru Plastics,2000.0,0.0,2000.0,34.0,68000.0
2025-09-23,UHCHTOP2.5S07,Aaru Plastics,600.0,0.0,600.0,34.0,20400.0
2025-09-23,UHCTPFGAAS09-T1.62,3DE Technology Prototype Solutions Pvt Ltd (Casting),45.0,0.0,45.0,380.0,17100.0
2025-09-23,UHCTPFGAAS12-T1.62,3DE Technology Prototype Solutions Pvt Ltd (Casting),47.0,0.0,47.0,380.0,17860.0
2025-09-23,UHCTPFGAGO07-T1.62,3DE Technology Prototype Solutions Pvt Ltd (Casting),73.0,0.0,73.0,380.0,27740.0
2025-09-23,UHCTPFGAGO08-T1.62,3DE Technology Prototype Solutions Pvt Ltd (Casting),52.0,0.0,52.0,380.0,19760.0
2025-09-23,UHCTPFGAGO09-T1.62,3DE Technology Prototype Solutions Pvt Ltd (Casting),16.0,0.0,16.0,380.0,6080.0
2025-09-23,UHCTPFGAGO10-T1.62,3DE Technology Prototype Solutions Pvt Ltd (Casting),54.0,0.0,54.0,380.0,20520.0
2025-09-23,UHCTPFGASO06-T1.62,3DE Technology Prototype Solutions Pvt Ltd (Casting),111.0,0.0,111.0,380.0,42180.0
2025-09-23,UHCTPFGASO07-T1.62,3DE Technology Prototype Solutions Pvt Ltd (Casting),3.0,0.0,3.0,380.0,1140.0
2025-09-23,UHCTPFGASO08-T1.62,3DE Technology Prototype Solutions Pvt Ltd (Casting),48.0,0.0,48.0,380.0,18240.0
2025-09-23,UHCTPFGASS11-T1.62,3DE Technology Prototype Solutions Pvt Ltd (Casting),4.0,0.0,4.0,380.0,1520.0
2025-09-23,UHCTPFGBRGO10-T1.62,3DE Technology Prototype Solutions Pvt Ltd (Casting),12.0,0.0,12.0,380.0,4560.0
2025-09-23,UHCTPFGMGO10-T1.62,3DE Technology Prototype Solutions Pvt Ltd (Casting),7.0,0.0,7.0,380.0,2660.0
2025-09-23,UHCTPFGMGS08-T1.62,3DE Technology Prototype Solutions Pvt Ltd (Casting),1.0,0.0,1.0,380.0,380.0
2025-09-23,UHCTPFGRTO09-T1.62,3DE Technology Prototype Solutions Pvt Ltd (Casting),59.0,0.0,59.0,380.0,22420.0
2025-09-23,UHCTPFGRTO11-T1.62,3DE Technology Prototype Solutions Pvt Ltd (Casting),40.0,0.0,40.0,380.0,15200.0
2025-09-23,UHCTPFGRTO13-T1.62,3DE Technology Prototype Solutions Pvt Ltd (Casting),1.0,0.0,1.0,380.0,380.0
2025-09-23,UHCTPFGRTS08(RW)-1.62V,3DE Technology Prototype Solutions Pvt Ltd (Casting),8.0,0.0,8.0,380.0,3040.0
2025-09-23,UHCTPFGRTS09-T1.62,3DE Technology Prototype Solutions Pvt Ltd (Casting),56.0,0.0,56.0,380.0,21280.0
2025-09-23,UHCTPFGRTS10-T1.62,3DE Technology Prototype Solutions Pvt Ltd (Casting),111.0,0.0,111.0,380.0,42180.0
2025-09-23,UHCTPFGRTS12-T1.62,3DE Technology Prototype Solutions Pvt Ltd (Casting),33.0,0.0,33.0,380.0,12540.0
2025-09-23,UHCTPFGRTS14-T1.62,3DE Technology Prototype Solutions Pvt Ltd (Casting),12.0,0.0,12.0,380.0,4560.0
2025-09-23,UHDIOCOMT33V,"Swift Electrocomp Solutions Pvt Ltd.,",32000.0,0.0,32000.0,5.01,160320.0
2025-09-23,UHDIOSMCAV99,"Swift Electrocomp Solutions Pvt Ltd.,",51000.0,0.0,51000.0,2.99,152490.0
2025-09-23,UHICHTEXTMP1,ARROW ELECTRONICS ASIA (S) PTE LTD,87000.0,0.0,87000.0,11.16,970544.16
2025-09-23,UHPLASIZRS05,ZOEONE INDUSTRIES,2500.0,0.0,2500.0,3.5,8750.0
2025-09-23,UHPLASIZRS06,ZOEONE INDUSTRIES,2500.0,0.0,2500.0,3.5,8750.0
2025-09-23,UHPLASIZRS07,ZOEONE INDUSTRIES,2500.0,0.0,2500.0,3.5,8750.0
2025-09-23,UHPLASIZRS08,ZOEONE INDUSTRIES,2500.0,0.0,2500.0,3.5,8750.0
2025-09-23,UHPLASIZRS09,ZOEONE INDUSTRIES,2500.0,0.0,2500.0,3.5,8750.0
2025-09-23,UHPLASIZRS10,ZOEONE INDUSTRIES,2500.0,0.0,2500.0,3.5,8750.0
2025-09-23,UHPLASIZRS11,ZOEONE INDUSTRIES,2500.0,0.0,2500.0,3.5,8750.0
2025-09-23,UHPLASIZRS12,ZOEONE INDUSTRIES,2500.0,0.0,2500.0,3.5,8750.0
2025-09-23,UHPLASIZRS13,ZOEONE INDUSTRIES,2500.0,0.0,2500.0,3.5,8750.0
2025-09-23,UHPLASIZRS14,ZOEONE INDUSTRIES,2500.0,0.0,2500.0,3.5,8750.0
2025-09-23,UHPRINTBATPCB,Suprabha ColorGrafix Private Limited,32500.0,0.0,32500.0,1.0,32500.0
2025-09-23,UHRD2040175,"Swift Electrocomp Solutions Pvt Ltd.,",10000.0,0.0,10000.0,6.2,62000.0
2025-09-23,UHRD3PWTB78,"Swift Electrocomp Solutions Pvt Ltd.,",5000.0,0.0,5000.0,18.83,94150.0
2025-09-23,UHRD7817203,"Swift Electrocomp Solutions Pvt Ltd.,",5000.0,0.0,5000.0,5.45,27250.0
2025-09-23,UHRD8552204,"Swift Electrocomp Solutions Pvt Ltd.,",100.0,0.0,100.0,341.94,34194.0
2025-09-23,UHRDSTROK12,MACFOS PRIVATE LIMITED,1.0,0.0,1.0,4342.27,4342.27
2025-09-23,UHRESYAG074O,"Swift Electrocomp Solutions Pvt Ltd.,",60000.0,0.0,60000.0,0.85,51000.0
2025-09-23,UHRING1.62PCBA,Zreyah Semiconductor Systems Pvt. Ltd.,2303.0,0.0,2303.0,140.0,322420.0
2025-09-23,UHSWATCHAA,Mudra innovation,5000.0,253.0,4747.0,12.2,57913.4
2025-09-23,UHSWATCHAG,Mudra innovation,5000.0,44.0,4956.0,12.2,60463.2
2025-09-23,UHSWATCHAS,Mudra innovation,5000.0,15.0,4985.0,12.2,60817.0
2025-09-23,UHSWATCHBRG,Mudra innovation,5000.0,120.0,4880.0,18.0,87840.0
2025-09-23,UHSWATCHMG,Mudra innovation,5000.0,67.0,4933.0,12.2,60182.6
2025-09-23,UHSWATCHRT,Mudra innovation,5000.0,169.0,4831.0,12.2,58938.2
2025-09-23,UHTAPEDC10X8,Suprabha ColorGrafix Private Limited,200000.0,0.0,200000.0,0.3,60000.0
2025-09-24,UH0.2MIRROR08,HANAV MANUFACTURING AND BUSINESS PRIVATE LIMITED,1.0,0.0,1.0,530.0,530.0
2025-09-24,UH0.2MIRROR09,HANAV MANUFACTURING AND BUSINESS PRIVATE LIMITED,14.0,0.0,14.0,530.0,7420.0
2025-09-24,UH0.2MIRROR10,HANAV MANUFACTURING AND BUSINESS PRIVATE LIMITED,55.0,0.0,55.0,530.0,29150.0
2025-09-24,UH0.2MIRROR11,HANAV MANUFACTURING AND BUSINESS PRIVATE LIMITED,2.0,0.0,2.0,530.0,1060.0
2025-09-24,UH0.2RT09,IILA INDUSTRIES (Regular Purchase),576.0,0.0,576.0,40.0,23040.0
2025-09-24,UHC2PCBAREV21,Zreyah Semiconductor Systems Pvt. Ltd.,1823.0,0.0,1823.0,40.0,72920.0
2025-09-24,UHCH2COHOS07,3DE Technology Prototype Solutions Pvt Ltd (Regular Purchase),150.0,0.0,150.0,32.0,4800.0
2025-09-24,UHCH2COHOS09,3DE Technology Prototype Solutions Pvt Ltd (Regular Purchase),350.0,0.0,350.0,32.0,11200.0
2025-09-24,UHCHA2BASS06,HANAV MANUFACTURING AND BUSINESS PRIVATE LIMITED,504.0,0.0,504.0,235.0,118440.0
2025-09-24,UHCHA2BASS07,HANAV MANUFACTURING AND BUSINESS PRIVATE LIMITED,504.0,0.0,504.0,235.0,118440.0
2025-09-24,UHCHA2BASS09,HANAV MANUFACTURING AND BUSINESS PRIVATE LIMITED,504.0,0.0,504.0,235.0,118440.0
2025-09-24,UHCONSLTHVHT,Sellex Incorp,2.0,0.0,2.0,408.0,816.0
2025-09-24,UHPLASIZRS05,ZOEONE INDUSTRIES,2500.0,0.0,2500.0,3.5,8750.0
2025-09-24,UHPLASIZRS06,ZOEONE INDUSTRIES,2500.0,0.0,2500.0,3.5,8750.0
2025-09-24,UHPLASIZRS07,ZOEONE INDUSTRIES,2500.0,0.0,2500.0,3.5,8750.0
2025-09-24,UHPLASIZRS08,ZOEONE INDUSTRIES,2500.0,0.0,2500.0,3.5,8750.0
2025-09-24,UHPLASIZRS09,ZOEONE INDUSTRIES,2500.0,0.0,2500.0,3.5,8750.0
2025-09-24,UHPLASIZRS10,ZOEONE INDUSTRIES,2500.0,0.0,2500.0,3.5,8750.0
2025-09-24,UHPLASIZRS11,ZOEONE INDUSTRIES,2500.0,0.0,2500.0,3.5,8750.0
2025-09-24,UHPLASIZRS12,ZOEONE INDUSTRIES,2500.0,0.0,2500.0,3.5,8750.0
2025-09-24,UHPLASIZRS13,ZOEONE INDUSTRIES,2500.0,0.0,2500.0,3.5,8750.0
2025-09-24,UHPLASIZRS14,ZOEONE INDUSTRIES,2500.0,0.0,2500.0,3.5,8750.0
2025-09-24,UHPRINTBATPCB,Suprabha ColorGrafix Private Limited,20000.0,0.0,20000.0,1.0,20000.0
2025-09-24,UHRDBOTPADA,"Shenzhen BZ Tape Co., Ltd.",1000.0,0.0,1000.0,14.93,14932.8
2025-09-24,UHRDCONFLY1,Aarthi Electronics,28.0,0.0,28.0,5687.5,159250.0
2025-09-24,UHRDELEGOOL,Amazon India PVT LTD,1.0,0.0,1.0,5522.88,5522.88
2025-09-24,UHRDHINGZB1,Dongguan smooth intelligent technology,200.0,0.0,200.0,87.84,17568.0
2025-09-24,UHRDISCALEI,Amazon India PVT LTD,1.0,0.0,1.0,3770.34,3770.34
2025-09-24,UHRDORING4D,MISUMI INDIA PRIVATE LIMITED,20.0,0.0,20.0,51.27,1025.4
2025-09-24,UHRDPRINCUR,NOA Labs (Shenzhen) Ltd.,5.0,0.0,5.0,175.68,878.4
2025-09-24,UHRDPTS10X3,J C GUPTA & SONS,50.0,0.0,50.0,21.6,1080.0
2025-09-24,UHRDPTS14X5,J C GUPTA & SONS,50.0,0.0,50.0,18.0,900.0
2025-09-24,UHRDRBERPAD,"Xiamen GBS Adhesive Tape Co.,Ltd",1000.0,0.0,1000.0,14.93,14932.8
2025-09-24,UHRDRIANZSC,Amazon India PVT LTD,2.0,0.0,2.0,159.82,319.64
2025-09-24,UHRDTPS7A03,"Swift Electrocomp Solutions Pvt Ltd.,",1000.0,0.0,1000.0,35.49,35490.0
2025-09-24,UHRING1.62PCBA,Zreyah Semiconductor Systems Pvt. Ltd.,1451.0,0.0,1451.0,140.0,203140.0
2025-09-24,UH_RING_PRO_REV3_2,Zreyah Semiconductor Systems Pvt. Ltd.,84.0,0.0,84.0,680.0,57120.0
2025-09-25,UHC2068NF50V,"Swift Electrocomp Solutions Pvt Ltd.,",52000.0,0.0,52000.0,0.91,47320.0
2025-09-25,UHC2PCBAREV21,Zreyah Semiconductor Systems Pvt. Ltd.,1500.0,0.0,1500.0,40.0,60000.0
2025-09-25,UHCH2COHOS07,3DE Technology Prototype Solutions Pvt Ltd (Regular Purchase),500.0,0.0,500.0,32.0,16000.0
2025-09-25,UHCTPFGAAS09-T1.62,3DE Technology Prototype Solutions Pvt Ltd (Casting),154.0,0.0,154.0,380.0,58520.0
2025-09-25,UHCTPFGAAS12-T1.62,3DE Technology Prototype Solutions Pvt Ltd (Casting),5.0,0.0,5.0,380.0,1900.0
2025-09-25,UHCTPFGAGO07-T1.62,3DE Technology Prototype Solutions Pvt Ltd (Casting),60.0,0.0,60.0,380.0,22800.0
2025-09-25,UHCTPFGAGO08-T1.62,3DE Technology Prototype Solutions Pvt Ltd (Casting),66.0,0.0,66.0,380.0,25080.0
2025-09-25,UHCTPFGAGO09-T1.62,3DE Technology Prototype Solutions Pvt Ltd (Casting),67.0,0.0,67.0,380.0,25460.0
2025-09-25,UHCTPFGAGO10-T1.62,3DE Technology Prototype Solutions Pvt Ltd (Casting),3.0,0.0,3.0,380.0,1140.0
2025-09-25,UHCTPFGASO06-T1.62,3DE Technology Prototype Solutions Pvt Ltd (Casting),123.0,0.0,123.0,380.0,46740.0
2025-09-25,UHCTPFGASO08-T1.62,3DE Technology Prototype Solutions Pvt Ltd (Casting),74.0,0.0,74.0,380.0,28120.0
2025-09-25,UHCTPFGBRGO10-T1.62,3DE Technology Prototype Solutions Pvt Ltd (Casting),108.0,0.0,108.0,380.0,41040.0
2025-09-25,UHCTPFGRTO09-T1.62,3DE Technology Prototype Solutions Pvt Ltd (Casting),121.0,0.0,121.0,380.0,45980.0
2025-09-25,UHCTPFGRTO11-T1.62,3DE Technology Prototype Solutions Pvt Ltd (Casting),3.0,0.0,3.0,380.0,1140.0
2025-09-25,UHCTPFGRTS09-T1.62,3DE Technology Prototype Solutions Pvt Ltd (Casting),64.0,0.0,64.0,380.0,24320.0
2025-09-25,UHCTPFGRTS10-T1.62,3DE Technology Prototype Solutions Pvt Ltd (Casting),9.0,0.0,9.0,380.0,3420.0
2025-09-25,UHCTPFGRTS12-T1.62,3DE Technology Prototype Solutions Pvt Ltd (Casting),5.0,0.0,5.0,380.0,1900.0
2025-09-25,UHCTPFGRTS14-T1.62,3DE Technology Prototype Solutions Pvt Ltd (Casting),1.0,0.0,1.0,380.0,380.0
2025-09-25,UHDIODIOI75V,"Swift Electrocomp Solutions Pvt Ltd.,",39000.0,0.0,39000.0,2.3,89700.0
2025-09-25,UHPLASIZRS05,ZOEONE INDUSTRIES,2500.0,0.0,2500.0,3.5,8750.0
2025-09-25,UHPLASIZRS06,ZOEONE INDUSTRIES,2500.0,0.0,2500.0,3.5,8750.0
2025-09-25,UHPLASIZRS07,ZOEONE INDUSTRIES,2500.0,0.0,2500.0,3.5,8750.0
2025-09-25,UHPLASIZRS08,ZOEONE INDUSTRIES,2500.0,0.0,2500.0,3.5,8750.0
2025-09-25,UHPLASIZRS09,ZOEONE INDUSTRIES,2500.0,0.0,2500.0,3.5,8750.0
2025-09-25,UHPLASIZRS10,ZOEONE INDUSTRIES,2500.0,0.0,2500.0,3.5,8750.0
2025-09-25,UHPLASIZRS11,ZOEONE INDUSTRIES,2500.0,0.0,2500.0,3.5,8750.0
2025-09-25,UHPLASIZRS12,ZOEONE INDUSTRIES,2500.0,0.0,2500.0,3.5,8750.0
2025-09-25,UHPLASIZRS13,ZOEONE INDUSTRIES,2500.0,0.0,2500.0,3.5,8750.0
2025-09-25,UHPLASIZRS14,ZOEONE INDUSTRIES,2500.0,0.0,2500.0,3.5,8750.0
2025-09-25,UHRDADHESIV,EDMUND OPTICS INDIA PRIVATE LIMITED,1.0,0.0,1.0,3488.0,3488.0
2025-09-25,UHRDELGOBCK,MACFOS PRIVATE LIMITED,8.0,0.0,8.0,1475.42,11803.39
2025-09-25,UHRDKANGTAP,Amazon India PVT LTD,3.0,0.0,3.0,433.14,1299.42
2025-09-25,UHRDKEMET2A,"Swift Electrocomp Solutions Pvt Ltd.,",2041.0,0.0,2041.0,202.35,412996.35
2025-09-25,UHRDNRF54L1,MACFOS PRIVATE LIMITED,20.0,0.0,20.0,1423.73,28474.58
2025-09-25,UHRDRGPRBAT,WITGAIN TECHNOLOGY LIMITED,5050.0,0.0,5050.0,13.18,66538.8
2025-09-25,UHRDRINGA30,Zreyah Semiconductor Systems Pvt. Ltd.,50.0,0.0,50.0,120.0,6000.0
2025-09-25,UHRDRPCHV22,WITGAIN TECHNOLOGY LIMITED,240.0,0.0,240.0,3960.88,950611.51
2025-09-25,UHRDTLV7573,"Swift Electrocomp Solutions Pvt Ltd.,",1000.0,0.0,1000.0,14.5,14500.0
2025-09-25,UHRDTUK62BT,Amazon India PVT LTD,2.0,0.0,2.0,507.63,1015.26
2025-09-25,UHRESVIS10OH,"Swift Electrocomp Solutions Pvt Ltd.,",100000.0,0.0,100000.0,0.3,30000.0
2025-09-25,UHRESYAG60KO,SEMISEARCH TECHNOLOGIES PRIVATE LIMITED,30000.0,0.0,30000.0,0.29,8700.0
2025-09-25,UHRING1.62PCBA,Zreyah Semiconductor Systems Pvt. Ltd.,1025.0,0.0,1025.0,140.0,143500.0
2025-09-26,UHC2PCBAREV21,Hi-Rel Tech Private Limited,1000.0,0.0,1000.0,32.0,32000.0
2025-09-26,UHC3LASERTOPS07,Aaru Plastics,500.0,0.0,500.0,28.0,14000.0
2025-09-26,UHC3LASERTOPS12,Aaru Plastics,500.0,0.0,500.0,28.0,14000.0
2025-09-26,UHCH2COHOS09,3DE Technology Prototype Solutions Pvt Ltd (Regular Purchase),500.0,0.0,500.0,32.0,16000.0
2025-09-26,UHCHA2BASS11,Aaru Plastics,500.0,0.0,500.0,235.0,117500.0
2025-09-26,UHCHTOP2.5S07,Aaru Plastics,2000.0,0.0,2000.0,34.0,68000.0
2025-09-26,UHCHTOP2.5S11,Aaru Plastics,350.0,0.0,350.0,34.0,11900.0
2025-09-26,UHDIODIO100V,"Swift Electrocomp Solutions Pvt Ltd.,",102000.0,51000.0,51000.0,1.49,75990.0
2025-09-26,UHLROODALVR,OODA INDUSTRIAL PRODUCTS,25000.0,0.0,25000.0,8.35,208750.0
2025-09-26,UHPLASIZRS05,ZOEONE INDUSTRIES,2500.0,0.0,2500.0,3.5,8750.0
2025-09-26,UHPLASIZRS06,ZOEONE INDUSTRIES,2500.0,0.0,2500.0,3.5,8750.0
2025-09-26,UHPLASIZRS07,ZOEONE INDUSTRIES,2500.0,0.0,2500.0,3.5,8750.0
2025-09-26,UHPLASIZRS08,ZOEONE INDUSTRIES,2500.0,0.0,2500.0,3.5,8750.0
2025-09-26,UHPLASIZRS09,ZOEONE INDUSTRIES,2500.0,0.0,2500.0,3.5,8750.0
2025-09-26,UHPLASIZRS10,ZOEONE INDUSTRIES,2500.0,0.0,2500.0,3.5,8750.0
2025-09-26,UHPLASIZRS11,ZOEONE INDUSTRIES,2500.0,0.0,2500.0,3.5,8750.0
2025-09-26,UHPLASIZRS12,ZOEONE INDUSTRIES,2500.0,0.0,2500.0,3.5,8750.0
2025-09-26,UHPLASIZRS13,ZOEONE INDUSTRIES,2500.0,0.0,2500.0,3.5,8750.0
2025-09-26,UHPLASIZRS14,ZOEONE INDUSTRIES,2500.0,0.0,2500.0,3.5,8750.0
2025-09-26,UHRDSCREWS1,J C GUPTA & SONS,200.0,0.0,200.0,23.42,4683.5
2025-09-26,UHRDSUPFAST,FOCUS INDUSTRIAL SOLUTIONS,2.0,0.0,2.0,4028.0,8056.0
2025-09-26,UHRSOODALVR,OODA INDUSTRIAL PRODUCTS,50000.0,0.0,50000.0,9.82,491000.0
2025-09-26,UHSWATCHAA,Mudra innovation,5000.0,0.0,5000.0,12.2,61000.0
2025-09-26,UHSWATCHAG,Mudra innovation,5000.0,0.0,5000.0,12.2,61000.0
2025-09-26,UHSWATCHAS,Mudra innovation,5000.0,0.0,5000.0,12.2,61000.0
2025-09-26,UHSWATCHBRG,Mudra innovation,15000.0,156.0,14844.0,18.0,267192.0
2025-09-26,UHSWATCHMG,Mudra innovation,5000.0,0.0,5000.0,12.2,61000.0
2025-09-26,UHSWATCHRT,Mudra innovation,5000.0,0.0,5000.0,12.2,61000.0
2025-09-27,UHASRINGTRY,SHIVA ENGINEERING,150.0,0.0,150.0,320.0,48000.0
2025-09-27,UHC2PCBAREV21,Hi-Rel Tech Private Limited,1000.0,0.0,1000.0,32.0,32000.0
2025-09-27,UHC2PCBAREV21,Zreyah Semiconductor Systems Pvt. Ltd.,1500.0,0.0,1500.0,40.0,60000.0
2025-09-27,UHCTPFGRTO09-T1.62,3DE Technology Prototype Solutions Pvt Ltd (Casting),120.0,0.0,120.0,380.0,45600.0
2025-09-27,UHCTPFGRTS10-T1.62,3DE Technology Prototype Solutions Pvt Ltd (Casting),240.0,0.0,240.0,380.0,91200.0
2025-09-27,UHPLASIZRS05,ZOEONE INDUSTRIES,2500.0,0.0,2500.0,3.5,8750.0
2025-09-27,UHPLASIZRS06,ZOEONE INDUSTRIES,2500.0,0.0,2500.0,3.5,8750.0
2025-09-27,UHPLASIZRS07,ZOEONE INDUSTRIES,2500.0,0.0,2500.0,3.5,8750.0
2025-09-27,UHPLASIZRS08,ZOEONE INDUSTRIES,2500.0,0.0,2500.0,3.5,8750.0
2025-09-27,UHPLASIZRS09,ZOEONE INDUSTRIES,2500.0,0.0,2500.0,3.5,8750.0
2025-09-27,UHPLASIZRS10,ZOEONE INDUSTRIES,2500.0,0.0,2500.0,3.5,8750.0
2025-09-27,UHPLASIZRS11,ZOEONE INDUSTRIES,2500.0,0.0,2500.0,3.5,8750.0
2025-09-27,UHPLASIZRS12,ZOEONE INDUSTRIES,2500.0,0.0,2500.0,3.5,8750.0
2025-09-27,UHPLASIZRS13,ZOEONE INDUSTRIES,2500.0,0.0,2500.0,3.5,8750.0
2025-09-27,UHPLASIZRS14,ZOEONE INDUSTRIES,2500.0,0.0,2500.0,3.5,8750.0
2025-09-27,UHRDRINGA30,Zreyah Semiconductor Systems Pvt. Ltd.,450.0,0.0,450.0,120.0,54000.0
2025-09-27,UHRING1.62PCBA,Zreyah Semiconductor Systems Pvt. Ltd.,384.0,0.0,384.0,140.0,53760.0
2025-09-27,UHRW0.3RTS11,IILA INDUSTRIES (Regular Purchase),1266.0,0.0,1266.0,50.0,63300.0
2025-09-27,UHRW0.3RTS12,IILA INDUSTRIES (Regular Purchase),900.0,0.0,900.0,50.0,45000.0
2025-09-27,UHTRAYCFG48,SHIVA ENGINEERING,260.0,0.0,260.0,260.0,67600.0
2025-09-29,UH0.2MIRROR07,HANAV MANUFACTURING AND BUSINESS PRIVATE LIMITED,1.0,0.0,1.0,530.0,530.0
2025-09-29,UH0.2MIRROR08,HANAV MANUFACTURING AND BUSINESS PRIVATE LIMITED,2.0,0.0,2.0,530.0,1060.0
2025-09-29,UH0.2MIRROR09,HANAV MANUFACTURING AND BUSINESS PRIVATE LIMITED,4.0,0.0,4.0,530.0,2120.0
2025-09-29,UH0.2MIRROR10,HANAV MANUFACTURING AND BUSINESS PRIVATE LIMITED,25.0,0.0,25.0,530.0,13250.0
2025-09-29,UH0.2MIRROR11,HANAV MANUFACTURING AND BUSINESS PRIVATE LIMITED,2.0,0.0,2.0,530.0,1060.0
2025-09-29,UH0.2MIRROR12,HANAV MANUFACTURING AND BUSINESS PRIVATE LIMITED,2.0,0.0,2.0,530.0,1060.0
2025-09-29,UHC2PCBAREV21,Zreyah Semiconductor Systems Pvt. Ltd.,3290.0,0.0,3290.0,40.0,131600.0
2025-09-29,UHC3PAINBASES07,Aaru Plastics,400.0,0.0,400.0,0.0,0.0
2025-09-29,UHC3PAINBASES09,Aaru Plastics,500.0,0.0,500.0,0.0,0.0
2025-09-29,UHC3PAINBASES11,Aaru Plastics,700.0,0.0,700.0,0.0,0.0
2025-09-29,UHCH2COHOS09,3DE Technology Prototype Solutions Pvt Ltd (Regular Purchase),2000.0,0.0,2000.0,32.0,64000.0
2025-09-29,UHCHARTOPS07,Aaru Plastics,360.0,0.0,360.0,34.0,12240.0
2025-09-29,UHCHARTOPS08,Aaru Plastics,3300.0,0.0,3300.0,34.0,112200.0
2025-09-29,UHCHTOP2.5S07,Aaru Plastics,2500.0,0.0,2500.0,34.0,85000.0
2025-09-29,UHCTPFGAGO06-T1.62,3DE Technology Prototype Solutions Pvt Ltd (Casting),141.0,0.0,141.0,380.0,53580.0
2025-09-29,UHCTPFGAGO10-T1.62,3DE Technology Prototype Solutions Pvt Ltd (Casting),148.0,0.0,148.0,380.0,56240.0
2025-09-29,UHCTPFGASS11-T1.62,3DE Technology Prototype Solutions Pvt Ltd (Casting),102.0,0.0,102.0,380.0,38760.0
2025-09-29,UHCTPFGRTO09-T1.62,3DE Technology Prototype Solutions Pvt Ltd (Casting),92.0,0.0,92.0,380.0,34960.0
2025-09-29,UHPLASIZRS05,"YongChangXing International (HK), LTD",3000.0,0.0,3000.0,2.02,6060.96
2025-09-29,UHPLASIZRS06,"YongChangXing International (HK), LTD",3000.0,0.0,3000.0,2.02,6060.96
2025-09-29,UHPLASIZRS07,"YongChangXing International (HK), LTD",3000.0,0.0,3000.0,2.02,6060.96
2025-09-29,UHPLASIZRS08,"YongChangXing International (HK), LTD",3000.0,0.0,3000.0,2.02,6060.96
2025-09-29,UHPLASIZRS09,"YongChangXing International (HK), LTD",3000.0,0.0,3000.0,2.02,6060.96
2025-09-29,UHPLASIZRS10,"YongChangXing International (HK), LTD",3000.0,0.0,3000.0,2.02,6060.96
2025-09-29,UHPLASIZRS11,"YongChangXing International (HK), LTD",3000.0,0.0,3000.0,2.02,6060.96
2025-09-29,UHPLASIZRS12,"YongChangXing International (HK), LTD",3000.0,0.0,3000.0,2.02,6060.96
2025-09-29,UHPLASIZRS13,"YongChangXing International (HK), LTD",3000.0,0.0,3000.0,2.02,6060.96
2025-09-29,UHPLASIZRS14,"YongChangXing International (HK), LTD",3000.0,0.0,3000.0,2.02,6060.96
2025-09-29,UHRDABS3DSL,MACFOS PRIVATE LIMITED,1.0,0.0,1.0,3721.19,3721.19
2025-09-29,UHRDGB5ATOL,Amazon India PVT LTD,5.0,0.0,5.0,133.08,665.4
2025-09-29,UHRDRPCHPTL,CN Innovations Limited,2000.0,0.0,2000.0,13.18,26352.0
2025-09-29,UHRDSIT32KC,SEMISEARCH TECHNOLOGIES PRIVATE LIMITED,21000.0,0.0,21000.0,96.07,2017470.0
2025-09-30,UH0.2MIRROR08,HANAV MANUFACTURING AND BUSINESS PRIVATE LIMITED,2.0,0.0,2.0,530.0,1060.0
2025-09-30,UH0.2MIRROR09,HANAV MANUFACTURING AND BUSINESS PRIVATE LIMITED,4.0,0.0,4.0,530.0,2120.0
2025-09-30,UH0.2MIRROR10,HANAV MANUFACTURING AND BUSINESS PRIVATE LIMITED,80.0,0.0,80.0,530.0,42400.0
2025-09-30,UH0.2MIRROR11,HANAV MANUFACTURING AND BUSINESS PRIVATE LIMITED,1.0,0.0,1.0,530.0,530.0
2025-09-30,UH0.2MIRROR12,HANAV MANUFACTURING AND BUSINESS PRIVATE LIMITED,2.0,0.0,2.0,530.0,1060.0
2025-09-30,UHAIRMACSHL09,HANAV MANUFACTURING AND BUSINESS PRIVATE LIMITED,1441.0,0.0,1441.0,245.0,353045.0
2025-09-30,UHC3PAINBASES07,Aaru Plastics,500.0,0.0,500.0,0.0,0.0
2025-09-30,UHC3PAINBASES12,Aaru Plastics,500.0,0.0,500.0,0.0,0.0
2025-09-30,UHCH2COHOS09,3DE Technology Prototype Solutions Pvt Ltd (Regular Purchase),500.0,0.0,500.0,32.0,16000.0
2025-09-30,UHCH2COHOS11,3DE Technology Prototype Solutions Pvt Ltd (Regular Purchase),500.0,0.0,500.0,32.0,16000.0
2025-09-30,UHCHA2BASS07,HANAV MANUFACTURING AND BUSINESS PRIVATE LIMITED,1920.0,0.0,1920.0,235.0,451200.0
2025-09-30,UHCHPCBAREV30,Zreyah Semiconductor Systems Pvt. Ltd.,45.0,0.0,45.0,900.0,40500.0
2025-09-30,UHCHTOP2.5S07,Aaru Plastics,2700.0,0.0,2700.0,34.0,91800.0
2025-09-30,UHRD2N7BTAI,UNISEM ELECTRONICS PRIVATE LIMITED,20.0,0.0,20.0,4.64,92.8
2025-09-30,UHRDCSMSA40,Dabojin Silicone Product Manufactory,50.0,0.0,50.0,131.76,6588.0
2025-09-30,UHRDCSMSA60,Dabojin Silicone Product Manufactory,50.0,0.0,50.0,131.76,6588.0
2025-09-30,UHRDMOLDFEE,Dabojin Silicone Product Manufactory,1.0,0.0,1.0,8784.0,8784.0
2025-09-30,UHRDQUAD46M,Amazon India PVT LTD,2.0,0.0,2.0,1413.16,2826.32
2025-09-30,UHRDTUKZR62,Amazon India PVT LTD,2.0,0.0,2.0,626.28,1252.56
2025-10-01,UHC3PAINBASES08,Aaru Plastics,408.0,0.0,408.0,0.0,0.0
2025-10-01,UHC3PAINBASES10,Aaru Plastics,500.0,0.0,500.0,0.0,0.0
2025-10-01,UHCTPFGAAO06-T1.62,3DE Technology Prototype Solutions Pvt Ltd (Casting),36.0,0.0,36.0,380.0,13680.0
2025-10-01,UHCTPFGAAO08-T1.62,3DE Technology Prototype Solutions Pvt Ltd (Casting),85.0,0.0,85.0,380.0,32300.0
2025-10-01,UHCTPFGAAO09-T1.62,3DE Technology Prototype Solutions Pvt Ltd (Casting),72.0,0.0,72.0,380.0,27360.0
2025-10-01,UHCTPFGAAO11-T1.62,3DE Technology Prototype Solutions Pvt Ltd (Casting),19.0,0.0,19.0,380.0,7220.0
2025-10-01,UHCTPFGAGO05-T1.62,3DE Technology Prototype Solutions Pvt Ltd (Casting),76.0,0.0,76.0,380.0,28880.0
2025-10-01,UHCTPFGAGO06-T1.62,3DE Technology Prototype Solutions Pvt Ltd (Casting),92.0,0.0,92.0,380.0,34960.0
2025-10-01,UHCTPFGAGO10-T1.62,3DE Technology Prototype Solutions Pvt Ltd (Casting),90.0,0.0,90.0,380.0,34200.0
2025-10-01,UHCTPFGASS11-T1.62,3DE Technology Prototype Solutions Pvt Ltd (Casting),73.0,0.0,73.0,380.0,27740.0
2025-10-01,UHCTPFGMGS08-T1.62,3DE Technology Prototype Solutions Pvt Ltd (Casting),38.0,0.0,38.0,380.0,14440.0
2025-10-01,UHCTPFGRTO09-T1.62,3DE Technology Prototype Solutions Pvt Ltd (Casting),203.0,0.0,203.0,380.0,77140.0
2025-10-01,UHCTPFGRTO11-T1.62,3DE Technology Prototype Solutions Pvt Ltd (Casting),28.0,0.0,28.0,380.0,10640.0
2025-10-01,UHRDRHINO12,DAZZLE ROBOTICS PRIVATE LIMITED,1.0,0.0,1.0,805.0,805.0
2025-10-01,UHRDRP2040,SHARVI ELECTRONICS,5.0,0.0,5.0,345.7,1728.5
2025-10-01,UHRING1.62PCBA,SVTRONICS India Private Limited,1040.0,0.0,1040.0,140.0,145600.0
2025-10-03,UHARTITMPSN,ARROW ELECTRONICS ASIA (S) PTE LTD,60000.0,0.0,60000.0,67.64,4058208.0
2025-10-03,UHC2C10UF50V,Avnet Asia Pte Ltd,156000.0,0.0,156000.0,3.26,508382.78
2025-10-03,UHC2CUMO10MA,ARROW ELECTRONICS ASIA (S) PTE LTD,30000.0,0.0,30000.0,33.12,993470.4
2025-10-03,UHCHCOMPERJ,Avnet Asia Pte Ltd,40000.0,0.0,40000.0,0.18,7027.2
2025-10-03,UHCONSEMR1500,Bharath Hardware & Industrial Suppliers,500.0,0.0,500.0,18.0,9000.0
2025-10-03,UHCONSEMR2000,Bharath Hardware & Industrial Suppliers,500.0,220.0,280.0,18.0,5040.0
2025-10-03,UHCONSEMR2500,Bharath Hardware & Industrial Suppliers,250.0,0.0,250.0,40.0,10000.0
2025-10-03,UHCTPFGAAO06-T1.62,3DE Technology Prototype Solutions Pvt Ltd (Casting),24.0,0.0,24.0,380.0,9120.0
2025-10-03,UHCTPFGAAO08-T1.62,3DE Technology Prototype Solutions Pvt Ltd (Casting),35.0,0.0,35.0,380.0,13300.0
2025-10-03,UHCTPFGAAO09-T1.62,3DE Technology Prototype Solutions Pvt Ltd (Casting),48.0,0.0,48.0,380.0,18240.0
2025-10-03,UHCTPFGAAO11-T1.62,3DE Technology Prototype Solutions Pvt Ltd (Casting),5.0,0.0,5.0,380.0,1900.0
2025-10-03,UHCTPFGAAS09-T1.62,3DE Technology Prototype Solutions Pvt Ltd (Casting),60.0,0.0,60.0,380.0,22800.0
2025-10-03,UHCTPFGAAS14-T1.62,3DE Technology Prototype Solutions Pvt Ltd (Casting),60.0,0.0,60.0,380.0,22800.0
2025-10-03,UHCTPFGAGO05-T1.62,3DE Technology Prototype Solutions Pvt Ltd (Casting),44.0,0.0,44.0,380.0,16720.0
2025-10-03,UHCTPFGAGO06-T1.62,3DE Technology Prototype Solutions Pvt Ltd (Casting),247.0,0.0,247.0,380.0,93860.0
2025-10-03,UHCTPFGAGO10-T1.62,3DE Technology Prototype Solutions Pvt Ltd (Casting),2.0,0.0,2.0,380.0,760.0
2025-10-03,UHCTPFGASS11-T1.62,3DE Technology Prototype Solutions Pvt Ltd (Casting),5.0,0.0,5.0,380.0,1900.0
2025-10-03,UHCTPFGMGO08-T1.62,3DE Technology Prototype Solutions Pvt Ltd (Casting),119.0,0.0,119.0,380.0,45220.0
2025-10-03,UHCTPFGMGS08-T1.62,3DE Technology Prototype Solutions Pvt Ltd (Casting),22.0,0.0,22.0,380.0,8360.0
2025-10-03,UHCTPFGRTO09-T1.62,3DE Technology Prototype Solutions Pvt Ltd (Casting),125.0,0.0,125.0,380.0,47500.0
2025-10-03,UHCTPFGRTO11-T1.62,3DE Technology Prototype Solutions Pvt Ltd (Casting),8.0,0.0,8.0,380.0,3040.0
2025-10-03,UHRDBTONBOX,NOA Labs (Shenzhen) Ltd.,60.0,0.0,60.0,8.78,527.04
2025-10-03,UHRDCHRGBOX,NOA Labs (Shenzhen) Ltd.,60.0,0.0,60.0,175.68,10540.8
2025-10-03,UHRDF30NICU,"Shenzhen Topmag Technology Co., Ltd.",1200.0,0.0,1200.0,26.35,31622.4
2025-10-03,UHRDHAOSIEP,Amazon India PVT LTD,1.0,0.0,1.0,2691.19,2691.19
2025-10-03,UHRDMAX1726,SEMISEARCH TECHNOLOGIES PRIVATE LIMITED,1500.0,0.0,1500.0,185.0,277500.0
2025-10-03,UHRDRPCCTPD,NOA Labs (Shenzhen) Ltd.,4000.0,0.0,4000.0,8.78,35136.0
2025-10-03,UHRDSCREWS1,NOA Labs (Shenzhen) Ltd.,4500.0,0.0,4500.0,1.76,7905.6
2025-10-03,UHRDSIT32KC,Avnet Asia Pte Ltd,100000.0,0.0,100000.0,39.53,3952800.0
2025-10-03, UHRDSLBTRPAD,NOA Labs (Shenzhen) Ltd.,1000.0,0.0,1000.0,8.78,8784.0
2025-10-03,UHRDSMD0201,AGILE TRADE SOLUTIONS,150000.0,0.0,150000.0,5.7,855000.0
2025-10-03,UHRDT285525,"Shenzhen Topmag Technology Co., Ltd.",1200.0,0.0,1200.0,17.57,21081.6
2025-10-03,UHRDTPS7A02,SEMISEARCH TECHNOLOGIES PRIVATE LIMITED,1500.0,0.0,1500.0,25.1,37650.0
2025-10-03,UHRDTUBERNG,NOA Labs (Shenzhen) Ltd.,44.0,0.0,44.0,1197.82,52704.0
2025-10-03,UHRESPAN1MOH,Avnet Asia Pte Ltd,120000.0,0.0,120000.0,0.18,21081.6
2025-10-03,UHRING1.62PCBA,SVTRONICS India Private Limited,1589.0,0.0,1589.0,140.0,222460.0
2025-10-04,UHC2C10UF50V,ARROW ELECTRONICS ASIA (S) PTE LTD,60000.0,0.0,60000.0,2.29,137504.74
2025-10-04,UHC2FB30OM1L,ARROW ELECTRONICS ASIA (S) PTE LTD,60000.0,0.0,60000.0,0.54,32676.48
2025-10-04,UHCAPMUR01UF,ARROW ELECTRONICS ASIA (S) PTE LTD,60000.0,0.0,60000.0,0.14,8590.75
2025-10-04,UHCAPMUR047F,ARROW ELECTRONICS ASIA (S) PTE LTD,60000.0,0.0,60000.0,0.12,7115.04
2025-10-04,UHCAPMUR10UF,ARROW ELECTRONICS ASIA (S) PTE LTD,600000.0,0.0,600000.0,2.17,1301788.8
2025-10-04,UHCAPMUR820F,ARROW ELECTRONICS ASIA (S) PTE LTD,60000.0,0.0,60000.0,0.07,4479.84
2025-10-04,UHCAPMURE1UF,ARROW ELECTRONICS ASIA (S) PTE LTD,240000.0,0.0,240000.0,0.35,84748.03
2025-10-04,UHCH2COHOS07,3DE Technology Prototype Solutions Pvt Ltd (Regular Purchase),1500.0,0.0,1500.0,32.0,48000.0
2025-10-04,UHCH2COHOS09,3DE Technology Prototype Solutions Pvt Ltd (Regular Purchase),1200.0,0.0,1200.0,32.0,38400.0
2025-10-04,UHDEBONDGLUE,Ninth avenue industries pvt ltd,200.0,0.0,200.0,360.0,72000.0
2025-10-04,UHICHTEXTMP1,ARROW ELECTRONICS ASIA (S) PTE LTD,30000.0,0.0,30000.0,11.16,334670.4
2025-10-04,UHICHTEXTPS2,ARROW ELECTRONICS ASIA (S) PTE LTD,30000.0,0.0,30000.0,17.3,519134.4
2025-10-04,UHINDMUR1OUH,ARROW ELECTRONICS ASIA (S) PTE LTD,60000.0,0.0,60000.0,2.1,126015.26
2025-10-04,UHRD01UFX7R,AGILE TRADE SOLUTIONS,405000.0,0.0,405000.0,0.38,153900.0
2025-10-04,UHRD22UFX51,AGILE TRADE SOLUTIONS,56000.0,0.0,56000.0,9.0,504000.0
2025-10-04,UHRDGRM225D,AGILE TRADE SOLUTIONS,40000.0,0.0,40000.0,6.22,248800.0
2025-10-04,UHRDLOCT222,Amazon India PVT LTD,5.0,0.0,5.0,733.66,3668.3
2025-10-04,UHRDLOCTIT2,Sellex Incorp,8.0,0.0,8.0,2900.0,23200.0
2025-10-04,UHRDPRCR162,Fast turn PCB,40000.0,9969.0,30031.0,140.54,4220676.86
2025-10-04,UHRDSMD0201,AGILE TRADE SOLUTIONS,135000.0,0.0,135000.0,5.7,769500.0
2025-10-04,UHRESSTA10MO,ARROW ELECTRONICS ASIA (S) PTE LTD,20000.0,0.0,20000.0,8.4,167950.08
2025-10-04,UNICHTEX7A02,ARROW ELECTRONICS ASIA (S) PTE LTD,60000.0,0.0,60000.0,11.86,711504.0
2025-10-05,UHRDRT0402L,AGILE TRADE SOLUTIONS,10000.0,0.0,10000.0,0.52,5220.0
2025-10-06,UH0.2MIRROR07,HANAV MANUFACTURING AND BUSINESS PRIVATE LIMITED,3.0,0.0,3.0,530.0,1590.0
2025-10-06,UH0.2MIRROR08,HANAV MANUFACTURING AND BUSINESS PRIVATE LIMITED,2.0,0.0,2.0,530.0,1060.0
2025-10-06,UH0.2MIRROR09,HANAV MANUFACTURING AND BUSINESS PRIVATE LIMITED,6.0,0.0,6.0,530.0,3180.0
2025-10-06,UH0.2MIRROR10,HANAV MANUFACTURING AND BUSINESS PRIVATE LIMITED,72.0,0.0,72.0,530.0,38160.0
2025-10-06,UH0.2MIRROR11,HANAV MANUFACTURING AND BUSINESS PRIVATE LIMITED,4.0,0.0,4.0,530.0,2120.0
2025-10-06,UH0.2MIRROR12,HANAV MANUFACTURING AND BUSINESS PRIVATE LIMITED,1.0,0.0,1.0,530.0,530.0
2025-10-06,UHCH2COHOS07,3DE Technology Prototype Solutions Pvt Ltd (Regular Purchase),850.0,0.0,850.0,32.0,27200.0
2025-10-06,UHCH2COHOS09,3DE Technology Prototype Solutions Pvt Ltd (Regular Purchase),450.0,0.0,450.0,32.0,14400.0
2025-10-06,UHCTPFGAAS12-T1.62,3DE Technology Prototype Solutions Pvt Ltd (Casting),36.0,0.0,36.0,380.0,13680.0
2025-10-06,UHCTPFGAAS14-T1.62,3DE Technology Prototype Solutions Pvt Ltd (Casting),36.0,0.0,36.0,380.0,13680.0
2025-10-06,UHCTPFGAGO06-T1.62,3DE Technology Prototype Solutions Pvt Ltd (Casting),240.0,0.0,240.0,380.0,91200.0
2025-10-06,UHCTPFGASO06-T1.62,3DE Technology Prototype Solutions Pvt Ltd (Casting),120.0,0.0,120.0,380.0,45600.0
2025-10-06,UHCTPFGBRGO06-T1.62,3DE Technology Prototype Solutions Pvt Ltd (Casting),60.0,0.0,60.0,380.0,22800.0
2025-10-06,UHCTPFGBRGO07-T1.62,3DE Technology Prototype Solutions Pvt Ltd (Casting),180.0,0.0,180.0,380.0,68400.0
2025-10-06,UHCTPFGMGS11-T1.62,3DE Technology Prototype Solutions Pvt Ltd (Casting),36.0,0.0,36.0,380.0,13680.0
2025-10-06,UHCTPFGRTO09-T1.62,3DE Technology Prototype Solutions Pvt Ltd (Casting),60.0,0.0,60.0,380.0,22800.0
2025-10-06,UHRDAASONS2,Amazon India PVT LTD,3.0,0.0,3.0,218.85,656.55
2025-10-06,UHRDCRIMPTL,Element 14,1.0,0.0,1.0,52153.9,52153.9
2025-10-06,UHRDRING243,DEMAK POLYMERS SRL,3.0,0.0,3.0,651.33,1953.98
2025-10-06,UHRDRING343,DEMAK POLYMERS SRL,3.0,0.0,3.0,737.55,2212.64
2025-10-06,UHRDSILICPAD,"Xiamen GBS Adhesive Tape Co.,Ltd",1000.0,0.0,1000.0,35.14,35136.0
2025-10-06,UHRDSIP3243,Element 14,25.0,0.0,25.0,31.25,781.25
2025-10-06,UHRDT7000BLK,Aarthi Electronics,5.0,0.0,5.0,100.0,500.0
2025-10-07,UHBOXTBTTRAY,"Bonito Packaging Co.,Ltd",10000.0,0.0,10000.0,32.41,324129.6
2025-10-07,UHBOXTOPTRAY,"Bonito Packaging Co.,Ltd",10000.0,0.0,10000.0,25.65,256492.8
2025-10-07,UHC2PCBAREV21,Zreyah Semiconductor Systems Pvt. Ltd.,3300.0,0.0,3300.0,40.0,132000.0
2025-10-07,UHCAPSAM43UF,SEMISEARCH TECHNOLOGIES PRIVATE LIMITED,50000.0,0.0,50000.0,7.24,362000.0
2025-10-07,UHCONSNTRLGLOV,Reliable office supplies,200.0,0.0,200.0,200.0,40000.0
2025-10-07,UHCONSPAINTBRSH,Reliable office supplies,10.0,0.0,10.0,100.0,1000.0
2025-10-07,UHCONSSIHARD,EFIL ADDITIVE PRIVATE LIMITED,30.0,0.0,30.0,1200.0,36000.0
2025-10-07,UHCONSSIRES,EFIL ADDITIVE PRIVATE LIMITED,300.0,0.0,300.0,1155.0,346500.0
2025-10-07,UHCONSTAPE2BRWN,Reliable office supplies,100.0,0.0,100.0,24.0,2400.0
2025-10-07,UHCONSTAPE2TRNS,Reliable office supplies,100.0,0.0,100.0,24.0,2400.0
2025-10-07,UHHWSS1.8X6-H,"ZHONGSHAN HAOFAN HARDWARE CO., LTD",300000.0,0.0,300000.0,0.97,289872.0
2025-10-07,UHPLASIZRS05,ZOEONE INDUSTRIES,2500.0,0.0,2500.0,3.5,8750.0
2025-10-07,UHPLASIZRS06,ZOEONE INDUSTRIES,2500.0,0.0,2500.0,3.5,8750.0
2025-10-07,UHPLASIZRS07,ZOEONE INDUSTRIES,2500.0,0.0,2500.0,3.5,8750.0
2025-10-07,UHPLASIZRS08,ZOEONE INDUSTRIES,2500.0,0.0,2500.0,3.5,8750.0
2025-10-07,UHPLASIZRS09,ZOEONE INDUSTRIES,2500.0,0.0,2500.0,3.5,8750.0
2025-10-07,UHPLASIZRS10,ZOEONE INDUSTRIES,2500.0,0.0,2500.0,3.5,8750.0
2025-10-07,UHPLASIZRS11,ZOEONE INDUSTRIES,2500.0,0.0,2500.0,3.5,8750.0
2025-10-07,UHPLASIZRS12,ZOEONE INDUSTRIES,2500.0,0.0,2500.0,3.5,8750.0
2025-10-07,UHPLASIZRS13,ZOEONE INDUSTRIES,2500.0,0.0,2500.0,3.5,8750.0
2025-10-07,UHPLASIZRS14,ZOEONE INDUSTRIES,2500.0,0.0,2500.0,3.5,8750.0
2025-10-07,UHRDPLSTSAM,"YongChangXing International (HK), LTD",400.0,0.0,400.0,43.92,17568.0
2025-10-07,UHSTCELLOPEN1,Reliable office supplies,200.0,0.0,200.0,7.0,1400.0
2025-10-07,UHSTFACEMASK,Reliable office supplies,1000.0,0.0,1000.0,2.5,2500.0
2025-10-07,UHSTPERMARK,Reliable office supplies,50.0,0.0,50.0,15.0,750.0
2025-10-07,UHSTZIPLOCK3X4,Reliable office supplies,10000.0,0.0,10000.0,0.3,3000.0
2025-10-08,UH0.2MIRROR07,HANAV MANUFACTURING AND BUSINESS PRIVATE LIMITED,1.0,0.0,1.0,530.0,530.0
2025-10-08,UH0.2MIRROR09,HANAV MANUFACTURING AND BUSINESS PRIVATE LIMITED,3.0,0.0,3.0,530.0,1590.0
2025-10-08,UH0.2MIRROR10,HANAV MANUFACTURING AND BUSINESS PRIVATE LIMITED,20.0,0.0,20.0,530.0,10600.0
2025-10-08,UH0.2MIRROR12,HANAV MANUFACTURING AND BUSINESS PRIVATE LIMITED,2.0,0.0,2.0,530.0,1060.0
2025-10-08,UHC2PCBAREV21,Zreyah Semiconductor Systems Pvt. Ltd.,2532.0,0.0,2532.0,40.0,101280.0
2025-10-08,UHC3PAINBASES08,Aaru Plastics,92.0,0.0,92.0,0.0,0.0
2025-10-08,UHCAPMUR220F,ARROW ELECTRONICS ASIA (S) PTE LTD,60000.0,0.0,60000.0,0.14,8696.16
2025-10-08,UHCAPMURE14D,ARROW ELECTRONICS ASIA (S) PTE LTD,660000.0,0.0,660000.0,0.12,81743.9
2025-10-08,UHCH2COHOS07,3DE Technology Prototype Solutions Pvt Ltd (Regular Purchase),1000.0,0.0,1000.0,32.0,32000.0
2025-10-08,UHCTPFGAAS09-T1.62,3DE Technology Prototype Solutions Pvt Ltd (Casting),86.0,0.0,86.0,380.0,32680.0
2025-10-08,UHCTPFGAGO06-T1.62,3DE Technology Prototype Solutions Pvt Ltd (Casting),63.0,0.0,63.0,380.0,23940.0
2025-10-08,UHCTPFGAGO08-T1.62,3DE Technology Prototype Solutions Pvt Ltd (Casting),34.0,0.0,34.0,380.0,12920.0
2025-10-08,UHCTPFGAGO09-T1.62,3DE Technology Prototype Solutions Pvt Ltd (Casting),207.0,0.0,207.0,380.0,78660.0
2025-10-08,UHCTPFGASO06-T1.62,3DE Technology Prototype Solutions Pvt Ltd (Casting),2.0,0.0,2.0,380.0,760.0
2025-10-08,UHCTPFGASS14-T1.62,3DE Technology Prototype Solutions Pvt Ltd (Casting),38.0,0.0,38.0,380.0,14440.0
2025-10-08,UHCTPFGBRGO10-T1.62,3DE Technology Prototype Solutions Pvt Ltd (Casting),12.0,0.0,12.0,380.0,4560.0
2025-10-08,UHCTPFGBRGO13-T1.62,3DE Technology Prototype Solutions Pvt Ltd (Casting),2.0,0.0,2.0,380.0,760.0
2025-10-08,UHCTPFGRTO09-T1.62,3DE Technology Prototype Solutions Pvt Ltd (Casting),98.0,0.0,98.0,380.0,37240.0
2025-10-08,UHCTPFGRTS08-T1.62,3DE Technology Prototype Solutions Pvt Ltd (Casting),20.0,0.0,20.0,380.0,7600.0
2025-10-08,UHCTPFGRTS09-T1.62,3DE Technology Prototype Solutions Pvt Ltd (Casting),27.0,0.0,27.0,380.0,10260.0
2025-10-08,UHFERRTSHTUNCUT,"Shenzhen PH functional materials Co., Ltd.",500.0,0.0,500.0,825.7,412848.0
2025-10-08,UHPLASIZRS05,"YongChangXing International (HK), LTD",9000.0,0.0,9000.0,2.02,18182.88
2025-10-08,UHPLASIZRS05,ZOEONE INDUSTRIES,5000.0,0.0,5000.0,3.5,17500.0
2025-10-08,UHPLASIZRS06,"YongChangXing International (HK), LTD",9000.0,0.0,9000.0,2.02,18182.88
2025-10-08,UHPLASIZRS06,ZOEONE INDUSTRIES,5000.0,0.0,5000.0,3.5,17500.0
2025-10-08,UHPLASIZRS07,"YongChangXing International (HK), LTD",9000.0,0.0,9000.0,2.02,18182.88
2025-10-08,UHPLASIZRS07,ZOEONE INDUSTRIES,5000.0,0.0,5000.0,3.5,17500.0
2025-10-08,UHPLASIZRS08,"YongChangXing International (HK), LTD",9000.0,0.0,9000.0,2.02,18182.88
2025-10-08,UHPLASIZRS08,ZOEONE INDUSTRIES,5000.0,0.0,5000.0,3.5,17500.0
2025-10-08,UHPLASIZRS09,"YongChangXing International (HK), LTD",9000.0,0.0,9000.0,2.02,18182.88
2025-10-08,UHPLASIZRS09,ZOEONE INDUSTRIES,5000.0,0.0,5000.0,3.5,17500.0
2025-10-08,UHPLASIZRS10,"YongChangXing International (HK), LTD",9000.0,0.0,9000.0,2.02,18182.88
2025-10-08,UHPLASIZRS10,ZOEONE INDUSTRIES,5000.0,0.0,5000.0,3.5,17500.0
2025-10-08,UHPLASIZRS11,"YongChangXing International (HK), LTD",9000.0,0.0,9000.0,2.02,18182.88
2025-10-08,UHPLASIZRS11,ZOEONE INDUSTRIES,5000.0,0.0,5000.0,3.5,17500.0
2025-10-08,UHPLASIZRS12,"YongChangXing International (HK), LTD",9000.0,0.0,9000.0,2.02,18182.88
2025-10-08,UHPLASIZRS12,ZOEONE INDUSTRIES,5000.0,0.0,5000.0,3.5,17500.0
2025-10-08,UHPLASIZRS13,"YongChangXing International (HK), LTD",9000.0,0.0,9000.0,2.02,18182.88
2025-10-08,UHPLASIZRS13,ZOEONE INDUSTRIES,5000.0,0.0,5000.0,3.5,17500.0
2025-10-08,UHPLASIZRS14,"YongChangXing International (HK), LTD",9000.0,0.0,9000.0,2.02,18182.88
2025-10-08,UHPLASIZRS14,ZOEONE INDUSTRIES,5000.0,0.0,5000.0,3.5,17500.0
2025-10-08,UHRDBATTYTP,Suprabha ColorGrafix Private Limited,150.0,0.0,150.0,0.0,0.0
2025-10-08,UHRDCOILTAP,Suprabha ColorGrafix Private Limited,575.0,0.0,575.0,0.0,0.0
2025-10-08,UHRDPOGOMGP,IFuture Technology,10.0,0.0,10.0,149.0,1490.0
2025-10-08,UHRDSCREWS1,J C GUPTA & SONS,200.0,0.0,200.0,21.11,4222.5
2025-10-08,UHRING1.62PCBA,SVTRONICS India Private Limited,582.0,0.0,582.0,140.0,81480.0
2025-10-08,UHRING1.62PCBA,Zreyah Semiconductor Systems Pvt. Ltd.,1934.0,0.0,1934.0,140.0,270760.0
2025-10-08,UHSWATCHBRG,Mudra innovation,10000.0,0.0,10000.0,18.0,180000.0
2025-10-09,UHC2PCBAREV21,Zreyah Semiconductor Systems Pvt. Ltd.,2808.0,0.0,2808.0,40.0,112320.0
2025-10-09,UHC3PAINBASES09,Aaru Plastics,400.0,0.0,400.0,0.0,0.0
2025-10-09,UHC3PAINBASES11,Aaru Plastics,400.0,0.0,400.0,0.0,0.0
2025-10-09,UHCH2COHOS10,3DE Technology Prototype Solutions Pvt Ltd (Regular Purchase),500.0,0.0,500.0,32.0,16000.0
2025-10-09,UHCHTOP2.5S09,Aaru Plastics,700.0,0.0,700.0,34.0,23800.0
2025-10-09,UHCHTOP2.5S11,Aaru Plastics,190.0,0.0,190.0,34.0,6460.0
2025-10-09,UHCTPFGAAO06-T1.62,3DE Technology Prototype Solutions Pvt Ltd (Casting),60.0,0.0,60.0,380.0,22800.0
2025-10-09,UHCTPFGAAS09-T1.62,3DE Technology Prototype Solutions Pvt Ltd (Casting),29.0,0.0,29.0,380.0,11020.0
2025-10-09,UHCTPFGAGO06-T1.62,3DE Technology Prototype Solutions Pvt Ltd (Casting),57.0,0.0,57.0,380.0,21660.0
2025-10-09,UHCTPFGAGO07-T1.62,3DE Technology Prototype Solutions Pvt Ltd (Casting),60.0,0.0,60.0,380.0,22800.0
2025-10-09,UHCTPFGAGO08-T1.62,3DE Technology Prototype Solutions Pvt Ltd (Casting),14.0,0.0,14.0,380.0,5320.0
2025-10-09,UHCTPFGAGO09-T1.62,3DE Technology Prototype Solutions Pvt Ltd (Casting),66.0,0.0,66.0,380.0,25080.0
2025-10-09,UHCTPFGASO06-T1.62,3DE Technology Prototype Solutions Pvt Ltd (Casting),2.0,0.0,2.0,380.0,760.0
2025-10-09,UHCTPFGASS14-T1.62,3DE Technology Prototype Solutions Pvt Ltd (Casting),22.0,0.0,22.0,380.0,8360.0
2025-10-09,UHCTPFGBRGO05-T1.62,3DE Technology Prototype Solutions Pvt Ltd (Casting),60.0,0.0,60.0,380.0,22800.0
2025-10-09,UHCTPFGBRGO06-T1.62,3DE Technology Prototype Solutions Pvt Ltd (Casting),60.0,0.0,60.0,380.0,22800.0
2025-10-09,UHCTPFGBRGO07-T1.62,3DE Technology Prototype Solutions Pvt Ltd (Casting),60.0,0.0,60.0,380.0,22800.0
2025-10-09,UHCTPFGBRGO08-T1.62,3DE Technology Prototype Solutions Pvt Ltd (Casting),60.0,0.0,60.0,380.0,22800.0
2025-10-09,UHCTPFGBRGO09-T1.62,3DE Technology Prototype Solutions Pvt Ltd (Casting),59.0,0.0,59.0,380.0,22420.0
2025-10-09,UHCTPFGBRGO10-T1.62,3DE Technology Prototype Solutions Pvt Ltd (Casting),18.0,0.0,18.0,380.0,6840.0
2025-10-09,UHCTPFGBRGO13-T1.62,3DE Technology Prototype Solutions Pvt Ltd (Casting),8.0,0.0,8.0,380.0,3040.0
2025-10-09,UHCTPFGRTO09-T1.62,3DE Technology Prototype Solutions Pvt Ltd (Casting),34.0,0.0,34.0,380.0,12920.0
2025-10-09,UHCTPFGRTS08-T1.62,3DE Technology Prototype Solutions Pvt Ltd (Casting),4.0,0.0,4.0,380.0,1520.0
2025-10-09,UHCTPFGRTS09-T1.62,3DE Technology Prototype Solutions Pvt Ltd (Casting),9.0,0.0,9.0,380.0,3420.0
2025-10-09,UHPLASIZRS05,ZOEONE INDUSTRIES,2500.0,0.0,2500.0,3.5,8750.0
2025-10-09,UHPLASIZRS06,ZOEONE INDUSTRIES,2500.0,0.0,2500.0,3.5,8750.0
2025-10-09,UHPLASIZRS07,ZOEONE INDUSTRIES,2500.0,0.0,2500.0,3.5,8750.0
2025-10-09,UHPLASIZRS08,ZOEONE INDUSTRIES,2500.0,0.0,2500.0,3.5,8750.0
2025-10-09,UHPLASIZRS09,ZOEONE INDUSTRIES,2500.0,0.0,2500.0,3.5,8750.0
2025-10-09,UHPLASIZRS10,ZOEONE INDUSTRIES,2500.0,0.0,2500.0,3.5,8750.0
2025-10-09,UHPLASIZRS11,ZOEONE INDUSTRIES,2500.0,0.0,2500.0,3.5,8750.0
2025-10-09,UHPLASIZRS12,ZOEONE INDUSTRIES,2500.0,0.0,2500.0,3.5,8750.0
2025-10-09,UHPLASIZRS13,ZOEONE INDUSTRIES,2500.0,0.0,2500.0,3.5,8750.0
2025-10-09,UHPLASIZRS14,ZOEONE INDUSTRIES,2500.0,0.0,2500.0,3.5,8750.0
2025-10-09,UHRDASANRF5,Nordic Semiconducktor ASA,3.0,0.0,3.0,5709.6,17128.8
2025-10-09,UHRDLTEWIFI,SHARVI ELECTRONICS,5.0,0.0,5.0,43.32,216.6
2025-10-09,UHRDM8X30MM,ONLY SCREWS,20.0,0.0,20.0,12.0,240.0
2025-10-09,UHRDMGNTCVR,NOA Labs (Shenzhen) Ltd.,1000.0,0.0,1000.0,30.74,30744.0
2025-10-09,UHRDNPMFGPL,Nordic Semiconducktor ASA,3.0,0.0,3.0,2420.87,7262.61
2025-10-09,UHRDNRF54L1,MACFOS PRIVATE LIMITED,7.0,0.0,7.0,1292.03,9044.18
2025-10-09,UHRDSEFTAPE,Aarthi Electronics,1.0,0.0,1.0,525.0,525.0
2025-10-09,UHRDSKYESDS,Amazon India PVT LTD,1.0,0.0,1.0,473.73,473.73
2025-10-09,UHRDWAXPOLS,Amazon India PVT LTD,6.0,0.0,6.0,151.32,907.92
2025-10-09,UHRING1.62PCBA,SVTRONICS India Private Limited,24.0,0.0,24.0,140.0,3360.0
2025-10-09,UHRING1.62PCBA,Zreyah Semiconductor Systems Pvt. Ltd.,1263.0,0.0,1263.0,140.0,176820.0
2025-10-09,UHSSTARPTS10,SST CUTTING TOOLS,80.0,0.0,80.0,3500.0,280000.0
2025-10-09,UHSSTARPTS13,SST CUTTING TOOLS,79.0,0.0,79.0,4200.0,331800.0
2025-10-09,UHSSTARPTS14,SST CUTTING TOOLS,3.0,0.0,3.0,4200.0,12600.0
2025-10-09,UHSTMASKTAP,Reliable office supplies,100.0,0.0,100.0,40.0,4000.0
2025-10-09,UHSWATCHAA,Mudra innovation,10000.0,0.0,10000.0,12.2,122000.0
2025-10-09,UHSWATCHAG,Mudra innovation,10000.0,0.0,10000.0,12.2,122000.0
2025-10-09,UHSWATCHAS,Mudra innovation,10000.0,0.0,10000.0,12.2,122000.0
2025-10-09,UHSWATCHMG,Mudra innovation,11000.0,0.0,11000.0,12.2,134200.0
2025-10-09,UHSWATCHRT,Mudra innovation,10000.0,0.0,10000.0,12.2,122000.0
2025-10-09,UHTIJWRTLS09,IILA INDUSTRIES (Regular Purchase),970.0,0.0,970.0,40.0,38800.0
2025-10-10,UHC2100NF50V,Avnet Asia Pte Ltd,172000.0,0.0,172000.0,2.59,445700.16
2025-10-10,UHC2INDU6.8UH,Avnet Asia Pte Ltd,60000.0,0.0,60000.0,8.13,487512.0
2025-10-10,UHCAPMUR820F,Avnet Asia Pte Ltd,45000.0,0.0,45000.0,0.1,4348.08
2025-10-10,UHCAPMURE14D,Avnet Asia Pte Ltd,720000.0,0.0,720000.0,0.19,139138.56
2025-10-10,UHDUMSHELL-RT,IILA INDUSTRIES (Regular Purchase),500.0,0.0,500.0,40.0,20000.0
2025-10-10,UHMAGCABLE,"HONGKONG PENGLIAN ELECTRONICS CO.,LIMITED",2500.0,0.0,2500.0,184.46,461160.0
2025-10-10,UHPDBENECRT,Amazon India PVT LTD,1.0,0.0,1.0,3170.34,3170.34
2025-10-10,UHRDARLPOSC,Avnet Asia Pte Ltd,1000.0,0.0,1000.0,83.45,83448.0
2025-10-10,UHRDTORQUE1,Dongguan smooth intelligent technology,378.0,0.0,378.0,281.09,106251.26
2025-10-10,UHRESPAN01KO,Avnet Asia Pte Ltd,15000.0,0.0,15000.0,0.18,2635.2
2025-10-10,UHRESPAN47KO,Avnet Asia Pte Ltd,30000.0,0.0,30000.0,0.26,7905.6
2025-10-10,UHRINGECS320,Avnet Asia Pte Ltd,110000.0,0.0,110000.0,21.96,2415600.0
2025-10-11,UHC2FB30OM1L,Avnet Asia Pte Ltd,72000.0,32000.0,40000.0,0.85,34081.92
2025-10-11,UHC2PCBAREV21,Zreyah Semiconductor Systems Pvt. Ltd.,4800.0,0.0,4800.0,40.0,192000.0
2025-10-11,UHC3LASERTOPS09,Aaru Plastics,1800.0,0.0,1800.0,28.0,50400.0
2025-10-11,UHC3LASERTOPS12,Aaru Plastics,1500.0,0.0,1500.0,28.0,42000.0
2025-10-11,UHC3PAINBASES08,Aaru Plastics,400.0,0.0,400.0,0.0,0.0
2025-10-11,UHC3PAINBASES10,Aaru Plastics,400.0,0.0,400.0,0.0,0.0
2025-10-11,UHCH2COHOS10,3DE Technology Prototype Solutions Pvt Ltd (Regular Purchase),1500.0,0.0,1500.0,32.0,48000.0
2025-10-11,UHCHA2BASS06,Aaru Plastics,1000.0,0.0,1000.0,235.0,235000.0
2025-10-11,UHCHA2BASS10,Aaru Plastics,1000.0,0.0,1000.0,235.0,235000.0
2025-10-11,UHCTPFGAGO09-T1.62,3DE Technology Prototype Solutions Pvt Ltd (Casting),240.0,0.0,240.0,380.0,91200.0
2025-10-11,UHCTPFGBRGO05-T1.62,3DE Technology Prototype Solutions Pvt Ltd (Casting),58.0,0.0,58.0,380.0,22040.0
2025-10-11,UHCTPFGBRGO06-T1.62,3DE Technology Prototype Solutions Pvt Ltd (Casting),60.0,0.0,60.0,380.0,22800.0
2025-10-11,UHCTPFGBRGO07-T1.62,3DE Technology Prototype Solutions Pvt Ltd (Casting),239.0,0.0,239.0,380.0,90820.0
2025-10-11,UHCTPFGBRGO08-T1.62,3DE Technology Prototype Solutions Pvt Ltd (Casting),60.0,0.0,60.0,380.0,22800.0
2025-10-11,UHCTPFGBRGO09-T1.62,3DE Technology Prototype Solutions Pvt Ltd (Casting),60.0,0.0,60.0,380.0,22800.0
2025-10-11,UHCTPFGMGO11-T1.62,3DE Technology Prototype Solutions Pvt Ltd (Casting),60.0,0.0,60.0,380.0,22800.0
2025-10-11,UHCTPFGRTS08(RW)-1.62V,3DE Technology Prototype Solutions Pvt Ltd (Casting),120.0,0.0,120.0,380.0,45600.0
2025-10-11,UHCTPFGRTS12-T1.62,3DE Technology Prototype Solutions Pvt Ltd (Casting),60.0,0.0,60.0,380.0,22800.0
2025-10-11,UHPLASIZRS05,ZOEONE INDUSTRIES,2500.0,0.0,2500.0,3.5,8750.0
2025-10-11,UHPLASIZRS06,ZOEONE INDUSTRIES,2500.0,0.0,2500.0,3.5,8750.0
2025-10-11,UHPLASIZRS07,ZOEONE INDUSTRIES,2500.0,0.0,2500.0,3.5,8750.0
2025-10-11,UHPLASIZRS08,ZOEONE INDUSTRIES,2500.0,0.0,2500.0,3.5,8750.0
2025-10-11,UHPLASIZRS09,ZOEONE INDUSTRIES,2500.0,0.0,2500.0,3.5,8750.0
2025-10-11,UHPLASIZRS10,ZOEONE INDUSTRIES,2500.0,0.0,2500.0,3.5,8750.0
2025-10-11,UHPLASIZRS11,ZOEONE INDUSTRIES,2500.0,0.0,2500.0,3.5,8750.0
2025-10-11,UHPLASIZRS12,ZOEONE INDUSTRIES,2500.0,0.0,2500.0,3.5,8750.0
2025-10-11,UHPLASIZRS13,ZOEONE INDUSTRIES,2500.0,0.0,2500.0,3.5,8750.0
2025-10-11,UHPLASIZRS14,ZOEONE INDUSTRIES,2500.0,0.0,2500.0,3.5,8750.0
2025-10-11,UHRESPAN01KO,Avnet Asia Pte Ltd,15000.0,0.0,15000.0,0.18,2635.2
2025-10-11,UHRING1.62PCBA,SVTRONICS India Private Limited,1167.0,0.0,1167.0,140.0,163380.0
2025-10-11,UHRING1.62PCBA,Zreyah Semiconductor Systems Pvt. Ltd.,3349.0,0.0,3349.0,140.0,468860.0
2025-10-11,UHRW0.3MGS05,CP Global Solution Technologies,460.0,0.0,460.0,200.0,92000.0
2025-10-11,UHRW0.3MGS09,CP Global Solution Technologies,16.0,0.0,16.0,200.0,3200.0
2025-10-11,UHRW0.3MGS10,CP Global Solution Technologies,456.0,0.0,456.0,200.0,91200.0
2025-10-11,UHRW0.3MGS11,CP Global Solution Technologies,500.0,0.0,500.0,200.0,100000.0
2025-10-11,UHRW0.3MGS12,CP Global Solution Technologies,867.0,0.0,867.0,200.0,173400.0
2025-10-11,UHRW0.3MGS13,CP Global Solution Technologies,163.0,0.0,163.0,200.0,32600.0
2025-10-11,UHRW0.3MGS14,CP Global Solution Technologies,127.0,0.0,127.0,200.0,25400.0
2025-10-11,UHSWATCHAA,Mudra innovation,5000.0,0.0,5000.0,12.2,61000.0
2025-10-11,UHSWATCHAG,Mudra innovation,5000.0,0.0,5000.0,12.2,61000.0
2025-10-11,UHSWATCHAS,Mudra innovation,5000.0,0.0,5000.0,12.2,61000.0
2025-10-11,UHSWATCHBRG,Mudra innovation,5000.0,0.0,5000.0,18.0,90000.0
2025-10-11,UHSWATCHMG,Mudra innovation,5000.0,0.0,5000.0,12.2,61000.0
2025-10-11,UHSWATCHRT,Mudra innovation,5000.0,0.0,5000.0,12.2,61000.0
2025-10-11,UHTIJWAABS06,CP Global Solution Technologies,410.0,0.0,410.0,250.0,102500.0
2025-10-11,UHTIJWAABS07,CP Global Solution Technologies,342.0,0.0,342.0,250.0,85500.0
2025-10-11,UHTIJWAABS09,CP Global Solution Technologies,1350.0,0.0,1350.0,250.0,337500.0
2025-10-11,UHTIJWAABS12,CP Global Solution Technologies,498.0,0.0,498.0,250.0,124500.0
2025-10-13,UH0.2MACHINS08,HANAV MANUFACTURING AND BUSINESS PRIVATE LIMITED,1578.0,1307.0,271.0,245.0,66395.0
2025-10-13,UH0.2MACHINS10,HANAV MANUFACTURING AND BUSINESS PRIVATE LIMITED,550.0,202.0,348.0,245.0,85260.0
2025-10-13,UH0.2MACHINS11,HANAV MANUFACTURING AND BUSINESS PRIVATE LIMITED,267.0,76.0,191.0,245.0,46795.0
2025-10-13,UH0.2MACHINS13,HANAV MANUFACTURING AND BUSINESS PRIVATE LIMITED,96.0,35.0,61.0,245.0,14945.0
2025-10-13,UH0.2MIRROR06,CN Innovations Limited,1000.0,0.0,1000.0,458.52,458524.8
2025-10-13,UH0.2MIRROR07,CN Innovations Limited,2000.0,0.0,2000.0,458.52,917049.6
2025-10-13,UH0.2MIRROR08,CN Innovations Limited,2000.0,0.0,2000.0,458.52,917049.6
2025-10-13,UH0.2MIRROR09,CN Innovations Limited,4000.0,0.0,4000.0,458.52,1834099.2
2025-10-13,UH0.2MIRROR10,CN Innovations Limited,4000.0,0.0,4000.0,537.58,2150323.2
2025-10-13,UHCHA2BASS07,HANAV MANUFACTURING AND BUSINESS PRIVATE LIMITED,960.0,0.0,960.0,235.0,225600.0
2025-10-13,UHCONSEMR2500,Bharath Hardware & Industrial Suppliers,500.0,0.0,500.0,40.0,20000.0
2025-10-13,UHCONSIPA,J V Chemicals,100.0,0.0,100.0,197.0,19700.0
2025-10-13,UHHRDOODLVR,OODA INDUSTRIAL PRODUCTS,15000.0,0.0,15000.0,8.35,125250.0
2025-10-13,UHOODARESINBLK,OODA INDUSTRIAL PRODUCTS,30000.0,0.0,30000.0,9.82,294600.0
2025-10-13,UHOSCECS27MH,Avnet Asia Pte Ltd,40000.0,0.0,40000.0,0.32,12800.0
2025-10-13,UHPLASIZRS05,ZOEONE INDUSTRIES,2500.0,0.0,2500.0,3.5,8750.0
2025-10-13,UHPLASIZRS06,ZOEONE INDUSTRIES,2500.0,0.0,2500.0,3.5,8750.0
2025-10-13,UHPLASIZRS07,ZOEONE INDUSTRIES,2500.0,0.0,2500.0,3.5,8750.0
2025-10-13,UHPLASIZRS08,ZOEONE INDUSTRIES,2500.0,0.0,2500.0,3.5,8750.0
2025-10-13,UHPLASIZRS09,ZOEONE INDUSTRIES,2500.0,0.0,2500.0,3.5,8750.0
2025-10-13,UHPLASIZRS10,ZOEONE INDUSTRIES,2500.0,0.0,2500.0,3.5,8750.0
2025-10-13,UHPLASIZRS11,ZOEONE INDUSTRIES,2500.0,0.0,2500.0,3.5,8750.0
2025-10-13,UHPLASIZRS12,ZOEONE INDUSTRIES,2500.0,0.0,2500.0,3.5,8750.0
2025-10-13,UHPLASIZRS13,ZOEONE INDUSTRIES,2500.0,0.0,2500.0,3.5,8750.0
2025-10-13,UHPLASIZRS14,ZOEONE INDUSTRIES,2500.0,0.0,2500.0,3.5,8750.0
2025-10-13,UHRDABS3DSL,MACFOS PRIVATE LIMITED,4.0,0.0,4.0,1403.94,5615.76
2025-10-13,UHRDOWEL340,Bharath Hardware & Industrial Suppliers,100.0,0.0,100.0,7.0,700.0
2025-10-13,UHRDRIANZSC,Reliable office supplies,24.0,0.0,24.0,30.0,720.0
2025-10-13,UHRDSUPFAST,FOCUS INDUSTRIAL SOLUTIONS,3.0,0.0,3.0,4028.0,12084.0
2025-10-13,UHRDTUBERNG,NOA Labs (Shenzhen) Ltd.,39.0,0.0,39.0,439.2,17128.8
2025-10-13,UHRING1.62PCBA,SVTRONICS India Private Limited,1326.0,0.0,1326.0,140.0,185640.0
2025-10-14,UH0.2MACHINS09,HANAV MANUFACTURING AND BUSINESS PRIVATE LIMITED,1114.0,49.0,1065.0,245.0,260925.0
2025-10-14,UHC2PCBAREV21,Zreyah Semiconductor Systems Pvt. Ltd.,2700.0,0.0,2700.0,40.0,108000.0
2025-10-14,UHCH2COHOS08,3DE Technology Prototype Solutions Pvt Ltd (Regular Purchase),3000.0,0.0,3000.0,32.0,96000.0
2025-10-14,UHCHA2BASS07,HANAV MANUFACTURING AND BUSINESS PRIVATE LIMITED,2016.0,0.0,2016.0,235.0,473760.0
2025-10-14,UHCHA2BASS08,HANAV MANUFACTURING AND BUSINESS PRIVATE LIMITED,1008.0,0.0,1008.0,235.0,236880.0
2025-10-14,UHCONSLAQUERPAT,Vijaya,14.0,0.0,14.0,145.0,2030.0
2025-10-14,UHCONSSURBLDE,Amazon India PVT LTD,20.0,0.0,20.0,245.76,4915.2
2025-10-14,UHCTPFGMGS12-T1.62,3DE Technology Prototype Solutions Pvt Ltd (Casting),36.0,0.0,36.0,380.0,13680.0
2025-10-14,UHCTPFGRTS08(RW)-1.62V,3DE Technology Prototype Solutions Pvt Ltd (Casting),240.0,0.0,240.0,380.0,91200.0
2025-10-14,UHCTPFGRTS10-T1.62,3DE Technology Prototype Solutions Pvt Ltd (Casting),168.0,0.0,168.0,380.0,63840.0
2025-10-14,UHCTPFGRTS11-T1.62,3DE Technology Prototype Solutions Pvt Ltd (Casting),24.0,0.0,24.0,380.0,9120.0
2025-10-14,UHCTPFGRTS12-T1.62,3DE Technology Prototype Solutions Pvt Ltd (Casting),36.0,0.0,36.0,380.0,13680.0
2025-10-14,UHDUMRING-AAR,3DE Technology Prototype Solutions Pvt Ltd (Regular Purchase),300.0,0.0,300.0,310.0,93000.0
2025-10-14,UHDUMRING-AG,3DE Technology Prototype Solutions Pvt Ltd (Regular Purchase),300.0,0.0,300.0,310.0,93000.0
2025-10-14,UHDUMRING-AS,3DE Technology Prototype Solutions Pvt Ltd (Regular Purchase),300.0,0.0,300.0,310.0,93000.0
2025-10-14,UHDUMRING-BRG,3DE Technology Prototype Solutions Pvt Ltd (Regular Purchase),300.0,0.0,300.0,310.0,93000.0
2025-10-14,UHDUMRING-MG,3DE Technology Prototype Solutions Pvt Ltd (Regular Purchase),300.0,0.0,300.0,310.0,93000.0
2025-10-14,UHPLASIZRS05,"YongChangXing International (HK), LTD",3000.0,0.0,3000.0,2.02,6060.96
2025-10-14,UHPLASIZRS06,"YongChangXing International (HK), LTD",3000.0,0.0,3000.0,2.02,6060.96
2025-10-14,UHPLASIZRS07,"YongChangXing International (HK), LTD",3000.0,0.0,3000.0,2.02,6060.96
2025-10-14,UHPLASIZRS08,"YongChangXing International (HK), LTD",3000.0,0.0,3000.0,2.02,6060.96
2025-10-14,UHPLASIZRS09,"YongChangXing International (HK), LTD",3000.0,0.0,3000.0,2.02,6060.96
2025-10-14,UHPLASIZRS10,"YongChangXing International (HK), LTD",3000.0,0.0,3000.0,2.02,6060.96
2025-10-14,UHPLASIZRS11,"YongChangXing International (HK), LTD",3000.0,0.0,3000.0,2.02,6060.96
2025-10-14,UHPLASIZRS12,"YongChangXing International (HK), LTD",3000.0,0.0,3000.0,2.02,6060.96
2025-10-14,UHPLASIZRS13,"YongChangXing International (HK), LTD",3000.0,0.0,3000.0,2.02,6060.96
2025-10-14,UHPLASIZRS14,"YongChangXing International (HK), LTD",3000.0,0.0,3000.0,2.02,6060.96
2025-10-14,UHRD100IBS1,Amazon India PVT LTD,6.0,0.0,6.0,469.24,2815.44
2025-10-14,UHRD3DPRINT,Fabforma Technologies Private Limited,500.0,0.0,500.0,215.0,107500.0
2025-10-14,UHRDCHARG31,NOA Labs (Shenzhen) Ltd.,545.0,0.0,545.0,780.02,425110.46
2025-10-14,UHRDDIYCRET,Amazon India PVT LTD,1.0,0.0,1.0,299.82,299.82
2025-10-14,UHRDVANITYP,MAGIC PRINT INC,2956.0,2140.0,816.0,48.0,39168.0
2025-10-14,UHRDXIAONRE,NOA Labs (Shenzhen) Ltd.,19.0,0.0,19.0,1427.49,27122.27
2025-10-14,UHRW0.3RTS08,IILA INDUSTRIES (Regular Purchase),698.0,0.0,698.0,50.0,34900.0
2025-10-14,UHRW0.3RTS09,IILA INDUSTRIES (Regular Purchase),118.0,0.0,118.0,50.0,5900.0
2025-10-14,UHRW0.3RTS11,IILA INDUSTRIES (Regular Purchase),26.0,0.0,26.0,50.0,1300.0
2025-10-14,UHRW0.3RTS13,IILA INDUSTRIES (Regular Purchase),200.0,0.0,200.0,50.0,10000.0
2025-10-14,UHTIJWRTLS09,METALRIPPER MANUFACTURING,1264.0,0.0,1264.0,285.0,360240.0
2025-10-15,UH0.2MACHINS09,HANAV MANUFACTURING AND BUSINESS PRIVATE LIMITED,878.0,10.0,868.0,245.0,212660.0
2025-10-15,UHCH2COHOS08,3DE Technology Prototype Solutions Pvt Ltd (Regular Purchase),1500.0,0.0,1500.0,32.0,48000.0
2025-10-15,UHCHA2BASS07,HANAV MANUFACTURING AND BUSINESS PRIVATE LIMITED,1008.0,0.0,1008.0,235.0,236880.0
2025-10-15,UHCHA2BASS12,Aaru Plastics,1000.0,0.0,1000.0,235.0,235000.0
2025-10-15,UHCTPFGAAS11-T1.62,3DE Technology Prototype Solutions Pvt Ltd (Casting),30.0,0.0,30.0,380.0,11400.0
2025-10-15,UHCTPFGAGO08-T1.62,3DE Technology Prototype Solutions Pvt Ltd (Casting),1.0,0.0,1.0,380.0,380.0
2025-10-15,UHCTPFGAGS07-T1.62,3DE Technology Prototype Solutions Pvt Ltd (Casting),52.0,0.0,52.0,380.0,19760.0
2025-10-15,UHCTPFGBRGO05-T1.62,3DE Technology Prototype Solutions Pvt Ltd (Casting),110.0,0.0,110.0,380.0,41800.0
2025-10-15,UHCTPFGBRGO06-T1.62,3DE Technology Prototype Solutions Pvt Ltd (Casting),85.0,0.0,85.0,380.0,32300.0
2025-10-15,UHCTPFGBRGO07-T1.62,3DE Technology Prototype Solutions Pvt Ltd (Casting),283.0,0.0,283.0,380.0,107540.0
2025-10-15,UHCTPFGBRGO08-T1.62,3DE Technology Prototype Solutions Pvt Ltd (Casting),71.0,0.0,71.0,380.0,26980.0
2025-10-15,UHCTPFGRTS08(RW)-1.62V,3DE Technology Prototype Solutions Pvt Ltd (Casting),67.0,0.0,67.0,380.0,25460.0
2025-10-15,UHCTPFGRTS09-T1.62,3DE Technology Prototype Solutions Pvt Ltd (Casting),2.0,0.0,2.0,380.0,760.0
2025-10-15,UHDUMRING-RT,3DE Technology Prototype Solutions Pvt Ltd (Regular Purchase),500.0,0.0,500.0,310.0,155000.0
2025-10-15,UHRDMTYQ200,NAMOTRONICS,1000.0,0.0,1000.0,1.5,1500.0
2025-10-15,UHRDSPOT10G,Amazon India PVT LTD,1.0,0.0,1.0,122.04,122.04
2025-10-15,UHRDSTAPLER,Amazon India PVT LTD,3.0,0.0,3.0,314.24,942.72
2025-10-15,UHRING1.62PCBA,Zreyah Semiconductor Systems Pvt. Ltd.,1200.0,0.0,1200.0,140.0,168000.0
2025-10-16,UH0.2RT09,IILA INDUSTRIES (Regular Purchase),1065.0,0.0,1065.0,40.0,42600.0
2025-10-16,UHC2PCBAREV21,Zreyah Semiconductor Systems Pvt. Ltd.,2700.0,0.0,2700.0,40.0,108000.0
2025-10-16,UHC3PAINBASES07,Aaru Plastics,300.0,0.0,300.0,0.0,0.0
2025-10-16,UHCHA2BASS07,HANAV MANUFACTURING AND BUSINESS PRIVATE LIMITED,2568.0,0.0,2568.0,235.0,603480.0
2025-10-16,UHCHA2BASS09,HANAV MANUFACTURING AND BUSINESS PRIVATE LIMITED,1008.0,0.0,1008.0,235.0,236880.0
2025-10-16,UHCHA2BASS12,Aaru Plastics,1000.0,0.0,1000.0,235.0,235000.0
2025-10-16,UHCHTOP2.5S09,Aaru Plastics,800.0,0.0,800.0,34.0,27200.0
2025-10-16,UHCHTOP2.5S11,Aaru Plastics,300.0,0.0,300.0,34.0,10200.0
2025-10-16,UHCONSCOTWASTE,GMK industries,90.0,0.0,90.0,125.0,11250.0
2025-10-16,UHCTPFGAAS11-T1.62,3DE Technology Prototype Solutions Pvt Ltd (Casting),28.0,0.0,28.0,380.0,10640.0
2025-10-16,UHCTPFGAGO08-T1.62,3DE Technology Prototype Solutions Pvt Ltd (Casting),2.0,0.0,2.0,380.0,760.0
2025-10-16,UHCTPFGAGS07-T1.62,3DE Technology Prototype Solutions Pvt Ltd (Casting),61.0,0.0,61.0,380.0,23180.0
2025-10-16,UHCTPFGASO06-T1.62,3DE Technology Prototype Solutions Pvt Ltd (Casting),2.0,0.0,2.0,380.0,760.0
2025-10-16,UHCTPFGBRGO05-T1.62,3DE Technology Prototype Solutions Pvt Ltd (Casting),8.0,0.0,8.0,380.0,3040.0
2025-10-16,UHCTPFGBRGO06-T1.62,3DE Technology Prototype Solutions Pvt Ltd (Casting),21.0,0.0,21.0,380.0,7980.0
2025-10-16,UHCTPFGBRGO07-T1.62,3DE Technology Prototype Solutions Pvt Ltd (Casting),173.0,0.0,173.0,380.0,65740.0
2025-10-16,UHCTPFGBRGO08-T1.62,3DE Technology Prototype Solutions Pvt Ltd (Casting),43.0,0.0,43.0,380.0,16340.0
2025-10-16,UHCTPFGBRGO09-T1.62,3DE Technology Prototype Solutions Pvt Ltd (Casting),108.0,0.0,108.0,380.0,41040.0
2025-10-16,UHCTPFGRTS08(RW)-1.62V,3DE Technology Prototype Solutions Pvt Ltd (Casting),110.0,0.0,110.0,380.0,41800.0
2025-10-16,UHCTPFGRTS09-T1.62,3DE Technology Prototype Solutions Pvt Ltd (Casting),310.0,0.0,310.0,380.0,117800.0
2025-10-16,UHRDALPHAFX,NAG FASTENING SYSTEMS,1.0,0.0,1.0,4000.0,4000.0
2025-10-16,UHRING1.62PCBA,Zreyah Semiconductor Systems Pvt. Ltd.,1919.0,0.0,1919.0,140.0,268660.0
2025-10-16,UHRW0.3RTS10,IILA INDUSTRIES (Regular Purchase),200.0,0.0,200.0,50.0,10000.0
2025-10-17,UH0.2RT09,IILA INDUSTRIES (Regular Purchase),868.0,0.0,868.0,40.0,34720.0
2025-10-17,UHC2PCBAREV21,Zreyah Semiconductor Systems Pvt. Ltd.,2400.0,0.0,2400.0,40.0,96000.0
2025-10-17,UHC3PAINBASES09,Aaru Plastics,44.0,0.0,44.0,0.0,0.0
2025-10-17,UHCH2COHOS08,3DE Technology Prototype Solutions Pvt Ltd (Regular Purchase),3500.0,0.0,3500.0,32.0,112000.0
2025-10-17,UHCHA2BASS10,Aaru Plastics,1000.0,0.0,1000.0,235.0,235000.0
2025-10-17,UHCHA2BASS11,Aaru Plastics,1000.0,0.0,1000.0,235.0,235000.0
2025-10-17,UHCHARTOPS06,Aaru Plastics,1500.0,0.0,1500.0,34.0,51000.0
2025-10-17,UHCHTOP2.5S07,Aaru Plastics,190.0,0.0,190.0,34.0,6460.0
2025-10-17,UHCHTOP2.5S08,Aaru Plastics,900.0,0.0,900.0,34.0,30600.0
2025-10-17,UHCTPFGAAS11-T1.62,3DE Technology Prototype Solutions Pvt Ltd (Casting),1.0,0.0,1.0,380.0,380.0
2025-10-17,UHCTPFGAGS07-T1.62,3DE Technology Prototype Solutions Pvt Ltd (Casting),7.0,0.0,7.0,380.0,2660.0
2025-10-17,UHCTPFGBRGO05-T1.62,3DE Technology Prototype Solutions Pvt Ltd (Casting),2.0,0.0,2.0,380.0,760.0
2025-10-17,UHCTPFGBRGO06-T1.62,3DE Technology Prototype Solutions Pvt Ltd (Casting),51.0,0.0,51.0,380.0,19380.0
2025-10-17,UHCTPFGBRGO07-T1.62,3DE Technology Prototype Solutions Pvt Ltd (Casting),81.0,0.0,81.0,380.0,30780.0
2025-10-17,UHCTPFGBRGO08-T1.62,3DE Technology Prototype Solutions Pvt Ltd (Casting),53.0,0.0,53.0,380.0,20140.0
2025-10-17,UHCTPFGBRGO09-T1.62,3DE Technology Prototype Solutions Pvt Ltd (Casting),11.0,0.0,11.0,380.0,4180.0
2025-10-17,UHCTPFGRTS08(RW)-1.62V,3DE Technology Prototype Solutions Pvt Ltd (Casting),221.0,0.0,221.0,380.0,83980.0
2025-10-17,UHCTPFGRTS09-T1.62,3DE Technology Prototype Solutions Pvt Ltd (Casting),221.0,0.0,221.0,380.0,83980.0
2025-10-17,UHCTPFGRTS10-T1.62,3DE Technology Prototype Solutions Pvt Ltd (Casting),82.0,0.0,82.0,380.0,31160.0
2025-10-17,UHLROODALVR,OODA INDUSTRIAL PRODUCTS,15000.0,0.0,15000.0,8.35,125250.0
2025-10-17,UHPLASIZRS05,"YongChangXing International (HK), LTD",6000.0,0.0,6000.0,2.02,12121.92
2025-10-17,UHPLASIZRS06,"YongChangXing International (HK), LTD",6000.0,0.0,6000.0,2.02,12121.92
2025-10-17,UHPLASIZRS07,"YongChangXing International (HK), LTD",6000.0,0.0,6000.0,2.02,12121.92
2025-10-17,UHPLASIZRS08,"YongChangXing International (HK), LTD",6000.0,0.0,6000.0,2.02,12121.92
2025-10-17,UHPLASIZRS09,"YongChangXing International (HK), LTD",6000.0,0.0,6000.0,2.02,12121.92
2025-10-17,UHPLASIZRS10,"YongChangXing International (HK), LTD",6000.0,0.0,6000.0,2.02,12121.92
2025-10-17,UHPLASIZRS11,"YongChangXing International (HK), LTD",6000.0,0.0,6000.0,2.02,12121.92
2025-10-17,UHPLASIZRS12,"YongChangXing International (HK), LTD",6000.0,0.0,6000.0,2.02,12121.92
2025-10-17,UHPLASIZRS13,"YongChangXing International (HK), LTD",6000.0,0.0,6000.0,2.02,12121.92
2025-10-17,UHPLASIZRS14,"YongChangXing International (HK), LTD",6000.0,0.0,6000.0,2.02,12121.92
2025-10-17,UHPRINTBATPCB,Suprabha ColorGrafix Private Limited,50625.0,0.0,50625.0,1.0,50625.0
2025-10-17,UHRDMAYCRET,Amazon India PVT LTD,3.0,0.0,3.0,445.16,1335.48
2025-10-17,UHRDTUBEDIY,Amazon India PVT LTD,1.0,0.0,1.0,105.08,105.08
2025-10-17,UHRDYUZUKIP,Amazon India PVT LTD,2.0,0.0,2.0,2924.58,5849.16
2025-10-17,UHRING1.62PCBA,SVTRONICS India Private Limited,2089.0,0.0,2089.0,140.0,292460.0
2025-10-17,UHRING1.62PCBA,Zreyah Semiconductor Systems Pvt. Ltd.,1435.0,0.0,1435.0,140.0,200900.0
2025-10-17,UHRSOODALVR,OODA INDUSTRIAL PRODUCTS,30000.0,0.0,30000.0,9.82,294600.0
2025-10-17,UHRW0.3RTS10,IILA INDUSTRIES (Regular Purchase),749.0,0.0,749.0,50.0,37450.0
2025-10-17,UHSWATCHAA,Mudra innovation,5000.0,0.0,5000.0,12.2,61000.0
2025-10-17,UHSWATCHAG,Mudra innovation,5000.0,0.0,5000.0,12.2,61000.0
2025-10-17,UHSWATCHAS,Mudra innovation,5000.0,0.0,5000.0,12.2,61000.0
2025-10-17,UHSWATCHBRG,Mudra innovation,5000.0,0.0,5000.0,18.0,90000.0
2025-10-17,UHSWATCHMG,Mudra innovation,5000.0,0.0,5000.0,12.2,61000.0
2025-10-17,UHSWATCHRT,Mudra innovation,5000.0,0.0,5000.0,12.2,61000.0
2025-10-18,UHCHA2BASS06,Aaru Plastics,1000.0,0.0,1000.0,235.0,235000.0
2025-10-18,UHCHA2BASS11,Aaru Plastics,1000.0,0.0,1000.0,235.0,235000.0
2025-10-18,UHCHTOP2.5S08,Aaru Plastics,600.0,0.0,600.0,34.0,20400.0
2025-10-18,UHCHTOP2.5S09,Aaru Plastics,250.0,0.0,250.0,34.0,8500.0
2025-10-18,UHCHTOP2.5S12,Aaru Plastics,400.0,0.0,400.0,34.0,13600.0
2025-10-18,UHCONSEMR2000,Bharath Hardware & Industrial Suppliers,250.0,0.0,250.0,18.0,4500.0
2025-10-18,UHCTPFGAGO09-T1.62,3DE Technology Prototype Solutions Pvt Ltd (Casting),68.0,0.0,68.0,380.0,25840.0
2025-10-18,UHCTPFGAGS07-T1.62,3DE Technology Prototype Solutions Pvt Ltd (Casting),223.0,0.0,223.0,380.0,84740.0
2025-10-18,UHCTPFGAGS14-T1.62,3DE Technology Prototype Solutions Pvt Ltd (Casting),7.0,0.0,7.0,380.0,2660.0
2025-10-18,UHCTPFGBRGO06-T1.62,3DE Technology Prototype Solutions Pvt Ltd (Casting),21.0,0.0,21.0,380.0,7980.0
2025-10-18,UHCTPFGBRGO07-T1.62,3DE Technology Prototype Solutions Pvt Ltd (Casting),162.0,0.0,162.0,380.0,61560.0
2025-10-18,UHCTPFGBRGO08-T1.62,3DE Technology Prototype Solutions Pvt Ltd (Casting),12.0,0.0,12.0,380.0,4560.0
2025-10-18,UHCTPFGBRGO09-T1.62,3DE Technology Prototype Solutions Pvt Ltd (Casting),60.0,0.0,60.0,380.0,22800.0
2025-10-18,UHCTPFGRTS08(RW)-1.62V,3DE Technology Prototype Solutions Pvt Ltd (Casting),262.0,0.0,262.0,380.0,99560.0
2025-10-18,UHCTPFGRTS08-T1.62,3DE Technology Prototype Solutions Pvt Ltd (Casting),530.0,0.0,530.0,380.0,201400.0
2025-10-18,UHCTPFGRTS09-T1.62,3DE Technology Prototype Solutions Pvt Ltd (Casting),304.0,0.0,304.0,380.0,115520.0
2025-10-18,UHCTPFGRTS10-T1.62,3DE Technology Prototype Solutions Pvt Ltd (Casting),38.0,0.0,38.0,380.0,14440.0
2025-10-18,UHPLASIZRS05,"YongChangXing International (HK), LTD",3000.0,0.0,3000.0,2.02,6060.96
2025-10-18,UHPLASIZRS05,ZOEONE INDUSTRIES,2500.0,0.0,2500.0,3.5,8750.0
2025-10-18,UHPLASIZRS06,"YongChangXing International (HK), LTD",3000.0,0.0,3000.0,2.02,6060.96
2025-10-18,UHPLASIZRS06,ZOEONE INDUSTRIES,2500.0,0.0,2500.0,3.5,8750.0
2025-10-18,UHPLASIZRS07,"YongChangXing International (HK), LTD",3000.0,0.0,3000.0,2.02,6060.96
2025-10-18,UHPLASIZRS07,ZOEONE INDUSTRIES,2500.0,0.0,2500.0,3.5,8750.0
2025-10-18,UHPLASIZRS08,"YongChangXing International (HK), LTD",3000.0,0.0,3000.0,2.02,6060.96
2025-10-18,UHPLASIZRS08,ZOEONE INDUSTRIES,2500.0,0.0,2500.0,3.5,8750.0
2025-10-18,UHPLASIZRS09,"YongChangXing International (HK), LTD",3000.0,0.0,3000.0,2.02,6060.96
2025-10-18,UHPLASIZRS09,ZOEONE INDUSTRIES,2500.0,0.0,2500.0,3.5,8750.0
2025-10-18,UHPLASIZRS10,"YongChangXing International (HK), LTD",3000.0,0.0,3000.0,2.02,6060.96
2025-10-18,UHPLASIZRS10,ZOEONE INDUSTRIES,2500.0,0.0,2500.0,3.5,8750.0
2025-10-18,UHPLASIZRS11,"YongChangXing International (HK), LTD",3000.0,0.0,3000.0,2.02,6060.96
2025-10-18,UHPLASIZRS11,ZOEONE INDUSTRIES,2500.0,0.0,2500.0,3.5,8750.0
2025-10-18,UHPLASIZRS12,"YongChangXing International (HK), LTD",3000.0,0.0,3000.0,2.02,6060.96
2025-10-18,UHPLASIZRS12,ZOEONE INDUSTRIES,2500.0,0.0,2500.0,3.5,8750.0
2025-10-18,UHPLASIZRS13,"YongChangXing International (HK), LTD",3000.0,0.0,3000.0,2.02,6060.96
2025-10-18,UHPLASIZRS13,ZOEONE INDUSTRIES,2500.0,0.0,2500.0,3.5,8750.0
2025-10-18,UHPLASIZRS14,"YongChangXing International (HK), LTD",3000.0,0.0,3000.0,2.02,6060.96
2025-10-18,UHPLASIZRS14,ZOEONE INDUSTRIES,2500.0,0.0,2500.0,3.5,8750.0
2025-10-18,UHRING1.62PCBA,SVTRONICS India Private Limited,1059.0,0.0,1059.0,140.0,148260.0
2025-10-18,UHRING1.62PCBA,Zreyah Semiconductor Systems Pvt. Ltd.,845.0,0.0,845.0,140.0,118300.0
2025-10-19,UH0.2AA06,CP Global Solution Technologies,250.0,0.0,250.0,250.0,62500.0
2025-10-19,UH0.2AA10,CP Global Solution Technologies,3459.0,0.0,3459.0,250.0,864750.0
2025-10-19,UHC3PAINBASES08,Aaru Plastics,200.0,0.0,200.0,0.0,0.0
2025-10-19,UHRW0.3MGS08,CP Global Solution Technologies,1591.0,0.0,1591.0,200.0,318200.0
2025-10-19,UHTIJWAABS07,CP Global Solution Technologies,1486.0,0.0,1486.0,250.0,371500.0
2025-10-23,UH0.2MACHINS09,HANAV MANUFACTURING AND BUSINESS PRIVATE LIMITED,671.0,0.0,671.0,245.0,164395.0
2025-10-23,UHCHA2BASS08,HANAV MANUFACTURING AND BUSINESS PRIVATE LIMITED,2016.0,0.0,2016.0,235.0,473760.0
2025-10-23,UHCONSCLOTH,Hesh opto lab pvt ltd,130.0,0.0,130.0,120.0,15600.0
2025-10-23,UHCONSEARBUD,Reliable office supplies,100.0,0.0,100.0,30.0,3000.0
2025-10-23,UHCONSPAINTBRSH,Reliable office supplies,10.0,0.0,10.0,100.0,1000.0
2025-10-23,UHCTPFGAGO09-T1.62,3DE Technology Prototype Solutions Pvt Ltd (Casting),51.0,0.0,51.0,380.0,19380.0
2025-10-23,UHCTPFGAGS07-T1.62,3DE Technology Prototype Solutions Pvt Ltd (Casting),131.0,0.0,131.0,380.0,49780.0
2025-10-23,UHCTPFGAGS14-T1.62,3DE Technology Prototype Solutions Pvt Ltd (Casting),14.0,0.0,14.0,380.0,5320.0
2025-10-23,UHCTPFGASO13-T1.62,3DE Technology Prototype Solutions Pvt Ltd (Casting),9.0,0.0,9.0,380.0,3420.0
2025-10-23,UHCTPFGASS12-T1.62,3DE Technology Prototype Solutions Pvt Ltd (Casting),17.0,0.0,17.0,380.0,6460.0
2025-10-23,UHCTPFGBRGO08-T1.62,3DE Technology Prototype Solutions Pvt Ltd (Casting),94.0,0.0,94.0,380.0,35720.0
2025-10-23,UHCTPFGBRGO09-T1.62,3DE Technology Prototype Solutions Pvt Ltd (Casting),63.0,0.0,63.0,380.0,23940.0
2025-10-23,UHCTPFGBRGO12-T1.62,3DE Technology Prototype Solutions Pvt Ltd (Casting),44.0,0.0,44.0,380.0,16720.0
2025-10-23,UHCTPFGMGS09-T1.62,3DE Technology Prototype Solutions Pvt Ltd (Casting),23.0,0.0,23.0,380.0,8740.0
2025-10-23,UHCTPFGMGS11-T1.62,3DE Technology Prototype Solutions Pvt Ltd (Casting),17.0,0.0,17.0,380.0,6460.0
2025-10-23,UHCTPFGMGS12-T1.62,3DE Technology Prototype Solutions Pvt Ltd (Casting),49.0,0.0,49.0,380.0,18620.0
2025-10-23,UHCTPFGRTS08-T1.62,3DE Technology Prototype Solutions Pvt Ltd (Casting),380.0,0.0,380.0,380.0,144400.0
2025-10-23,UHPLASIZRS05,"YongChangXing International (HK), LTD",3000.0,0.0,3000.0,2.02,6060.96
2025-10-23,UHPLASIZRS05,ZOEONE INDUSTRIES,2500.0,0.0,2500.0,3.5,8750.0
2025-10-23,UHPLASIZRS06,"YongChangXing International (HK), LTD",3000.0,0.0,3000.0,2.02,6060.96
2025-10-23,UHPLASIZRS06,ZOEONE INDUSTRIES,2500.0,0.0,2500.0,3.5,8750.0
2025-10-23,UHPLASIZRS07,"YongChangXing International (HK), LTD",3000.0,0.0,3000.0,2.02,6060.96
2025-10-23,UHPLASIZRS07,ZOEONE INDUSTRIES,2500.0,0.0,2500.0,3.5,8750.0
2025-10-23,UHPLASIZRS08,"YongChangXing International (HK), LTD",3000.0,0.0,3000.0,2.02,6060.96
2025-10-23,UHPLASIZRS08,ZOEONE INDUSTRIES,2500.0,0.0,2500.0,3.5,8750.0
2025-10-23,UHPLASIZRS09,"YongChangXing International (HK), LTD",3000.0,0.0,3000.0,2.02,6060.96
2025-10-23,UHPLASIZRS09,ZOEONE INDUSTRIES,2500.0,0.0,2500.0,3.5,8750.0
2025-10-23,UHPLASIZRS10,"YongChangXing International (HK), LTD",3000.0,0.0,3000.0,2.02,6060.96
2025-10-23,UHPLASIZRS10,ZOEONE INDUSTRIES,2500.0,0.0,2500.0,3.5,8750.0
2025-10-23,UHPLASIZRS11,"YongChangXing International (HK), LTD",3000.0,0.0,3000.0,2.02,6060.96
2025-10-23,UHPLASIZRS11,ZOEONE INDUSTRIES,2500.0,0.0,2500.0,3.5,8750.0
2025-10-23,UHPLASIZRS12,"YongChangXing International (HK), LTD",3000.0,0.0,3000.0,2.02,6060.96
2025-10-23,UHPLASIZRS12,ZOEONE INDUSTRIES,2500.0,0.0,2500.0,3.5,8750.0
2025-10-23,UHPLASIZRS13,"YongChangXing International (HK), LTD",3000.0,0.0,3000.0,2.02,6060.96
2025-10-23,UHPLASIZRS13,ZOEONE INDUSTRIES,2500.0,0.0,2500.0,3.5,8750.0
2025-10-23,UHPLASIZRS14,"YongChangXing International (HK), LTD",3000.0,0.0,3000.0,2.02,6060.96
2025-10-23,UHPLASIZRS14,ZOEONE INDUSTRIES,2500.0,0.0,2500.0,3.5,8750.0
2025-10-23,UHRDADWITS9,Amazon India PVT LTD,1.0,0.0,1.0,446.61,446.61
2025-10-23,UHRDELECT20,Aarthi Electronics,50.0,0.0,50.0,6.0,300.0
2025-10-23,UHRDELLER15,Amazon India PVT LTD,2.0,0.0,2.0,723.77,1447.54
2025-10-23,UHRDPLSTSAM,"YongChangXing International (HK), LTD",40.0,0.0,40.0,87.84,3513.6
2025-10-23,UHRDPREMIUM,Amazon India PVT LTD,2.0,0.0,2.0,804.28,1608.56
2025-10-23,UHRDSAFERNG,"Haosheng Technology Group Co., Ltd.",2000.0,0.0,2000.0,0.04,87.84
2025-10-23,UHSTBLKMARK,Reliable office supplies,100.0,0.0,100.0,7.0,700.0
2025-10-23,UHSTNANFILE,Reliable office supplies,20.0,0.0,20.0,90.0,1800.0
2025-10-23,UHSTPERMARK,Reliable office supplies,50.0,0.0,50.0,15.0,750.0
2025-10-23,UHSTZIPLOCK3X4,Reliable office supplies,50000.0,0.0,50000.0,0.3,15000.0
2025-10-23,UHSWATCHAA,Mudra innovation,5000.0,0.0,5000.0,12.2,61000.0
2025-10-23,UHSWATCHAG,Mudra innovation,5000.0,0.0,5000.0,12.2,61000.0
2025-10-23,UHSWATCHAS,Mudra innovation,5000.0,0.0,5000.0,12.2,61000.0
2025-10-23,UHSWATCHBRG,Mudra innovation,5000.0,0.0,5000.0,18.0,90000.0
2025-10-23,UHSWATCHMG,Mudra innovation,5000.0,0.0,5000.0,12.2,61000.0
2025-10-23,UHSWATCHRT,Mudra innovation,5000.0,0.0,5000.0,12.2,61000.0
2025-10-24,UHC2PCBAREV21,Zreyah Semiconductor Systems Pvt. Ltd.,2400.0,0.0,2400.0,40.0,96000.0
2025-10-24,UHCHTOP2.5S11,Aaru Plastics,800.0,0.0,800.0,34.0,27200.0
2025-10-24,UHCHTOP2.5S12,Aaru Plastics,500.0,0.0,500.0,34.0,17000.0
2025-10-24,UHPLASIZRS05,ZOEONE INDUSTRIES,2500.0,0.0,2500.0,3.5,8750.0
2025-10-24,UHPLASIZRS06,ZOEONE INDUSTRIES,2500.0,0.0,2500.0,3.5,8750.0
2025-10-24,UHPLASIZRS07,ZOEONE INDUSTRIES,2500.0,0.0,2500.0,3.5,8750.0
2025-10-24,UHPLASIZRS08,ZOEONE INDUSTRIES,2500.0,0.0,2500.0,3.5,8750.0
2025-10-24,UHPLASIZRS09,ZOEONE INDUSTRIES,2500.0,0.0,2500.0,3.5,8750.0
2025-10-24,UHPLASIZRS10,ZOEONE INDUSTRIES,2500.0,0.0,2500.0,3.5,8750.0
2025-10-24,UHPLASIZRS11,ZOEONE INDUSTRIES,2500.0,0.0,2500.0,3.5,8750.0
2025-10-24,UHPLASIZRS12,ZOEONE INDUSTRIES,2500.0,0.0,2500.0,3.5,8750.0
2025-10-24,UHPLASIZRS13,ZOEONE INDUSTRIES,2500.0,0.0,2500.0,3.5,8750.0
2025-10-24,UHPLASIZRS14,ZOEONE INDUSTRIES,2500.0,0.0,2500.0,3.5,8750.0
2025-10-24,UHRDBATRY24,MASCOT ENTERPRISE LIMITED,70.0,0.0,70.0,8.78,614.88
2025-10-24,UHRDBATRY26,MASCOT ENTERPRISE LIMITED,70.0,0.0,70.0,8.78,614.88
2025-10-24,UHRDBATRY32,MASCOT ENTERPRISE LIMITED,70.0,0.0,70.0,8.78,614.88
2025-10-24,UHRDBATRY34,MASCOT ENTERPRISE LIMITED,70.0,0.0,70.0,8.78,614.88
2025-10-24,UHRDIFIXTOL,Amazon India PVT LTD,2.0,0.0,2.0,4177.31,8354.62
2025-10-24,UHRDSTRIAP1,NOA Labs (Shenzhen) Ltd.,7.0,0.0,7.0,1756.8,12297.6
2025-10-25,UHCHA2BASS07,HANAV MANUFACTURING AND BUSINESS PRIVATE LIMITED,871.0,0.0,871.0,235.0,204685.0
2025-10-25,UHCTPFGAAS07-T1.62,3DE Technology Prototype Solutions Pvt Ltd (Casting),22.0,0.0,22.0,380.0,8360.0
2025-10-25,UHCTPFGAAS13-T1.62,3DE Technology Prototype Solutions Pvt Ltd (Casting),7.0,0.0,7.0,380.0,2660.0
2025-10-25,UHCTPFGAGO09-T1.62,3DE Technology Prototype Solutions Pvt Ltd (Casting),61.0,0.0,61.0,380.0,23180.0
2025-10-25,UHCTPFGAGS06-T1.62,3DE Technology Prototype Solutions Pvt Ltd (Casting),45.0,0.0,45.0,380.0,17100.0
2025-10-25,UHCTPFGAGS07-T1.62,3DE Technology Prototype Solutions Pvt Ltd (Casting),6.0,0.0,6.0,380.0,2280.0
2025-10-25,UHCTPFGAGS08-T1.62,3DE Technology Prototype Solutions Pvt Ltd (Casting),48.0,0.0,48.0,380.0,18240.0
2025-10-25,UHCTPFGAGS14-T1.62,3DE Technology Prototype Solutions Pvt Ltd (Casting),2.0,0.0,2.0,380.0,760.0
2025-10-25,UHCTPFGASO13-T1.62,3DE Technology Prototype Solutions Pvt Ltd (Casting),14.0,0.0,14.0,380.0,5320.0
2025-10-25,UHCTPFGASS05-T1.62,3DE Technology Prototype Solutions Pvt Ltd (Casting),49.0,0.0,49.0,380.0,18620.0
2025-10-25,UHCTPFGASS12-T1.62,3DE Technology Prototype Solutions Pvt Ltd (Casting),5.0,0.0,5.0,380.0,1900.0
2025-10-25,UHCTPFGBRGO08-T1.62,3DE Technology Prototype Solutions Pvt Ltd (Casting),26.0,0.0,26.0,380.0,9880.0
2025-10-25,UHCTPFGBRGO09-T1.62,3DE Technology Prototype Solutions Pvt Ltd (Casting),54.0,0.0,54.0,380.0,20520.0
2025-10-25,UHCTPFGBRGO12-T1.62,3DE Technology Prototype Solutions Pvt Ltd (Casting),13.0,0.0,13.0,380.0,4940.0
2025-10-25,UHCTPFGMGS05-T1.62,3DE Technology Prototype Solutions Pvt Ltd (Casting),1.0,0.0,1.0,380.0,380.0
2025-10-25,UHCTPFGMGS06-T1.62,3DE Technology Prototype Solutions Pvt Ltd (Casting),23.0,0.0,23.0,380.0,8740.0
2025-10-25,UHCTPFGMGS09-T1.62,3DE Technology Prototype Solutions Pvt Ltd (Casting),19.0,0.0,19.0,380.0,7220.0
2025-10-25,UHCTPFGMGS11-T1.62,3DE Technology Prototype Solutions Pvt Ltd (Casting),36.0,0.0,36.0,380.0,13680.0
2025-10-25,UHCTPFGMGS12-T1.62,3DE Technology Prototype Solutions Pvt Ltd (Casting),11.0,0.0,11.0,380.0,4180.0
2025-10-25,UHCTPFGRTS08-T1.62,3DE Technology Prototype Solutions Pvt Ltd (Casting),214.0,0.0,214.0,380.0,81320.0
2025-10-25,UHPLASIZRS05,ZOEONE INDUSTRIES,2500.0,0.0,2500.0,3.5,8750.0
2025-10-25,UHPLASIZRS06,ZOEONE INDUSTRIES,2500.0,0.0,2500.0,3.5,8750.0
2025-10-25,UHPLASIZRS07,ZOEONE INDUSTRIES,2500.0,0.0,2500.0,3.5,8750.0
2025-10-25,UHPLASIZRS08,ZOEONE INDUSTRIES,2500.0,0.0,2500.0,3.5,8750.0
2025-10-25,UHPLASIZRS09,ZOEONE INDUSTRIES,2500.0,0.0,2500.0,3.5,8750.0
2025-10-25,UHPLASIZRS10,ZOEONE INDUSTRIES,2500.0,0.0,2500.0,3.5,8750.0
2025-10-25,UHPLASIZRS11,ZOEONE INDUSTRIES,2500.0,0.0,2500.0,3.5,8750.0
2025-10-25,UHPLASIZRS12,ZOEONE INDUSTRIES,2500.0,0.0,2500.0,3.5,8750.0
2025-10-25,UHPLASIZRS13,ZOEONE INDUSTRIES,2500.0,0.0,2500.0,3.5,8750.0
2025-10-25,UHPLASIZRS14,ZOEONE INDUSTRIES,2500.0,0.0,2500.0,3.5,8750.0
2025-10-25,UHRING1.62PCBA,SVTRONICS India Private Limited,1283.0,0.0,1283.0,140.0,179620.0
2025-10-27,UH0.2MIRROR11,CN Innovations Limited,2000.0,0.0,2000.0,537.58,1075161.6
2025-10-27,UH0.2MIRROR12,CN Innovations Limited,2000.0,0.0,2000.0,537.58,1075161.6
2025-10-27,UH0.2MIRROR13,CN Innovations Limited,2000.0,0.0,2000.0,537.58,1075161.6
2025-10-27,UHCHA2BASS07,HANAV MANUFACTURING AND BUSINESS PRIVATE LIMITED,183.0,0.0,183.0,235.0,43005.0
2025-10-27,UHCHA2BASS08,HANAV MANUFACTURING AND BUSINESS PRIVATE LIMITED,1008.0,0.0,1008.0,235.0,236880.0
2025-10-27,UHCHA2BASS09,HANAV MANUFACTURING AND BUSINESS PRIVATE LIMITED,2016.0,0.0,2016.0,235.0,473760.0
2025-10-27,UHCTPFGAAS07-T1.62,3DE Technology Prototype Solutions Pvt Ltd (Casting),38.0,0.0,38.0,380.0,14440.0
2025-10-27,UHCTPFGAAS13-T1.62,3DE Technology Prototype Solutions Pvt Ltd (Casting),29.0,0.0,29.0,380.0,11020.0
2025-10-27,UHCTPFGAGO09-T1.62,3DE Technology Prototype Solutions Pvt Ltd (Casting),60.0,0.0,60.0,380.0,22800.0
2025-10-27,UHCTPFGAGS06-T1.62,3DE Technology Prototype Solutions Pvt Ltd (Casting),75.0,0.0,75.0,380.0,28500.0
2025-10-27,UHCTPFGAGS08-T1.62,3DE Technology Prototype Solutions Pvt Ltd (Casting),72.0,0.0,72.0,380.0,27360.0
2025-10-27,UHCTPFGAGS14-T1.62,3DE Technology Prototype Solutions Pvt Ltd (Casting),1.0,0.0,1.0,380.0,380.0
2025-10-27,UHCTPFGASO13-T1.62,3DE Technology Prototype Solutions Pvt Ltd (Casting),1.0,0.0,1.0,380.0,380.0
2025-10-27,UHCTPFGASS05-T1.62,3DE Technology Prototype Solutions Pvt Ltd (Casting),59.0,0.0,59.0,380.0,22420.0
2025-10-27,UHCTPFGASS12-T1.62,3DE Technology Prototype Solutions Pvt Ltd (Casting),2.0,0.0,2.0,380.0,760.0
2025-10-27,UHCTPFGBRGO09-T1.62,3DE Technology Prototype Solutions Pvt Ltd (Casting),3.0,0.0,3.0,380.0,1140.0
2025-10-27,UHCTPFGBRGO12-T1.62,3DE Technology Prototype Solutions Pvt Ltd (Casting),3.0,0.0,3.0,380.0,1140.0
2025-10-27,UHCTPFGMGS05-T1.62,3DE Technology Prototype Solutions Pvt Ltd (Casting),11.0,0.0,11.0,380.0,4180.0
2025-10-27,UHCTPFGMGS06-T1.62,3DE Technology Prototype Solutions Pvt Ltd (Casting),25.0,0.0,25.0,380.0,9500.0
2025-10-27,UHCTPFGMGS09-T1.62,3DE Technology Prototype Solutions Pvt Ltd (Casting),5.0,0.0,5.0,380.0,1900.0
2025-10-27,UHCTPFGMGS11-T1.62,3DE Technology Prototype Solutions Pvt Ltd (Casting),7.0,0.0,7.0,380.0,2660.0
2025-10-27,UHCTPFGRTS08-T1.62,3DE Technology Prototype Solutions Pvt Ltd (Casting),195.0,0.0,195.0,380.0,74100.0
2025-10-27,UHPLASIZRS05,ZOEONE INDUSTRIES,2500.0,0.0,2500.0,3.5,8750.0
2025-10-27,UHPLASIZRS06,ZOEONE INDUSTRIES,2500.0,0.0,2500.0,3.5,8750.0
2025-10-27,UHPLASIZRS07,ZOEONE INDUSTRIES,2500.0,0.0,2500.0,3.5,8750.0
2025-10-27,UHPLASIZRS08,ZOEONE INDUSTRIES,2500.0,0.0,2500.0,3.5,8750.0
2025-10-27,UHPLASIZRS09,ZOEONE INDUSTRIES,2500.0,0.0,2500.0,3.5,8750.0
2025-10-27,UHPLASIZRS10,ZOEONE INDUSTRIES,2500.0,0.0,2500.0,3.5,8750.0
2025-10-27,UHPLASIZRS11,ZOEONE INDUSTRIES,2500.0,0.0,2500.0,3.5,8750.0
2025-10-27,UHPLASIZRS12,ZOEONE INDUSTRIES,2500.0,0.0,2500.0,3.5,8750.0
2025-10-27,UHPLASIZRS13,ZOEONE INDUSTRIES,2500.0,0.0,2500.0,3.5,8750.0
2025-10-27,UHPLASIZRS14,ZOEONE INDUSTRIES,2500.0,0.0,2500.0,3.5,8750.0
2025-10-27,UHRD65ABTSL,MAKENICA PRIVATE LIMITED (Regular Purchase),10.0,0.0,10.0,360.0,3600.0
2025-10-27,UHRD65AFLXB,MAKENICA PRIVATE LIMITED (Regular Purchase),10.0,0.0,10.0,360.0,3600.0
2025-10-27,UHRDALIGNER,MAKENICA PRIVATE LIMITED (Regular Purchase),20.0,0.0,20.0,300.0,6000.0
2025-10-27,UHRDBASESLA,MAKENICA PRIVATE LIMITED (Regular Purchase),2.0,0.0,2.0,3900.0,7800.0
2025-10-27,UHRDCHANG1,MAKENICA PRIVATE LIMITED (Regular Purchase),50.0,0.0,50.0,156.0,7800.0
2025-10-27,UHRDCHANGH,MAKENICA PRIVATE LIMITED (Regular Purchase),100.0,0.0,100.0,140.0,14000.0
2025-10-27,UHRDFDMSO5H,MAKENICA PRIVATE LIMITED (Regular Purchase),30.0,0.0,30.0,55.2,1656.0
2025-10-27,UHRDFLEBATY,MAKENICA PRIVATE LIMITED (Regular Purchase),50.0,0.0,50.0,95.0,4750.0
2025-10-27,UHRDLIGHTXL,MAKENICA PRIVATE LIMITED (Regular Purchase),10.0,0.0,10.0,150.0,1500.0
2025-10-27,UHRDLITGUD1,MAKENICA PRIVATE LIMITED (Regular Purchase),10.0,0.0,10.0,150.0,1500.0
2025-10-27,UHRDLOCTIT2,VSINTERCONNECT INDIA PRIVATE LIMITED,5.0,0.0,5.0,1232.0,6160.0
2025-10-27,UHRDMCTEST1,MAKENICA PRIVATE LIMITED (Regular Purchase),6.0,0.0,6.0,490.0,2940.0
2025-10-27,UHRDPOGPIN1,"Dongguan Mingtan Electronics Co., Ltd",500.0,0.0,500.0,105.41,52704.0
2025-10-27,UHRDPROBLKL,MAKENICA PRIVATE LIMITED (Regular Purchase),6.0,0.0,6.0,440.0,2640.0
2025-10-27,UHRDPROBLKR,MAKENICA PRIVATE LIMITED (Regular Purchase),6.0,0.0,6.0,220.0,1320.0
2025-10-27,UHRDSIZING1,MAKENICA PRIVATE LIMITED (Regular Purchase),10.0,0.0,10.0,750.0,7500.0
2025-10-27,UHRDSIZKIT1,MAKENICA PRIVATE LIMITED (Regular Purchase),2.0,0.0,2.0,300.0,600.0
2025-10-27,UHRDSLA08TR,MAKENICA PRIVATE LIMITED (Regular Purchase),2.0,0.0,2.0,750.0,1500.0
2025-10-27,UHRDSLAGUSP,MAKENICA PRIVATE LIMITED (Regular Purchase),15.0,0.0,15.0,166.67,2500.0
2025-10-27,UHRDSLASF05,MAKENICA PRIVATE LIMITED (Regular Purchase),1.0,0.0,1.0,1500.0,1500.0
2025-10-27,UHRDSLASFRG,MAKENICA PRIVATE LIMITED (Regular Purchase),1.0,0.0,1.0,5550.0,5550.0
2025-10-27,UHRDSLASLOT,MAKENICA PRIVATE LIMITED (Regular Purchase),4.0,0.0,4.0,975.0,3900.0
2025-10-27,UHRDSLSIZ8P,MAKENICA PRIVATE LIMITED (Regular Purchase),2.0,0.0,2.0,750.0,1500.0
2025-10-27,UHRDSPKHSG1,MAKENICA PRIVATE LIMITED (Regular Purchase),12.0,0.0,12.0,575.0,6900.0
2025-10-27,UHRDTACTPAD,MAKENICA PRIVATE LIMITED (Regular Purchase),100.0,0.0,100.0,150.0,15000.0
2025-10-27,UHRDTRIAL08,MAKENICA PRIVATE LIMITED (Regular Purchase),2.0,0.0,2.0,900.0,1800.0
2025-10-27,UHTIJWRTLS09,METALRIPPER MANUFACTURING,600.0,0.0,600.0,285.0,171000.0
2025-10-28,UH0.2RT09,IILA INDUSTRIES (Regular Purchase),660.0,0.0,660.0,40.0,26400.0
2025-10-28,UHC2PCBAREV21,Zreyah Semiconductor Systems Pvt. Ltd.,3000.0,0.0,3000.0,40.0,120000.0
2025-10-28,UHCHA2BASS08,HANAV MANUFACTURING AND BUSINESS PRIVATE LIMITED,1008.0,0.0,1008.0,235.0,236880.0
2025-10-28,UHCTPFGAGS07-T1.62,3DE Technology Prototype Solutions Pvt Ltd (Casting),58.0,0.0,58.0,380.0,22040.0
2025-10-28,UHCTPFGAGS08-T1.62,3DE Technology Prototype Solutions Pvt Ltd (Casting),69.0,0.0,69.0,380.0,26220.0
2025-10-28,UHCTPFGMGO09-T1.62,3DE Technology Prototype Solutions Pvt Ltd (Casting),16.0,0.0,16.0,380.0,6080.0
2025-10-28,UHCTPFGMGS07-T1.62,3DE Technology Prototype Solutions Pvt Ltd (Casting),14.0,0.0,14.0,380.0,5320.0
2025-10-28,UHCTPFGMGS08-T1.62,3DE Technology Prototype Solutions Pvt Ltd (Casting),36.0,0.0,36.0,380.0,13680.0
2025-10-28,UHCTPFGRTS08-T1.62,3DE Technology Prototype Solutions Pvt Ltd (Casting),278.0,0.0,278.0,380.0,105640.0
2025-10-28,UHCTPFGRTS09-T1.62,3DE Technology Prototype Solutions Pvt Ltd (Casting),330.0,0.0,330.0,380.0,125400.0
2025-10-28,UHCTPFGRTS13-T1.62,3DE Technology Prototype Solutions Pvt Ltd (Casting),1.0,0.0,1.0,380.0,380.0
2025-10-28,UHRD65ARUBR,MAKENICA PRIVATE LIMITED (Regular Purchase),50.0,0.0,50.0,150.0,7500.0
2025-10-28,UHRDAMMRING,CHIPTEST ENGINEERING PRIVATE LIMITED,2.0,0.0,2.0,4100.0,8200.0
2025-10-28,UHRDBUTBAC6,MAKENICA PRIVATE LIMITED (Regular Purchase),20.0,0.0,20.0,150.0,3000.0
2025-10-28,UHRDDESN1V1,MAKENICA PRIVATE LIMITED (Regular Purchase),2.0,0.0,2.0,750.0,1500.0
2025-10-28,UHRDFDMBASE,MAKENICA PRIVATE LIMITED (Regular Purchase),6.0,0.0,6.0,60.0,360.0
2025-10-28,UHRDFDMTOP1,MAKENICA PRIVATE LIMITED (Regular Purchase),6.0,0.0,6.0,60.0,360.0
2025-10-28,UHRDFLEBATY,MAKENICA PRIVATE LIMITED (Regular Purchase),40.0,0.0,40.0,150.0,6000.0
2025-10-28,UHRDLOC3900,VSINTERCONNECT INDIA PRIVATE LIMITED,1.0,0.0,1.0,1177.0,1177.0
2025-10-28,UHRDLOCT60N,VSINTERCONNECT INDIA PRIVATE LIMITED,1.0,0.0,1.0,2160.0,2160.0
2025-10-28,UHRDMASTER1,MAKENICA PRIVATE LIMITED (Regular Purchase),10.0,0.0,10.0,250.0,2500.0
2025-10-28,UHRDPROBLKL,MAKENICA PRIVATE LIMITED (Regular Purchase),10.0,0.0,10.0,750.0,7500.0
2025-10-28,UHRDPROBLKR,MAKENICA PRIVATE LIMITED (Regular Purchase),10.0,0.0,10.0,600.0,6000.0
2025-10-28,UHRDPUTUBE4,SANAA RUBBER PRODUCT,100.0,0.0,100.0,16.0,1600.0
2025-10-28,UHRDS06BSH1,MAKENICA PRIVATE LIMITED (Regular Purchase),40.0,0.0,40.0,150.0,6000.0
2025-10-28,UHRDS11BSH5,MAKENICA PRIVATE LIMITED (Regular Purchase),40.0,0.0,40.0,150.0,6000.0
2025-10-28,UHRDSCISSOR,Amazon India PVT LTD,3.0,0.0,3.0,103.68,311.04
2025-10-28,UHRDSCREWS1,J C GUPTA & SONS,100.0,0.0,100.0,26.46,2646.0
2025-10-28,UHRDSLA3DPR,MAKENICA PRIVATE LIMITED (Regular Purchase),1.0,0.0,1.0,6000.0,6000.0
2025-10-28,UHRDSLAABSW,MAKENICA PRIVATE LIMITED (Regular Purchase),100.0,0.0,100.0,205.0,20500.0
2025-10-28,UHRDSLABASE,MAKENICA PRIVATE LIMITED (Regular Purchase),2.0,0.0,2.0,5550.0,11100.0
2025-10-28,UHRDSLAGUSP,MAKENICA PRIVATE LIMITED (Regular Purchase),20.0,0.0,20.0,150.0,3000.0
2025-10-28,UHRDSLAPRO1,MAKENICA PRIVATE LIMITED (Regular Purchase),2.0,0.0,2.0,750.0,1500.0
2025-10-28,UHRDSLATOP1,MAKENICA PRIVATE LIMITED (Regular Purchase),2.0,0.0,2.0,1500.0,3000.0
2025-10-28,UHRDSTRIAP1,NOA Labs (Shenzhen) Ltd.,2.0,0.0,2.0,4392.0,8784.0
2025-10-28,UHRDSUPFAST,MAKENICA PRIVATE LIMITED (Regular Purchase),2.0,0.0,2.0,4028.0,8056.0
2025-10-28,UHRDUL94HB5,MAKENICA PRIVATE LIMITED (Regular Purchase),10.0,0.0,10.0,150.0,1500.0
2025-10-28,UH_RING_PRO_REV3_2,Zreyah Semiconductor Systems Pvt. Ltd.,180.0,0.0,180.0,680.0,122400.0
2025-10-28,UHSWATCHBRG,Mudra innovation,10000.0,0.0,10000.0,18.0,180000.0
2025-10-28,UHTIJWRTLS08,METALRIPPER MANUFACTURING,1256.0,0.0,1256.0,285.0,357960.0
2025-10-29,UHC3PAINBASES09,Aaru Plastics,156.0,0.0,156.0,0.0,0.0
2025-10-29,UHC3PAINBASES10,Aaru Plastics,250.0,0.0,250.0,0.0,0.0
2025-10-29,UHC3PAINBASES11,Aaru Plastics,250.0,0.0,250.0,0.0,0.0
2025-10-29,UHCHA2BASS08,HANAV MANUFACTURING AND BUSINESS PRIVATE LIMITED,3528.0,0.0,3528.0,235.0,829080.0
2025-10-29,UHCHTOP2.5S08,Aaru Plastics,800.0,0.0,800.0,34.0,27200.0
2025-10-29,UHCHTOP2.5S09,Aaru Plastics,300.0,0.0,300.0,34.0,10200.0
2025-10-29,UHCHTOP2.5S11,Aaru Plastics,1050.0,0.0,1050.0,34.0,35700.0
2025-10-29,UHCHTOP2.5S12,Aaru Plastics,500.0,0.0,500.0,34.0,17000.0
2025-10-29,UHCTPFGAAS06-T1.62,3DE Technology Prototype Solutions Pvt Ltd (Casting),17.0,0.0,17.0,380.0,6460.0
2025-10-29,UHCTPFGAAS11-T1.62,3DE Technology Prototype Solutions Pvt Ltd (Casting),54.0,0.0,54.0,380.0,20520.0
2025-10-29,UHCTPFGAGS07-T1.62,3DE Technology Prototype Solutions Pvt Ltd (Casting),267.0,0.0,267.0,380.0,101460.0
2025-10-29,UHCTPFGAGS08-T1.62,3DE Technology Prototype Solutions Pvt Ltd (Casting),37.0,0.0,37.0,380.0,14060.0
2025-10-29,UHCTPFGASS05-T1.62,3DE Technology Prototype Solutions Pvt Ltd (Casting),19.0,0.0,19.0,380.0,7220.0
2025-10-29,UHCTPFGASS10-T1.62,3DE Technology Prototype Solutions Pvt Ltd (Casting),17.0,0.0,17.0,380.0,6460.0
2025-10-29,UHCTPFGASS12-T1.62,3DE Technology Prototype Solutions Pvt Ltd (Casting),17.0,0.0,17.0,380.0,6460.0
2025-10-29,UHCTPFGBRGO06-T1.62,3DE Technology Prototype Solutions Pvt Ltd (Casting),40.0,0.0,40.0,380.0,15200.0
2025-10-29,UHCTPFGBRGO07-T1.62,3DE Technology Prototype Solutions Pvt Ltd (Casting),57.0,0.0,57.0,380.0,21660.0
2025-10-29,UHCTPFGBRGO08-T1.62,3DE Technology Prototype Solutions Pvt Ltd (Casting),3.0,0.0,3.0,380.0,1140.0
2025-10-29,UHCTPFGMGO09-T1.62,3DE Technology Prototype Solutions Pvt Ltd (Casting),125.0,0.0,125.0,380.0,47500.0
2025-10-29,UHCTPFGMGS07-T1.62,3DE Technology Prototype Solutions Pvt Ltd (Casting),38.0,0.0,38.0,380.0,14440.0
2025-10-29,UHCTPFGMGS08-T1.62,3DE Technology Prototype Solutions Pvt Ltd (Casting),26.0,0.0,26.0,380.0,9880.0
2025-10-29,UHCTPFGMGS11-T1.62,3DE Technology Prototype Solutions Pvt Ltd (Casting),83.0,0.0,83.0,380.0,31540.0
2025-10-29,UHCTPFGMGS12-T1.62,3DE Technology Prototype Solutions Pvt Ltd (Casting),23.0,0.0,23.0,380.0,8740.0
2025-10-29,UHCTPFGRTO09-T1.62,3DE Technology Prototype Solutions Pvt Ltd (Casting),9.0,0.0,9.0,380.0,3420.0
2025-10-29,UHCTPFGRTS08-T1.62,3DE Technology Prototype Solutions Pvt Ltd (Casting),250.0,0.0,250.0,380.0,95000.0
2025-10-29,UHCTPFGRTS09-T1.62,3DE Technology Prototype Solutions Pvt Ltd (Casting),349.0,0.0,349.0,380.0,132620.0
2025-10-29,UHCTPFGRTS10-T1.62,3DE Technology Prototype Solutions Pvt Ltd (Casting),29.0,0.0,29.0,380.0,11020.0
2025-10-29,UHCTPFGRTS11-T1.62,3DE Technology Prototype Solutions Pvt Ltd (Casting),16.0,0.0,16.0,380.0,6080.0
2025-10-29,UHCTPFGRTS12-T1.62,3DE Technology Prototype Solutions Pvt Ltd (Casting),30.0,0.0,30.0,380.0,11400.0
2025-10-29,UHCTPFGRTS13-T1.62,3DE Technology Prototype Solutions Pvt Ltd (Casting),32.0,0.0,32.0,380.0,12160.0
2025-10-29,UHRDJUMPER2,Aarthi Electronics,384.0,0.0,384.0,25.0,9600.0
2025-10-29,UHRDKROST17,Amazon India PVT LTD,1.0,0.0,1.0,228.82,228.82
2025-10-29,UHRDMTYQ200,NAMOTRONICS,100.0,0.0,100.0,2.0,200.0
2025-10-29,UHRDR150157,MACFOS LIMITED,100.0,0.0,100.0,51.69,5169.49
2025-10-29,UHRDSCREWS1,J C GUPTA & SONS,500.0,0.0,500.0,14.64,7320.0
2025-10-29,UHRDSMD10MS,NAMOTRONICS,500.0,0.0,500.0,0.25,125.0
2025-10-29,UHRDSMDOH52,NAMOTRONICS,100.0,0.0,100.0,0.25,25.0
2025-10-29,UHRDUNIBALL,Amazon India PVT LTD,34.0,0.0,34.0,130.57,4439.44
2025-10-29,UHRDVERNIER,Amazon India PVT LTD,2.0,0.0,2.0,2794.06,5588.12
2025-10-29,UHRING1.62PCBA,SVTRONICS India Private Limited,487.0,0.0,487.0,140.0,68180.0
2025-10-29,UHSWATCHAA,Mudra innovation,10000.0,0.0,10000.0,12.2,122000.0
2025-10-29,UHSWATCHAG,Mudra innovation,10000.0,0.0,10000.0,12.2,122000.0
2025-10-29,UHSWATCHAS,Mudra innovation,10000.0,0.0,10000.0,12.2,122000.0
2025-10-29,UHSWATCHMG,Mudra innovation,10000.0,0.0,10000.0,12.2,122000.0
2025-10-29,UHSWATCHRT,Mudra innovation,10000.0,0.0,10000.0,12.2,122000.0
2025-10-29,UHTIJWRTLS09,METALRIPPER MANUFACTURING,242.0,0.0,242.0,285.0,68970.0
2025-10-29,UHTIJWRTLS10,METALRIPPER MANUFACTURING,827.0,0.0,827.0,285.0,235695.0
2025-10-30,UHRDCONFMAL,MECTRONICS MARKETING SERVICES,5.0,0.0,5.0,1691.7,8458.5
2025-10-30,UHRDHSSTAP4,Bharath Hardware & Industrial Suppliers,200.0,0.0,200.0,6.0,1200.0
2025-10-30,UHRDMIRROR2 ,Amazon India PVT LTD,1.0,0.0,1.0,160.0,160.0
2025-10-30,UHRDSEFTAPE,Amazon India PVT LTD,1.0,0.0,1.0,2438.74,2438.74
2025-10-30,UHRDT7000BLK,Aarthi Electronics,20.0,0.0,20.0,100.0,2000.0
2025-10-30,UHRDVERNIER,Amazon India PVT LTD,2.0,0.0,2.0,2794.06,5588.12
2025-10-30,UHRDWRISRT2,METALRIPPER MANUFACTURING,6.0,0.0,6.0,1200.0,7200.0
2025-10-30,UHRDWRISRT3,METALRIPPER MANUFACTURING,3.0,0.0,3.0,2000.0,6000.0
2025-10-30,UHRING1.62PCBA,Zreyah Semiconductor Systems Pvt. Ltd.,488.0,0.0,488.0,140.0,68320.0
2025-10-31,UHCTPFGAAS05-T1.62,3DE Technology Prototype Solutions Pvt Ltd (Casting),6.0,0.0,6.0,380.0,2280.0
2025-10-31,UHCTPFGAAS06-T1.62,3DE Technology Prototype Solutions Pvt Ltd (Casting),21.0,0.0,21.0,380.0,7980.0
2025-10-31,UHCTPFGAAS07-T1.62,3DE Technology Prototype Solutions Pvt Ltd (Casting),9.0,0.0,9.0,380.0,3420.0
2025-10-31,UHCTPFGAAS08-T1.62,3DE Technology Prototype Solutions Pvt Ltd (Casting),6.0,0.0,6.0,380.0,2280.0
2025-10-31,UHCTPFGAAS11-T1.62,3DE Technology Prototype Solutions Pvt Ltd (Casting),10.0,0.0,10.0,380.0,3800.0
2025-10-31,UHCTPFGAGS06-T1.62,3DE Technology Prototype Solutions Pvt Ltd (Casting),22.0,0.0,22.0,380.0,8360.0
2025-10-31,UHCTPFGAGS07-T1.62,3DE Technology Prototype Solutions Pvt Ltd (Casting),193.0,0.0,193.0,380.0,73340.0
2025-10-31,UHCTPFGAGS08-T1.62,3DE Technology Prototype Solutions Pvt Ltd (Casting),6.0,0.0,6.0,380.0,2280.0
2025-10-31,UHCTPFGASS05-T1.62,3DE Technology Prototype Solutions Pvt Ltd (Casting),23.0,0.0,23.0,380.0,8740.0
2025-10-31,UHCTPFGASS10-T1.62,3DE Technology Prototype Solutions Pvt Ltd (Casting),21.0,0.0,21.0,380.0,7980.0
2025-10-31,UHCTPFGASS12-T1.62,3DE Technology Prototype Solutions Pvt Ltd (Casting),7.0,0.0,7.0,380.0,2660.0
2025-10-31,UHCTPFGBRGO06-T1.62,3DE Technology Prototype Solutions Pvt Ltd (Casting),96.0,0.0,96.0,380.0,36480.0
2025-10-31,UHCTPFGBRGO07-T1.62,3DE Technology Prototype Solutions Pvt Ltd (Casting),56.0,0.0,56.0,380.0,21280.0
2025-10-31,UHCTPFGBRGO08-T1.62,3DE Technology Prototype Solutions Pvt Ltd (Casting),30.0,0.0,30.0,380.0,11400.0
2025-10-31,UHCTPFGMGO09-T1.62,3DE Technology Prototype Solutions Pvt Ltd (Casting),112.0,0.0,112.0,380.0,42560.0
2025-10-31,UHCTPFGMGS07-T1.62,3DE Technology Prototype Solutions Pvt Ltd (Casting),7.0,0.0,7.0,380.0,2660.0
2025-10-31,UHCTPFGMGS08-T1.62,3DE Technology Prototype Solutions Pvt Ltd (Casting),30.0,0.0,30.0,380.0,11400.0
2025-10-31,UHCTPFGMGS11-T1.62,3DE Technology Prototype Solutions Pvt Ltd (Casting),47.0,0.0,47.0,380.0,17860.0
2025-10-31,UHCTPFGMGS12-T1.62,3DE Technology Prototype Solutions Pvt Ltd (Casting),28.0,0.0,28.0,380.0,10640.0
2025-10-31,UHCTPFGRTO09-T1.62,3DE Technology Prototype Solutions Pvt Ltd (Casting),266.0,0.0,266.0,380.0,101080.0
2025-10-31,UHCTPFGRTS08-T1.62,3DE Technology Prototype Solutions Pvt Ltd (Casting),225.0,0.0,225.0,380.0,85500.0
2025-10-31,UHCTPFGRTS09-T1.62,3DE Technology Prototype Solutions Pvt Ltd (Casting),102.0,0.0,102.0,380.0,38760.0
2025-10-31,UHCTPFGRTS10-T1.62,3DE Technology Prototype Solutions Pvt Ltd (Casting),81.0,0.0,81.0,380.0,30780.0
2025-10-31,UHCTPFGRTS11-T1.62,3DE Technology Prototype Solutions Pvt Ltd (Casting),67.0,0.0,67.0,380.0,25460.0
2025-10-31,UHCTPFGRTS12-T1.62,3DE Technology Prototype Solutions Pvt Ltd (Casting),30.0,0.0,30.0,380.0,11400.0
2025-10-31,UHCTPFGRTS13-T1.62,3DE Technology Prototype Solutions Pvt Ltd (Casting),3.0,0.0,3.0,380.0,1140.0
2025-10-31,UHRDETITAPE,Amazon India PVT LTD,1.0,0.0,1.0,317.8,317.8
2025-10-31,UHRDSILI3X7,SANAA RUBBER PRODUCT,20.0,0.0,20.0,90.0,1800.0
2025-10-31,UHRDUNIBALL,Amazon India PVT LTD,14.0,0.0,14.0,103.4,1447.6
2025-10-31,UHTIJWRTLS09,METALRIPPER MANUFACTURING,191.0,0.0,191.0,285.0,54435.0
2025-10-31,UHTIJWRTLS10,METALRIPPER MANUFACTURING,2502.0,0.0,2502.0,285.0,713070.0
2025-11-03,UH0.2RT08,IILA INDUSTRIES (Regular Purchase),271.0,0.0,271.0,40.0,10840.0
2025-11-03,UH0.2RT10,IILA INDUSTRIES (Regular Purchase),348.0,0.0,348.0,40.0,13920.0
2025-11-03,UH0.2RT11,IILA INDUSTRIES (Regular Purchase),191.0,0.0,191.0,40.0,7640.0
2025-11-03,UH0.2RT13,IILA INDUSTRIES (Regular Purchase),61.0,0.0,61.0,40.0,2440.0
2025-11-03,UHC2PCBAREV21,Zreyah Semiconductor Systems Pvt. Ltd.,4800.0,0.0,4800.0,40.0,192000.0
2025-11-03,UHC3LASERTOPS05,Aaru Plastics,1000.0,0.0,1000.0,28.0,28000.0
2025-11-03,UHC3LASERTOPS12,Aaru Plastics,1000.0,0.0,1000.0,28.0,28000.0
2025-11-03,UHC3PAINBASES08,Aaru Plastics,250.0,0.0,250.0,0.0,0.0
2025-11-03,UHCHTOP2.5S08,Aaru Plastics,150.0,0.0,150.0,34.0,5100.0
2025-11-03,UHCHTOP2.5S09,Aaru Plastics,200.0,0.0,200.0,34.0,6800.0
2025-11-03,UHCHTOP2.5S11,Aaru Plastics,300.0,0.0,300.0,34.0,10200.0
2025-11-03,UHCTPFGAAS05-T1.62,3DE Technology Prototype Solutions Pvt Ltd (Casting),6.0,0.0,6.0,380.0,2280.0
2025-11-03,UHCTPFGAAS06-T1.62,3DE Technology Prototype Solutions Pvt Ltd (Casting),21.0,0.0,21.0,380.0,7980.0
2025-11-03,UHCTPFGAAS07-T1.62,3DE Technology Prototype Solutions Pvt Ltd (Casting),46.0,0.0,46.0,380.0,17480.0
2025-11-03,UHCTPFGAAS08-T1.62,3DE Technology Prototype Solutions Pvt Ltd (Casting),27.0,0.0,27.0,380.0,10260.0
2025-11-03,UHCTPFGAAS11,3DE Technology Prototype Solutions Pvt Ltd (Casting),1.0,0.0,1.0,380.0,380.0
2025-11-03,UHCTPFGAAS11-T1.62,3DE Technology Prototype Solutions Pvt Ltd (Casting),29.0,0.0,29.0,380.0,11020.0
2025-11-03,UHCTPFGAAS12-T1.62,3DE Technology Prototype Solutions Pvt Ltd (Casting),1.0,0.0,1.0,380.0,380.0
2025-11-03,UHCTPFGAGO07,3DE Technology Prototype Solutions Pvt Ltd (Casting),4.0,0.0,4.0,380.0,1520.0
2025-11-03,UHCTPFGAGO07-T1.62,3DE Technology Prototype Solutions Pvt Ltd (Casting),3.0,0.0,3.0,380.0,1140.0
2025-11-03,UHCTPFGAGO08,3DE Technology Prototype Solutions Pvt Ltd (Casting),2.0,0.0,2.0,380.0,760.0
2025-11-03,UHCTPFGAGO08-T1.62,3DE Technology Prototype Solutions Pvt Ltd (Casting),2.0,0.0,2.0,380.0,760.0
2025-11-03,UHCTPFGAGO09,3DE Technology Prototype Solutions Pvt Ltd (Casting),1.0,0.0,1.0,380.0,380.0
2025-11-03,UHCTPFGAGO10,3DE Technology Prototype Solutions Pvt Ltd (Casting),2.0,0.0,2.0,380.0,760.0
2025-11-03,UHCTPFGAGS06-T1.62,3DE Technology Prototype Solutions Pvt Ltd (Casting),30.0,0.0,30.0,380.0,11400.0
2025-11-03,UHCTPFGAGS07,3DE Technology Prototype Solutions Pvt Ltd (Casting),1.0,0.0,1.0,380.0,380.0
2025-11-03,UHCTPFGAGS07-T1.62,3DE Technology Prototype Solutions Pvt Ltd (Casting),225.0,0.0,225.0,380.0,85500.0
2025-11-03,UHCTPFGAGS08,3DE Technology Prototype Solutions Pvt Ltd (Casting),1.0,0.0,1.0,380.0,380.0
2025-11-03,UHCTPFGAGS08-T1.62,3DE Technology Prototype Solutions Pvt Ltd (Casting),48.0,0.0,48.0,380.0,18240.0
2025-11-03,UHCTPFGAGS09,3DE Technology Prototype Solutions Pvt Ltd (Casting),1.0,0.0,1.0,380.0,380.0
2025-11-03,UHCTPFGASO08-T1.61,3DE Technology Prototype Solutions Pvt Ltd (Casting),1.0,0.0,1.0,380.0,380.0
2025-11-03,UHCTPFGASO08-T1.62,3DE Technology Prototype Solutions Pvt Ltd (Casting),1.0,0.0,1.0,380.0,380.0
2025-11-03,UHCTPFGASS05-T1.62,3DE Technology Prototype Solutions Pvt Ltd (Casting),4.0,0.0,4.0,380.0,1520.0
2025-11-03,UHCTPFGASS09-T1.62,3DE Technology Prototype Solutions Pvt Ltd (Casting),8.0,0.0,8.0,380.0,3040.0
2025-11-03,UHCTPFGASS10-T1.62,3DE Technology Prototype Solutions Pvt Ltd (Casting),9.0,0.0,9.0,380.0,3420.0
2025-11-03,UHCTPFGASS11-T1.62,3DE Technology Prototype Solutions Pvt Ltd (Casting),2.0,0.0,2.0,380.0,760.0
2025-11-03,UHCTPFGBRGO06-T1.62,3DE Technology Prototype Solutions Pvt Ltd (Casting),39.0,0.0,39.0,380.0,14820.0
2025-11-03,UHCTPFGBRGO07-T1.62,3DE Technology Prototype Solutions Pvt Ltd (Casting),6.0,0.0,6.0,380.0,2280.0
2025-11-03,UHCTPFGBRGO08-T1.62,3DE Technology Prototype Solutions Pvt Ltd (Casting),131.0,0.0,131.0,380.0,49780.0
2025-11-03,UHCTPFGBRGO13-T1.62,3DE Technology Prototype Solutions Pvt Ltd (Casting),2.0,0.0,2.0,380.0,760.0
2025-11-03,UHCTPFGMGO09,3DE Technology Prototype Solutions Pvt Ltd (Casting),1.0,0.0,1.0,380.0,380.0
2025-11-03,UHCTPFGMGO09-T1.62,3DE Technology Prototype Solutions Pvt Ltd (Casting),39.0,0.0,39.0,380.0,14820.0
2025-11-03,UHCTPFGMGO10-T1.61,3DE Technology Prototype Solutions Pvt Ltd (Casting),1.0,0.0,1.0,380.0,380.0
2025-11-03,UHCTPFGMGO10-T1.62,3DE Technology Prototype Solutions Pvt Ltd (Casting),3.0,0.0,3.0,380.0,1140.0
2025-11-03,UHCTPFGMGS07,3DE Technology Prototype Solutions Pvt Ltd (Casting),2.0,0.0,2.0,380.0,760.0
2025-11-03,UHCTPFGMGS08,3DE Technology Prototype Solutions Pvt Ltd (Casting),1.0,0.0,1.0,380.0,380.0
2025-11-03,UHCTPFGMGS08-T1.62,3DE Technology Prototype Solutions Pvt Ltd (Casting),4.0,0.0,4.0,380.0,1520.0
2025-11-03,UHCTPFGMGS10,3DE Technology Prototype Solutions Pvt Ltd (Casting),7.0,0.0,7.0,380.0,2660.0
2025-11-03,UHCTPFGMGS11,3DE Technology Prototype Solutions Pvt Ltd (Casting),1.0,0.0,1.0,380.0,380.0
2025-11-03,UHCTPFGMGS11-T1.62,3DE Technology Prototype Solutions Pvt Ltd (Casting),15.0,0.0,15.0,380.0,5700.0
2025-11-03,UHCTPFGMGS12-T1.62,3DE Technology Prototype Solutions Pvt Ltd (Casting),15.0,0.0,15.0,380.0,5700.0
2025-11-03,UHCTPFGMGS13,3DE Technology Prototype Solutions Pvt Ltd (Casting),2.0,0.0,2.0,380.0,760.0
2025-11-03,UHCTPFGRTO08-T1.61,3DE Technology Prototype Solutions Pvt Ltd (Casting),1.0,0.0,1.0,380.0,380.0
2025-11-03,UHCTPFGRTO09-T1.62,3DE Technology Prototype Solutions Pvt Ltd (Casting),81.0,0.0,81.0,380.0,30780.0
2025-11-03,UHCTPFGRTO10-T1.62,3DE Technology Prototype Solutions Pvt Ltd (Casting),1.0,0.0,1.0,380.0,380.0
2025-11-03,UHCTPFGRTS08(RW)-1.62V,3DE Technology Prototype Solutions Pvt Ltd (Casting),1.0,0.0,1.0,380.0,380.0
2025-11-03,UHCTPFGRTS08-T1.62,3DE Technology Prototype Solutions Pvt Ltd (Casting),443.0,0.0,443.0,380.0,168340.0
2025-11-03,UHCTPFGRTS09-T1.62,3DE Technology Prototype Solutions Pvt Ltd (Casting),133.0,0.0,133.0,380.0,50540.0
2025-11-03,UHCTPFGRTS10-T1.62,3DE Technology Prototype Solutions Pvt Ltd (Casting),10.0,0.0,10.0,380.0,3800.0
2025-11-03,UHCTPFGRTS11-T1.62,3DE Technology Prototype Solutions Pvt Ltd (Casting),30.0,0.0,30.0,380.0,11400.0
2025-11-03,UHCTPFGRTS12-T1.62,3DE Technology Prototype Solutions Pvt Ltd (Casting),13.0,0.0,13.0,380.0,4940.0
2025-11-03,UHDIOCOMT33V,"Swift Electrocomp Solutions Pvt Ltd.,",32000.0,0.0,32000.0,5.01,160320.0
2025-11-03,UHICHANA4124,Macnica Cytech Pte Ltd,45000.0,0.0,45000.0,208.36,9376041.6
2025-11-03,UHOPSANA61EF,Macnica Cytech Pte Ltd,50000.0,0.0,50000.0,265.1,13255056.0
2025-11-03,UHRD2RKF62R,"Swift Electrocomp Solutions Pvt Ltd.,",10000.0,0.0,10000.0,0.32,3200.0
2025-11-03,UHRDAF0201J,"Swift Electrocomp Solutions Pvt Ltd.,",10000.0,0.0,10000.0,0.69,6900.0
2025-11-03,UHRDBBYHAIR,Amazon India PVT LTD,1.0,0.0,1.0,180.0,180.0
2025-11-03,UHRDCABINET,Amazon India PVT LTD,1.0,0.0,1.0,237.14,237.14
2025-11-03,UHRDCHRGBOX,NOA Labs (Shenzhen) Ltd.,50.0,0.0,50.0,878.4,43920.0
2025-11-03,UHRDPRCR162,Fast turn PCB,4200.0,0.0,4200.0,140.54,590284.8
2025-11-03,UHRDRINGBOT,MASCOT ENTERPRISE LIMITED,30.0,0.0,30.0,8.78,263.52
2025-11-03,UHRDRINGTOP,MASCOT ENTERPRISE LIMITED,30.0,0.0,30.0,8.78,263.52
2025-11-03,UHRDXLTONER,Amazon India PVT LTD,1.0,0.0,1.0,1435.59,1435.59
2025-11-03,UHRDYUZUKIP,Amazon India PVT LTD,2.0,0.0,2.0,2924.58,5849.16
2025-11-03,UHRING1.62PCBA,Zreyah Semiconductor Systems Pvt. Ltd.,924.0,0.0,924.0,140.0,129360.0
2025-11-04,UH0.2AG11,CN Innovations Limited,1773.0,0.0,1773.0,679.88,1205430.08
2025-11-04,UH0.2AG12,CN Innovations Limited,1724.0,0.0,1724.0,679.88,1172115.88
2025-11-04,UH0.2AG13,CN Innovations Limited,860.0,0.0,860.0,679.88,584698.18
2025-11-04,UH0.2AG14,CN Innovations Limited,417.0,0.0,417.0,679.88,283510.63
2025-11-04,UH0.2AS11,CN Innovations Limited,751.0,0.0,751.0,648.26,486842.66
2025-11-04,UH0.2AS12,CN Innovations Limited,491.0,0.0,491.0,648.26,318295.27
2025-11-04,UH0.2AS13,CN Innovations Limited,507.0,0.0,507.0,648.26,328667.41
2025-11-04,UH0.2AS14,CN Innovations Limited,769.0,0.0,769.0,648.26,498511.32
2025-11-04,UHC3PAINBASES09,Aaru Plastics,250.0,0.0,250.0,0.0,0.0
2025-11-04,UHCHA2BASS08,HANAV MANUFACTURING AND BUSINESS PRIVATE LIMITED,1056.0,0.0,1056.0,235.0,248160.0
2025-11-04,UHCHTOP2.5S11,Aaru Plastics,350.0,0.0,350.0,34.0,11900.0
2025-11-04,UHCTPFGAAO12,3DE Technology Prototype Solutions Pvt Ltd (Casting),1.0,0.0,1.0,380.0,380.0
2025-11-04,UHCTPFGAAS07-T1.62,3DE Technology Prototype Solutions Pvt Ltd (Casting),2.0,0.0,2.0,380.0,760.0
2025-11-04,UHCTPFGAAS08-T1.62,3DE Technology Prototype Solutions Pvt Ltd (Casting),3.0,0.0,3.0,380.0,1140.0
2025-11-04,UHCTPFGAAS11-T1.62,3DE Technology Prototype Solutions Pvt Ltd (Casting),2.0,0.0,2.0,380.0,760.0
2025-11-04,UHCTPFGAGO07,3DE Technology Prototype Solutions Pvt Ltd (Casting),2.0,0.0,2.0,380.0,760.0
2025-11-04,UHCTPFGAGO07-T1.61,3DE Technology Prototype Solutions Pvt Ltd (Casting),1.0,0.0,1.0,380.0,380.0
2025-11-04,UHCTPFGAGO08,3DE Technology Prototype Solutions Pvt Ltd (Casting),3.0,0.0,3.0,380.0,1140.0
2025-11-04,UHCTPFGAGO08-T1.61,3DE Technology Prototype Solutions Pvt Ltd (Casting),1.0,0.0,1.0,380.0,380.0
2025-11-04,UHCTPFGAGO10,3DE Technology Prototype Solutions Pvt Ltd (Casting),6.0,0.0,6.0,380.0,2280.0
2025-11-04,UHCTPFGAGO10-T1.62,3DE Technology Prototype Solutions Pvt Ltd (Casting),1.0,0.0,1.0,380.0,380.0
2025-11-04,UHCTPFGAGS06-T1.62,3DE Technology Prototype Solutions Pvt Ltd (Casting),73.0,0.0,73.0,380.0,27740.0
2025-11-04,UHCTPFGAGS07-T1.62,3DE Technology Prototype Solutions Pvt Ltd (Casting),128.0,0.0,128.0,380.0,48640.0
2025-11-04,UHCTPFGAGS08-T1.62,3DE Technology Prototype Solutions Pvt Ltd (Casting),148.0,0.0,148.0,380.0,56240.0
2025-11-04,UHCTPFGAGS09,3DE Technology Prototype Solutions Pvt Ltd (Casting),1.0,0.0,1.0,380.0,380.0
2025-11-04,UHCTPFGAGS09-T1.62,3DE Technology Prototype Solutions Pvt Ltd (Casting),17.0,0.0,17.0,380.0,6460.0
2025-11-04,UHCTPFGAGS12,3DE Technology Prototype Solutions Pvt Ltd (Casting),1.0,0.0,1.0,380.0,380.0
2025-11-04,UHCTPFGAGS13,3DE Technology Prototype Solutions Pvt Ltd (Casting),2.0,0.0,2.0,380.0,760.0
2025-11-04,UHCTPFGAGS14,3DE Technology Prototype Solutions Pvt Ltd (Casting),1.0,0.0,1.0,380.0,380.0
2025-11-04,UHCTPFGASO08-T1.61,3DE Technology Prototype Solutions Pvt Ltd (Casting),1.0,0.0,1.0,380.0,380.0
2025-11-04,UHCTPFGASO09-T1.61,3DE Technology Prototype Solutions Pvt Ltd (Casting),1.0,0.0,1.0,380.0,380.0
2025-11-04,UHCTPFGASS05-T1.62,3DE Technology Prototype Solutions Pvt Ltd (Casting),2.0,0.0,2.0,380.0,760.0
2025-11-04,UHCTPFGASS08,3DE Technology Prototype Solutions Pvt Ltd (Casting),1.0,0.0,1.0,380.0,380.0
2025-11-04,UHCTPFGASS09-T1.62,3DE Technology Prototype Solutions Pvt Ltd (Casting),4.0,0.0,4.0,380.0,1520.0
2025-11-04,UHCTPFGASS10-T1.62,3DE Technology Prototype Solutions Pvt Ltd (Casting),1.0,0.0,1.0,380.0,380.0
2025-11-04,UHCTPFGASS11,3DE Technology Prototype Solutions Pvt Ltd (Casting),1.0,0.0,1.0,380.0,380.0
2025-11-04,UHCTPFGBRGO06-T1.62,3DE Technology Prototype Solutions Pvt Ltd (Casting),3.0,0.0,3.0,380.0,1140.0
2025-11-04,UHCTPFGBRGO07-T1.62,3DE Technology Prototype Solutions Pvt Ltd (Casting),1.0,0.0,1.0,380.0,380.0
2025-11-04,UHCTPFGBRGO08-T1.62,3DE Technology Prototype Solutions Pvt Ltd (Casting),11.0,0.0,11.0,380.0,4180.0
2025-11-04,UHCTPFGMGO09-T1.62,3DE Technology Prototype Solutions Pvt Ltd (Casting),4.0,0.0,4.0,380.0,1520.0
2025-11-04,UHCTPFGMGO10-T1.61,3DE Technology Prototype Solutions Pvt Ltd (Casting),2.0,0.0,2.0,380.0,760.0
2025-11-04,UHCTPFGMGO10-T1.62,3DE Technology Prototype Solutions Pvt Ltd (Casting),2.0,0.0,2.0,380.0,760.0
2025-11-04,UHCTPFGMGS07,3DE Technology Prototype Solutions Pvt Ltd (Casting),1.0,0.0,1.0,380.0,380.0
2025-11-04,UHCTPFGMGS07-T1.62,3DE Technology Prototype Solutions Pvt Ltd (Casting),1.0,0.0,1.0,380.0,380.0
2025-11-04,UHCTPFGMGS08,3DE Technology Prototype Solutions Pvt Ltd (Casting),1.0,0.0,1.0,380.0,380.0
2025-11-04,UHCTPFGMGS09,3DE Technology Prototype Solutions Pvt Ltd (Casting),1.0,0.0,1.0,380.0,380.0
2025-11-04,UHCTPFGMGS10,3DE Technology Prototype Solutions Pvt Ltd (Casting),11.0,0.0,11.0,380.0,4180.0
2025-11-04,UHCTPFGMGS11-T1.62,3DE Technology Prototype Solutions Pvt Ltd (Casting),7.0,0.0,7.0,380.0,2660.0
2025-11-04,UHCTPFGMGS12-T1.62,3DE Technology Prototype Solutions Pvt Ltd (Casting),3.0,0.0,3.0,380.0,1140.0
2025-11-04,UHCTPFGRTO09-T1.62,3DE Technology Prototype Solutions Pvt Ltd (Casting),57.0,0.0,57.0,380.0,21660.0
2025-11-04,UHCTPFGRTO11-T1.62,3DE Technology Prototype Solutions Pvt Ltd (Casting),2.0,0.0,2.0,380.0,760.0
2025-11-04,UHCTPFGRTS08-T1.62,3DE Technology Prototype Solutions Pvt Ltd (Casting),386.0,0.0,386.0,380.0,146680.0
2025-11-04,UHCTPFGRTS09-T1.62,3DE Technology Prototype Solutions Pvt Ltd (Casting),76.0,0.0,76.0,380.0,28880.0
2025-11-04,UHCTPFGRTS10-T1.62,3DE Technology Prototype Solutions Pvt Ltd (Casting),50.0,0.0,50.0,380.0,19000.0
2025-11-04,UHCTPFGRTS11-T1.62,3DE Technology Prototype Solutions Pvt Ltd (Casting),7.0,0.0,7.0,380.0,2660.0
2025-11-04,UHRDALPHPST,PODRAIN ELECTRONICS PRIVATE LIMITED,1.0,0.0,1.0,8000.0,8000.0
2025-11-04,UHRDHSSTAP4,Bharath Hardware & Industrial Suppliers,1000.0,0.0,1000.0,6.0,6000.0
2025-11-04,UHRDKETONE1,J V Chemicals,2.0,0.0,2.0,2530.0,5060.0
2025-11-04,UHRDLPOBATY,MASCOT ENTERPRISE LIMITED,500.0,0.0,500.0,92.23,46116.0
2025-11-04,UHRDMTRBRD1,PODRAIN ELECTRONICS PRIVATE LIMITED,24.0,0.0,24.0,248.0,5952.0
2025-11-04,UHRDPRINGAS,Amazon India PVT LTD,1.0,0.0,1.0,321.19,321.19
2025-11-04,UHRDRTMDGHR,PODRAIN ELECTRONICS PRIVATE LIMITED,170.0,0.0,170.0,642.0,109140.0
2025-11-04,UHRING1.62PCBA,Zreyah Semiconductor Systems Pvt. Ltd.,1164.0,0.0,1164.0,140.0,162960.0
2025-11-04,UH_RING_PRO_REV3_2,Zreyah Semiconductor Systems Pvt. Ltd.,63.0,0.0,63.0,680.0,42840.0
2025-11-05,UH0.2RT08,METALRIPPER MANUFACTURING,1770.0,0.0,1770.0,285.0,504450.0
2025-11-05,UH0.2RT09,METALRIPPER MANUFACTURING,1168.0,0.0,1168.0,285.0,332880.0
2025-11-05,UHASRINGTRY,SHIVA ENGINEERING,500.0,0.0,500.0,320.0,160000.0
2025-11-05,UHBOTTOMPADS,"Shenzhen BZ Tape Co., Ltd.",50000.0,0.0,50000.0,5.71,285480.0
2025-11-05,UHCHARTOPS07,Aaru Plastics,150.0,0.0,150.0,34.0,5100.0
2025-11-05,UHCHARTOPS08,Aaru Plastics,100.0,0.0,100.0,34.0,3400.0
2025-11-05,UHCTPFGAAO08-T1.62,3DE Technology Prototype Solutions Pvt Ltd (Casting),1.0,0.0,1.0,380.0,380.0
2025-11-05,UHCTPFGAAO10-T1.62,3DE Technology Prototype Solutions Pvt Ltd (Casting),53.0,0.0,53.0,380.0,20140.0
2025-11-05,UHCTPFGAAS06-T1.62,3DE Technology Prototype Solutions Pvt Ltd (Casting),1.0,0.0,1.0,380.0,380.0
2025-11-05,UHCTPFGAAS07-T1.62,3DE Technology Prototype Solutions Pvt Ltd (Casting),3.0,0.0,3.0,380.0,1140.0
2025-11-05,UHCTPFGAAS11-T1.62,3DE Technology Prototype Solutions Pvt Ltd (Casting),1.0,0.0,1.0,380.0,380.0
2025-11-05,UHCTPFGAAS13,3DE Technology Prototype Solutions Pvt Ltd (Casting),1.0,0.0,1.0,380.0,380.0
2025-11-05,UHCTPFGAGS06-T1.62,3DE Technology Prototype Solutions Pvt Ltd (Casting),52.0,0.0,52.0,380.0,19760.0
2025-11-05,UHCTPFGAGS07-T1.62,3DE Technology Prototype Solutions Pvt Ltd (Casting),82.0,0.0,82.0,380.0,31160.0
2025-11-05,UHCTPFGAGS08-T1.62,3DE Technology Prototype Solutions Pvt Ltd (Casting),305.0,0.0,305.0,380.0,115900.0
2025-11-05,UHCTPFGAGS09-T1.62,3DE Technology Prototype Solutions Pvt Ltd (Casting),35.0,0.0,35.0,380.0,13300.0
2025-11-05,UHCTPFGASO08-T1.61,3DE Technology Prototype Solutions Pvt Ltd (Casting),1.0,0.0,1.0,380.0,380.0
2025-11-05,UHCTPFGASS08-T1.62,3DE Technology Prototype Solutions Pvt Ltd (Casting),22.0,0.0,22.0,380.0,8360.0
2025-11-05,UHCTPFGBRGO06-T1.62,3DE Technology Prototype Solutions Pvt Ltd (Casting),1.0,0.0,1.0,380.0,380.0
2025-11-05,UHCTPFGBRGO08-T1.62,3DE Technology Prototype Solutions Pvt Ltd (Casting),5.0,0.0,5.0,380.0,1900.0
2025-11-05,UHCTPFGMGS11-T1.62,3DE Technology Prototype Solutions Pvt Ltd (Casting),1.0,0.0,1.0,380.0,380.0
2025-11-05,UHCTPFGMGS12-T1.62,3DE Technology Prototype Solutions Pvt Ltd (Casting),2.0,0.0,2.0,380.0,760.0
2025-11-05,UHCTPFGMGS13,3DE Technology Prototype Solutions Pvt Ltd (Casting),1.0,0.0,1.0,380.0,380.0
2025-11-05,UHCTPFGMGS14,3DE Technology Prototype Solutions Pvt Ltd (Casting),2.0,0.0,2.0,380.0,760.0
2025-11-05,UHCTPFGRTO09-T1.62,3DE Technology Prototype Solutions Pvt Ltd (Casting),556.0,0.0,556.0,380.0,211280.0
2025-11-05,UHCTPFGRTS06,3DE Technology Prototype Solutions Pvt Ltd (Casting),2.0,0.0,2.0,380.0,760.0
2025-11-05,UHCTPFGRTS08(RW)-1.62V,3DE Technology Prototype Solutions Pvt Ltd (Casting),1.0,0.0,1.0,380.0,380.0
2025-11-05,UHCTPFGRTS08-T1.62,3DE Technology Prototype Solutions Pvt Ltd (Casting),125.0,0.0,125.0,380.0,47500.0
2025-11-05,UHCTPFGRTS09-T1.62,3DE Technology Prototype Solutions Pvt Ltd (Casting),22.0,0.0,22.0,380.0,8360.0
2025-11-05,UHCTPFGRTS10-T1.62,3DE Technology Prototype Solutions Pvt Ltd (Casting),71.0,0.0,71.0,380.0,26980.0
2025-11-05,UHCTPFGRTS11-T1.62,3DE Technology Prototype Solutions Pvt Ltd (Casting),58.0,0.0,58.0,380.0,22040.0
2025-11-05,UHDIODIOI75V,"Swift Electrocomp Solutions Pvt Ltd.,",21000.0,0.0,21000.0,2.74,57540.0
2025-11-05,UHFSJW10M8M,Suprabha ColorGrafix Private Limited,144000.0,0.0,144000.0,0.01,1800.0
2025-11-05,UHRD2450FM5,"Swift Electrocomp Solutions Pvt Ltd.,",100.0,0.0,100.0,23.27,2327.0
2025-11-05,UHRD8BITWS2,MACFOS PRIVATE LIMITED,5.0,0.0,5.0,30.51,152.54
2025-11-05,UHRDESPRESS,MACFOS PRIVATE LIMITED,5.0,0.0,5.0,1206.78,6033.9
2025-11-05,UHRDPIXLCHG,Google Information Services India Private Limited,3.0,0.0,3.0,3813.56,11440.68
2025-11-05,UHRDPOLISH1,TOHO INTERNATIONAL INC.,1.0,0.0,1.0,0.0,0.0
2025-11-05,UHRDSHOPEER,Amazon India PVT LTD,1.0,0.0,1.0,166.96,166.96
2025-11-05,UHRDSTLGASK,NOA Labs (Shenzhen) Ltd.,205.0,0.0,205.0,26.35,5402.16
2025-11-05,UHRDVARTECH,Amazon India PVT LTD,1.0,0.0,1.0,5889.84,5889.84
2025-11-05,UHRDW25Q128,MACFOS PRIVATE LIMITED,5.0,0.0,5.0,136.44,682.2
2025-11-05,UHRESYAG60KO,"Swift Electrocomp Solutions Pvt Ltd.,",5000.0,0.0,5000.0,0.58,2900.0
2025-11-05,UHRING1.62PCBA,Zreyah Semiconductor Systems Pvt. Ltd.,660.0,0.0,660.0,140.0,92400.0
2025-11-05,UHRW0.3MGS06,CP Global Solution Technologies,2230.0,0.0,2230.0,200.0,446000.0
2025-11-05,UHRW0.3MGS07,CP Global Solution Technologies,900.0,0.0,900.0,200.0,180000.0
2025-11-05,UHTIJWMGLS08,CP Global Solution Technologies,100.0,0.0,100.0,200.0,20000.0
2025-11-05,UHTIJWMGLS11,CP Global Solution Technologies,100.0,0.0,100.0,210.0,21000.0
2025-11-05,UHTIJWMGLS13,CP Global Solution Technologies,439.0,0.0,439.0,200.0,87800.0
2025-11-05,UHTIJWMGLS14,CP Global Solution Technologies,115.0,0.0,115.0,210.0,24150.0
2025-11-05,UHTIJWRTLS13,METALRIPPER MANUFACTURING,124.0,0.0,124.0,285.0,35340.0
2025-11-06,UH0.2MG08,CP Global Solution Technologies,39.0,0.0,39.0,210.0,8190.0
2025-11-06,UH0.2MG10,CP Global Solution Technologies,345.0,0.0,345.0,210.0,72450.0
2025-11-06,UHC3LASERTOPS06,Aaru Plastics,1000.0,0.0,1000.0,28.0,28000.0
2025-11-06,UHC3LASERTOPS14,Aaru Plastics,1000.0,0.0,1000.0,28.0,28000.0
2025-11-06,UHC3PAINBASES09,Aaru Plastics,150.0,0.0,150.0,0.0,0.0
2025-11-06,UHCAPMUR10UF,"Swift Electrocomp Solutions Pvt Ltd.,",80.0,0.0,80.0,12.97,1037.6
2025-11-06,UHCHARTOPS07,Aaru Plastics,430.0,0.0,430.0,34.0,14620.0
2025-11-06,UHCHARTOPS08,Aaru Plastics,244.0,0.0,244.0,34.0,8296.0
2025-11-06,UHCHPCBAREV30,Zreyah Semiconductor Systems Pvt. Ltd.,233.0,0.0,233.0,1029.97,239984.0
2025-11-06,UHCTPFGAAO08-T1.62,3DE Technology Prototype Solutions Pvt Ltd (Casting),328.0,0.0,328.0,380.0,124640.0
2025-11-06,UHCTPFGAAO10-T1.62,3DE Technology Prototype Solutions Pvt Ltd (Casting),115.0,0.0,115.0,380.0,43700.0
2025-11-06,UHCTPFGAAS07-T1.62,3DE Technology Prototype Solutions Pvt Ltd (Casting),44.0,0.0,44.0,380.0,16720.0
2025-11-06,UHCTPFGAAS08-T1.62,3DE Technology Prototype Solutions Pvt Ltd (Casting),24.0,0.0,24.0,380.0,9120.0
2025-11-06,UHCTPFGAGS06-T1.62,3DE Technology Prototype Solutions Pvt Ltd (Casting),2.0,0.0,2.0,380.0,760.0
2025-11-06,UHCTPFGAGS07-T1.62,3DE Technology Prototype Solutions Pvt Ltd (Casting),5.0,0.0,5.0,380.0,1900.0
2025-11-06,UHCTPFGAGS08-T1.62,3DE Technology Prototype Solutions Pvt Ltd (Casting),101.0,0.0,101.0,380.0,38380.0
2025-11-06,UHCTPFGAGS09-T1.62,3DE Technology Prototype Solutions Pvt Ltd (Casting),2.0,0.0,2.0,380.0,760.0
2025-11-06,UHCTPFGASS08-T1.62,3DE Technology Prototype Solutions Pvt Ltd (Casting),2.0,0.0,2.0,380.0,760.0
2025-11-06,UHCTPFGBRGO06-T1.62,3DE Technology Prototype Solutions Pvt Ltd (Casting),1.0,0.0,1.0,380.0,380.0
2025-11-06,UHCTPFGMGO09-T1.62,3DE Technology Prototype Solutions Pvt Ltd (Casting),188.0,0.0,188.0,380.0,71440.0
2025-11-06,UHCTPFGMGS08-T1.62,3DE Technology Prototype Solutions Pvt Ltd (Casting),3.0,0.0,3.0,380.0,1140.0
2025-11-06,UHCTPFGMGS09-T1.62,3DE Technology Prototype Solutions Pvt Ltd (Casting),22.0,0.0,22.0,380.0,8360.0
2025-11-06,UHCTPFGMGS10,3DE Technology Prototype Solutions Pvt Ltd (Casting),4.0,0.0,4.0,380.0,1520.0
2025-11-06,UHCTPFGMGS11-T1.62,3DE Technology Prototype Solutions Pvt Ltd (Casting),22.0,0.0,22.0,380.0,8360.0
2025-11-06,UHCTPFGRTO09-T1.62,3DE Technology Prototype Solutions Pvt Ltd (Casting),547.0,0.0,547.0,380.0,207860.0
2025-11-06,UHCTPFGRTS08-T1.62,3DE Technology Prototype Solutions Pvt Ltd (Casting),32.0,0.0,32.0,380.0,12160.0
2025-11-06,UHCTPFGRTS09-T1.62,3DE Technology Prototype Solutions Pvt Ltd (Casting),505.0,0.0,505.0,380.0,191900.0
2025-11-06,UHCTPFGRTS10-T1.62,3DE Technology Prototype Solutions Pvt Ltd (Casting),8.0,0.0,8.0,380.0,3040.0
2025-11-06,UHCTPFGRTS11-T1.62,3DE Technology Prototype Solutions Pvt Ltd (Casting),218.0,0.0,218.0,380.0,82840.0
2025-11-06,UHRDBTBJ140,"Swift Electrocomp Solutions Pvt Ltd.,",80.0,0.0,80.0,14.32,1145.6
2025-11-06,UHRDCHARG31,Zreyah Semiconductor Systems Pvt. Ltd.,90.0,0.0,90.0,909.0,81810.0
2025-11-06,UHRDGRUBSCW,J C GUPTA & SONS,800.0,0.0,800.0,12.4,9920.0
2025-11-06,UHRDLKEYALN ,J C GUPTA & SONS,10.0,0.0,10.0,295.2,2952.0
2025-11-06,UHRDSCREWS1,J C GUPTA & SONS,5000.0,0.0,5000.0,11.96,59780.0
2025-11-06,UHRING1.62PCBA,Zreyah Semiconductor Systems Pvt. Ltd.,1765.0,0.0,1765.0,140.0,247100.0
2025-11-06,UH_RING_PRO_REV3_2,Zreyah Semiconductor Systems Pvt. Ltd.,46.0,0.0,46.0,680.0,31280.0
2025-11-06,UHTIJWMGLS12,CP Global Solution Technologies,186.0,0.0,186.0,200.0,37200.0
2025-11-07,UHBRUSBCABLE,"HONGKONG PENGLIAN ELECTRONICS CO.,LIMITED",10000.0,0.0,10000.0,68.52,685152.0
2025-11-07,UHC3PAINBASES08,Aaru Plastics,150.0,0.0,150.0,0.0,0.0
2025-11-07,UHCTPFGAAO08-T1.62,3DE Technology Prototype Solutions Pvt Ltd (Casting),91.0,0.0,91.0,380.0,34580.0
2025-11-07,UHCTPFGAAO10,3DE Technology Prototype Solutions Pvt Ltd (Casting),1.0,0.0,1.0,380.0,380.0
2025-11-07,UHCTPFGAAO10-T1.62,3DE Technology Prototype Solutions Pvt Ltd (Casting),288.0,0.0,288.0,380.0,109440.0
2025-11-07,UHCTPFGAAS07-T1.62,3DE Technology Prototype Solutions Pvt Ltd (Casting),16.0,0.0,16.0,380.0,6080.0
2025-11-07,UHCTPFGAGS06-T1.62,3DE Technology Prototype Solutions Pvt Ltd (Casting),1.0,0.0,1.0,380.0,380.0
2025-11-07,UHCTPFGAGS07-T1.62,3DE Technology Prototype Solutions Pvt Ltd (Casting),332.0,0.0,332.0,380.0,126160.0
2025-11-07,UHCTPFGMGO09-T1.62,3DE Technology Prototype Solutions Pvt Ltd (Casting),48.0,0.0,48.0,380.0,18240.0
2025-11-07,UHCTPFGMGS08-T1.62,3DE Technology Prototype Solutions Pvt Ltd (Casting),9.0,0.0,9.0,380.0,3420.0
2025-11-07,UHCTPFGMGS09-T1.62,3DE Technology Prototype Solutions Pvt Ltd (Casting),2.0,0.0,2.0,380.0,760.0
2025-11-07,UHCTPFGMGS11-T1.62,3DE Technology Prototype Solutions Pvt Ltd (Casting),158.0,0.0,158.0,380.0,60040.0
2025-11-07,UHCTPFGRTO09-T1.62,3DE Technology Prototype Solutions Pvt Ltd (Casting),44.0,0.0,44.0,380.0,16720.0
2025-11-07,UHCTPFGRTS08-T1.62,3DE Technology Prototype Solutions Pvt Ltd (Casting),36.0,0.0,36.0,380.0,13680.0
2025-11-07,UHCTPFGRTS09-T1.62,3DE Technology Prototype Solutions Pvt Ltd (Casting),98.0,0.0,98.0,380.0,37240.0
2025-11-07,UHCTPFGRTS10-T1.62,3DE Technology Prototype Solutions Pvt Ltd (Casting),4.0,0.0,4.0,380.0,1520.0
2025-11-07,UHCTPFGRTS11-T1.62,3DE Technology Prototype Solutions Pvt Ltd (Casting),48.0,0.0,48.0,380.0,18240.0
2025-11-07,UHPLASIZRS05,"YongChangXing International (HK), LTD",6000.0,0.0,6000.0,2.02,12121.92
2025-11-07,UHPLASIZRS06,"YongChangXing International (HK), LTD",6000.0,0.0,6000.0,2.02,12121.92
2025-11-07,UHPLASIZRS07,"YongChangXing International (HK), LTD",6000.0,0.0,6000.0,2.02,12121.92
2025-11-07,UHPLASIZRS08,"YongChangXing International (HK), LTD",6000.0,0.0,6000.0,2.02,12121.92
2025-11-07,UHPLASIZRS09,"YongChangXing International (HK), LTD",6000.0,0.0,6000.0,2.02,12121.92
2025-11-07,UHPLASIZRS10,"YongChangXing International (HK), LTD",6000.0,0.0,6000.0,2.02,12121.92
2025-11-07,UHPLASIZRS11,"YongChangXing International (HK), LTD",6000.0,0.0,6000.0,2.02,12121.92
2025-11-07,UHPLASIZRS12,"YongChangXing International (HK), LTD",6000.0,0.0,6000.0,2.02,12121.92
2025-11-07,UHPLASIZRS13,"YongChangXing International (HK), LTD",6000.0,0.0,6000.0,2.02,12121.92
2025-11-07,UHPLASIZRS14,"YongChangXing International (HK), LTD",6000.0,0.0,6000.0,2.02,12121.92
2025-11-07,UHRDANTENNA,MACFOS PRIVATE LIMITED,1.0,0.0,1.0,116.1,116.1
2025-11-07,UHRDRTMDGHR,PODRAIN ELECTRONICS PRIVATE LIMITED,90.0,0.0,90.0,642.0,57780.0
2025-11-07,UHRGBTR32MAH,"Shenzhen Grepow Battery Co.,Ltd",15000.0,0.0,15000.0,307.44,4611600.0
2025-11-07,UHSWATCHAA,Mudra innovation,7000.0,0.0,7000.0,12.2,85400.0
2025-11-07,UHSWATCHAG,Mudra innovation,7000.0,0.0,7000.0,12.2,85400.0
2025-11-07,UHSWATCHAS,Mudra innovation,7000.0,0.0,7000.0,12.2,85400.0
2025-11-07,UHSWATCHBRG,Mudra innovation,7000.0,0.0,7000.0,18.0,126000.0
2025-11-07,UHSWATCHMG,Mudra innovation,7000.0,0.0,7000.0,12.2,85400.0
2025-11-07,UHSWATCHRT,Mudra innovation,7000.0,0.0,7000.0,12.2,85400.0
2025-11-08,UHCTPFGAAO06,3DE Technology Prototype Solutions Pvt Ltd (Casting),5.0,0.0,5.0,380.0,1900.0
2025-11-08,UHCTPFGAGS08,3DE Technology Prototype Solutions Pvt Ltd (Casting),1.0,0.0,1.0,190.0,190.0
2025-11-08,UHCTPFGMGS13,3DE Technology Prototype Solutions Pvt Ltd (Casting),4.0,0.0,4.0,380.0,1520.0
2025-11-10,UHCTPFGAAS05-T1.62,3DE Technology Prototype Solutions Pvt Ltd (Casting),60.0,0.0,60.0,380.0,22800.0
2025-11-10,UHCTPFGAAS06-T1.62,3DE Technology Prototype Solutions Pvt Ltd (Casting),12.0,0.0,12.0,380.0,4560.0
2025-11-10,UHCTPFGAAS09-T1.62,3DE Technology Prototype Solutions Pvt Ltd (Casting),120.0,0.0,120.0,380.0,45600.0
2025-11-10,UHCTPFGAGO08-T1.62,3DE Technology Prototype Solutions Pvt Ltd (Casting),120.0,0.0,120.0,380.0,45600.0
2025-11-10,UHCTPFGAGS07-T1.62,3DE Technology Prototype Solutions Pvt Ltd (Casting),27.0,0.0,27.0,380.0,10260.0
2025-11-10,UHCTPFGASO09-T1.62,3DE Technology Prototype Solutions Pvt Ltd (Casting),119.0,0.0,119.0,380.0,45220.0
2025-11-10,UHCTPFGMGS08-T1.62,3DE Technology Prototype Solutions Pvt Ltd (Casting),180.0,0.0,180.0,380.0,68400.0
2025-11-11,UH0.2AG13,CN Innovations Limited,656.0,0.0,656.0,679.88,446002.33
2025-11-11,UH0.2AG14,CN Innovations Limited,621.0,0.0,621.0,679.88,422206.47
2025-11-11,UH0.2AS11,CN Innovations Limited,427.0,0.0,427.0,648.26,276806.68
2025-11-11,UH0.2AS12,CN Innovations Limited,177.0,0.0,177.0,648.26,114741.88
2025-11-11,UH0.2AS13,CN Innovations Limited,395.0,0.0,395.0,648.26,256062.38
2025-11-11,UH0.2AS14,CN Innovations Limited,250.0,0.0,250.0,648.26,162064.8
2025-11-11,UHC2RES27OHM,SEMISEARCH TECHNOLOGIES PRIVATE LIMITED,60000.0,0.0,60000.0,0.25,15000.0
2025-11-11,UHCHARTOPS07,Aaru Plastics,430.0,0.0,430.0,34.0,14620.0
2025-11-11,UHCHARTOPS08,Aaru Plastics,560.0,0.0,560.0,34.0,19040.0
2025-11-11,UHCHARTOPS09,Aaru Plastics,300.0,0.0,300.0,34.0,10200.0
2025-11-11,UHCTPFGAGO07-T1.62,3DE Technology Prototype Solutions Pvt Ltd (Casting),180.0,0.0,180.0,380.0,68400.0
2025-11-11,UHINDMUR1OUH,SEMISEARCH TECHNOLOGIES PRIVATE LIMITED,4000.0,0.0,4000.0,9.2,36800.0
2025-11-11,UHPLASIZRS05,"YongChangXing International (HK), LTD",1000.0,0.0,1000.0,2.02,2020.32
2025-11-11,UHPLASIZRS06,"YongChangXing International (HK), LTD",1000.0,0.0,1000.0,2.02,2020.32
2025-11-11,UHPLASIZRS07,"YongChangXing International (HK), LTD",1000.0,0.0,1000.0,2.02,2020.32
2025-11-11,UHPLASIZRS08,"YongChangXing International (HK), LTD",1000.0,0.0,1000.0,2.02,2020.32
2025-11-11,UHPLASIZRS09,"YongChangXing International (HK), LTD",1000.0,0.0,1000.0,2.02,2020.32
2025-11-11,UHPLASIZRS10,"YongChangXing International (HK), LTD",1000.0,0.0,1000.0,2.02,2020.32
2025-11-11,UHPLASIZRS11,"YongChangXing International (HK), LTD",1000.0,0.0,1000.0,2.02,2020.32
2025-11-11,UHPLASIZRS12,"YongChangXing International (HK), LTD",1000.0,0.0,1000.0,2.02,2020.32
2025-11-11,UHPLASIZRS13,"YongChangXing International (HK), LTD",1000.0,0.0,1000.0,2.02,2020.32
2025-11-11,UHPLASIZRS14,"YongChangXing International (HK), LTD",1000.0,0.0,1000.0,2.02,2020.32
2025-11-11,UHRD1020106,"Swift Electrocomp Solutions Pvt Ltd.,",10.0,0.0,10.0,1160.03,11600.3
2025-11-11,UHRD1*4OSMT2,SHARVI ELECTRONICS,10.0,0.0,10.0,28.63,286.3
2025-11-11,UHRD2*20SMT1,SHARVI ELECTRONICS,65.0,0.0,65.0,39.63,2575.95
2025-11-11,UHRD2*40254A,SHARVI ELECTRONICS,20.0,0.0,20.0,25.0,500.0
2025-11-11,UHRD8MMINER,MACFOS PRIVATE LIMITED,6.0,0.0,6.0,55.93,335.58
2025-11-11,UHRDAGARO20,Amazon India PVT LTD,2.0,0.0,2.0,1016.1,2032.2
2025-11-11,UHRDCHIP240,SHARVI ELECTRONICS,5.0,0.0,5.0,63.54,317.7
2025-11-11,UHRDCONMHF1,"Swift Electrocomp Solutions Pvt Ltd.,",100.0,0.0,100.0,23.95,2395.0
2025-11-11,UHRDCSHSGFB,"Swift Electrocomp Solutions Pvt Ltd.,",100.0,0.0,100.0,635.97,63597.0
2025-11-11,UHRDCY8CPRO,"Swift Electrocomp Solutions Pvt Ltd.,",7.0,0.0,7.0,2246.63,15726.41
2025-11-11,UHRDEASYMEH,MACFOS PRIVATE LIMITED,3.0,0.0,3.0,99.15,297.45
2025-11-11,UHRESYAG0OHM,SEMISEARCH TECHNOLOGIES PRIVATE LIMITED,20000.0,0.0,20000.0,0.3,6000.0
2025-11-11,UHRESYAG22KO,SEMISEARCH TECHNOLOGIES PRIVATE LIMITED,60000.0,0.0,60000.0,0.29,17400.0
2025-11-11,UHRESYAG22OH,SEMISEARCH TECHNOLOGIES PRIVATE LIMITED,20000.0,0.0,20000.0,0.43,8600.0
2025-11-11,UHRESYAG27KO,SEMISEARCH TECHNOLOGIES PRIVATE LIMITED,20000.0,0.0,20000.0,0.29,5800.0
2025-11-12,UHCTPFGAAS09-T1.62,3DE Technology Prototype Solutions Pvt Ltd (Casting),30.0,0.0,30.0,380.0,11400.0
2025-11-12,UHCTPFGAGO07-T1.62,3DE Technology Prototype Solutions Pvt Ltd (Casting),457.0,0.0,457.0,380.0,173660.0
2025-11-12,UHCTPFGAGO08-T1.62,3DE Technology Prototype Solutions Pvt Ltd (Casting),112.0,0.0,112.0,380.0,42560.0
2025-11-12,UHCTPFGAGS06-T1.62,3DE Technology Prototype Solutions Pvt Ltd (Casting),102.0,0.0,102.0,380.0,38760.0
2025-11-12,UHCTPFGASO06-T1.62,3DE Technology Prototype Solutions Pvt Ltd (Casting),82.0,0.0,82.0,380.0,31160.0
2025-11-12,UHCTPFGBRGO08-T1.62,3DE Technology Prototype Solutions Pvt Ltd (Casting),54.0,0.0,54.0,380.0,20520.0
2025-11-12,UHCTPFGMGO08-T1.62,3DE Technology Prototype Solutions Pvt Ltd (Casting),117.0,0.0,117.0,380.0,44460.0
2025-11-12,UHCTPFGMGS08-T1.62,3DE Technology Prototype Solutions Pvt Ltd (Casting),109.0,0.0,109.0,380.0,41420.0
2025-11-12,UHRD100PSEX,Amazon India PVT LTD,1.0,0.0,1.0,2349.39,2349.39
2025-11-12,UHRDGELCLEAN,SOHO HK INTL TRADE LTD-IMPORT,1.0,0.0,1.0,1756.8,1756.8
2025-11-12,UHRDGODOXLS,Amazon India PVT LTD,1.0,0.0,1.0,4143.22,4143.22
2025-11-12,UHRDRTMDGHR,PODRAIN ELECTRONICS PRIVATE LIMITED,40.0,0.0,40.0,642.0,25680.0
2025-11-12,UHRDSANDISK,Amazon India PVT LTD,1.0,0.0,1.0,7173.72,7173.72
2025-11-12,UHRING1.62PCBA,SVTRONICS India Private Limited,1460.0,0.0,1460.0,140.0,204400.0
2025-11-12,UHRING1.62PCBA,Zreyah Semiconductor Systems Pvt. Ltd.,3136.0,0.0,3136.0,140.0,439040.0
2025-11-12,UHRW0.2RTS07,IILA INDUSTRIES (Regular Purchase),7.0,0.0,7.0,50.0,350.0
2025-11-12,UHRW0.2RTS08,IILA INDUSTRIES (Regular Purchase),358.0,0.0,358.0,50.0,17900.0
2025-11-12,UHRW0.2RTS09,IILA INDUSTRIES (Regular Purchase),112.0,0.0,112.0,50.0,5600.0
2025-11-12,UHRW0.2RTS10,IILA INDUSTRIES (Regular Purchase),154.0,0.0,154.0,50.0,7700.0
2025-11-12,UHRW0.2RTS11,IILA INDUSTRIES (Regular Purchase),85.0,0.0,85.0,50.0,4250.0
2025-11-12,UHRW0.2RTS13,IILA INDUSTRIES (Regular Purchase),68.0,0.0,68.0,50.0,3400.0
2025-11-12,UHRW0.3RTS08,IILA INDUSTRIES (Regular Purchase),18.0,0.0,18.0,50.0,900.0
2025-11-12,UHRW0.3RTS09,IILA INDUSTRIES (Regular Purchase),39.0,0.0,39.0,50.0,1950.0
2025-11-12,UHRW0.3RTS10,IILA INDUSTRIES (Regular Purchase),81.0,0.0,81.0,50.0,4050.0
2025-11-12,UHRW0.3RTS11,IILA INDUSTRIES (Regular Purchase),57.0,0.0,57.0,50.0,2850.0
2025-11-12,UHRW0.3RTS12,IILA INDUSTRIES (Regular Purchase),2.0,0.0,2.0,50.0,100.0
2025-11-13,UH0.2AS12,CN Innovations Limited,243.0,0.0,243.0,648.26,157526.99
2025-11-13,UH0.2AS13,CN Innovations Limited,72.0,0.0,72.0,648.26,46674.66
2025-11-13,UH0.2AS14,CN Innovations Limited,387.0,0.0,387.0,648.26,250876.31
2025-11-13,UHBRUSHARG10,CN Innovations Limited,334.0,0.0,334.0,614.88,205369.92
2025-11-13,UHBRUSHARG11,CN Innovations Limited,512.0,0.0,512.0,614.88,314818.56
2025-11-13,UHBRUSHARG12,CN Innovations Limited,235.0,0.0,235.0,614.88,144496.8
2025-11-13,UHBRUSHARG13,CN Innovations Limited,268.0,0.0,268.0,614.88,164787.84
2025-11-13,UHBRUSHARG14,CN Innovations Limited,111.0,0.0,111.0,614.88,68251.68
2025-11-13,UHCHARTOPS07,Aaru Plastics,1000.0,0.0,1000.0,34.0,34000.0
2025-11-13,UHCHARTOPS08,Aaru Plastics,1250.0,0.0,1250.0,34.0,42500.0
2025-11-13,UHCHARTOPS09,Aaru Plastics,400.0,0.0,400.0,34.0,13600.0
2025-11-13,UHCTPFGAAO10-T1.62,3DE Technology Prototype Solutions Pvt Ltd (Casting),119.0,0.0,119.0,380.0,45220.0
2025-11-13,UHCTPFGAAS09-T1.62,3DE Technology Prototype Solutions Pvt Ltd (Casting),182.0,0.0,182.0,380.0,69160.0
2025-11-13,UHCTPFGAGO06-T1.62,3DE Technology Prototype Solutions Pvt Ltd (Casting),74.0,0.0,74.0,380.0,28120.0
2025-11-13,UHCTPFGAGO07-T1.62,3DE Technology Prototype Solutions Pvt Ltd (Casting),21.0,0.0,21.0,380.0,7980.0
2025-11-13,UHCTPFGAGO08-T1.62,3DE Technology Prototype Solutions Pvt Ltd (Casting),8.0,0.0,8.0,380.0,3040.0
2025-11-13,UHCTPFGAGS06-T1.62,3DE Technology Prototype Solutions Pvt Ltd (Casting),138.0,0.0,138.0,380.0,52440.0
2025-11-13,UHCTPFGASO06-T1.62,3DE Technology Prototype Solutions Pvt Ltd (Casting),98.0,0.0,98.0,380.0,37240.0
2025-11-13,UHCTPFGBRGO08-T1.62,3DE Technology Prototype Solutions Pvt Ltd (Casting),6.0,0.0,6.0,380.0,2280.0
2025-11-13,UHCTPFGMGO08-T1.62,3DE Technology Prototype Solutions Pvt Ltd (Casting),3.0,0.0,3.0,380.0,1140.0
2025-11-13,UHCTPFGMGO10-T1.62,3DE Technology Prototype Solutions Pvt Ltd (Casting),12.0,0.0,12.0,380.0,4560.0
2025-11-13,UHCTPFGMGS08-T1.62,3DE Technology Prototype Solutions Pvt Ltd (Casting),7.0,0.0,7.0,380.0,2660.0
2025-11-13,UHDISLDBS05,CN Innovations Limited,11.0,0.0,11.0,3074.4,33818.4
2025-11-13,UHDISLDBS06,CN Innovations Limited,36.0,0.0,36.0,3074.4,110678.4
2025-11-13,UHDISLDBS07,CN Innovations Limited,87.0,0.0,87.0,3074.4,267472.8
2025-11-13,UHDISLDBS08,CN Innovations Limited,105.0,0.0,105.0,3074.4,322812.0
2025-11-13,UHDISLDBS09,CN Innovations Limited,141.0,0.0,141.0,3074.4,433490.4
2025-11-13,UHDISLDBS10,CN Innovations Limited,59.0,0.0,59.0,3074.4,181389.6
2025-11-13,UHDISLDBS11,CN Innovations Limited,35.0,0.0,35.0,3074.4,107604.0
2025-11-13,UHDISLDBS12,CN Innovations Limited,18.0,0.0,18.0,3074.4,55339.2
2025-11-13,UHDISLDBS13,CN Innovations Limited,6.0,0.0,6.0,3074.4,18446.4
2025-11-13,UHDISLDBS14,CN Innovations Limited,1.0,0.0,1.0,3074.4,3074.4
2025-11-13,UHDISLGSS05,CN Innovations Limited,7.0,0.0,7.0,3074.4,21520.8
2025-11-13,UHDISLGSS06,CN Innovations Limited,27.0,0.0,27.0,3074.4,83008.8
2025-11-13,UHDISLGSS07,CN Innovations Limited,66.0,0.0,66.0,3074.4,202910.4
2025-11-13,UHDISLGSS08,CN Innovations Limited,64.0,0.0,64.0,3074.4,196761.6
2025-11-13,UHDISLGSS09,CN Innovations Limited,90.0,0.0,90.0,3074.4,276696.0
2025-11-13,UHDISLGSS10,CN Innovations Limited,17.0,0.0,17.0,3074.4,52264.8
2025-11-13,UHDISLGSS11,CN Innovations Limited,8.0,0.0,8.0,3074.4,24595.2
2025-11-13,UHDISLGSS12,CN Innovations Limited,3.0,0.0,3.0,3074.4,9223.2
2025-11-13,UHRD1*4OSMT2,SHARVI ELECTRONICS,10.0,0.0,10.0,34.99,349.9
2025-11-13,UHRDCHIP240,SHARVI ELECTRONICS,20.0,0.0,20.0,63.5,1270.0
2025-11-13,UHRDCUTTER6,Aarthi Electronics,1.0,0.0,1.0,580.0,580.0
2025-11-13,UHRDNRF54LM,PCB POWER (INDIA) LIMITED,12.0,0.0,12.0,1517.0,18204.0
2025-11-13,UHRDPCLENS8,Aaru Plastics,149.0,0.0,149.0,0.0,0.0
2025-11-13,UHRDPCLENS9,Aaru Plastics,484.0,0.0,484.0,0.0,0.0
2025-11-13,UHRDPENCLWH,Reliable office supplies,7.0,0.0,7.0,60.0,420.0
2025-11-13,UHRDRXREVS5,WITGAIN TECHNOLOGY LIMITED,5000.0,0.0,5000.0,33.2,166017.6
2025-11-13,UHRDRXREVS6,WITGAIN TECHNOLOGY LIMITED,5000.0,0.0,5000.0,34.05,170233.92
2025-11-13,UHRDRXREVS7,WITGAIN TECHNOLOGY LIMITED,5000.0,0.0,5000.0,35.47,177348.96
2025-11-13,UHRDRXREVS8,WITGAIN TECHNOLOGY LIMITED,5000.0,0.0,5000.0,36.1,180511.2
2025-11-13,UHRDRXREVS9,WITGAIN TECHNOLOGY LIMITED,5000.0,0.0,5000.0,36.26,181301.76
2025-11-13,UHRDRXRVS10,WITGAIN TECHNOLOGY LIMITED,5000.0,0.0,5000.0,37.37,186835.68
2025-11-13,UHRDRXRVS11,WITGAIN TECHNOLOGY LIMITED,5000.0,0.0,5000.0,38.26,191315.52
2025-11-13,UHRDRXRVS12,WITGAIN TECHNOLOGY LIMITED,5000.0,0.0,5000.0,39.32,196585.92
2025-11-13,UHRDRXRVS13,WITGAIN TECHNOLOGY LIMITED,5000.0,0.0,5000.0,41.16,205809.12
2025-11-13,UHRDRXRVS14,WITGAIN TECHNOLOGY LIMITED,5000.0,0.0,5000.0,42.06,210288.96
2025-11-13,UHRDTINWALL,"Svtronics Manufacturing, Inc.",1.0,0.0,1.0,87.84,87.84
2025-11-13,UHRESYAG60KO,SEMISEARCH TECHNOLOGIES PRIVATE LIMITED,30000.0,0.0,30000.0,0.29,8700.0
2025-11-13,UHRING1.62PCBA,SVTRONICS India Private Limited,2160.0,0.0,2160.0,140.0,302400.0
2025-11-13,UHSWATCHAA,Mudra innovation,5000.0,0.0,5000.0,12.2,61000.0
2025-11-13,UHSWATCHAG,Mudra innovation,5000.0,0.0,5000.0,12.2,61000.0
2025-11-13,UHSWATCHAS,Mudra innovation,5000.0,0.0,5000.0,12.2,61000.0
2025-11-13,UHSWATCHBRG,Mudra innovation,5000.0,0.0,5000.0,18.0,90000.0
2025-11-13,UHSWATCHMG,Mudra innovation,5000.0,0.0,5000.0,12.2,61000.0
2025-11-13,UHSWATCHRT,Mudra innovation,5000.0,0.0,5000.0,12.2,61000.0
2025-11-14,UH0.2AS11,CN Innovations Limited,200.0,0.0,200.0,648.26,129651.84
2025-11-14,UHBRUSHARG10,CN Innovations Limited,287.0,0.0,287.0,614.88,176470.56
2025-11-14,UHBRUSHARG11,CN Innovations Limited,147.0,0.0,147.0,614.88,90387.36
2025-11-14,UHBRUSHARG12,CN Innovations Limited,45.0,0.0,45.0,614.88,27669.6
2025-11-14,UHBRUSHARG13,CN Innovations Limited,32.0,0.0,32.0,614.88,19676.16
2025-11-14,UHBRUSHARG14,CN Innovations Limited,21.0,0.0,21.0,614.88,12912.48
2025-11-14,UHCTPFGAAS06-T1.62,3DE Technology Prototype Solutions Pvt Ltd (Casting),48.0,0.0,48.0,380.0,18240.0
2025-11-14,UHCTPFGAAS12-T1.62,3DE Technology Prototype Solutions Pvt Ltd (Casting),120.0,0.0,120.0,380.0,45600.0
2025-11-14,UHCTPFGAGO06-T1.62,3DE Technology Prototype Solutions Pvt Ltd (Casting),46.0,0.0,46.0,380.0,17480.0
2025-11-14,UHCTPFGAGO09-T1.62,3DE Technology Prototype Solutions Pvt Ltd (Casting),120.0,0.0,120.0,380.0,45600.0
2025-11-14,UHCTPFGAGS07-T1.62,3DE Technology Prototype Solutions Pvt Ltd (Casting),180.0,0.0,180.0,380.0,68400.0
2025-11-14,UHCTPFGASO06-T1.62,3DE Technology Prototype Solutions Pvt Ltd (Casting),24.0,0.0,24.0,380.0,9120.0
2025-11-14,UHRDBAP2020,Amazon India PVT LTD,1.0,0.0,1.0,169.5,169.5
2025-11-14,UHRDHILITCH,Amazon India PVT LTD,1.0,0.0,1.0,3164.14,3164.14
2025-11-14,UHRDHINGZB1,Dongguan smooth intelligent technology,1391.0,0.0,1391.0,281.09,390993.41
2025-11-14,UHRDHOMDUM3,Amazon India PVT LTD,3.0,0.0,3.0,369.08,1107.24
2025-11-14,UHRDINKBOTL,Amazon India PVT LTD,1.0,0.0,1.0,1453.39,1453.39
2025-11-14,UHRDMTRBRD1,PODRAIN ELECTRONICS PRIVATE LIMITED,8.0,0.0,8.0,248.0,1984.0
2025-11-15,UHCTPFGAAS07-T1.62,3DE Technology Prototype Solutions Pvt Ltd (Casting),101.0,0.0,101.0,380.0,38380.0
2025-11-15,UHCTPFGAAS11-T1.62,3DE Technology Prototype Solutions Pvt Ltd (Casting),153.0,0.0,153.0,380.0,58140.0
2025-11-15,UHCTPFGAGO08-T1.62,3DE Technology Prototype Solutions Pvt Ltd (Casting),51.0,0.0,51.0,380.0,19380.0
2025-11-15,UHCTPFGAGS06-T1.62,3DE Technology Prototype Solutions Pvt Ltd (Casting),119.0,0.0,119.0,380.0,45220.0
2025-11-15,UHCTPFGAGS07-T1.62,3DE Technology Prototype Solutions Pvt Ltd (Casting),88.0,0.0,88.0,380.0,33440.0
2025-11-15,UHCTPFGAGS11-T1.62,3DE Technology Prototype Solutions Pvt Ltd (Casting),10.0,0.0,10.0,380.0,3800.0
2025-11-15,UHCTPFGAGS12-T1.62,3DE Technology Prototype Solutions Pvt Ltd (Casting),8.0,0.0,8.0,380.0,3040.0
2025-11-15,UHRARERSG0LDS09,JEWELEX INDIA PRIVATE LIMITED,1.0,0.0,1.0,33730.15,33730.15
2025-11-15,UHRDSKYESD1,Amazon India PVT LTD,2.0,0.0,2.0,924.58,1849.16
2025-11-17,UHBRUSBCABLE,"HONGKONG PENGLIAN ELECTRONICS CO.,LIMITED",20000.0,0.0,20000.0,68.52,1370304.0
2025-11-17,UHCHA2BASS05,Aaru Plastics,300.0,0.0,300.0,235.0,70500.0
2025-11-17,UHCHA2BASS06,Aaru Plastics,500.0,0.0,500.0,235.0,117500.0
2025-11-17,UHCHA2BASS08,HANAV MANUFACTURING AND BUSINESS PRIVATE LIMITED,1512.0,0.0,1512.0,250.0,378000.0
2025-11-17,UHCHA2BASS09,Aaru Plastics,1000.0,0.0,1000.0,235.0,235000.0
2025-11-17,UHCHARTOPS09,Aaru Plastics,1300.0,0.0,1300.0,34.0,44200.0
2025-11-17,UHCHARTOPS11,Aaru Plastics,700.0,0.0,700.0,34.0,23800.0
2025-11-17,UHCHARTOPS12,Aaru Plastics,500.0,0.0,500.0,34.0,17000.0
2025-11-17,UHCTPFGAAS07-T1.62,3DE Technology Prototype Solutions Pvt Ltd (Casting),18.0,0.0,18.0,380.0,6840.0
2025-11-17,UHCTPFGAAS09,3DE Technology Prototype Solutions Pvt Ltd (Casting),12.0,0.0,12.0,380.0,4560.0
2025-11-17,UHCTPFGAAS11-T1.62,3DE Technology Prototype Solutions Pvt Ltd (Casting),26.0,0.0,26.0,380.0,9880.0
2025-11-17,UHCTPFGAGO08-T1.62,3DE Technology Prototype Solutions Pvt Ltd (Casting),69.0,0.0,69.0,380.0,26220.0
2025-11-17,UHCTPFGAGS06-T1.62,3DE Technology Prototype Solutions Pvt Ltd (Casting),58.0,0.0,58.0,380.0,22040.0
2025-11-17,UHCTPFGAGS07-T1.62,3DE Technology Prototype Solutions Pvt Ltd (Casting),32.0,0.0,32.0,380.0,12160.0
2025-11-17,UHCTPFGAGS11-T1.62,3DE Technology Prototype Solutions Pvt Ltd (Casting),11.0,0.0,11.0,380.0,4180.0
2025-11-17,UHCTPFGAGS12-T1.62,3DE Technology Prototype Solutions Pvt Ltd (Casting),4.0,0.0,4.0,380.0,1520.0
2025-11-17,UHCTPFGRTS09,3DE Technology Prototype Solutions Pvt Ltd (Casting),336.0,0.0,336.0,190.0,63840.0
2025-11-17,UHCTPFGRTS10-T1.62,3DE Technology Prototype Solutions Pvt Ltd (Casting),115.0,0.0,115.0,380.0,43700.0
2025-11-17,UHCTPFGRTS12-T1.62,3DE Technology Prototype Solutions Pvt Ltd (Casting),58.0,0.0,58.0,380.0,22040.0
2025-11-17,UHPLASIZRS05,ZOEONE INDUSTRIES,2500.0,0.0,2500.0,3.5,8750.0
2025-11-17,UHPLASIZRS06,ZOEONE INDUSTRIES,2500.0,0.0,2500.0,3.5,8750.0
2025-11-17,UHPLASIZRS07,ZOEONE INDUSTRIES,2500.0,0.0,2500.0,3.5,8750.0
2025-11-17,UHPLASIZRS08,ZOEONE INDUSTRIES,2500.0,0.0,2500.0,3.5,8750.0
2025-11-17,UHPLASIZRS09,ZOEONE INDUSTRIES,2500.0,0.0,2500.0,3.5,8750.0
2025-11-17,UHPLASIZRS10,ZOEONE INDUSTRIES,2500.0,0.0,2500.0,3.5,8750.0
2025-11-17,UHPLASIZRS11,ZOEONE INDUSTRIES,2500.0,0.0,2500.0,3.5,8750.0
2025-11-17,UHPLASIZRS12,ZOEONE INDUSTRIES,2500.0,0.0,2500.0,3.5,8750.0
2025-11-17,UHPLASIZRS13,ZOEONE INDUSTRIES,2500.0,0.0,2500.0,3.5,8750.0
2025-11-17,UHPLASIZRS14,ZOEONE INDUSTRIES,2500.0,0.0,2500.0,3.5,8750.0
2025-11-17,UHRD10*15PCB,MACFOS PRIVATE LIMITED,2.0,0.0,2.0,67.8,135.59
2025-11-17,UHRD12*18PCB,MACFOS PRIVATE LIMITED,2.0,0.0,2.0,128.81,257.63
2025-11-17,UHRD2.54DC31,MACFOS PRIVATE LIMITED,10.0,0.0,10.0,7.63,76.27
2025-11-17,UHRDBAMBOO1,Amazon India PVT LTD,1.0,0.0,1.0,242.86,242.86
2025-11-17,UHRDGASKET1,NOA Labs (Shenzhen) Ltd.,2.0,0.0,2.0,175.68,351.36
2025-11-17,UHRDJTAF254,MACFOS PRIVATE LIMITED,2.0,0.0,2.0,75.42,150.85
2025-11-17,UHRDPLAST30,MACFOS PRIVATE LIMITED,3.0,0.0,3.0,189.83,569.49
2025-11-17,UHRDRP20401,MACFOS PRIVATE LIMITED,20.0,0.0,20.0,189.83,3796.6
2025-11-17,UHRDTIALLOY,NOA Labs (Shenzhen) Ltd.,7.0,0.0,7.0,878.4,6148.8
2025-11-17,UHRDWAVESHA,SHARVI ELECTRONICS,12.0,0.0,12.0,548.89,6586.68
2025-11-18,UH0.2MIRROR05,HANAV MANUFACTURING AND BUSINESS PRIVATE LIMITED,46.0,0.0,46.0,530.0,24380.0
2025-11-18,UH0.2MIRROR06,HANAV MANUFACTURING AND BUSINESS PRIVATE LIMITED,274.0,0.0,274.0,530.0,145220.0
2025-11-18,UH0.2MIRROR07,HANAV MANUFACTURING AND BUSINESS PRIVATE LIMITED,323.0,0.0,323.0,530.0,171190.0
2025-11-18,UH0.2MIRROR10,HANAV MANUFACTURING AND BUSINESS PRIVATE LIMITED,1957.0,0.0,1957.0,530.0,1037210.0
2025-11-18,UHC2RES0OM42,SEMISEARCH TECHNOLOGIES PRIVATE LIMITED,80000.0,0.0,80000.0,0.11,8800.0
2025-11-18,UHC3PAINBASES07,Aaru Plastics,300.0,0.0,300.0,0.0,0.0
2025-11-18,UHC3PAINBASES10,Aaru Plastics,350.0,0.0,350.0,0.0,0.0
2025-11-18,UHC3PAINBASES11,Aaru Plastics,350.0,0.0,350.0,0.0,0.0
2025-11-18,UHCH2COHOS08,3DE Technology Prototype Solutions Pvt Ltd (Regular Purchase),1000.0,0.0,1000.0,32.0,32000.0
2025-11-18,UHCTPFGAAO08-T1.62,3DE Technology Prototype Solutions Pvt Ltd (Casting),1.0,0.0,1.0,380.0,380.0
2025-11-18,UHCTPFGAAS06,3DE Technology Prototype Solutions Pvt Ltd (Casting),36.0,0.0,36.0,190.0,6840.0
2025-11-18,UHCTPFGAAS07,3DE Technology Prototype Solutions Pvt Ltd (Casting),60.0,0.0,60.0,380.0,22800.0
2025-11-18,UHCTPFGAAS09-T1.62,3DE Technology Prototype Solutions Pvt Ltd (Casting),14.0,0.0,14.0,380.0,5320.0
2025-11-18,UHCTPFGAAS11-T1.62,3DE Technology Prototype Solutions Pvt Ltd (Casting),2.0,0.0,2.0,380.0,760.0
2025-11-18,UHCTPFGAGO08-T1.62,3DE Technology Prototype Solutions Pvt Ltd (Casting),1.0,0.0,1.0,380.0,380.0
2025-11-18,UHCTPFGAGO09-T1.62,3DE Technology Prototype Solutions Pvt Ltd (Casting),5.0,0.0,5.0,380.0,1900.0
2025-11-18,UHCTPFGAGO10,3DE Technology Prototype Solutions Pvt Ltd (Casting),2.0,0.0,2.0,380.0,760.0
2025-11-18,UHCTPFGAGS06-T1.62,3DE Technology Prototype Solutions Pvt Ltd (Casting),3.0,0.0,3.0,380.0,1140.0
2025-11-18,UHCTPFGAGS07-T1.62,3DE Technology Prototype Solutions Pvt Ltd (Casting),2.0,0.0,2.0,380.0,760.0
2025-11-18,UHCTPFGAGS08-T1.62,3DE Technology Prototype Solutions Pvt Ltd (Casting),1.0,0.0,1.0,380.0,380.0
2025-11-18,UHCTPFGASO09-T1.61,3DE Technology Prototype Solutions Pvt Ltd (Casting),1.0,0.0,1.0,380.0,380.0
2025-11-18,UHCTPFGBRGO05-T1.62,3DE Technology Prototype Solutions Pvt Ltd (Casting),2.0,0.0,2.0,380.0,760.0
2025-11-18,UHCTPFGBRGO06-T1.62,3DE Technology Prototype Solutions Pvt Ltd (Casting),2.0,0.0,2.0,380.0,760.0
2025-11-18,UHCTPFGBRGO07-T1.62,3DE Technology Prototype Solutions Pvt Ltd (Casting),2.0,0.0,2.0,380.0,760.0
2025-11-18,UHCTPFGBRGO08-T1.62,3DE Technology Prototype Solutions Pvt Ltd (Casting),1.0,0.0,1.0,380.0,380.0
2025-11-18,UHCTPFGBRGO09-T1.62,3DE Technology Prototype Solutions Pvt Ltd (Casting),2.0,0.0,2.0,380.0,760.0
2025-11-18,UHCTPFGBRGO13-T1.62,3DE Technology Prototype Solutions Pvt Ltd (Casting),1.0,0.0,1.0,380.0,380.0
2025-11-18,UHCTPFGMGO08-T1.62,3DE Technology Prototype Solutions Pvt Ltd (Casting),1.0,0.0,1.0,380.0,380.0
2025-11-18,UHCTPFGMGO09-T1.62,3DE Technology Prototype Solutions Pvt Ltd (Casting),3.0,0.0,3.0,380.0,1140.0
2025-11-18,UHCTPFGMGS09,3DE Technology Prototype Solutions Pvt Ltd (Casting),1.0,0.0,1.0,190.0,190.0
2025-11-18,UHCTPFGMGS09-T1.62,3DE Technology Prototype Solutions Pvt Ltd (Casting),1.0,0.0,1.0,380.0,380.0
2025-11-18,UHCTPFGMGS10,3DE Technology Prototype Solutions Pvt Ltd (Casting),1.0,0.0,1.0,190.0,190.0
2025-11-18,UHCTPFGMGS11-T1.62,3DE Technology Prototype Solutions Pvt Ltd (Casting),3.0,0.0,3.0,380.0,1140.0
2025-11-18,UHCTPFGRTS08-T1.62,3DE Technology Prototype Solutions Pvt Ltd (Casting),2.0,0.0,2.0,380.0,760.0
2025-11-18,UHCTPFGRTS09,3DE Technology Prototype Solutions Pvt Ltd (Casting),11.0,0.0,11.0,190.0,2090.0
2025-11-18,UHCTPFGRTS09-T1.62,3DE Technology Prototype Solutions Pvt Ltd (Casting),7.0,0.0,7.0,380.0,2660.0
2025-11-18,UHCTPFGRTS10,3DE Technology Prototype Solutions Pvt Ltd (Casting),240.0,0.0,240.0,190.0,45600.0
2025-11-18,UHCTPFGRTS12,3DE Technology Prototype Solutions Pvt Ltd (Casting),1.0,0.0,1.0,380.0,380.0
2025-11-18,UHIND2213A156,SEMISEARCH TECHNOLOGIES PRIVATE LIMITED,15000.0,0.0,15000.0,11.45,171750.0
2025-11-18,UHPLASIZRS05,ZOEONE INDUSTRIES,2500.0,0.0,2500.0,3.5,8750.0
2025-11-18,UHPLASIZRS06,ZOEONE INDUSTRIES,2500.0,0.0,2500.0,3.5,8750.0
2025-11-18,UHPLASIZRS07,ZOEONE INDUSTRIES,2500.0,0.0,2500.0,3.5,8750.0
2025-11-18,UHPLASIZRS08,ZOEONE INDUSTRIES,2500.0,0.0,2500.0,3.5,8750.0
2025-11-18,UHPLASIZRS09,ZOEONE INDUSTRIES,2500.0,0.0,2500.0,3.5,8750.0
2025-11-18,UHPLASIZRS10,ZOEONE INDUSTRIES,2500.0,0.0,2500.0,3.5,8750.0
2025-11-18,UHPLASIZRS11,ZOEONE INDUSTRIES,2500.0,0.0,2500.0,3.5,8750.0
2025-11-18,UHPLASIZRS12,ZOEONE INDUSTRIES,2500.0,0.0,2500.0,3.5,8750.0
2025-11-18,UHPLASIZRS13,ZOEONE INDUSTRIES,2500.0,0.0,2500.0,3.5,8750.0
2025-11-18,UHPLASIZRS14,ZOEONE INDUSTRIES,2500.0,0.0,2500.0,3.5,8750.0
2025-11-18,UHRESYAG22MO,SEMISEARCH TECHNOLOGIES PRIVATE LIMITED,30000.0,0.0,30000.0,5.95,178500.0
2025-11-18,UHRESYAG47KO,SEMISEARCH TECHNOLOGIES PRIVATE LIMITED,30000.0,0.0,30000.0,0.29,8700.0
2025-11-18,UHRING1.62PCBA,SVTRONICS India Private Limited,2044.0,0.0,2044.0,140.0,286160.0
2025-11-19,UHCH2COHOS09,3DE Technology Prototype Solutions Pvt Ltd (Regular Purchase),1000.0,0.0,1000.0,32.0,32000.0
2025-11-19,UHCHA2BASS07,Aaru Plastics,2000.0,0.0,2000.0,235.0,470000.0
2025-11-19,UHCHA2BASS08,Aaru Plastics,1000.0,0.0,1000.0,235.0,235000.0
2025-11-19,UHCHARTOPS07,Aaru Plastics,1000.0,0.0,1000.0,34.0,34000.0
2025-11-19,UHCHARTOPS08,Aaru Plastics,700.0,0.0,700.0,34.0,23800.0
2025-11-19,UHCHARTOPS09,Aaru Plastics,300.0,0.0,300.0,34.0,10200.0
2025-11-19,UHCONSNTRLGLOV,Reliable office supplies,200.0,0.0,200.0,200.0,40000.0
2025-11-19,UHCONSPAINTBRSH,Reliable office supplies,20.0,0.0,20.0,100.0,2000.0
2025-11-19,UHCONSSTPPINLRG,Reliable office supplies,5.0,0.0,5.0,12.0,60.0
2025-11-19,UHCONSTAPE2TRNS,Reliable office supplies,100.0,0.0,100.0,24.0,2400.0
2025-11-19,UHCTPFGDBS05,3DE Technology Prototype Solutions Pvt Ltd (Casting),3.0,0.0,3.0,380.0,1140.0
2025-11-19,UHCTPFGDBS07,3DE Technology Prototype Solutions Pvt Ltd (Casting),19.0,0.0,19.0,380.0,7220.0
2025-11-19,UHCTPFGDBS08,3DE Technology Prototype Solutions Pvt Ltd (Casting),20.0,0.0,20.0,380.0,7600.0
2025-11-19,UHCTPFGDBS13,3DE Technology Prototype Solutions Pvt Ltd (Casting),1.0,0.0,1.0,380.0,380.0
2025-11-19,UHPCBRXCOS05,WITGAIN TECHNOLOGY LIMITED,10000.0,0.0,10000.0,27.23,272304.0
2025-11-19,UHPCBRXCOS06,WITGAIN TECHNOLOGY LIMITED,80000.0,0.0,80000.0,44.8,3583872.0
2025-11-19,UHPCBRXCOS08,WITGAIN TECHNOLOGY LIMITED,50000.0,0.0,50000.0,27.23,1361520.0
2025-11-19,UHPCBRXCOS10,WITGAIN TECHNOLOGY LIMITED,62000.0,0.0,62000.0,27.23,1688284.8
2025-11-19,UHPLASIZRS05,ZOEONE INDUSTRIES,2500.0,0.0,2500.0,3.5,8750.0
2025-11-19,UHPLASIZRS06,ZOEONE INDUSTRIES,2500.0,0.0,2500.0,3.5,8750.0
2025-11-19,UHPLASIZRS07,ZOEONE INDUSTRIES,2500.0,0.0,2500.0,3.5,8750.0
2025-11-19,UHPLASIZRS08,ZOEONE INDUSTRIES,2500.0,0.0,2500.0,3.5,8750.0
2025-11-19,UHPLASIZRS09,ZOEONE INDUSTRIES,2500.0,0.0,2500.0,3.5,8750.0
2025-11-19,UHPLASIZRS10,ZOEONE INDUSTRIES,2500.0,0.0,2500.0,3.5,8750.0
2025-11-19,UHPLASIZRS11,ZOEONE INDUSTRIES,2500.0,0.0,2500.0,3.5,8750.0
2025-11-19,UHPLASIZRS12,ZOEONE INDUSTRIES,2500.0,0.0,2500.0,3.5,8750.0
2025-11-19,UHPLASIZRS13,ZOEONE INDUSTRIES,2500.0,0.0,2500.0,3.5,8750.0
2025-11-19,UHPLASIZRS14,ZOEONE INDUSTRIES,2500.0,0.0,2500.0,3.5,8750.0
2025-11-19,UHRDCUTTER1,Reliable office supplies,5.0,0.0,5.0,95.0,475.0
2025-11-19,UHRDLINEAR,Amazon India PVT LTD,3.0,0.0,3.0,1639.29,4917.87
2025-11-19,UHRDMONITOR,NOA Labs (Shenzhen) Ltd.,1.0,0.0,1.0,8784.0,8784.0
2025-11-19,UHRDSCHOFIC,Amazon India PVT LTD,6.0,0.0,6.0,228.15,1368.9
2025-11-19,UHRDSTRAPM1,NOA Labs (Shenzhen) Ltd.,1.0,0.0,1.0,2635.2,2635.2
2025-11-19,UHRDTECONTA,RS components,10.0,0.0,10.0,49.83,498.3
2025-11-19,UHSTCELLOPEN1,Reliable office supplies,200.0,0.0,200.0,7.0,1400.0
2025-11-19,UHSTMASKTAP,Reliable office supplies,30.0,0.0,30.0,60.0,1800.0
2025-11-19,UHSTNANFILE,Reliable office supplies,10.0,0.0,10.0,90.0,900.0
2025-11-19,UHSTOHPMARKR,Reliable office supplies,100.0,0.0,100.0,7.0,700.0
2025-11-19,UHSTPERMARK,Reliable office supplies,50.0,0.0,50.0,15.0,750.0
2025-11-20,UHBOXTBTTRAY,"Bonito Packaging Co.,Ltd",30000.0,0.0,30000.0,32.41,972388.8
2025-11-20,UHBOXTOPTRAY,"Bonito Packaging Co.,Ltd",30000.0,0.0,30000.0,25.65,769478.4
2025-11-20,UHCH2COHOS08,3DE Technology Prototype Solutions Pvt Ltd (Regular Purchase),500.0,0.0,500.0,32.0,16000.0
2025-11-20,UHCH2COHOS09,3DE Technology Prototype Solutions Pvt Ltd (Regular Purchase),500.0,0.0,500.0,32.0,16000.0
2025-11-20,UHCHA2BASS07,HANAV MANUFACTURING AND BUSINESS PRIVATE LIMITED,2016.0,0.0,2016.0,250.0,504000.0
2025-11-20,UHCHA2BASS08,Aaru Plastics,1000.0,0.0,1000.0,235.0,235000.0
2025-11-20,UHCHA2BASS08,HANAV MANUFACTURING AND BUSINESS PRIVATE LIMITED,504.0,0.0,504.0,250.0,126000.0
2025-11-20,UHCHARTOPS06,Aaru Plastics,500.0,0.0,500.0,34.0,17000.0
2025-11-20,UHCHARTOPS07,Aaru Plastics,500.0,0.0,500.0,34.0,17000.0
2025-11-20,UHCHARTOPS08,Aaru Plastics,300.0,0.0,300.0,34.0,10200.0
2025-11-20,UHCHARTOPS11,Aaru Plastics,800.0,0.0,800.0,34.0,27200.0
2025-11-20,UHCONSFINGCOT,Reliable office supplies,1000.0,0.0,1000.0,0.9,900.0
2025-11-20,UHCONSPOL3M,HP ENTERPRISES,300.0,0.0,300.0,137.47,41242.5
2025-11-20,UHCONSSTPPINLRG,Reliable office supplies,40.0,0.0,40.0,12.0,480.0
2025-11-20,UHCTPFGDBS05,3DE Technology Prototype Solutions Pvt Ltd (Casting),2.0,0.0,2.0,380.0,760.0
2025-11-20,UHCTPFGDBS07,3DE Technology Prototype Solutions Pvt Ltd (Casting),29.0,0.0,29.0,380.0,11020.0
2025-11-20,UHCTPFGDBS08,3DE Technology Prototype Solutions Pvt Ltd (Casting),26.0,0.0,26.0,380.0,9880.0
2025-11-20,UHCTPFGDBS09,3DE Technology Prototype Solutions Pvt Ltd (Casting),10.0,0.0,10.0,380.0,3800.0
2025-11-20,UHCTPFGDBS13,3DE Technology Prototype Solutions Pvt Ltd (Casting),1.0,0.0,1.0,380.0,380.0
2025-11-20,UHCTPFGDSS07,3DE Technology Prototype Solutions Pvt Ltd (Casting),20.0,0.0,20.0,380.0,7600.0
2025-11-20,UHCTPFGGSS05,3DE Technology Prototype Solutions Pvt Ltd (Casting),4.0,0.0,4.0,380.0,1520.0
2025-11-20,UHCTPFGGSS08,3DE Technology Prototype Solutions Pvt Ltd (Casting),27.0,0.0,27.0,380.0,10260.0
2025-11-20,UHCTPFGGSS09,3DE Technology Prototype Solutions Pvt Ltd (Casting),10.0,0.0,10.0,380.0,3800.0
2025-11-20,UHCTPFGGSS11,3DE Technology Prototype Solutions Pvt Ltd (Casting),3.0,0.0,3.0,380.0,1140.0
2025-11-20,UHCTPFGGSS12,3DE Technology Prototype Solutions Pvt Ltd (Casting),3.0,0.0,3.0,380.0,1140.0
2025-11-20,UHDISLBSS05,HANAV MANUFACTURING AND BUSINESS PRIVATE LIMITED,3.0,0.0,3.0,376.0,1128.0
2025-11-20,UHDISLBSS06,HANAV MANUFACTURING AND BUSINESS PRIVATE LIMITED,3.0,0.0,3.0,376.0,1128.0
2025-11-20,UHDISLBSS07,HANAV MANUFACTURING AND BUSINESS PRIVATE LIMITED,27.0,0.0,27.0,376.0,10152.0
2025-11-20,UHDISLBSS08,HANAV MANUFACTURING AND BUSINESS PRIVATE LIMITED,33.0,0.0,33.0,376.0,12408.0
2025-11-20,UHDISLBSS09,HANAV MANUFACTURING AND BUSINESS PRIVATE LIMITED,19.0,0.0,19.0,376.0,7144.0
2025-11-20,UHDISLBSS10,HANAV MANUFACTURING AND BUSINESS PRIVATE LIMITED,3.0,0.0,3.0,376.0,1128.0
2025-11-20,UHDISLBSS11,HANAV MANUFACTURING AND BUSINESS PRIVATE LIMITED,3.0,0.0,3.0,376.0,1128.0
2025-11-20,UHDISLBSS12,HANAV MANUFACTURING AND BUSINESS PRIVATE LIMITED,3.0,0.0,3.0,376.0,1128.0
2025-11-20,UHDISLBSS13,HANAV MANUFACTURING AND BUSINESS PRIVATE LIMITED,3.0,0.0,3.0,376.0,1128.0
2025-11-20,UHDISLBSS14,HANAV MANUFACTURING AND BUSINESS PRIVATE LIMITED,3.0,0.0,3.0,376.0,1128.0
2025-11-20,UHPLASIZRS05,ZOEONE INDUSTRIES,2500.0,0.0,2500.0,3.5,8750.0
2025-11-20,UHPLASIZRS06,ZOEONE INDUSTRIES,2500.0,0.0,2500.0,3.5,8750.0
2025-11-20,UHPLASIZRS07,ZOEONE INDUSTRIES,2500.0,0.0,2500.0,3.5,8750.0
2025-11-20,UHPLASIZRS08,ZOEONE INDUSTRIES,2500.0,0.0,2500.0,3.5,8750.0
2025-11-20,UHPLASIZRS09,ZOEONE INDUSTRIES,2500.0,0.0,2500.0,3.5,8750.0
2025-11-20,UHPLASIZRS10,ZOEONE INDUSTRIES,2500.0,0.0,2500.0,3.5,8750.0
2025-11-20,UHPLASIZRS11,ZOEONE INDUSTRIES,2500.0,0.0,2500.0,3.5,8750.0
2025-11-20,UHPLASIZRS12,ZOEONE INDUSTRIES,2500.0,0.0,2500.0,3.5,8750.0
2025-11-20,UHPLASIZRS13,ZOEONE INDUSTRIES,2500.0,0.0,2500.0,3.5,8750.0
2025-11-20,UHPLASIZRS14,ZOEONE INDUSTRIES,2500.0,0.0,2500.0,3.5,8750.0
2025-11-20,UHRDCUTTER6,Aarthi Electronics,4.0,0.0,4.0,580.0,2320.0
2025-11-20,UHRDPORTUSB,Amazon India PVT LTD,2.0,0.0,2.0,439.5,879.0
2025-11-20,UHRDUSBMLFL,Aarthi Electronics,5.0,0.0,5.0,65.0,325.0
2025-11-20,UHRING1.62PCBA,SVTRONICS India Private Limited,19.0,0.0,19.0,140.0,2660.0
2025-11-20,UHROUNDTAPES07,Suprabha ColorGrafix Private Limited,2375.0,0.0,2375.0,0.65,1543.75
2025-11-20,UHROUNDTAPES08,Suprabha ColorGrafix Private Limited,2375.0,0.0,2375.0,0.65,1543.75
2025-11-20,UHROUNDTAPES09,Suprabha ColorGrafix Private Limited,2500.0,0.0,2500.0,0.65,1625.0
2025-11-20,UHROUNDTAPES10,Suprabha ColorGrafix Private Limited,2000.0,0.0,2000.0,0.65,1300.0
2025-11-20,UHROUNDTAPES11,Suprabha ColorGrafix Private Limited,2000.0,0.0,2000.0,0.65,1300.0
2025-11-20,UHROUNDTAPES12,Suprabha ColorGrafix Private Limited,2000.0,0.0,2000.0,0.65,1300.0
2025-11-20,UHSTFACEMASK,Reliable office supplies,100.0,0.0,100.0,3.3,330.0
2025-11-21,UHC2PCBAREV21,Zreyah Semiconductor Systems Pvt. Ltd.,6396.0,0.0,6396.0,40.0,255840.0
2025-11-21,UHCHARTOPS06,Aaru Plastics,500.0,0.0,500.0,34.0,17000.0
2025-11-21,UHCHARTOPS09,Aaru Plastics,1000.0,0.0,1000.0,34.0,34000.0
2025-11-21,UHCHARTOPS12,Aaru Plastics,700.0,0.0,700.0,34.0,23800.0
2025-11-21,UHCONSEMR1500,Bharath Hardware & Industrial Suppliers,1000.0,0.0,1000.0,18.0,18000.0
2025-11-21,UHCONSEMR2000,Bharath Hardware & Industrial Suppliers,1000.0,0.0,1000.0,18.0,18000.0
2025-11-21,UHCTPFGAAS07-T1.62,3DE Technology Prototype Solutions Pvt Ltd (Casting),1.0,0.0,1.0,380.0,380.0
2025-11-21,UHCTPFGAAS09,3DE Technology Prototype Solutions Pvt Ltd (Casting),1.0,0.0,1.0,380.0,380.0
2025-11-21,UHCTPFGAGS11-T1.62,3DE Technology Prototype Solutions Pvt Ltd (Casting),1.0,0.0,1.0,380.0,380.0
2025-11-21,UHCTPFGMGO07,3DE Technology Prototype Solutions Pvt Ltd (Casting),2.0,0.0,2.0,380.0,760.0
2025-11-21,UHCTPFGMGO10,3DE Technology Prototype Solutions Pvt Ltd (Casting),2.0,0.0,2.0,380.0,760.0
2025-11-21,UHCTPFGRTS09,3DE Technology Prototype Solutions Pvt Ltd (Casting),13.0,0.0,13.0,190.0,2470.0
2025-11-21,UHCTPFGRTS10-T1.62,3DE Technology Prototype Solutions Pvt Ltd (Casting),5.0,0.0,5.0,380.0,1900.0
2025-11-21,UHCTPFGRTS12,3DE Technology Prototype Solutions Pvt Ltd (Casting),119.0,0.0,119.0,380.0,45220.0
2025-11-21,UHCTPFGRTS12-T1.62,3DE Technology Prototype Solutions Pvt Ltd (Casting),2.0,0.0,2.0,380.0,760.0
2025-11-21,UHDIOCOMT33V,"Swift Electrocomp Solutions Pvt Ltd.,",52000.0,0.0,52000.0,5.01,260520.0
2025-11-21,UHDIOSMCAV99,"Swift Electrocomp Solutions Pvt Ltd.,",51000.0,0.0,51000.0,2.99,152490.0
2025-11-21,UHDISLBSS07,HANAV MANUFACTURING AND BUSINESS PRIVATE LIMITED,24.0,0.0,24.0,376.0,9024.0
2025-11-21,UHDISLBSS08,HANAV MANUFACTURING AND BUSINESS PRIVATE LIMITED,26.0,0.0,26.0,376.0,9776.0
2025-11-21,UHDISLBSS09,HANAV MANUFACTURING AND BUSINESS PRIVATE LIMITED,14.0,0.0,14.0,376.0,5264.0
2025-11-21,UHPLASIZRS05,ZOEONE INDUSTRIES,2500.0,0.0,2500.0,3.5,8750.0
2025-11-21,UHPLASIZRS06,ZOEONE INDUSTRIES,2500.0,0.0,2500.0,3.5,8750.0
2025-11-21,UHPLASIZRS07,ZOEONE INDUSTRIES,2500.0,0.0,2500.0,3.5,8750.0
2025-11-21,UHPLASIZRS08,ZOEONE INDUSTRIES,2500.0,0.0,2500.0,3.5,8750.0
2025-11-21,UHPLASIZRS09,ZOEONE INDUSTRIES,2500.0,0.0,2500.0,3.5,8750.0
2025-11-21,UHPLASIZRS10,ZOEONE INDUSTRIES,2500.0,0.0,2500.0,3.5,8750.0
2025-11-21,UHPLASIZRS11,ZOEONE INDUSTRIES,2500.0,0.0,2500.0,3.5,8750.0
2025-11-21,UHPLASIZRS12,ZOEONE INDUSTRIES,2500.0,0.0,2500.0,3.5,8750.0
2025-11-21,UHPLASIZRS13,ZOEONE INDUSTRIES,2500.0,0.0,2500.0,3.5,8750.0
2025-11-21,UHPLASIZRS14,ZOEONE INDUSTRIES,2500.0,0.0,2500.0,3.5,8750.0
2025-11-21,UHRESPAN01KO,"Swift Electrocomp Solutions Pvt Ltd.,",60000.0,0.0,60000.0,0.31,18600.0
2025-11-21,UHRESPAN47KO,"Swift Electrocomp Solutions Pvt Ltd.,",60000.0,0.0,60000.0,0.55,33000.0
2025-11-21,UHRESVIS10OH,"Swift Electrocomp Solutions Pvt Ltd.,",60000.0,0.0,60000.0,0.3,18000.0
2025-11-21,UHRESYAG074O,"Swift Electrocomp Solutions Pvt Ltd.,",60000.0,0.0,60000.0,0.85,51000.0
2025-11-22,UHCH2COHOS07,3DE Technology Prototype Solutions Pvt Ltd (Regular Purchase),1000.0,0.0,1000.0,32.0,32000.0
2025-11-22,UHCTPFGAAO10,3DE Technology Prototype Solutions Pvt Ltd (Casting),178.0,0.0,178.0,380.0,67640.0
2025-11-22,UHCTPFGAAS07,3DE Technology Prototype Solutions Pvt Ltd (Casting),36.0,0.0,36.0,380.0,13680.0
2025-11-22,UHCTPFGAAS08,3DE Technology Prototype Solutions Pvt Ltd (Casting),239.0,0.0,239.0,380.0,90820.0
2025-11-22,UHCTPFGASS11,3DE Technology Prototype Solutions Pvt Ltd (Casting),36.0,0.0,36.0,190.0,6840.0
2025-11-22,UHCTPFGASS12,3DE Technology Prototype Solutions Pvt Ltd (Casting),12.0,0.0,12.0,190.0,2280.0
2025-11-22,UHCTPFGBRGO09,3DE Technology Prototype Solutions Pvt Ltd (Casting),59.0,0.0,59.0,380.0,22420.0
2025-11-22,UHCTPFGDBS06,3DE Technology Prototype Solutions Pvt Ltd (Casting),10.0,0.0,10.0,380.0,3800.0
2025-11-22,UHCTPFGDBS09,3DE Technology Prototype Solutions Pvt Ltd (Casting),41.0,0.0,41.0,380.0,15580.0
2025-11-22,UHCTPFGDBS10,3DE Technology Prototype Solutions Pvt Ltd (Casting),13.0,0.0,13.0,380.0,4940.0
2025-11-22,UHCTPFGDBS11,3DE Technology Prototype Solutions Pvt Ltd (Casting),11.0,0.0,11.0,380.0,4180.0
2025-11-22,UHCTPFGDBS12,3DE Technology Prototype Solutions Pvt Ltd (Casting),7.0,0.0,7.0,380.0,2660.0
2025-11-22,UHCTPFGDBS13,3DE Technology Prototype Solutions Pvt Ltd (Casting),1.0,0.0,1.0,380.0,380.0
2025-11-22,UHCTPFGDSS07,3DE Technology Prototype Solutions Pvt Ltd (Casting),1.0,0.0,1.0,380.0,380.0
2025-11-22,UHCTPFGGSS06,3DE Technology Prototype Solutions Pvt Ltd (Casting),1.0,0.0,1.0,380.0,380.0
2025-11-22,UHCTPFGGSS09,3DE Technology Prototype Solutions Pvt Ltd (Casting),14.0,0.0,14.0,380.0,5320.0
2025-11-22,UHCTPFGGSS10,3DE Technology Prototype Solutions Pvt Ltd (Casting),1.0,0.0,1.0,380.0,380.0
2025-11-22,UHDISLBSS05,HANAV MANUFACTURING AND BUSINESS PRIVATE LIMITED,9.0,0.0,9.0,376.0,3384.0
2025-11-22,UHDISLBSS06,HANAV MANUFACTURING AND BUSINESS PRIVATE LIMITED,10.0,0.0,10.0,376.0,3760.0
2025-11-22,UHDISLBSS07,HANAV MANUFACTURING AND BUSINESS PRIVATE LIMITED,10.0,0.0,10.0,376.0,3760.0
2025-11-22,UHDISLBSS08,HANAV MANUFACTURING AND BUSINESS PRIVATE LIMITED,32.0,0.0,32.0,376.0,12032.0
2025-11-22,UHDISLBSS09,HANAV MANUFACTURING AND BUSINESS PRIVATE LIMITED,35.0,0.0,35.0,376.0,13160.0
2025-11-22,UHDISLBSS10,HANAV MANUFACTURING AND BUSINESS PRIVATE LIMITED,20.0,0.0,20.0,376.0,7520.0
2025-11-22,UHDISLBSS11,HANAV MANUFACTURING AND BUSINESS PRIVATE LIMITED,10.0,0.0,10.0,376.0,3760.0
2025-11-22,UHRDFOAMDIE,Suprabha ColorGrafix Private Limited,1.0,0.0,1.0,1800.0,1800.0
2025-11-22,UHRDMINI4MM,Amazon India PVT LTD,1.0,0.0,1.0,5918.64,5918.64
2025-11-22,UHRDSYRINGS,Amazon India PVT LTD,2.0,0.0,2.0,699.0,1398.0
2025-11-22,UHRDTPS7230,AGILE TRADE SOLUTIONS,1000.0,0.0,1000.0,48.9,48900.0
2025-11-22,UHRDYUANHUA,Amazon India PVT LTD,1.0,0.0,1.0,1886.44,1886.44
2025-11-22,UH_RING_PRO_REV3_2,Zreyah Semiconductor Systems Pvt. Ltd.,40.0,0.0,40.0,680.0,27200.0
2025-11-24,UHC3LASERTOPS08,Aaru Plastics,100.0,0.0,100.0,28.0,2800.0
2025-11-24,UHCHA2BASS06,HANAV MANUFACTURING AND BUSINESS PRIVATE LIMITED,504.0,0.0,504.0,250.0,126000.0
2025-11-24,UHCHA2BASS09,HANAV MANUFACTURING AND BUSINESS PRIVATE LIMITED,1008.0,0.0,1008.0,250.0,252000.0
2025-11-24,UHCHARTOPS09,Aaru Plastics,400.0,0.0,400.0,34.0,13600.0
2025-11-24,UHCHARTOPS12,Aaru Plastics,300.0,0.0,300.0,34.0,10200.0
2025-11-24,UHCTPFGAAO10,3DE Technology Prototype Solutions Pvt Ltd (Casting),2.0,0.0,2.0,380.0,760.0
2025-11-24,UHCTPFGAAS08,3DE Technology Prototype Solutions Pvt Ltd (Casting),1.0,0.0,1.0,380.0,380.0
2025-11-24,UHCTPFGAAS09,3DE Technology Prototype Solutions Pvt Ltd (Casting),32.0,0.0,32.0,380.0,12160.0
2025-11-24,UHCTPFGAGO07,3DE Technology Prototype Solutions Pvt Ltd (Casting),1.0,0.0,1.0,380.0,380.0
2025-11-24,UHCTPFGAGO09,3DE Technology Prototype Solutions Pvt Ltd (Casting),239.0,0.0,239.0,380.0,90820.0
2025-11-24,UHCTPFGAGS06,3DE Technology Prototype Solutions Pvt Ltd (Casting),239.0,0.0,239.0,380.0,90820.0
2025-11-24,UHCTPFGBRGO09,3DE Technology Prototype Solutions Pvt Ltd (Casting),1.0,0.0,1.0,380.0,380.0
2025-11-24,UHCTPFGDBS05,3DE Technology Prototype Solutions Pvt Ltd (Casting),3.0,0.0,3.0,380.0,1140.0
2025-11-24,UHCTPFGDBS06,3DE Technology Prototype Solutions Pvt Ltd (Casting),10.0,0.0,10.0,380.0,3800.0
2025-11-24,UHCTPFGDBS07,3DE Technology Prototype Solutions Pvt Ltd (Casting),28.0,0.0,28.0,380.0,10640.0
2025-11-24,UHCTPFGDBS08,3DE Technology Prototype Solutions Pvt Ltd (Casting),43.0,0.0,43.0,380.0,16340.0
2025-11-24,UHCTPFGDBS09,3DE Technology Prototype Solutions Pvt Ltd (Casting),39.0,0.0,39.0,380.0,14820.0
2025-11-24,UHCTPFGDBS10,3DE Technology Prototype Solutions Pvt Ltd (Casting),25.0,0.0,25.0,380.0,9500.0
2025-11-24,UHCTPFGDBS11,3DE Technology Prototype Solutions Pvt Ltd (Casting),10.0,0.0,10.0,380.0,3800.0
2025-11-24,UHCTPFGDBS12,3DE Technology Prototype Solutions Pvt Ltd (Casting),8.0,0.0,8.0,380.0,3040.0
2025-11-24,UHCTPFGDBS13,3DE Technology Prototype Solutions Pvt Ltd (Casting),1.0,0.0,1.0,380.0,380.0
2025-11-24,UHCTPFGDSS07,3DE Technology Prototype Solutions Pvt Ltd (Casting),21.0,0.0,21.0,380.0,7980.0
2025-11-24,UHCTPFGGSS05,3DE Technology Prototype Solutions Pvt Ltd (Casting),2.0,0.0,2.0,380.0,760.0
2025-11-24,UHCTPFGGSS06,3DE Technology Prototype Solutions Pvt Ltd (Casting),19.0,0.0,19.0,380.0,7220.0
2025-11-24,UHCTPFGGSS08,3DE Technology Prototype Solutions Pvt Ltd (Casting),27.0,0.0,27.0,380.0,10260.0
2025-11-24,UHCTPFGGSS09,3DE Technology Prototype Solutions Pvt Ltd (Casting),5.0,0.0,5.0,380.0,1900.0
2025-11-24,UHCTPFGGSS10,3DE Technology Prototype Solutions Pvt Ltd (Casting),6.0,0.0,6.0,380.0,2280.0
2025-11-24,UHCTPFGGSS11,3DE Technology Prototype Solutions Pvt Ltd (Casting),4.0,0.0,4.0,380.0,1520.0
2025-11-24,UHCTPFGMGO07,3DE Technology Prototype Solutions Pvt Ltd (Casting),1.0,0.0,1.0,380.0,380.0
2025-11-24,UHCTPFGMGO10,3DE Technology Prototype Solutions Pvt Ltd (Casting),10.0,0.0,10.0,380.0,3800.0
2025-11-24,UHDISLBSS05,HANAV MANUFACTURING AND BUSINESS PRIVATE LIMITED,1.0,0.0,1.0,376.0,376.0
2025-11-24,UHDISLBSS06,HANAV MANUFACTURING AND BUSINESS PRIVATE LIMITED,30.0,0.0,30.0,376.0,11280.0
2025-11-24,UHDISLBSS07,HANAV MANUFACTURING AND BUSINESS PRIVATE LIMITED,60.0,0.0,60.0,376.0,22560.0
2025-11-24,UHDISLBSS08,HANAV MANUFACTURING AND BUSINESS PRIVATE LIMITED,39.0,0.0,39.0,376.0,14664.0
2025-11-24,UHDISLBSS09,HANAV MANUFACTURING AND BUSINESS PRIVATE LIMITED,73.0,0.0,73.0,376.0,27448.0
2025-11-24,UHDISLBSS10,HANAV MANUFACTURING AND BUSINESS PRIVATE LIMITED,25.0,0.0,25.0,376.0,9400.0
2025-11-24,UHDISLBSS11,HANAV MANUFACTURING AND BUSINESS PRIVATE LIMITED,12.0,0.0,12.0,376.0,4512.0
2025-11-24,UHRD22UFX51,AGILE TRADE SOLUTIONS,24000.0,0.0,24000.0,9.0,216000.0
2025-11-24,UHRDALSHELL,NOA Labs (Shenzhen) Ltd.,1.0,0.0,1.0,175.68,175.68
2025-11-24,UHRDCL1SZ10,Fast turn PCB,500.0,0.0,500.0,30.74,15372.0
2025-11-24,UHRDCL1SZ11,Fast turn PCB,500.0,0.0,500.0,30.74,15372.0
2025-11-24,UHRDCL1SZ12,Fast turn PCB,500.0,0.0,500.0,30.74,15372.0
2025-11-24,UHRDCL1SZ13,Fast turn PCB,500.0,0.0,500.0,30.74,15372.0
2025-11-24,UHRDCL1SZ14,Fast turn PCB,500.0,0.0,500.0,30.74,15372.0
2025-11-24,UHRDPRCR162,Fast turn PCB,3000.0,0.0,3000.0,140.54,421632.0
2025-11-24,UHRDRCL1SZ5,Fast turn PCB,500.0,0.0,500.0,30.74,15372.0
2025-11-24,UHRDRCL1SZ6,Fast turn PCB,500.0,0.0,500.0,30.74,15372.0
2025-11-24,UHRDRCL1SZ7,Fast turn PCB,500.0,0.0,500.0,30.74,15372.0
2025-11-24,UHRDRCL1SZ8,Fast turn PCB,500.0,0.0,500.0,30.74,15372.0
2025-11-24,UHRDRCL1SZ9,Fast turn PCB,500.0,0.0,500.0,30.74,15372.0
2025-11-24,UHRDSMD0201,AGILE TRADE SOLUTIONS,75000.0,0.0,75000.0,5.7,427500.0
2025-11-24,UHRDTIALLOY,NOA Labs (Shenzhen) Ltd.,10.0,0.0,10.0,439.2,4392.0
2025-11-24,UHSWATCHAA,Mudra innovation,10000.0,0.0,10000.0,12.2,122000.0
2025-11-24,UHSWATCHAG,Mudra innovation,10000.0,0.0,10000.0,12.2,122000.0
2025-11-24,UHSWATCHAS,Mudra innovation,10000.0,0.0,10000.0,12.2,122000.0
2025-11-24,UHSWATCHBRG,Mudra innovation,10000.0,0.0,10000.0,18.0,180000.0
2025-11-24,UHSWATCHMG,Mudra innovation,10000.0,0.0,10000.0,12.2,122000.0
2025-11-24,UHSWATCHRT,Mudra innovation,10000.0,0.0,10000.0,12.2,122000.0
2025-11-24,UHTOKEN20X5,HANAV MANUFACTURING AND BUSINESS PRIVATE LIMITED,23.0,0.0,23.0,400.0,9200.0
2025-11-25,UHBLTP204M7M,Suprabha ColorGrafix Private Limited,204000.0,0.0,204000.0,2.1,428400.0
2025-11-25,UHCH2COHOS06,3DE Technology Prototype Solutions Pvt Ltd (Regular Purchase),1000.0,0.0,1000.0,32.0,32000.0
2025-11-25,UHCH2COHOS12,3DE Technology Prototype Solutions Pvt Ltd (Regular Purchase),500.0,0.0,500.0,32.0,16000.0
2025-11-25,UHCONSSURBLDE,Amazon India PVT LTD,10.0,0.0,10.0,245.76,2457.6
2025-11-25,UHCTPFGAGO06-T1.62,3DE Technology Prototype Solutions Pvt Ltd (Casting),2.0,0.0,2.0,380.0,760.0
2025-11-25,UHCTPFGAGO07,3DE Technology Prototype Solutions Pvt Ltd (Casting),357.0,0.0,357.0,380.0,135660.0
2025-11-25,UHCTPFGAGO08-T1.62,3DE Technology Prototype Solutions Pvt Ltd (Casting),7.0,0.0,7.0,380.0,2660.0
2025-11-25,UHCTPFGAGO09,3DE Technology Prototype Solutions Pvt Ltd (Casting),1.0,0.0,1.0,380.0,380.0
2025-11-25,UHCTPFGAGO09-T1.62,3DE Technology Prototype Solutions Pvt Ltd (Casting),1.0,0.0,1.0,380.0,380.0
2025-11-25,UHCTPFGAGS06,3DE Technology Prototype Solutions Pvt Ltd (Casting),1.0,0.0,1.0,380.0,380.0
2025-11-25,UHCTPFGAGS08,3DE Technology Prototype Solutions Pvt Ltd (Casting),477.0,0.0,477.0,190.0,90630.0
2025-11-25,UHCTPFGASO07-T1.62,3DE Technology Prototype Solutions Pvt Ltd (Casting),1.0,0.0,1.0,380.0,380.0
2025-11-25,UHCTPFGASO09-T1.62,3DE Technology Prototype Solutions Pvt Ltd (Casting),1.0,0.0,1.0,380.0,380.0
2025-11-25,UHCTPFGASO13,3DE Technology Prototype Solutions Pvt Ltd (Casting),8.0,0.0,8.0,380.0,3040.0
2025-11-25,UHCTPFGASS07,3DE Technology Prototype Solutions Pvt Ltd (Casting),12.0,0.0,12.0,380.0,4560.0
2025-11-25,UHCTPFGASS07-T1.62,3DE Technology Prototype Solutions Pvt Ltd (Casting),1.0,0.0,1.0,380.0,380.0
2025-11-25,UHCTPFGASS11-T1.62,3DE Technology Prototype Solutions Pvt Ltd (Casting),1.0,0.0,1.0,380.0,380.0
2025-11-25,UHCTPFGDBS06,3DE Technology Prototype Solutions Pvt Ltd (Casting),7.0,0.0,7.0,380.0,2660.0
2025-11-25,UHCTPFGDBS08,3DE Technology Prototype Solutions Pvt Ltd (Casting),5.0,0.0,5.0,380.0,1900.0
2025-11-25,UHCTPFGDBS09,3DE Technology Prototype Solutions Pvt Ltd (Casting),30.0,0.0,30.0,380.0,11400.0
2025-11-25,UHCTPFGDBS10,3DE Technology Prototype Solutions Pvt Ltd (Casting),9.0,0.0,9.0,380.0,3420.0
2025-11-25,UHCTPFGDBS11,3DE Technology Prototype Solutions Pvt Ltd (Casting),4.0,0.0,4.0,380.0,1520.0
2025-11-25,UHCTPFGDBS12,3DE Technology Prototype Solutions Pvt Ltd (Casting),1.0,0.0,1.0,380.0,380.0
2025-11-25,UHCTPFGDBS13,3DE Technology Prototype Solutions Pvt Ltd (Casting),1.0,0.0,1.0,380.0,380.0
2025-11-25,UHCTPFGDSS07,3DE Technology Prototype Solutions Pvt Ltd (Casting),1.0,0.0,1.0,380.0,380.0
2025-11-25,UHCTPFGGSS06,3DE Technology Prototype Solutions Pvt Ltd (Casting),4.0,0.0,4.0,380.0,1520.0
2025-11-25,UHCTPFGGSS08,3DE Technology Prototype Solutions Pvt Ltd (Casting),3.0,0.0,3.0,380.0,1140.0
2025-11-25,UHCTPFGGSS09,3DE Technology Prototype Solutions Pvt Ltd (Casting),16.0,0.0,16.0,380.0,6080.0
2025-11-25,UHCTPFGGSS10,3DE Technology Prototype Solutions Pvt Ltd (Casting),2.0,0.0,2.0,380.0,760.0
2025-11-25,UHCTPFGMGO07,3DE Technology Prototype Solutions Pvt Ltd (Casting),2.0,0.0,2.0,380.0,760.0
2025-11-25,UHCTPFGMGS05,3DE Technology Prototype Solutions Pvt Ltd (Casting),11.0,0.0,11.0,380.0,4180.0
2025-11-25,UHCTPFGRTS07,3DE Technology Prototype Solutions Pvt Ltd (Casting),12.0,0.0,12.0,190.0,2280.0
2025-11-25,UHDISLBSS06,HANAV MANUFACTURING AND BUSINESS PRIVATE LIMITED,2.0,0.0,2.0,376.0,752.0
2025-11-25,UHDISLBSS08,HANAV MANUFACTURING AND BUSINESS PRIVATE LIMITED,4.0,0.0,4.0,376.0,1504.0
2025-11-25,UHRAREPLATINS09,JEWELEX INDIA PRIVATE LIMITED,1.0,0.0,1.0,30000.0,30000.0
2025-11-25,UHRAREPLATINS10,JEWELEX INDIA PRIVATE LIMITED,1.0,0.0,1.0,30000.0,30000.0
2025-11-25,UHRAREPLATINS12,JEWELEX INDIA PRIVATE LIMITED,1.0,0.0,1.0,32086.3,32086.3
2025-11-25,UHRARERSG0LDS08,JEWELEX INDIA PRIVATE LIMITED,3.0,0.0,3.0,30000.0,90000.0
2025-11-25,UHRARERSG0LDS09,JEWELEX INDIA PRIVATE LIMITED,2.0,0.0,2.0,33730.15,67460.3
2025-11-25,UHRAREYLG0LDS07,JEWELEX INDIA PRIVATE LIMITED,1.0,0.0,1.0,30000.0,30000.0
2025-11-25,UHRD06UHQ2B,Element 14,3000.0,0.0,3000.0,3.66,10980.0
2025-11-25,UHRD06UHQ2N,Element 14,2000.0,0.0,2000.0,4.44,8880.0
2025-11-25,UHRD06UHQ4N,Element 14,2000.0,0.0,2000.0,4.44,8880.0
2025-11-25,UHRDREFILBL,MACFOS PRIVATE LIMITED,4.0,0.0,4.0,1948.31,7793.22
2025-11-25,UHRDRFID144,Amazon India PVT LTD,1.0,0.0,1.0,508.47,508.47
2025-11-25,UHRDSILI3X7,Bharath Hardware & Industrial Suppliers,100.0,0.0,100.0,21.18,2118.5
2025-11-25,UHRDUNIBALL,Amazon India PVT LTD,10.0,0.0,10.0,103.4,1034.0
2025-11-25,UHSTSPRNOTE,Amazon India PVT LTD,90.0,0.0,90.0,73.66,6629.4
2025-11-26,UHC2068NF50V,"Swift Electrocomp Solutions Pvt Ltd.,",52000.0,0.0,52000.0,0.91,47320.0
2025-11-26,UHC2PCBAREV21,Zreyah Semiconductor Systems Pvt. Ltd.,4237.0,0.0,4237.0,40.0,169480.0
2025-11-26,UHCH2COHOS06,3DE Technology Prototype Solutions Pvt Ltd (Regular Purchase),500.0,0.0,500.0,32.0,16000.0
2025-11-26,UHCH2COHOS07,3DE Technology Prototype Solutions Pvt Ltd (Regular Purchase),600.0,0.0,600.0,32.0,19200.0
2025-11-26,UHCH2COHOS12,3DE Technology Prototype Solutions Pvt Ltd (Regular Purchase),500.0,0.0,500.0,32.0,16000.0
2025-11-26,UHCHARTOPS07,Aaru Plastics,600.0,0.0,600.0,34.0,20400.0
2025-11-26,UHCHARTOPS08,Aaru Plastics,600.0,0.0,600.0,34.0,20400.0
2025-11-26,UHCHARTOPS09,Aaru Plastics,500.0,0.0,500.0,34.0,17000.0
2025-11-26,UHCONSLAQUERPAT,Vijaya sales corp.,48.0,0.0,48.0,145.0,6960.0
2025-11-26,UHCTPFGAAS06,3DE Technology Prototype Solutions Pvt Ltd (Casting),60.0,0.0,60.0,190.0,11400.0
2025-11-26,UHCTPFGAAS12,3DE Technology Prototype Solutions Pvt Ltd (Casting),60.0,0.0,60.0,190.0,11400.0
2025-11-26,UHCTPFGAGO07,3DE Technology Prototype Solutions Pvt Ltd (Casting),2.0,0.0,2.0,380.0,760.0
2025-11-26,UHCTPFGAGS08,3DE Technology Prototype Solutions Pvt Ltd (Casting),3.0,0.0,3.0,190.0,570.0
2025-11-26,UHCTPFGAGS10,3DE Technology Prototype Solutions Pvt Ltd (Casting),12.0,0.0,12.0,380.0,4560.0
2025-11-26,UHCTPFGAGS14,3DE Technology Prototype Solutions Pvt Ltd (Casting),12.0,0.0,12.0,380.0,4560.0
2025-11-26,UHCTPFGASO13,3DE Technology Prototype Solutions Pvt Ltd (Casting),28.0,0.0,28.0,380.0,10640.0
2025-11-26,UHCTPFGASS12,3DE Technology Prototype Solutions Pvt Ltd (Casting),36.0,0.0,36.0,190.0,6840.0
2025-11-26,UHCTPFGASS14,3DE Technology Prototype Solutions Pvt Ltd (Casting),24.0,0.0,24.0,380.0,9120.0
2025-11-26,UHCTPFGBRGO12,3DE Technology Prototype Solutions Pvt Ltd (Casting),36.0,0.0,36.0,380.0,13680.0
2025-11-26,UHCTPFGGSS09,3DE Technology Prototype Solutions Pvt Ltd (Casting),1.0,0.0,1.0,380.0,380.0
2025-11-26,UHCTPFGMGO07,3DE Technology Prototype Solutions Pvt Ltd (Casting),7.0,0.0,7.0,380.0,2660.0
2025-11-26,UHCTPFGMGS05,3DE Technology Prototype Solutions Pvt Ltd (Casting),1.0,0.0,1.0,380.0,380.0
2025-11-26,UHCTPFGMGS06,3DE Technology Prototype Solutions Pvt Ltd (Casting),12.0,0.0,12.0,380.0,4560.0
2025-11-26,UHCTPFGMGS13,3DE Technology Prototype Solutions Pvt Ltd (Casting),12.0,0.0,12.0,190.0,2280.0
2025-11-26,UHCTPFGMGS14,3DE Technology Prototype Solutions Pvt Ltd (Casting),34.0,0.0,34.0,190.0,6460.0
2025-11-26,UHCTPFGRTS05,3DE Technology Prototype Solutions Pvt Ltd (Casting),12.0,0.0,12.0,380.0,4560.0
2025-11-26,UHCTPFGRTS06,3DE Technology Prototype Solutions Pvt Ltd (Casting),12.0,0.0,12.0,190.0,2280.0
2025-11-26,UHCTPFGRTS12,3DE Technology Prototype Solutions Pvt Ltd (Casting),24.0,0.0,24.0,380.0,9120.0
2025-11-26,UHCTPFGRTS13,3DE Technology Prototype Solutions Pvt Ltd (Casting),24.0,0.0,24.0,380.0,9120.0
2025-11-26,UHRARERSG0LDS09,JEWELEX INDIA PRIVATE LIMITED,1.0,0.0,1.0,33730.15,33730.15
2025-11-26,UHRD324LOCT,Sellex Incorp,1.0,0.0,1.0,883.0,883.0
2025-11-26,UHRDFASTNER,7 Swords International Ltd,20.0,0.0,20.0,263.52,5270.4
2025-11-26,UHRDGENUINE,Amazon India PVT LTD,10.0,0.0,10.0,500.29,5002.9
2025-11-26,UHRDGJM0B01,"Swift Electrocomp Solutions Pvt Ltd.,",5000.0,0.0,5000.0,2.17,10850.0
2025-11-26,UHRDPENCILS,Amazon India PVT LTD,60.0,0.0,60.0,5.53,331.98
2025-11-26,UHRDPENCLWH,Amazon India PVT LTD,10.0,0.0,10.0,67.5,675.0
2025-11-26,UHRDPLSTSAM,"YongChangXing International (HK), LTD",52.0,0.0,52.0,87.84,4567.68
2025-11-26,UHRDRINGBLA,IILA INDUSTRIES (Regular Purchase),5.0,0.0,5.0,200.0,1000.0
2025-11-26,UHRDRINGS06,IILA INDUSTRIES (Regular Purchase),7.0,0.0,7.0,200.0,1400.0
2025-11-26,UHRDXLTONER,Amazon India PVT LTD,3.0,0.0,3.0,1435.6,4306.8
2025-11-26,UHRING1.62PCBA,Zreyah Semiconductor Systems Pvt. Ltd.,627.0,0.0,627.0,140.0,87780.0
2025-11-26,UHRTCFGS06,IILA INDUSTRIES (RT Conversion),19.0,0.0,19.0,110.0,2090.0
2025-11-26,UHRTCFGS07,IILA INDUSTRIES (RT Conversion),40.0,0.0,40.0,110.0,4400.0
2025-11-26,UHRTCFGS08,IILA INDUSTRIES (RT Conversion),79.0,0.0,79.0,109.75,8670.0
2025-11-26,UHRTCFGS09,IILA INDUSTRIES (RT Conversion),38.0,0.0,38.0,110.0,4180.0
2025-11-26,UHRTCFGS10,IILA INDUSTRIES (RT Conversion),48.0,0.0,48.0,110.0,5280.0
2025-11-26,UHRTCFGS11,IILA INDUSTRIES (RT Conversion),16.0,0.0,16.0,110.0,1760.0
2025-11-26,UHRTCFGS12,IILA INDUSTRIES (RT Conversion),5.0,0.0,5.0,110.0,550.0
2025-11-26,UHRTCFGS13,IILA INDUSTRIES (RT Conversion),3.0,0.0,3.0,110.0,330.0
2025-11-26,UHRTCFGS14,IILA INDUSTRIES (RT Conversion),2.0,0.0,2.0,110.0,220.0
2025-11-26,UHSTPRITONER,Amazon India PVT LTD,2.0,0.0,2.0,931.36,1862.72
2025-11-27,UHCTPFGAAS11,3DE Technology Prototype Solutions Pvt Ltd (Casting),79.0,0.0,79.0,190.0,15010.0
2025-11-27,UHCTPFGAGO06,3DE Technology Prototype Solutions Pvt Ltd (Casting),79.0,0.0,79.0,380.0,30020.0
2025-11-27,UHCTPFGAGO08,3DE Technology Prototype Solutions Pvt Ltd (Casting),37.0,0.0,37.0,380.0,14060.0
2025-11-27,UHCTPFGAGS05,3DE Technology Prototype Solutions Pvt Ltd (Casting),71.0,0.0,71.0,380.0,26980.0
2025-11-27,UHCTPFGAGS06,3DE Technology Prototype Solutions Pvt Ltd (Casting),54.0,0.0,54.0,380.0,20520.0
2025-11-27,UHCTPFGAGS07,3DE Technology Prototype Solutions Pvt Ltd (Casting),69.0,0.0,69.0,380.0,26220.0
2025-11-27,UHCTPFGASO06,3DE Technology Prototype Solutions Pvt Ltd (Casting),111.0,0.0,111.0,380.0,42180.0
2025-11-27,UHCTPFGBRGO11,3DE Technology Prototype Solutions Pvt Ltd (Casting),212.0,0.0,212.0,380.0,80560.0
2025-11-27,UHCTPFGBRGO13,3DE Technology Prototype Solutions Pvt Ltd (Casting),51.0,0.0,51.0,380.0,19380.0
2025-11-27,UHCTPFGBRGO14,3DE Technology Prototype Solutions Pvt Ltd (Casting),25.0,0.0,25.0,380.0,9500.0
2025-11-27,UHCTPFGRTS10,3DE Technology Prototype Solutions Pvt Ltd (Casting),2.0,0.0,2.0,190.0,380.0
2025-11-27,UHDISLBSS06,HANAV MANUFACTURING AND BUSINESS PRIVATE LIMITED,4.0,0.0,4.0,376.0,1504.0
2025-11-27,UHDISLBSS07,HANAV MANUFACTURING AND BUSINESS PRIVATE LIMITED,7.0,0.0,7.0,376.0,2632.0
2025-11-27,UHDISLBSS08,HANAV MANUFACTURING AND BUSINESS PRIVATE LIMITED,1.0,0.0,1.0,376.0,376.0
2025-11-27,UHLROODALVR,OODA INDUSTRIAL PRODUCTS,15000.0,0.0,15000.0,8.35,125250.0
2025-11-27,UHRD10PINFR,Aarthi Electronics,147.0,0.0,147.0,140.0,20580.0
2025-11-27,UHRDGVDPVC1,Aarthi Electronics,1.0,0.0,1.0,3650.0,3650.0
2025-11-27,UHRDPAINTRM,Aarthi Electronics,2.0,0.0,2.0,320.0,640.0
2025-11-27,UHRING1.62PCBA,Zreyah Semiconductor Systems Pvt. Ltd.,1392.0,0.0,1392.0,140.0,194880.0
2025-11-27,UHRSOODALVR,OODA INDUSTRIAL PRODUCTS,30000.0,0.0,30000.0,9.82,294600.0
2025-11-27,UHSTOHPMARKR,Reliable office supplies,200.0,0.0,200.0,7.0,1400.0
2025-11-27,UHSWATCHAA,Mudra innovation,10000.0,0.0,10000.0,12.2,122000.0
2025-11-27,UHSWATCHAG,Mudra innovation,10000.0,0.0,10000.0,12.2,122000.0
2025-11-27,UHSWATCHAS,Mudra innovation,10000.0,0.0,10000.0,12.2,122000.0
2025-11-27,UHSWATCHBRG,Mudra innovation,10000.0,0.0,10000.0,18.0,180000.0
2025-11-27,UHSWATCHMG,Mudra innovation,10000.0,0.0,10000.0,12.2,122000.0
2025-11-27,UHSWATCHRT,Mudra innovation,10000.0,0.0,10000.0,12.2,122000.0
2025-11-27,UHTOKEN20X5,HANAV MANUFACTURING AND BUSINESS PRIVATE LIMITED,26.0,0.0,26.0,400.0,10400.0
2025-11-28,UHCH2COHOS12,3DE Technology Prototype Solutions Pvt Ltd (Regular Purchase),500.0,0.0,500.0,32.0,16000.0
2025-11-28,UHCHARTOPS05,Aaru Plastics,400.0,0.0,400.0,34.0,13600.0
2025-11-28,UHCHARTOPS07,Aaru Plastics,900.0,0.0,900.0,34.0,30600.0
2025-11-28,UHCHARTOPS08,Aaru Plastics,800.0,0.0,800.0,34.0,27200.0
2025-11-28,UHCHARTOPS09,Aaru Plastics,600.0,0.0,600.0,34.0,20400.0
2025-11-28,UHCHARTOPS11,Aaru Plastics,400.0,0.0,400.0,34.0,13600.0
2025-11-28,UHCTPFGAAS11,3DE Technology Prototype Solutions Pvt Ltd (Casting),40.0,0.0,40.0,190.0,7600.0
2025-11-28,UHCTPFGAAS13,3DE Technology Prototype Solutions Pvt Ltd (Casting),18.0,0.0,18.0,190.0,3420.0
2025-11-28,UHCTPFGAGO06,3DE Technology Prototype Solutions Pvt Ltd (Casting),90.0,0.0,90.0,380.0,34200.0
2025-11-28,UHCTPFGAGO08,3DE Technology Prototype Solutions Pvt Ltd (Casting),21.0,0.0,21.0,380.0,7980.0
2025-11-28,UHCTPFGAGO09,3DE Technology Prototype Solutions Pvt Ltd (Casting),115.0,0.0,115.0,380.0,43700.0
2025-11-28,UHCTPFGAGS05,3DE Technology Prototype Solutions Pvt Ltd (Casting),43.0,0.0,43.0,380.0,16340.0
2025-11-28,UHCTPFGAGS06,3DE Technology Prototype Solutions Pvt Ltd (Casting),52.0,0.0,52.0,380.0,19760.0
2025-11-28,UHCTPFGAGS07,3DE Technology Prototype Solutions Pvt Ltd (Casting),49.0,0.0,49.0,380.0,18620.0
2025-11-28,UHCTPFGASO06,3DE Technology Prototype Solutions Pvt Ltd (Casting),8.0,0.0,8.0,380.0,3040.0
2025-11-28,UHCTPFGASO13,3DE Technology Prototype Solutions Pvt Ltd (Casting),23.0,0.0,23.0,380.0,8740.0
2025-11-28,UHCTPFGASS05,3DE Technology Prototype Solutions Pvt Ltd (Casting),23.0,0.0,23.0,380.0,8740.0
2025-11-28,UHCTPFGASS07,3DE Technology Prototype Solutions Pvt Ltd (Casting),24.0,0.0,24.0,380.0,9120.0
2025-11-28,UHCTPFGASS14,3DE Technology Prototype Solutions Pvt Ltd (Casting),9.0,0.0,9.0,380.0,3420.0
2025-11-28,UHCTPFGBRGO10,3DE Technology Prototype Solutions Pvt Ltd (Casting),108.0,0.0,108.0,380.0,41040.0
2025-11-28,UHCTPFGBRGO11,3DE Technology Prototype Solutions Pvt Ltd (Casting),28.0,0.0,28.0,380.0,10640.0
2025-11-28,UHCTPFGBRGO13,3DE Technology Prototype Solutions Pvt Ltd (Casting),18.0,0.0,18.0,380.0,6840.0
2025-11-28,UHCTPFGBRGO14,3DE Technology Prototype Solutions Pvt Ltd (Casting),23.0,0.0,23.0,380.0,8740.0
2025-11-28,UHCTPFGDBS06,3DE Technology Prototype Solutions Pvt Ltd (Casting),1.0,0.0,1.0,380.0,380.0
2025-11-28,UHCTPFGDBS08,3DE Technology Prototype Solutions Pvt Ltd (Casting),1.0,0.0,1.0,380.0,380.0
2025-11-28,UHCTPFGDBS09,3DE Technology Prototype Solutions Pvt Ltd (Casting),1.0,0.0,1.0,380.0,380.0
2025-11-28,UHCTPFGDBS10,3DE Technology Prototype Solutions Pvt Ltd (Casting),1.0,0.0,1.0,380.0,380.0
2025-11-28,UHCTPFGDBS11,3DE Technology Prototype Solutions Pvt Ltd (Casting),3.0,0.0,3.0,380.0,1140.0
2025-11-28,UHCTPFGDSS07,3DE Technology Prototype Solutions Pvt Ltd (Casting),1.0,0.0,1.0,380.0,380.0
2025-11-28,UHCTPFGMGS13,3DE Technology Prototype Solutions Pvt Ltd (Casting),9.0,0.0,9.0,190.0,1710.0
2025-11-28,UHCTPFGMGS14,3DE Technology Prototype Solutions Pvt Ltd (Casting),2.0,0.0,2.0,190.0,380.0
2025-11-28,UHCTPFGRTS10,3DE Technology Prototype Solutions Pvt Ltd (Casting),82.0,0.0,82.0,190.0,15580.0
2025-11-28,UHCTPFGRTS11,3DE Technology Prototype Solutions Pvt Ltd (Casting),56.0,0.0,56.0,190.0,10640.0
2025-11-28,UHCTPFGRTS12,3DE Technology Prototype Solutions Pvt Ltd (Casting),21.0,0.0,21.0,380.0,7980.0
2025-11-28,UHCTPFGRTS13,3DE Technology Prototype Solutions Pvt Ltd (Casting),42.0,0.0,42.0,380.0,15960.0
2025-11-28,UHDIODIO100V,SEMISEARCH TECHNOLOGIES PRIVATE LIMITED,51000.0,0.0,51000.0,1.49,75990.0
2025-11-28,UHDIODIOI75V,SEMISEARCH TECHNOLOGIES PRIVATE LIMITED,3000.0,0.0,3000.0,2.3,6900.0
2025-11-28,UHDIODIOI75V,"Swift Electrocomp Solutions Pvt Ltd.,",12000.0,0.0,12000.0,2.3,27600.0
2025-11-28,UHRDPRITBRD,NOA Labs (Shenzhen) Ltd.,32.0,0.0,32.0,87.84,2810.88
2025-11-28,UHRDRINGS07,IILA INDUSTRIES (Regular Purchase),10.0,0.0,10.0,200.0,2000.0
2025-11-28,UHRDSILICO1,NOA Labs (Shenzhen) Ltd.,10.0,0.0,10.0,43.92,439.2
2025-11-28,UHRDT7000BLK,Aarthi Electronics,70.0,0.0,70.0,85.0,5950.0
2025-11-28,UHRING1.62PCBA,Zreyah Semiconductor Systems Pvt. Ltd.,1255.0,0.0,1255.0,140.0,175700.0
2025-11-28,UHTIJWRTLS11,METALRIPPER MANUFACTURING,958.0,0.0,958.0,285.0,273030.0
2025-11-28,UHTIJWRTLS12,METALRIPPER MANUFACTURING,554.0,0.0,554.0,285.0,157890.0
2025-11-29,UHC2C47PF25V,SEMISEARCH TECHNOLOGIES PRIVATE LIMITED,50000.0,0.0,50000.0,0.95,47500.0
2025-11-29,UHCTPFGAAO09,3DE Technology Prototype Solutions Pvt Ltd (Casting),11.0,0.0,11.0,380.0,4180.0
2025-11-29,UHCTPFGAAS09,3DE Technology Prototype Solutions Pvt Ltd (Casting),3.0,0.0,3.0,380.0,1140.0
2025-11-29,UHCTPFGAAS11,3DE Technology Prototype Solutions Pvt Ltd (Casting),1.0,0.0,1.0,190.0,190.0
2025-11-29,UHCTPFGAAS13,3DE Technology Prototype Solutions Pvt Ltd (Casting),6.0,0.0,6.0,190.0,1140.0
2025-11-29,UHCTPFGAGO06,3DE Technology Prototype Solutions Pvt Ltd (Casting),11.0,0.0,11.0,380.0,4180.0
2025-11-29,UHCTPFGAGO08,3DE Technology Prototype Solutions Pvt Ltd (Casting),121.0,0.0,121.0,380.0,45980.0
2025-11-29,UHCTPFGAGO09,3DE Technology Prototype Solutions Pvt Ltd (Casting),5.0,0.0,5.0,380.0,1900.0
2025-11-29,UHCTPFGAGS05,3DE Technology Prototype Solutions Pvt Ltd (Casting),6.0,0.0,6.0,380.0,2280.0
2025-11-29,UHCTPFGAGS06,3DE Technology Prototype Solutions Pvt Ltd (Casting),14.0,0.0,14.0,380.0,5320.0
2025-11-29,UHCTPFGAGS07,3DE Technology Prototype Solutions Pvt Ltd (Casting),2.0,0.0,2.0,380.0,760.0
2025-11-29,UHCTPFGASO06,3DE Technology Prototype Solutions Pvt Ltd (Casting),121.0,0.0,121.0,380.0,45980.0
2025-11-29,UHCTPFGASO07,3DE Technology Prototype Solutions Pvt Ltd (Casting),120.0,0.0,120.0,380.0,45600.0
2025-11-29,UHCTPFGASO13,3DE Technology Prototype Solutions Pvt Ltd (Casting),1.0,0.0,1.0,380.0,380.0
2025-11-29,UHCTPFGASS05,3DE Technology Prototype Solutions Pvt Ltd (Casting),1.0,0.0,1.0,380.0,380.0
2025-11-29,UHCTPFGASS14,3DE Technology Prototype Solutions Pvt Ltd (Casting),3.0,0.0,3.0,380.0,1140.0
2025-11-29,UHCTPFGBRGO10,3DE Technology Prototype Solutions Pvt Ltd (Casting),12.0,0.0,12.0,380.0,4560.0
2025-11-29,UHCTPFGBRGO13,3DE Technology Prototype Solutions Pvt Ltd (Casting),3.0,0.0,3.0,380.0,1140.0
2025-11-29,UHCTPFGDBS05,3DE Technology Prototype Solutions Pvt Ltd (Casting),3.0,0.0,3.0,380.0,1140.0
2025-11-29,UHCTPFGDBS06,3DE Technology Prototype Solutions Pvt Ltd (Casting),8.0,0.0,8.0,380.0,3040.0
2025-11-29,UHCTPFGDBS07,3DE Technology Prototype Solutions Pvt Ltd (Casting),8.0,0.0,8.0,380.0,3040.0
2025-11-29,UHCTPFGDBS08,3DE Technology Prototype Solutions Pvt Ltd (Casting),10.0,0.0,10.0,380.0,3800.0
2025-11-29,UHCTPFGDBS09,3DE Technology Prototype Solutions Pvt Ltd (Casting),14.0,0.0,14.0,380.0,5320.0
2025-11-29,UHCTPFGDBS10,3DE Technology Prototype Solutions Pvt Ltd (Casting),10.0,0.0,10.0,380.0,3800.0
2025-11-29,UHCTPFGDBS11,3DE Technology Prototype Solutions Pvt Ltd (Casting),4.0,0.0,4.0,380.0,1520.0
2025-11-29,UHCTPFGDBS12,3DE Technology Prototype Solutions Pvt Ltd (Casting),2.0,0.0,2.0,380.0,760.0
2025-11-29,UHCTPFGDBS13,3DE Technology Prototype Solutions Pvt Ltd (Casting),1.0,0.0,1.0,380.0,380.0
2025-11-29,UHCTPFGDBS14,3DE Technology Prototype Solutions Pvt Ltd (Casting),1.0,0.0,1.0,380.0,380.0
2025-11-29,UHCTPFGDSS07,3DE Technology Prototype Solutions Pvt Ltd (Casting),2.0,0.0,2.0,380.0,760.0
2025-11-29,UHCTPFGGSS05,3DE Technology Prototype Solutions Pvt Ltd (Casting),1.0,0.0,1.0,380.0,380.0
2025-11-29,UHCTPFGGSS06,3DE Technology Prototype Solutions Pvt Ltd (Casting),3.0,0.0,3.0,380.0,1140.0
2025-11-29,UHCTPFGGSS08,3DE Technology Prototype Solutions Pvt Ltd (Casting),7.0,0.0,7.0,380.0,2660.0
2025-11-29,UHCTPFGGSS09,3DE Technology Prototype Solutions Pvt Ltd (Casting),5.0,0.0,5.0,380.0,1900.0
2025-11-29,UHCTPFGGSS10,3DE Technology Prototype Solutions Pvt Ltd (Casting),8.0,0.0,8.0,380.0,3040.0
2025-11-29,UHCTPFGGSS11,3DE Technology Prototype Solutions Pvt Ltd (Casting),1.0,0.0,1.0,380.0,380.0
2025-11-29,UHCTPFGMGS13,3DE Technology Prototype Solutions Pvt Ltd (Casting),3.0,0.0,3.0,190.0,570.0
2025-11-29,UHCTPFGRTS10,3DE Technology Prototype Solutions Pvt Ltd (Casting),36.0,0.0,36.0,190.0,6840.0
2025-11-29,UHCTPFGRTS11,3DE Technology Prototype Solutions Pvt Ltd (Casting),4.0,0.0,4.0,190.0,760.0
2025-11-29,UHCTPFGRTS12,3DE Technology Prototype Solutions Pvt Ltd (Casting),3.0,0.0,3.0,380.0,1140.0
2025-11-29,UHCTPFGRTS13,3DE Technology Prototype Solutions Pvt Ltd (Casting),6.0,0.0,6.0,380.0,2280.0
2025-11-29,UHRESYAG60KO,SEMISEARCH TECHNOLOGIES PRIVATE LIMITED,50000.0,0.0,50000.0,0.29,14500.0
2025-12-01,UH0.2AA08,CP Global Solution Technologies,200.0,0.0,200.0,250.0,50000.0
2025-12-01,UH0.2AA09,CP Global Solution Technologies,700.0,0.0,700.0,250.0,175000.0
2025-12-01,UH0.2AA10,CP Global Solution Technologies,200.0,0.0,200.0,250.0,50000.0
2025-12-01,UH0.2AA11,CP Global Solution Technologies,800.0,0.0,800.0,250.0,200000.0
2025-12-01,UH0.2AA12,CP Global Solution Technologies,400.0,0.0,400.0,250.0,100000.0
2025-12-01,UH0.2AA13,CP Global Solution Technologies,380.0,0.0,380.0,250.0,95000.0
2025-12-01,UHCH2COHOS07,3DE Technology Prototype Solutions Pvt Ltd (Regular Purchase),1500.0,0.0,1500.0,32.0,48000.0
2025-12-01,UHCH2COHOS12,3DE Technology Prototype Solutions Pvt Ltd (Regular Purchase),1500.0,0.0,1500.0,32.0,48000.0
2025-12-01,UHPLASIZRS05,ZOEONE INDUSTRIES,2500.0,0.0,2500.0,3.5,8750.0
2025-12-01,UHPLASIZRS06,ZOEONE INDUSTRIES,2500.0,0.0,2500.0,3.5,8750.0
2025-12-01,UHPLASIZRS07,ZOEONE INDUSTRIES,2500.0,0.0,2500.0,3.5,8750.0
2025-12-01,UHPLASIZRS08,ZOEONE INDUSTRIES,2500.0,0.0,2500.0,3.5,8750.0
2025-12-01,UHPLASIZRS09,ZOEONE INDUSTRIES,2500.0,0.0,2500.0,3.5,8750.0
2025-12-01,UHPLASIZRS10,ZOEONE INDUSTRIES,2500.0,0.0,2500.0,3.5,8750.0
2025-12-01,UHPLASIZRS11,ZOEONE INDUSTRIES,2500.0,0.0,2500.0,3.5,8750.0
2025-12-01,UHPLASIZRS12,ZOEONE INDUSTRIES,2500.0,0.0,2500.0,3.5,8750.0
2025-12-01,UHPLASIZRS13,ZOEONE INDUSTRIES,2500.0,0.0,2500.0,3.5,8750.0
2025-12-01,UHPLASIZRS14,ZOEONE INDUSTRIES,2500.0,0.0,2500.0,3.5,8750.0
2025-12-01,UHRDGLOBOMT,Amazon India PVT LTD,1.0,0.0,1.0,194.07,194.07
2025-12-01,UHRDHEATER1 ,Amazon India PVT LTD,1.0,0.0,1.0,973.73,973.73
2025-12-01,UHRDPRCR162,WITGAIN TECHNOLOGY LIMITED,10200.0,0.0,10200.0,149.33,1523145.6
2025-12-01,UHRDREFILBL,MACFOS PRIVATE LIMITED,4.0,0.0,4.0,1948.31,7793.22
2025-12-01,UHRDSCREWS1,ONLY SCREWS,20.0,0.0,20.0,2.8,56.0
2025-12-01,UHRDSUNPETG,MACFOS PRIVATE LIMITED,4.0,0.0,4.0,1185.59,4742.37
2025-12-01,UHRDTRANSFM,MASCOT ENTERPRISE LIMITED,6.0,0.0,6.0,2635.2,15811.2
2025-12-01,UHRDUNIBALL,Amazon India PVT LTD,100.0,0.0,100.0,118.64,11864.0
2025-12-01,UHTAPEBATPCB,"Hangzhou Bozhou Electric Appliance Co., Ltd.",37500.0,0.0,37500.0,3.41,127938.96
2025-12-01,UHTIJWAABS08,CP Global Solution Technologies,12.0,0.0,12.0,250.0,3000.0
2025-12-01,UHTIJWAABS09,CP Global Solution Technologies,140.0,0.0,140.0,250.0,35000.0
2025-12-02,UH0.2ACRMST08,METALRIPPER MANUFACTURING,92.0,0.0,92.0,165.0,15180.0
2025-12-02,UH0.2AG11,CN Innovations Limited,147.0,0.0,147.0,679.88,99942.6
2025-12-02,UH0.2AG12,CN Innovations Limited,48.0,0.0,48.0,679.88,32634.32
2025-12-02,UH0.2AG13,CN Innovations Limited,452.0,0.0,452.0,679.88,307306.48
2025-12-02,UH0.2AG14,CN Innovations Limited,710.0,0.0,710.0,679.88,482715.94
2025-12-02,UHACRPOLMSTS08,METALRIPPER MANUFACTURING,92.0,0.0,92.0,165.0,15180.0
2025-12-02,UHBRUSHARG10,CN Innovations Limited,166.0,0.0,166.0,614.88,102070.08
2025-12-02,UHBRUSHARG11,CN Innovations Limited,88.0,0.0,88.0,614.88,54109.44
2025-12-02,UHBRUSHARG12,CN Innovations Limited,65.0,0.0,65.0,614.88,39967.2
2025-12-02,UHBRUSHARG13,CN Innovations Limited,32.0,0.0,32.0,614.88,19676.16
2025-12-02,UHBRUSHARG14,CN Innovations Limited,89.0,0.0,89.0,614.88,54724.32
2025-12-02,UHCHARTOPS05,Aaru Plastics,600.0,0.0,600.0,34.0,20400.0
2025-12-02,UHCHARTOPS07,Aaru Plastics,1200.0,0.0,1200.0,34.0,40800.0
2025-12-02,UHCHARTOPS08,Aaru Plastics,1200.0,0.0,1200.0,34.0,40800.0
2025-12-02,UHCHARTOPS09,Aaru Plastics,700.0,0.0,700.0,34.0,23800.0
2025-12-02,UHCHARTOPS11,Aaru Plastics,200.0,0.0,200.0,34.0,6800.0
2025-12-02,UHCTPFGBRGO05,3DE Technology Prototype Solutions Pvt Ltd (Casting),12.0,0.0,12.0,380.0,4560.0
2025-12-02,UHRDALPHPST,PODRAIN ELECTRONICS PRIVATE LIMITED,1.0,0.0,1.0,7500.0,7500.0
2025-12-02,UHRDLOCTIT2,Sellex Incorp,20.0,0.0,20.0,2900.0,58000.0
2025-12-02,UHRDNFEP8K1,CHENNAI 3D HYDROTECH PRIVATE LIMITED,1.0,0.0,1.0,6779.66,6779.66
2025-12-02,UHRDRPMSS10,METALRIPPER MANUFACTURING,10.0,0.0,10.0,400.0,4000.0
2025-12-02,UHRDRPMSS11,METALRIPPER MANUFACTURING,10.0,0.0,10.0,400.0,4000.0
2025-12-02,UHRDRPMSS12,METALRIPPER MANUFACTURING,10.0,0.0,10.0,400.0,4000.0
2025-12-02,UHRDRPMSS13,METALRIPPER MANUFACTURING,10.0,0.0,10.0,400.0,4000.0
2025-12-02,UHRDRPMSS14,METALRIPPER MANUFACTURING,10.0,0.0,10.0,400.0,4000.0
2025-12-02,UHRDRPMSTS5,METALRIPPER MANUFACTURING,10.0,0.0,10.0,400.0,4000.0
2025-12-02,UHRDRPMSTS6,METALRIPPER MANUFACTURING,10.0,0.0,10.0,400.0,4000.0
2025-12-02,UHRDRPMSTS7,METALRIPPER MANUFACTURING,10.0,0.0,10.0,400.0,4000.0
2025-12-02,UHRDRPMSTS8,METALRIPPER MANUFACTURING,10.0,0.0,10.0,400.0,4000.0
2025-12-02,UHRDRPMSTS9,METALRIPPER MANUFACTURING,10.0,0.0,10.0,400.0,4000.0
2025-12-02,UHRDSCREWS1,J C GUPTA & SONS,20.0,0.0,20.0,80.28,1605.6
2025-12-02,UHRDSTABLIR,Amazon India PVT LTD,1.0,0.0,1.0,6903.39,6903.39
2025-12-02,UHRING1.62PCBA,Zreyah Semiconductor Systems Pvt. Ltd.,345.0,0.0,345.0,140.0,48300.0
2025-12-03,UHCH2COHOS06,3DE Technology Prototype Solutions Pvt Ltd (Regular Purchase),1500.0,0.0,1500.0,32.0,48000.0
2025-12-03,UHCH2COHOS07,3DE Technology Prototype Solutions Pvt Ltd (Regular Purchase),500.0,0.0,500.0,32.0,16000.0
2025-12-03,UHCH2COHOS08,3DE Technology Prototype Solutions Pvt Ltd (Regular Purchase),1000.0,0.0,1000.0,32.0,32000.0
2025-12-03,UHCHA2BASS08,Aaru Plastics,500.0,0.0,500.0,235.0,117500.0
2025-12-03,UHCHA2BASS09,Aaru Plastics,500.0,0.0,500.0,235.0,117500.0
2025-12-03,UHCHA2BASS13,Aaru Plastics,500.0,0.0,500.0,235.0,117500.0
2025-12-03,UHCHA2BASS14,Aaru Plastics,200.0,0.0,200.0,235.0,47000.0
2025-12-03,UHCHARTOPS06,Aaru Plastics,500.0,0.0,500.0,34.0,17000.0
2025-12-03,UHCHARTOPS07,Aaru Plastics,800.0,0.0,800.0,34.0,27200.0
2025-12-03,UHCHARTOPS08,Aaru Plastics,600.0,0.0,600.0,34.0,20400.0
2025-12-03,UHCHARTOPS09,Aaru Plastics,200.0,0.0,200.0,34.0,6800.0
2025-12-03,UHCHARTOPS11,Aaru Plastics,400.0,0.0,400.0,34.0,13600.0
2025-12-03,UHCONSCLOTH,Hesh opto lab pvt ltd,141.0,0.0,141.0,120.0,16920.0
2025-12-03,UHCTPFGAAO06,3DE Technology Prototype Solutions Pvt Ltd (Casting),24.0,0.0,24.0,380.0,9120.0
2025-12-03,UHCTPFGAAO09,3DE Technology Prototype Solutions Pvt Ltd (Casting),1.0,0.0,1.0,380.0,380.0
2025-12-03,UHCTPFGAAS09,3DE Technology Prototype Solutions Pvt Ltd (Casting),12.0,0.0,12.0,380.0,4560.0
2025-12-03,UHCTPFGAAS11,3DE Technology Prototype Solutions Pvt Ltd (Casting),12.0,0.0,12.0,190.0,2280.0
2025-12-03,UHCTPFGAAS12,3DE Technology Prototype Solutions Pvt Ltd (Casting),12.0,0.0,12.0,190.0,2280.0
2025-12-03,UHCTPFGAGO05,3DE Technology Prototype Solutions Pvt Ltd (Casting),96.0,0.0,96.0,380.0,36480.0
2025-12-03,UHCTPFGAGO06,3DE Technology Prototype Solutions Pvt Ltd (Casting),299.0,0.0,299.0,380.0,113620.0
2025-12-03,UHCTPFGAGO07,3DE Technology Prototype Solutions Pvt Ltd (Casting),933.0,0.0,933.0,380.0,354540.0
2025-12-03,UHCTPFGAGO08,3DE Technology Prototype Solutions Pvt Ltd (Casting),240.0,0.0,240.0,380.0,91200.0
2025-12-03,UHCTPFGAGO09,3DE Technology Prototype Solutions Pvt Ltd (Casting),60.0,0.0,60.0,380.0,22800.0
2025-12-03,UHCTPFGAGS08,3DE Technology Prototype Solutions Pvt Ltd (Casting),300.0,0.0,300.0,190.0,57000.0
2025-12-03,UHCTPFGAGS14,3DE Technology Prototype Solutions Pvt Ltd (Casting),12.0,0.0,12.0,380.0,4560.0
2025-12-03,UHCTPFGASO13,3DE Technology Prototype Solutions Pvt Ltd (Casting),18.0,0.0,18.0,380.0,6840.0
2025-12-03,UHCTPFGASS05,3DE Technology Prototype Solutions Pvt Ltd (Casting),24.0,0.0,24.0,380.0,9120.0
2025-12-03,UHCTPFGASS07,3DE Technology Prototype Solutions Pvt Ltd (Casting),36.0,0.0,36.0,380.0,13680.0
2025-12-03,UHCTPFGASS08,3DE Technology Prototype Solutions Pvt Ltd (Casting),60.0,0.0,60.0,190.0,11400.0
2025-12-03,UHCTPFGASS11,3DE Technology Prototype Solutions Pvt Ltd (Casting),12.0,0.0,12.0,190.0,2280.0
2025-12-03,UHCTPFGASS12,3DE Technology Prototype Solutions Pvt Ltd (Casting),12.0,0.0,12.0,190.0,2280.0
2025-12-03,UHCTPFGASS14,3DE Technology Prototype Solutions Pvt Ltd (Casting),12.0,0.0,12.0,380.0,4560.0
2025-12-03,UHCTPFGBRGO08,3DE Technology Prototype Solutions Pvt Ltd (Casting),60.0,0.0,60.0,380.0,22800.0
2025-12-03,UHCTPFGMGO09,3DE Technology Prototype Solutions Pvt Ltd (Casting),84.0,0.0,84.0,380.0,31920.0
2025-12-03,UHCTPFGMGS06,3DE Technology Prototype Solutions Pvt Ltd (Casting),24.0,0.0,24.0,380.0,9120.0
2025-12-03,UHCTPFGMGS08,3DE Technology Prototype Solutions Pvt Ltd (Casting),95.0,0.0,95.0,190.0,18050.0
2025-12-03,UHCTPFGMGS11,3DE Technology Prototype Solutions Pvt Ltd (Casting),59.0,0.0,59.0,190.0,11210.0
2025-12-03,UHCTPFGMGS12,3DE Technology Prototype Solutions Pvt Ltd (Casting),48.0,0.0,48.0,190.0,9120.0
2025-12-03,UHCTPFGMGS13,3DE Technology Prototype Solutions Pvt Ltd (Casting),22.0,0.0,22.0,190.0,4180.0
2025-12-03,UHCTPFGRTS10,3DE Technology Prototype Solutions Pvt Ltd (Casting),60.0,0.0,60.0,190.0,11400.0
2025-12-03,UHCTPFGRTS11,3DE Technology Prototype Solutions Pvt Ltd (Casting),60.0,0.0,60.0,190.0,11400.0
2025-12-03,UHCTPFGRTS12,3DE Technology Prototype Solutions Pvt Ltd (Casting),18.0,0.0,18.0,380.0,6840.0
2025-12-03,UHCTPFGRTS13,3DE Technology Prototype Solutions Pvt Ltd (Casting),24.0,0.0,24.0,380.0,9120.0
2025-12-03,UHPLASIZRS05,ZOEONE INDUSTRIES,2500.0,0.0,2500.0,3.5,8750.0
2025-12-03,UHPLASIZRS06,ZOEONE INDUSTRIES,2500.0,0.0,2500.0,3.5,8750.0
2025-12-03,UHPLASIZRS07,ZOEONE INDUSTRIES,2500.0,0.0,2500.0,3.5,8750.0
2025-12-03,UHPLASIZRS08,ZOEONE INDUSTRIES,2500.0,0.0,2500.0,3.5,8750.0
2025-12-03,UHPLASIZRS09,ZOEONE INDUSTRIES,2500.0,0.0,2500.0,3.5,8750.0
2025-12-03,UHPLASIZRS10,ZOEONE INDUSTRIES,2500.0,0.0,2500.0,3.5,8750.0
2025-12-03,UHPLASIZRS11,ZOEONE INDUSTRIES,2500.0,0.0,2500.0,3.5,8750.0
2025-12-03,UHPLASIZRS12,ZOEONE INDUSTRIES,2500.0,0.0,2500.0,3.5,8750.0
2025-12-03,UHPLASIZRS13,ZOEONE INDUSTRIES,2500.0,0.0,2500.0,3.5,8750.0
2025-12-03,UHPLASIZRS14,ZOEONE INDUSTRIES,2500.0,0.0,2500.0,3.5,8750.0
2025-12-03,UHRDNRF54L1,MACFOS PRIVATE LIMITED,23.0,0.0,23.0,1350.0,31050.0
2025-12-03,UHRDPRINGS8,IILA INDUSTRIES (Regular Purchase),50.0,0.0,50.0,200.0,10000.0
2025-12-03,UHRING1.62PCBA,SVTRONICS India Private Limited,960.0,0.0,960.0,140.0,134400.0
2025-12-04,UHCH2COHOS08,3DE Technology Prototype Solutions Pvt Ltd (Regular Purchase),1500.0,0.0,1500.0,32.0,48000.0
2025-12-04,UHCHARTOPS06,Aaru Plastics,500.0,0.0,500.0,34.0,17000.0
2025-12-04,UHCHARTOPS07,Aaru Plastics,600.0,0.0,600.0,34.0,20400.0
2025-12-04,UHCHARTOPS08,Aaru Plastics,600.0,0.0,600.0,34.0,20400.0
2025-12-04,UHCHARTOPS09,Aaru Plastics,500.0,0.0,500.0,34.0,17000.0
2025-12-04,UHCHARTOPS11,Aaru Plastics,500.0,0.0,500.0,34.0,17000.0
2025-12-04,UHCTPFGAGO06,3DE Technology Prototype Solutions Pvt Ltd (Casting),1.0,0.0,1.0,380.0,380.0
2025-12-04,UHCTPFGAGO07,3DE Technology Prototype Solutions Pvt Ltd (Casting),2.0,0.0,2.0,380.0,760.0
2025-12-04,UHCTPFGAGO08,3DE Technology Prototype Solutions Pvt Ltd (Casting),1.0,0.0,1.0,380.0,380.0
2025-12-04,UHCTPFGBRGO08,3DE Technology Prototype Solutions Pvt Ltd (Casting),59.0,0.0,59.0,380.0,22420.0
2025-12-04,UHCTPFGMGO09,3DE Technology Prototype Solutions Pvt Ltd (Casting),120.0,0.0,120.0,380.0,45600.0
2025-12-04,UHCTPFGMGS08,3DE Technology Prototype Solutions Pvt Ltd (Casting),1.0,0.0,1.0,190.0,190.0
2025-12-04,UHCTPFGMGS11,3DE Technology Prototype Solutions Pvt Ltd (Casting),1.0,0.0,1.0,190.0,190.0
2025-12-04,UHCTPFGMGS12,3DE Technology Prototype Solutions Pvt Ltd (Casting),60.0,0.0,60.0,190.0,11400.0
2025-12-04,UHCTPFGRTS10,3DE Technology Prototype Solutions Pvt Ltd (Casting),120.0,0.0,120.0,190.0,22800.0
2025-12-04,UHCTPFGRTS11,3DE Technology Prototype Solutions Pvt Ltd (Casting),72.0,0.0,72.0,190.0,13680.0
2025-12-04,UHCTPFGRTS12,3DE Technology Prototype Solutions Pvt Ltd (Casting),24.0,0.0,24.0,380.0,9120.0
2025-12-04,UHRDPOGPIN1,"Dongguan Mingtan Electronics Co., Ltd",818.0,0.0,818.0,118.58,97001.71
2025-12-04,UHRING1.62PCBA,SVTRONICS India Private Limited,703.0,0.0,703.0,140.0,98420.0
2025-12-04,UH_RING_PRO_REV3_2,Zreyah Semiconductor Systems Pvt. Ltd.,36.0,0.0,36.0,680.0,24480.0
2025-12-05,UHCH2COHOS09,3DE Technology Prototype Solutions Pvt Ltd (Regular Purchase),1000.0,0.0,1000.0,32.0,32000.0
2025-12-05,UHCTPFGAAS07,3DE Technology Prototype Solutions Pvt Ltd (Casting),22.0,0.0,22.0,380.0,8360.0
2025-12-05,UHCTPFGAAS09,3DE Technology Prototype Solutions Pvt Ltd (Casting),23.0,0.0,23.0,380.0,8740.0
2025-12-05,UHCTPFGAAS09-T1.62,3DE Technology Prototype Solutions Pvt Ltd (Casting),20.0,0.0,20.0,380.0,7600.0
2025-12-05,UHCTPFGAAS12,3DE Technology Prototype Solutions Pvt Ltd (Casting),8.0,0.0,8.0,190.0,1520.0
2025-12-05,UHCTPFGAAS13,3DE Technology Prototype Solutions Pvt Ltd (Casting),12.0,0.0,12.0,190.0,2280.0
2025-12-05,UHCTPFGAGO05,3DE Technology Prototype Solutions Pvt Ltd (Casting),24.0,0.0,24.0,380.0,9120.0
2025-12-05,UHCTPFGAGO06,3DE Technology Prototype Solutions Pvt Ltd (Casting),116.0,0.0,116.0,380.0,44080.0
2025-12-05,UHCTPFGAGO07-T1.62,3DE Technology Prototype Solutions Pvt Ltd (Casting),2.0,0.0,2.0,380.0,760.0
2025-12-05,UHCTPFGAGO09,3DE Technology Prototype Solutions Pvt Ltd (Casting),108.0,0.0,108.0,380.0,41040.0
2025-12-05,UHCTPFGASO07,3DE Technology Prototype Solutions Pvt Ltd (Casting),173.0,0.0,173.0,380.0,65740.0
2025-12-05,UHCTPFGBRGO06,3DE Technology Prototype Solutions Pvt Ltd (Casting),35.0,0.0,35.0,380.0,13300.0
2025-12-05,UHCTPFGBRGO08,3DE Technology Prototype Solutions Pvt Ltd (Casting),1.0,0.0,1.0,380.0,380.0
2025-12-05,UHCTPFGBRGO12,3DE Technology Prototype Solutions Pvt Ltd (Casting),12.0,0.0,12.0,380.0,4560.0
2025-12-05,UHCTPFGBRGO13,3DE Technology Prototype Solutions Pvt Ltd (Casting),22.0,0.0,22.0,380.0,8360.0
2025-12-05,UHCTPFGBRGO14,3DE Technology Prototype Solutions Pvt Ltd (Casting),10.0,0.0,10.0,380.0,3800.0
2025-12-05,UHCTPFGMGO09,3DE Technology Prototype Solutions Pvt Ltd (Casting),112.0,0.0,112.0,380.0,42560.0
2025-12-05,UHCTPFGMGS11,3DE Technology Prototype Solutions Pvt Ltd (Casting),44.0,0.0,44.0,190.0,8360.0
2025-12-05,UHDIODIOI75V,SEMISEARCH TECHNOLOGIES PRIVATE LIMITED,36000.0,0.0,36000.0,2.3,82800.0
2025-12-05,UHPLASIZRS05,ZOEONE INDUSTRIES,2500.0,0.0,2500.0,3.5,8750.0
2025-12-05,UHPLASIZRS06,ZOEONE INDUSTRIES,2500.0,0.0,2500.0,3.5,8750.0
2025-12-05,UHPLASIZRS07,ZOEONE INDUSTRIES,2500.0,0.0,2500.0,3.5,8750.0
2025-12-05,UHPLASIZRS08,ZOEONE INDUSTRIES,2500.0,0.0,2500.0,3.5,8750.0
2025-12-05,UHPLASIZRS09,ZOEONE INDUSTRIES,2500.0,0.0,2500.0,3.5,8750.0
2025-12-05,UHPLASIZRS10,ZOEONE INDUSTRIES,2500.0,0.0,2500.0,3.5,8750.0
2025-12-05,UHPLASIZRS11,ZOEONE INDUSTRIES,2500.0,0.0,2500.0,3.5,8750.0
2025-12-05,UHPLASIZRS12,ZOEONE INDUSTRIES,2500.0,0.0,2500.0,3.5,8750.0
2025-12-05,UHPLASIZRS13,ZOEONE INDUSTRIES,2500.0,0.0,2500.0,3.5,8750.0
2025-12-05,UHPLASIZRS14,ZOEONE INDUSTRIES,2500.0,0.0,2500.0,3.5,8750.0
2025-12-05,UHRDSILI3X7,SANAA RUBBER PRODUCT,30.0,0.0,30.0,90.0,2700.0
2025-12-05,UHRDVARTECH,Aarthi Electronics,1.0,0.0,1.0,4950.0,4950.0
2025-12-05,UHRDWAVEMOD,SHARVI ELECTRONICS,10.0,0.0,10.0,421.44,4214.4
2025-12-06,UHCTPFGAAS07,3DE Technology Prototype Solutions Pvt Ltd (Casting),24.0,0.0,24.0,380.0,9120.0
2025-12-06,UHCTPFGAAS09,3DE Technology Prototype Solutions Pvt Ltd (Casting),1.0,0.0,1.0,380.0,380.0
2025-12-06,UHCTPFGAAS12,3DE Technology Prototype Solutions Pvt Ltd (Casting),17.0,0.0,17.0,190.0,3230.0
2025-12-06,UHCTPFGAAS13,3DE Technology Prototype Solutions Pvt Ltd (Casting),8.0,0.0,8.0,190.0,1520.0
2025-12-06,UHCTPFGAGO06,3DE Technology Prototype Solutions Pvt Ltd (Casting),4.0,0.0,4.0,380.0,1520.0
2025-12-06,UHCTPFGAGO07,3DE Technology Prototype Solutions Pvt Ltd (Casting),116.0,0.0,116.0,380.0,44080.0
2025-12-06,UHCTPFGAGO08,3DE Technology Prototype Solutions Pvt Ltd (Casting),82.0,0.0,82.0,380.0,31160.0
2025-12-06,UHCTPFGAGO09,3DE Technology Prototype Solutions Pvt Ltd (Casting),31.0,0.0,31.0,380.0,11780.0
2025-12-06,UHCTPFGAGS05,3DE Technology Prototype Solutions Pvt Ltd (Casting),23.0,0.0,23.0,380.0,8740.0
2025-12-06,UHCTPFGASO05,3DE Technology Prototype Solutions Pvt Ltd (Casting),36.0,0.0,36.0,380.0,13680.0
2025-12-06,UHCTPFGASO06,3DE Technology Prototype Solutions Pvt Ltd (Casting),55.0,0.0,55.0,380.0,20900.0
2025-12-06,UHCTPFGASO07,3DE Technology Prototype Solutions Pvt Ltd (Casting),6.0,0.0,6.0,380.0,2280.0
2025-12-06,UHCTPFGASO08,3DE Technology Prototype Solutions Pvt Ltd (Casting),117.0,0.0,117.0,380.0,44460.0
2025-12-06,UHCTPFGASO09,3DE Technology Prototype Solutions Pvt Ltd (Casting),119.0,0.0,119.0,380.0,45220.0
2025-12-06,UHCTPFGASO11,3DE Technology Prototype Solutions Pvt Ltd (Casting),26.0,0.0,26.0,380.0,9880.0
2025-12-06,UHCTPFGASO12,3DE Technology Prototype Solutions Pvt Ltd (Casting),19.0,0.0,19.0,380.0,7220.0
2025-12-06,UHCTPFGASO14,3DE Technology Prototype Solutions Pvt Ltd (Casting),5.0,0.0,5.0,380.0,1900.0
2025-12-06,UHCTPFGBRGO06,3DE Technology Prototype Solutions Pvt Ltd (Casting),1.0,0.0,1.0,380.0,380.0
2025-12-06,UHCTPFGBRGO13,3DE Technology Prototype Solutions Pvt Ltd (Casting),2.0,0.0,2.0,380.0,760.0
2025-12-06,UHCTPFGBRGO14,3DE Technology Prototype Solutions Pvt Ltd (Casting),2.0,0.0,2.0,380.0,760.0
2025-12-06,UHCTPFGMGO09,3DE Technology Prototype Solutions Pvt Ltd (Casting),78.0,0.0,78.0,380.0,29640.0
2025-12-06,UHCTPFGMGS11,3DE Technology Prototype Solutions Pvt Ltd (Casting),15.0,0.0,15.0,190.0,2850.0
2025-12-08,UHCH2COHOS09,3DE Technology Prototype Solutions Pvt Ltd (Regular Purchase),500.0,0.0,500.0,32.0,16000.0
2025-12-08,UHCHARTOPS07,Aaru Plastics,600.0,0.0,600.0,34.0,20400.0
2025-12-08,UHCHARTOPS08,Aaru Plastics,500.0,0.0,500.0,34.0,17000.0
2025-12-08,UHCHARTOPS09,Aaru Plastics,200.0,0.0,200.0,34.0,6800.0
2025-12-08,UHCHARTOPS11,Aaru Plastics,300.0,0.0,300.0,34.0,10200.0
2025-12-08,UHCHARTOPS12,Aaru Plastics,400.0,0.0,400.0,34.0,13600.0
2025-12-08,UHCONSSURBLDE,Amazon India PVT LTD,20.0,0.0,20.0,81.02,1620.4
2025-12-08,UHCTPFGAAS07,3DE Technology Prototype Solutions Pvt Ltd (Casting),2.0,0.0,2.0,380.0,760.0
2025-12-08,UHCTPFGAAS12,3DE Technology Prototype Solutions Pvt Ltd (Casting),11.0,0.0,11.0,190.0,2090.0
2025-12-08,UHCTPFGAAS13,3DE Technology Prototype Solutions Pvt Ltd (Casting),4.0,0.0,4.0,190.0,760.0
2025-12-08,UHCTPFGAGO07,3DE Technology Prototype Solutions Pvt Ltd (Casting),4.0,0.0,4.0,380.0,1520.0
2025-12-08,UHCTPFGAGO08,3DE Technology Prototype Solutions Pvt Ltd (Casting),2.0,0.0,2.0,380.0,760.0
2025-12-08,UHCTPFGAGO09,3DE Technology Prototype Solutions Pvt Ltd (Casting),2.0,0.0,2.0,380.0,760.0
2025-12-08,UHCTPFGAGS05,3DE Technology Prototype Solutions Pvt Ltd (Casting),1.0,0.0,1.0,380.0,380.0
2025-12-08,UHCTPFGASO06,3DE Technology Prototype Solutions Pvt Ltd (Casting),5.0,0.0,5.0,380.0,1900.0
2025-12-08,UHCTPFGASO07,3DE Technology Prototype Solutions Pvt Ltd (Casting),1.0,0.0,1.0,380.0,380.0
2025-12-08,UHCTPFGASO08,3DE Technology Prototype Solutions Pvt Ltd (Casting),3.0,0.0,3.0,380.0,1140.0
2025-12-08,UHCTPFGASO09,3DE Technology Prototype Solutions Pvt Ltd (Casting),1.0,0.0,1.0,380.0,380.0
2025-12-08,UHCTPFGASO11,3DE Technology Prototype Solutions Pvt Ltd (Casting),10.0,0.0,10.0,380.0,3800.0
2025-12-08,UHCTPFGASO12,3DE Technology Prototype Solutions Pvt Ltd (Casting),5.0,0.0,5.0,380.0,1900.0
2025-12-08,UHCTPFGASO14,3DE Technology Prototype Solutions Pvt Ltd (Casting),7.0,0.0,7.0,380.0,2660.0
2025-12-08,UHCTPFGMGO09,3DE Technology Prototype Solutions Pvt Ltd (Casting),62.0,0.0,62.0,380.0,23560.0
2025-12-08,UHCTPFGMGS11,3DE Technology Prototype Solutions Pvt Ltd (Casting),61.0,0.0,61.0,190.0,11590.0
2025-12-08,UHCTPFGMGS12,3DE Technology Prototype Solutions Pvt Ltd (Casting),36.0,0.0,36.0,190.0,6840.0
2025-12-08,UHCTPFGMGS13,3DE Technology Prototype Solutions Pvt Ltd (Casting),36.0,0.0,36.0,190.0,6840.0
2025-12-08,UHCTPFGMGS14,3DE Technology Prototype Solutions Pvt Ltd (Casting),12.0,0.0,12.0,190.0,2280.0
2025-12-08,UHRD5N1HAIM,MOUSER ELECTRONIC,3500.0,0.0,3500.0,4.39,15372.0
2025-12-08,UHRDAWS521C,MISUMI INDIA PRIVATE LIMITED,20.0,0.0,20.0,14.0,280.0
2025-12-08,UHRDCHHFL51,MISUMI INDIA PRIVATE LIMITED,7.0,0.0,7.0,160.0,1120.0
2025-12-08,UHRDGWAWT25,MISUMI INDIA PRIVATE LIMITED,20.0,0.0,20.0,21.0,420.0
2025-12-08,UHRDSHELL03,IILA INDUSTRIES (Regular Purchase),24.0,0.0,24.0,200.0,4800.0
2025-12-08,UHRDVARTECH,Aarthi Electronics,2.0,0.0,2.0,4950.0,9900.0
2025-12-08,UHTIJWRTLS11,METALRIPPER MANUFACTURING,1213.0,0.0,1213.0,285.0,345705.0
2025-12-08,UHTIJWRTLS12,METALRIPPER MANUFACTURING,1472.0,0.0,1472.0,285.0,419520.0
2025-12-09,UH0.2AA05,CP Global Solution Technologies,46.0,0.0,46.0,250.0,11500.0
2025-12-09,UH0.2AA06,CP Global Solution Technologies,274.0,0.0,274.0,250.0,68500.0
2025-12-09,UH0.2AA07,CP Global Solution Technologies,323.0,0.0,323.0,250.0,80750.0
2025-12-09,UH0.2AA10,CP Global Solution Technologies,1957.0,0.0,1957.0,250.0,489250.0
2025-12-09,UHCH2COHOS08,3DE Technology Prototype Solutions Pvt Ltd (Regular Purchase),1500.0,0.0,1500.0,32.0,48000.0
2025-12-09,UHCH2COHOS09,3DE Technology Prototype Solutions Pvt Ltd (Regular Purchase),1000.0,0.0,1000.0,32.0,32000.0
2025-12-09,UHCHARTOPS06,Aaru Plastics,500.0,0.0,500.0,34.0,17000.0
2025-12-09,UHCHARTOPS07,Aaru Plastics,700.0,0.0,700.0,34.0,23800.0
2025-12-09,UHCHARTOPS08,Aaru Plastics,700.0,0.0,700.0,34.0,23800.0
2025-12-09,UHCHARTOPS09,Aaru Plastics,500.0,0.0,500.0,34.0,17000.0
2025-12-09,UHCHARTOPS11,Aaru Plastics,500.0,0.0,500.0,34.0,17000.0
2025-12-09,UHCHARTOPS12,Aaru Plastics,200.0,0.0,200.0,34.0,6800.0
2025-12-09,UHCHCOMPERJ,Avnet Asia Pte Ltd,80000.0,0.0,80000.0,0.18,14054.4
2025-12-09,UHCONSENVELOP,Reliable office supplies,50.0,0.0,50.0,1.5,75.0
2025-12-09,UHCONSFINGCOT,Reliable office supplies,2000.0,0.0,2000.0,0.8,1600.0
2025-12-09,UHCONSSURBLDE,Amazon India PVT LTD,30.0,0.0,30.0,81.02,2430.6
2025-12-09,UHCONSTOOTPICK,Reliable office supplies,100.0,0.0,100.0,15.0,1500.0
2025-12-09,UHCTPFGAAS06,3DE Technology Prototype Solutions Pvt Ltd (Casting),18.0,0.0,18.0,190.0,3420.0
2025-12-09,UHCTPFGAGO06,3DE Technology Prototype Solutions Pvt Ltd (Casting),130.0,0.0,130.0,380.0,49400.0
2025-12-09,UHCTPFGAGO07,3DE Technology Prototype Solutions Pvt Ltd (Casting),200.0,0.0,200.0,380.0,76000.0
2025-12-09,UHCTPFGASO05,3DE Technology Prototype Solutions Pvt Ltd (Casting),37.0,0.0,37.0,380.0,14060.0
2025-12-09,UHCTPFGASO08,3DE Technology Prototype Solutions Pvt Ltd (Casting),90.0,0.0,90.0,380.0,34200.0
2025-12-09,UHCTPFGASO11,3DE Technology Prototype Solutions Pvt Ltd (Casting),1.0,0.0,1.0,380.0,380.0
2025-12-09,UHCTPFGBRGO08,3DE Technology Prototype Solutions Pvt Ltd (Casting),44.0,0.0,44.0,380.0,16720.0
2025-12-09,UHCTPFGMGS08,3DE Technology Prototype Solutions Pvt Ltd (Casting),105.0,0.0,105.0,190.0,19950.0
2025-12-09,UHCTPFGMGS08-T1.62,3DE Technology Prototype Solutions Pvt Ltd (Casting),2.0,0.0,2.0,380.0,760.0
2025-12-09,UHCTPFGMGS11,3DE Technology Prototype Solutions Pvt Ltd (Casting),8.0,0.0,8.0,190.0,1520.0
2025-12-09,UHCTPFGMGS12,3DE Technology Prototype Solutions Pvt Ltd (Casting),4.0,0.0,4.0,190.0,760.0
2025-12-09,UHCTPFGMGS12-T1.62,3DE Technology Prototype Solutions Pvt Ltd (Casting),1.0,0.0,1.0,380.0,380.0
2025-12-09,UHCTPFGRTS11,3DE Technology Prototype Solutions Pvt Ltd (Casting),9.0,0.0,9.0,190.0,1710.0
2025-12-09,UHINDMUR1OUH,Avnet Asia Pte Ltd,28000.0,0.0,28000.0,3.86,107972.93
2025-12-09,UHPLASIZRS05,ZOEONE INDUSTRIES,2500.0,0.0,2500.0,3.5,8750.0
2025-12-09,UHPLASIZRS06,ZOEONE INDUSTRIES,2500.0,0.0,2500.0,3.5,8750.0
2025-12-09,UHPLASIZRS07,ZOEONE INDUSTRIES,2500.0,0.0,2500.0,3.5,8750.0
2025-12-09,UHPLASIZRS08,ZOEONE INDUSTRIES,2500.0,0.0,2500.0,3.5,8750.0
2025-12-09,UHPLASIZRS09,ZOEONE INDUSTRIES,2500.0,0.0,2500.0,3.5,8750.0
2025-12-09,UHPLASIZRS10,ZOEONE INDUSTRIES,2500.0,0.0,2500.0,3.5,8750.0
2025-12-09,UHPLASIZRS11,ZOEONE INDUSTRIES,2500.0,0.0,2500.0,3.5,8750.0
2025-12-09,UHPLASIZRS12,ZOEONE INDUSTRIES,2500.0,0.0,2500.0,3.5,8750.0
2025-12-09,UHPLASIZRS13,ZOEONE INDUSTRIES,2500.0,0.0,2500.0,3.5,8750.0
2025-12-09,UHPLASIZRS14,ZOEONE INDUSTRIES,2500.0,0.0,2500.0,3.5,8750.0
2025-12-09,UHRD022503L,MOUSER ELECTRONIC,5000.0,0.0,5000.0,1.14,5709.6
2025-12-09,UHRD0225C11,MOUSER ELECTRONIC,500.0,0.0,500.0,4.22,2108.16
2025-12-09,UHRD06UHQ24,MOUSER ELECTRONIC,2000.0,0.0,2000.0,4.04,8081.28
2025-12-09,UHRD4N3H02E,MOUSER ELECTRONIC,3000.0,0.0,3000.0,6.24,18709.92
2025-12-09,UHRD578ETST,MOUSER ELECTRONIC,3000.0,0.0,3000.0,6.15,18446.4
2025-12-09,UHRDGRM155D,MOUSER ELECTRONIC,3000.0,0.0,3000.0,3.95,11858.4
2025-12-09,UHRDH3R6WB1,MOUSER ELECTRONIC,5000.0,0.0,5000.0,1.93,9662.4
2025-12-09,UHRDHQ4N1B0,MOUSER ELECTRONIC,1000.0,0.0,1000.0,6.94,6939.36
2025-12-09,UHRDLQPO3N9,MOUSER ELECTRONIC,1000.0,0.0,1000.0,6.24,6236.64
2025-12-09,UHRDLQPO4N0,MOUSER ELECTRONIC,1500.0,0.0,1500.0,6.94,10409.04
2025-12-09,UHRDMYADDIC,Amazon India PVT LTD,1.0,0.0,1.0,786.44,786.44
2025-12-09,UHRDOILVACM,INDIA VACUUM TECHNOLOGY,10.0,0.0,10.0,3479.0,34790.0
2025-12-09,UHRDR3BB01L,MOUSER ELECTRONIC,1000.0,0.0,1000.0,2.2,2196.0
2025-12-09,UHRESPAN1MOH,Avnet Asia Pte Ltd,120000.0,0.0,120000.0,0.18,21081.6
2025-12-09,UHRING1.62PCBA,Zreyah Semiconductor Systems Pvt. Ltd.,1200.0,0.0,1200.0,140.0,168000.0
2025-12-09,UHSTZIPLOCK3X4,Reliable office supplies,30000.0,0.0,30000.0,0.3,9000.0
2025-12-10,UHCHARTOPS06,Aaru Plastics,500.0,0.0,500.0,34.0,17000.0
2025-12-10,UHCHARTOPS07,Aaru Plastics,500.0,0.0,500.0,34.0,17000.0
2025-12-10,UHCHARTOPS08,Aaru Plastics,400.0,0.0,400.0,34.0,13600.0
2025-12-10,UHCHARTOPS09,Aaru Plastics,300.0,0.0,300.0,34.0,10200.0
2025-12-10,UHCHARTOPS11,Aaru Plastics,200.0,0.0,200.0,34.0,6800.0
2025-12-10,UHCHARTOPS12,Aaru Plastics,300.0,0.0,300.0,34.0,10200.0
2025-12-10,UHCTPFGAAO10-T1.62,3DE Technology Prototype Solutions Pvt Ltd (Casting),1.0,0.0,1.0,380.0,380.0
2025-12-10,UHCTPFGAAS06,3DE Technology Prototype Solutions Pvt Ltd (Casting),18.0,0.0,18.0,190.0,3420.0
2025-12-10,UHCTPFGAAS07,3DE Technology Prototype Solutions Pvt Ltd (Casting),36.0,0.0,36.0,380.0,13680.0
2025-12-10,UHCTPFGAAS09,3DE Technology Prototype Solutions Pvt Ltd (Casting),59.0,0.0,59.0,380.0,22420.0
2025-12-10,UHCTPFGAAS09-T1.62,3DE Technology Prototype Solutions Pvt Ltd (Casting),2.0,0.0,2.0,380.0,760.0
2025-12-10,UHCTPFGAAS12,3DE Technology Prototype Solutions Pvt Ltd (Casting),36.0,0.0,36.0,190.0,6840.0
2025-12-10,UHCTPFGAGO06,3DE Technology Prototype Solutions Pvt Ltd (Casting),50.0,0.0,50.0,380.0,19000.0
2025-12-10,UHCTPFGAGO07,3DE Technology Prototype Solutions Pvt Ltd (Casting),41.0,0.0,41.0,380.0,15580.0
2025-12-10,UHCTPFGAGS07-T1.62,3DE Technology Prototype Solutions Pvt Ltd (Casting),1.0,0.0,1.0,380.0,380.0
2025-12-10,UHCTPFGAGS11-T1.62,3DE Technology Prototype Solutions Pvt Ltd (Casting),2.0,0.0,2.0,380.0,760.0
2025-12-10,UHCTPFGASO05,3DE Technology Prototype Solutions Pvt Ltd (Casting),11.0,0.0,11.0,380.0,4180.0
2025-12-10,UHCTPFGASO08,3DE Technology Prototype Solutions Pvt Ltd (Casting),30.0,0.0,30.0,380.0,11400.0
2025-12-10,UHCTPFGASO09-T1.62,3DE Technology Prototype Solutions Pvt Ltd (Casting),1.0,0.0,1.0,380.0,380.0
2025-12-10,UHCTPFGASO11,3DE Technology Prototype Solutions Pvt Ltd (Casting),35.0,0.0,35.0,380.0,13300.0
2025-12-10,UHCTPFGBRGO08,3DE Technology Prototype Solutions Pvt Ltd (Casting),16.0,0.0,16.0,380.0,6080.0
2025-12-10,UHCTPFGMGO09,3DE Technology Prototype Solutions Pvt Ltd (Casting),59.0,0.0,59.0,380.0,22420.0
2025-12-10,UHCTPFGMGO10,3DE Technology Prototype Solutions Pvt Ltd (Casting),11.0,0.0,11.0,380.0,4180.0
2025-12-10,UHCTPFGMGS08,3DE Technology Prototype Solutions Pvt Ltd (Casting),15.0,0.0,15.0,190.0,2850.0
2025-12-10,UHCTPFGMGS08-T1.62,3DE Technology Prototype Solutions Pvt Ltd (Casting),2.0,0.0,2.0,380.0,760.0
2025-12-10,UHCTPFGMGS11,3DE Technology Prototype Solutions Pvt Ltd (Casting),50.0,0.0,50.0,190.0,9500.0
2025-12-10,UHCTPFGMGS12,3DE Technology Prototype Solutions Pvt Ltd (Casting),20.0,0.0,20.0,190.0,3800.0
2025-12-10,UHCTPFGMGS13,3DE Technology Prototype Solutions Pvt Ltd (Casting),14.0,0.0,14.0,190.0,2660.0
2025-12-10,UHCTPFGRTO10,3DE Technology Prototype Solutions Pvt Ltd (Casting),60.0,0.0,60.0,380.0,22800.0
2025-12-10,UHCTPFGRTS11,3DE Technology Prototype Solutions Pvt Ltd (Casting),51.0,0.0,51.0,190.0,9690.0
2025-12-10,UHPCBRXCOS07,WITGAIN TECHNOLOGY LIMITED,80000.0,0.0,80000.0,36.01,2881152.0
2025-12-10,UHPCBRXCOS09,WITGAIN TECHNOLOGY LIMITED,80000.0,0.0,80000.0,36.01,2881152.0
2025-12-10,UHRDHPPRO26,Amazon India PVT LTD,1.0,0.0,1.0,23466.1,23466.1
2025-12-10,UHRING1.62PCBA,Zreyah Semiconductor Systems Pvt. Ltd.,900.0,0.0,900.0,140.0,126000.0
2025-12-11,UHCTPFGAAS07,3DE Technology Prototype Solutions Pvt Ltd (Casting),36.0,0.0,36.0,380.0,13680.0
2025-12-11,UHCTPFGAAS09,3DE Technology Prototype Solutions Pvt Ltd (Casting),1.0,0.0,1.0,380.0,380.0
2025-12-11,UHCTPFGAGO05,3DE Technology Prototype Solutions Pvt Ltd (Casting),59.0,0.0,59.0,380.0,22420.0
2025-12-11,UHCTPFGAGO07,3DE Technology Prototype Solutions Pvt Ltd (Casting),60.0,0.0,60.0,380.0,22800.0
2025-12-11,UHCTPFGAGO08,3DE Technology Prototype Solutions Pvt Ltd (Casting),60.0,0.0,60.0,380.0,22800.0
2025-12-11,UHCTPFGAGO09,3DE Technology Prototype Solutions Pvt Ltd (Casting),62.0,0.0,62.0,380.0,23560.0
2025-12-11,UHCTPFGAGS11,3DE Technology Prototype Solutions Pvt Ltd (Casting),71.0,0.0,71.0,190.0,13490.0
2025-12-11,UHCTPFGASS10,3DE Technology Prototype Solutions Pvt Ltd (Casting),36.0,0.0,36.0,190.0,6840.0
2025-12-11,UHCTPFGBRGO07,3DE Technology Prototype Solutions Pvt Ltd (Casting),60.0,0.0,60.0,380.0,22800.0
2025-12-11,UHCTPFGBRGO12,3DE Technology Prototype Solutions Pvt Ltd (Casting),36.0,0.0,36.0,380.0,13680.0
2025-12-11,UHCTPFGMGO10,3DE Technology Prototype Solutions Pvt Ltd (Casting),1.0,0.0,1.0,380.0,380.0
2025-12-11,UHCTPFGMGS06,3DE Technology Prototype Solutions Pvt Ltd (Casting),36.0,0.0,36.0,380.0,13680.0
2025-12-11,UHCTPFGRTS14,3DE Technology Prototype Solutions Pvt Ltd (Casting),12.0,0.0,12.0,190.0,2280.0
2025-12-11,UHDEBONDGLUE,Ninth avenue industries pvt ltd,110.0,0.0,110.0,360.0,39600.0
2025-12-11,UHDISLBSS05,HANAV MANUFACTURING AND BUSINESS PRIVATE LIMITED,7.0,0.0,7.0,376.0,2632.0
2025-12-11,UHDISLBSS06,HANAV MANUFACTURING AND BUSINESS PRIVATE LIMITED,15.0,0.0,15.0,376.0,5640.0
2025-12-11,UHDISLBSS07,HANAV MANUFACTURING AND BUSINESS PRIVATE LIMITED,25.0,0.0,25.0,376.0,9400.0
2025-12-11,UHDISLBSS08,HANAV MANUFACTURING AND BUSINESS PRIVATE LIMITED,9.0,0.0,9.0,376.0,3384.0
2025-12-11,UHDISLBSS09,HANAV MANUFACTURING AND BUSINESS PRIVATE LIMITED,20.0,0.0,20.0,376.0,7520.0
2025-12-11,UHPLASIZRS05,ZOEONE INDUSTRIES,2500.0,0.0,2500.0,3.5,8750.0
2025-12-11,UHPLASIZRS06,ZOEONE INDUSTRIES,2500.0,0.0,2500.0,3.5,8750.0
2025-12-11,UHPLASIZRS07,ZOEONE INDUSTRIES,2500.0,0.0,2500.0,3.5,8750.0
2025-12-11,UHPLASIZRS08,ZOEONE INDUSTRIES,2500.0,0.0,2500.0,3.5,8750.0
2025-12-11,UHPLASIZRS09,ZOEONE INDUSTRIES,2500.0,0.0,2500.0,3.5,8750.0
2025-12-11,UHPLASIZRS10,ZOEONE INDUSTRIES,2500.0,0.0,2500.0,3.5,8750.0
2025-12-11,UHPLASIZRS11,ZOEONE INDUSTRIES,2500.0,0.0,2500.0,3.5,8750.0
2025-12-11,UHPLASIZRS12,ZOEONE INDUSTRIES,2500.0,0.0,2500.0,3.5,8750.0
2025-12-11,UHPLASIZRS13,ZOEONE INDUSTRIES,2500.0,0.0,2500.0,3.5,8750.0
2025-12-11,UHPLASIZRS14,ZOEONE INDUSTRIES,2500.0,0.0,2500.0,3.5,8750.0
2025-12-11,UHRDHELETT1,Amazon India PVT LTD,1.0,0.0,1.0,1931.36,1931.36
2025-12-11,UHRING1.62PCBA,SVTRONICS India Private Limited,600.0,0.0,600.0,140.0,84000.0
2025-12-11,UHRING1.62PCBA,Zreyah Semiconductor Systems Pvt. Ltd.,461.0,0.0,461.0,140.0,64540.0
2025-12-12,UHCH2COHOS07,3DE Technology Prototype Solutions Pvt Ltd (Regular Purchase),2000.0,0.0,2000.0,32.0,64000.0
2025-12-12,UHCONSLOC495,Sellex Incorp,100.0,0.0,100.0,450.0,45000.0
2025-12-12,UHDISLBSS07,HANAV MANUFACTURING AND BUSINESS PRIVATE LIMITED,4.0,0.0,4.0,376.0,1504.0
2025-12-12,UHDISLBSS08,HANAV MANUFACTURING AND BUSINESS PRIVATE LIMITED,48.0,0.0,48.0,376.0,18048.0
2025-12-12,UHDISLBSS09,HANAV MANUFACTURING AND BUSINESS PRIVATE LIMITED,29.0,0.0,29.0,376.0,10904.0
2025-12-12,UHDISLBSS10,HANAV MANUFACTURING AND BUSINESS PRIVATE LIMITED,11.0,0.0,11.0,376.0,4136.0
2025-12-12,UHDISLBSS11,HANAV MANUFACTURING AND BUSINESS PRIVATE LIMITED,7.0,0.0,7.0,376.0,2632.0
2025-12-12,UHDISLBSS12,HANAV MANUFACTURING AND BUSINESS PRIVATE LIMITED,10.0,0.0,10.0,376.0,3760.0
2025-12-12,UHDISLBSS13,HANAV MANUFACTURING AND BUSINESS PRIVATE LIMITED,1.0,0.0,1.0,376.0,376.0
2025-12-12,UHRAREPLATINS06,JEWELEX INDIA PRIVATE LIMITED,1.0,0.0,1.0,29058.27,29058.27
2025-12-12,UHRAREPLATINS07,JEWELEX INDIA PRIVATE LIMITED,1.0,0.0,1.0,30356.02,30356.02
2025-12-12,UHRAREPLATINS08,JEWELEX INDIA PRIVATE LIMITED,1.0,0.0,1.0,31342.31,31342.31
2025-12-12,UHRAREPLATINS09,JEWELEX INDIA PRIVATE LIMITED,2.0,0.0,2.0,32925.57,65851.13
2025-12-12,UHRAREPLATINS10,JEWELEX INDIA PRIVATE LIMITED,1.0,0.0,1.0,33211.07,33211.07
2025-12-12,UHRARERSG0LDS06,JEWELEX INDIA PRIVATE LIMITED,1.0,0.0,1.0,36164.56,36164.56
2025-12-12,UHRARERSG0LDS07,JEWELEX INDIA PRIVATE LIMITED,1.0,0.0,1.0,37842.12,37842.12
2025-12-12,UHRARERSG0LDS08,JEWELEX INDIA PRIVATE LIMITED,2.0,0.0,2.0,41493.28,82986.56
2025-12-12,UHRARERSG0LDS09,JEWELEX INDIA PRIVATE LIMITED,1.0,0.0,1.0,42282.72,42282.72
2025-12-12,UHRARERSG0LDS10,JEWELEX INDIA PRIVATE LIMITED,1.0,0.0,1.0,44651.04,44651.04
2025-12-12,UHRAREYLG0LDS06,JEWELEX INDIA PRIVATE LIMITED,1.0,0.0,1.0,33993.6,33993.6
2025-12-12,UHRAREYLG0LDS07,JEWELEX INDIA PRIVATE LIMITED,2.0,0.0,2.0,38187.5,76375.0
2025-12-12,UHRAREYLG0LDS08,JEWELEX INDIA PRIVATE LIMITED,1.0,0.0,1.0,38236.84,38236.84
2025-12-12,UHRAREYLG0LDS09,JEWELEX INDIA PRIVATE LIMITED,1.0,0.0,1.0,40605.16,40605.16
2025-12-12,UHRAREYLG0LDS10,JEWELEX INDIA PRIVATE LIMITED,1.0,0.0,1.0,39124.96,39124.96
2025-12-12,UHRDBLKCHRG,Dongguan dongniu electronic co.ltd,39.0,0.0,39.0,151.96,5926.56
2025-12-12,UHRDCATCHEX,Amazon India PVT LTD,30.0,0.0,30.0,87.81,2634.3
2025-12-12,UHRDPOGPIN1,"Dongguan Mingtan Electronics Co., Ltd",115.0,0.0,115.0,131.76,15152.4
2025-12-12,UHRDPRINGS8,IILA INDUSTRIES (Regular Purchase),320.0,0.0,320.0,200.0,64000.0
2025-12-12,UHRING1.62PCBA,SVTRONICS India Private Limited,1176.0,0.0,1176.0,140.0,164640.0
2025-12-12,UHSWATCHAA,Mudra innovation,10000.0,0.0,10000.0,12.2,122000.0
2025-12-12,UHSWATCHAG,Mudra innovation,10000.0,0.0,10000.0,12.2,122000.0
2025-12-12,UHSWATCHAS,Mudra innovation,10000.0,0.0,10000.0,12.2,122000.0
2025-12-12,UHSWATCHBRG,Mudra innovation,10000.0,0.0,10000.0,18.0,180000.0
2025-12-12,UHSWATCHMG,Mudra innovation,10000.0,0.0,10000.0,12.2,122000.0
2025-12-12,UHSWATCHRT,Mudra innovation,10000.0,0.0,10000.0,12.2,122000.0
2025-12-13,UHC2PCBAREV21,Zreyah Semiconductor Systems Pvt. Ltd.,3959.0,0.0,3959.0,40.0,158360.0
2025-12-13,UHCTPFGAGO05,3DE Technology Prototype Solutions Pvt Ltd (Casting),1.0,0.0,1.0,380.0,380.0
2025-12-13,UHCTPFGAGO09,3DE Technology Prototype Solutions Pvt Ltd (Casting),1.0,0.0,1.0,380.0,380.0
2025-12-13,UHCTPFGASO06,3DE Technology Prototype Solutions Pvt Ltd (Casting),60.0,0.0,60.0,380.0,22800.0
2025-12-13,UHCTPFGMGS11,3DE Technology Prototype Solutions Pvt Ltd (Casting),37.0,0.0,37.0,190.0,7030.0
2025-12-13,UHPLASIZRS05,ZOEONE INDUSTRIES,2500.0,0.0,2500.0,3.5,8750.0
2025-12-13,UHPLASIZRS06,ZOEONE INDUSTRIES,2500.0,0.0,2500.0,3.5,8750.0
2025-12-13,UHPLASIZRS07,ZOEONE INDUSTRIES,2500.0,0.0,2500.0,3.5,8750.0
2025-12-13,UHPLASIZRS08,ZOEONE INDUSTRIES,2500.0,0.0,2500.0,3.5,8750.0
2025-12-13,UHPLASIZRS09,ZOEONE INDUSTRIES,2500.0,0.0,2500.0,3.5,8750.0
2025-12-13,UHPLASIZRS10,ZOEONE INDUSTRIES,2500.0,0.0,2500.0,3.5,8750.0
2025-12-13,UHPLASIZRS11,ZOEONE INDUSTRIES,2500.0,0.0,2500.0,3.5,8750.0
2025-12-13,UHPLASIZRS12,ZOEONE INDUSTRIES,2500.0,0.0,2500.0,3.5,8750.0
2025-12-13,UHPLASIZRS13,ZOEONE INDUSTRIES,2500.0,0.0,2500.0,3.5,8750.0
2025-12-13,UHPLASIZRS14,ZOEONE INDUSTRIES,2500.0,0.0,2500.0,3.5,8750.0
2025-12-13,UHRING1.62PCBA,SVTRONICS India Private Limited,360.0,0.0,360.0,140.0,50400.0
2025-12-13,UHRTCFGS05,IILA INDUSTRIES (RT Conversion),15.0,0.0,15.0,110.0,1650.0
2025-12-13,UHRTCFGS06,IILA INDUSTRIES (RT Conversion),16.0,0.0,16.0,110.0,1760.0
2025-12-13,UHRTCFGS07,IILA INDUSTRIES (RT Conversion),46.0,0.0,46.0,110.0,5060.0
2025-12-13,UHRTCFGS08,IILA INDUSTRIES (RT Conversion),110.0,0.0,110.0,110.0,12100.0
2025-12-13,UHRTCFGS09,IILA INDUSTRIES (RT Conversion),17.0,0.0,17.0,110.0,1870.0
2025-12-13,UHRTCFGS10,IILA INDUSTRIES (RT Conversion),117.0,0.0,117.0,110.0,12870.0
2025-12-13,UHRTCFGS11,IILA INDUSTRIES (RT Conversion),25.0,0.0,25.0,110.0,2750.0
2025-12-13,UHRTCFGS12,IILA INDUSTRIES (RT Conversion),1.0,0.0,1.0,110.0,110.0
2025-12-13,UHRTCFGS13,IILA INDUSTRIES (RT Conversion),16.0,0.0,16.0,110.0,1760.0
2025-12-13,UHRTCFGS14,IILA INDUSTRIES (RT Conversion),8.0,0.0,8.0,110.0,880.0
2025-12-15,UH0.2RT09,METALRIPPER MANUFACTURING,385.0,0.0,385.0,285.0,109725.0
2025-12-15,UHBOTTOMPADS,Radha labels and printers,27000.0,0.0,27000.0,4.95,133650.0
2025-12-15,UHC2PCBAREV21,Zreyah Semiconductor Systems Pvt. Ltd.,2700.0,0.0,2700.0,40.0,108000.0
2025-12-15,UHC3TRANTOPS05,ZOEONE INDUSTRIES,2000.0,0.0,2000.0,12.0,24000.0
2025-12-15,UHC3TRANTOPS06,ZOEONE INDUSTRIES,2000.0,0.0,2000.0,12.0,24000.0
2025-12-15,UHC3TRANTOPS07,ZOEONE INDUSTRIES,2000.0,0.0,2000.0,12.0,24000.0
2025-12-15,UHC3TRANTOPS08,ZOEONE INDUSTRIES,2000.0,0.0,2000.0,12.0,24000.0
2025-12-15,UHCH2COHOS06,3DE Technology Prototype Solutions Pvt Ltd (Regular Purchase),600.0,0.0,600.0,32.0,19200.0
2025-12-15,UHCH2COHOS07,3DE Technology Prototype Solutions Pvt Ltd (Regular Purchase),400.0,0.0,400.0,32.0,12800.0
2025-12-15,UHCTPFGAGO06,3DE Technology Prototype Solutions Pvt Ltd (Casting),110.0,0.0,110.0,380.0,41800.0
2025-12-15,UHCTPFGAGO07,3DE Technology Prototype Solutions Pvt Ltd (Casting),100.0,0.0,100.0,380.0,38000.0
2025-12-15,UHCTPFGAGO08,3DE Technology Prototype Solutions Pvt Ltd (Casting),90.0,0.0,90.0,380.0,34200.0
2025-12-15,UHCTPFGAGO09,3DE Technology Prototype Solutions Pvt Ltd (Casting),32.0,0.0,32.0,380.0,12160.0
2025-12-15,UHCTPFGASS07,3DE Technology Prototype Solutions Pvt Ltd (Casting),47.0,0.0,47.0,380.0,17860.0
2025-12-15,UHCTPFGASS08,3DE Technology Prototype Solutions Pvt Ltd (Casting),40.0,0.0,40.0,190.0,7600.0
2025-12-15,UHCTPFGASS09,3DE Technology Prototype Solutions Pvt Ltd (Casting),39.0,0.0,39.0,380.0,14820.0
2025-12-15,UHCTPFGASS10,3DE Technology Prototype Solutions Pvt Ltd (Casting),35.0,0.0,35.0,190.0,6650.0
2025-12-15,UHCTPFGBRGO06,3DE Technology Prototype Solutions Pvt Ltd (Casting),56.0,0.0,56.0,380.0,21280.0
2025-12-15,UHCTPFGBRGO08,3DE Technology Prototype Solutions Pvt Ltd (Casting),43.0,0.0,43.0,380.0,16340.0
2025-12-15,UHCTPFGMGS08,3DE Technology Prototype Solutions Pvt Ltd (Casting),37.0,0.0,37.0,190.0,7030.0
2025-12-15,UHCTPFGRTS10,3DE Technology Prototype Solutions Pvt Ltd (Casting),32.0,0.0,32.0,190.0,6080.0
2025-12-15,UHCTPFGRTS11,3DE Technology Prototype Solutions Pvt Ltd (Casting),50.0,0.0,50.0,190.0,9500.0
2025-12-15,UHCTPFGRTS12,3DE Technology Prototype Solutions Pvt Ltd (Casting),3.0,0.0,3.0,380.0,1140.0
2025-12-15,UHDCHARGER3.1,Zreyah Semiconductor Systems Pvt. Ltd.,10.0,0.0,10.0,820.0,8200.0
2025-12-15,UHDISLBSS07,HANAV MANUFACTURING AND BUSINESS PRIVATE LIMITED,5.0,0.0,5.0,376.0,1880.0
2025-12-15,UHDISLBSS08,HANAV MANUFACTURING AND BUSINESS PRIVATE LIMITED,10.0,0.0,10.0,376.0,3760.0
2025-12-15,UHDISLBSS09,HANAV MANUFACTURING AND BUSINESS PRIVATE LIMITED,11.0,0.0,11.0,376.0,4136.0
2025-12-15,UHDISLBSS10,HANAV MANUFACTURING AND BUSINESS PRIVATE LIMITED,5.0,0.0,5.0,376.0,1880.0
2025-12-15,UHDISLBSS11,HANAV MANUFACTURING AND BUSINESS PRIVATE LIMITED,18.0,0.0,18.0,376.0,6768.0
2025-12-15,UHDISLBSS12,HANAV MANUFACTURING AND BUSINESS PRIVATE LIMITED,23.0,0.0,23.0,376.0,8648.0
2025-12-15,UHDISLBSS13,HANAV MANUFACTURING AND BUSINESS PRIVATE LIMITED,5.0,0.0,5.0,376.0,1880.0
2025-12-15,UHPLASIZRS05,ZOEONE INDUSTRIES,2500.0,0.0,2500.0,3.5,8750.0
2025-12-15,UHPLASIZRS06,ZOEONE INDUSTRIES,2500.0,0.0,2500.0,3.5,8750.0
2025-12-15,UHPLASIZRS07,ZOEONE INDUSTRIES,2500.0,0.0,2500.0,3.5,8750.0
2025-12-15,UHPLASIZRS08,ZOEONE INDUSTRIES,2500.0,0.0,2500.0,3.5,8750.0
2025-12-15,UHPLASIZRS09,ZOEONE INDUSTRIES,2500.0,0.0,2500.0,3.5,8750.0
2025-12-15,UHPLASIZRS10,ZOEONE INDUSTRIES,2500.0,0.0,2500.0,3.5,8750.0
2025-12-15,UHPLASIZRS11,ZOEONE INDUSTRIES,2500.0,0.0,2500.0,3.5,8750.0
2025-12-15,UHPLASIZRS12,ZOEONE INDUSTRIES,2500.0,0.0,2500.0,3.5,8750.0
2025-12-15,UHPLASIZRS13,ZOEONE INDUSTRIES,2500.0,0.0,2500.0,3.5,8750.0
2025-12-15,UHPLASIZRS14,ZOEONE INDUSTRIES,2500.0,0.0,2500.0,3.5,8750.0
2025-12-15,UHRDASM3055,Nordson India Private Limited,1.0,0.0,1.0,1946.0,1946.0
2025-12-15,UHRDDISPENS,Nordson India Private Limited,1.0,0.0,1.0,245326.0,245326.0
2025-12-15,UHRDKITOBRL,Nordson India Private Limited,1.0,0.0,1.0,7512.0,7512.0
2025-12-15,UHRDNPM1300,MILLENNIUM SEMICONDUCTORS INDIA PRIVATE LIMITED,50.0,0.0,50.0,0.0,0.0
2025-12-15,UHRDPRCR162,WITGAIN TECHNOLOGY LIMITED,12000.0,0.0,12000.0,149.33,1791936.0
2025-12-15,UHRDPTFECOT,Nordson India Private Limited,4.0,0.0,4.0,4774.0,19096.0
2025-12-15,UHRDSCHOFIC,Amazon India PVT LTD,4.0,0.0,4.0,231.91,927.64
2025-12-15,UHRDSTSMIC2,J C GUPTA & SONS,100.0,0.0,100.0,15.27,1527.0
2025-12-15,UHRDTIP27GA,Nordson India Private Limited,1.0,0.0,1.0,41445.0,41445.0
2025-12-15,UHRING1.62PCBA,SVTRONICS India Private Limited,850.0,0.0,850.0,140.0,119000.0
2025-12-15,UHRW0.3MGS07,Oerlikon balzers coating india pvt ltd,500.0,0.0,500.0,207.0,103500.0
2025-12-16,UHCH2COHOS07,3DE Technology Prototype Solutions Pvt Ltd (Regular Purchase),1100.0,0.0,1100.0,32.0,35200.0
2025-12-16,UHCH2COHOS08,3DE Technology Prototype Solutions Pvt Ltd (Regular Purchase),700.0,0.0,700.0,32.0,22400.0
2025-12-16,UHCHARTOPS07,Aaru Plastics,300.0,0.0,300.0,34.0,10200.0
2025-12-16,UHCHARTOPS08,Aaru Plastics,700.0,0.0,700.0,34.0,23800.0
2025-12-16,UHCHARTOPS09,Aaru Plastics,800.0,0.0,800.0,34.0,27200.0
2025-12-16,UHCHARTOPS12,Aaru Plastics,100.0,0.0,100.0,34.0,3400.0
2025-12-16,UHCONSCOTNWASTE,GMK industries,100.0,0.0,100.0,125.0,12500.0
2025-12-16,UHCTPFGAAO09,3DE Technology Prototype Solutions Pvt Ltd (Casting),1.0,0.0,1.0,380.0,380.0
2025-12-16,UHCTPFGAAS06,3DE Technology Prototype Solutions Pvt Ltd (Casting),73.0,0.0,73.0,190.0,13870.0
2025-12-16,UHCTPFGAAS07,3DE Technology Prototype Solutions Pvt Ltd (Casting),84.0,0.0,84.0,380.0,31920.0
2025-12-16,UHCTPFGAGO05,3DE Technology Prototype Solutions Pvt Ltd (Casting),1.0,0.0,1.0,380.0,380.0
2025-12-16,UHCTPFGAGO06,3DE Technology Prototype Solutions Pvt Ltd (Casting),62.0,0.0,62.0,380.0,23560.0
2025-12-16,UHCTPFGAGO07,3DE Technology Prototype Solutions Pvt Ltd (Casting),63.0,0.0,63.0,380.0,23940.0
2025-12-16,UHCTPFGAGO08,3DE Technology Prototype Solutions Pvt Ltd (Casting),28.0,0.0,28.0,380.0,10640.0
2025-12-16,UHCTPFGAGO09,3DE Technology Prototype Solutions Pvt Ltd (Casting),28.0,0.0,28.0,380.0,10640.0
2025-12-16,UHCTPFGAGS11,3DE Technology Prototype Solutions Pvt Ltd (Casting),16.0,0.0,16.0,190.0,3040.0
2025-12-16,UHCTPFGASO06,3DE Technology Prototype Solutions Pvt Ltd (Casting),117.0,0.0,117.0,380.0,44460.0
2025-12-16,UHCTPFGASS07,3DE Technology Prototype Solutions Pvt Ltd (Casting),171.0,0.0,171.0,380.0,64980.0
2025-12-16,UHCTPFGASS08,3DE Technology Prototype Solutions Pvt Ltd (Casting),20.0,0.0,20.0,190.0,3800.0
2025-12-16,UHCTPFGASS09,3DE Technology Prototype Solutions Pvt Ltd (Casting),20.0,0.0,20.0,380.0,7600.0
2025-12-16,UHCTPFGASS10,3DE Technology Prototype Solutions Pvt Ltd (Casting),61.0,0.0,61.0,190.0,11590.0
2025-12-16,UHCTPFGASS11,3DE Technology Prototype Solutions Pvt Ltd (Casting),1.0,0.0,1.0,190.0,190.0
2025-12-16,UHCTPFGBRGO06,3DE Technology Prototype Solutions Pvt Ltd (Casting),89.0,0.0,89.0,380.0,33820.0
2025-12-16,UHCTPFGBRGO08,3DE Technology Prototype Solutions Pvt Ltd (Casting),17.0,0.0,17.0,380.0,6460.0
2025-12-16,UHCTPFGMGS08,3DE Technology Prototype Solutions Pvt Ltd (Casting),21.0,0.0,21.0,190.0,3990.0
2025-12-16,UHCTPFGMGS11,3DE Technology Prototype Solutions Pvt Ltd (Casting),1.0,0.0,1.0,190.0,190.0
2025-12-16,UHCTPFGMGS12,3DE Technology Prototype Solutions Pvt Ltd (Casting),29.0,0.0,29.0,190.0,5510.0
2025-12-16,UHCTPFGRTS10,3DE Technology Prototype Solutions Pvt Ltd (Casting),28.0,0.0,28.0,190.0,5320.0
2025-12-16,UHCTPFGRTS11,3DE Technology Prototype Solutions Pvt Ltd (Casting),10.0,0.0,10.0,190.0,1900.0
2025-12-16,UHCTPFGRTS12,3DE Technology Prototype Solutions Pvt Ltd (Casting),57.0,0.0,57.0,380.0,21660.0
2025-12-16,UHDCHARGER3.1,Zreyah Semiconductor Systems Pvt. Ltd.,18.0,0.0,18.0,820.0,14760.0
2025-12-16,UHDISLBSS07,HANAV MANUFACTURING AND BUSINESS PRIVATE LIMITED,50.0,0.0,50.0,376.0,18800.0
2025-12-16,UHDISLBSS08,HANAV MANUFACTURING AND BUSINESS PRIVATE LIMITED,50.0,0.0,50.0,376.0,18800.0
2025-12-16,UHDISLBSS09,HANAV MANUFACTURING AND BUSINESS PRIVATE LIMITED,36.0,0.0,36.0,376.0,13536.0
2025-12-16,UHRAREPLATINS06,JEWELEX INDIA PRIVATE LIMITED,3.0,0.0,3.0,29840.0,89520.0
2025-12-16,UHRAREPLATINS07,JEWELEX INDIA PRIVATE LIMITED,4.0,0.0,4.0,30165.75,120663.0
2025-12-16,UHRAREPLATINS08,JEWELEX INDIA PRIVATE LIMITED,4.0,0.0,4.0,32373.5,129494.0
2025-12-16,UHRAREPLATINS09,JEWELEX INDIA PRIVATE LIMITED,4.0,0.0,4.0,33564.25,134257.0
2025-12-16,UHRAREPLATINS10,JEWELEX INDIA PRIVATE LIMITED,4.0,0.0,4.0,35865.5,143462.0
2025-12-16,UHRAREYLG0LDS06,JEWELEX INDIA PRIVATE LIMITED,3.0,0.0,3.0,37061.67,111185.0
2025-12-16,UHRAREYLG0LDS07,JEWELEX INDIA PRIVATE LIMITED,4.0,0.0,4.0,38587.5,154350.0
2025-12-16,UHRAREYLG0LDS08,JEWELEX INDIA PRIVATE LIMITED,3.0,0.0,3.0,38295.67,114887.0
2025-12-16,UHRAREYLG0LDS09,JEWELEX INDIA PRIVATE LIMITED,3.0,0.0,3.0,39929.67,119789.0
2025-12-16,UHRAREYLG0LDS10,JEWELEX INDIA PRIVATE LIMITED,1.0,0.0,1.0,40563.0,40563.0
2025-12-16,UHRAREYLG0LDS11,JEWELEX INDIA PRIVATE LIMITED,1.0,0.0,1.0,48466.0,48466.0
2025-12-16,UHRD01UFX7R,AGILE TRADE SOLUTIONS,165000.0,0.0,165000.0,0.38,62700.0
2025-12-16,UHRDELECT20,Aarthi Electronics,100.0,0.0,100.0,6.0,600.0
2025-12-16,UHRDGRM225D,AGILE TRADE SOLUTIONS,25000.0,5000.0,20000.0,6.22,124400.0
2025-12-16,UHRDIGPMS07,METALRIPPER MANUFACTURING,30.0,0.0,30.0,550.0,16500.0
2025-12-16,UHRDIGPMS08,METALRIPPER MANUFACTURING,60.0,0.0,60.0,500.0,30000.0
2025-12-16,UHRDIRNGS14,IILA INDUSTRIES (Regular Purchase),15.0,0.0,15.0,200.0,3000.0
2025-12-16,UHRDPCBFLEX,PCB POWER (INDIA) LIMITED,40.0,0.0,40.0,70.0,2800.0
2025-12-16,UHRDPCLENS1,NOA Labs (Shenzhen) Ltd.,100.0,0.0,100.0,764.21,76420.8
2025-12-16,UHRDPOLISHG,IILA INDUSTRIES (Regular Purchase),9.0,0.0,9.0,200.0,1800.0
2025-12-16,UHRDPOSCAWI,Amazon India PVT LTD,20.0,0.0,20.0,105.85,2117.0
2025-12-16,UHRDPRINGS5 ,IILA INDUSTRIES (Regular Purchase),11.0,0.0,11.0,200.0,2200.0
2025-12-16,UHRDRPCCTPD,NOA Labs (Shenzhen) Ltd.,1000.0,0.0,1000.0,89.6,89596.8
2025-12-16,UHRDSMD0201,AGILE TRADE SOLUTIONS,90000.0,0.0,90000.0,5.7,513000.0
2025-12-16,UHRING1.62PCBA,SVTRONICS India Private Limited,606.0,0.0,606.0,140.0,84840.0
2025-12-16,UHRING1.62PCBA,Zreyah Semiconductor Systems Pvt. Ltd.,1008.0,0.0,1008.0,140.0,141120.0
2025-12-17,UH0.2AA12,Oerlikon balzers coating india pvt ltd,200.0,0.0,200.0,234.0,46800.0
2025-12-17,UH0.2RT09,METALRIPPER MANUFACTURING,418.0,0.0,418.0,285.0,119130.0
2025-12-17,UHC3LASERTOPS07,Aaru Plastics,593.0,0.0,593.0,28.0,16604.0
2025-12-17,UHC3LASERTOPS08,Aaru Plastics,1500.0,0.0,1500.0,28.0,42000.0
2025-12-17,UHCONSACRYSML,LAMARIONS LASER,5000.0,0.0,5000.0,11.0,55000.0
2025-12-17,UHCTPFGAAO09,3DE Technology Prototype Solutions Pvt Ltd (Casting),39.0,0.0,39.0,380.0,14820.0
2025-12-17,UHCTPFGAAS05,3DE Technology Prototype Solutions Pvt Ltd (Casting),2.0,0.0,2.0,380.0,760.0
2025-12-17,UHCTPFGAAS06,3DE Technology Prototype Solutions Pvt Ltd (Casting),21.0,0.0,21.0,190.0,3990.0
2025-12-17,UHCTPFGAAS07,3DE Technology Prototype Solutions Pvt Ltd (Casting),34.0,0.0,34.0,380.0,12920.0
2025-12-17,UHCTPFGAAS08,3DE Technology Prototype Solutions Pvt Ltd (Casting),15.0,0.0,15.0,380.0,5700.0
2025-12-17,UHCTPFGAAS12,3DE Technology Prototype Solutions Pvt Ltd (Casting),41.0,0.0,41.0,190.0,7790.0
2025-12-17,UHCTPFGAGO05,3DE Technology Prototype Solutions Pvt Ltd (Casting),53.0,0.0,53.0,380.0,20140.0
2025-12-17,UHCTPFGAGO06,3DE Technology Prototype Solutions Pvt Ltd (Casting),6.0,0.0,6.0,380.0,2280.0
2025-12-17,UHCTPFGAGO07,3DE Technology Prototype Solutions Pvt Ltd (Casting),15.0,0.0,15.0,380.0,5700.0
2025-12-17,UHCTPFGAGO08,3DE Technology Prototype Solutions Pvt Ltd (Casting),30.0,0.0,30.0,380.0,11400.0
2025-12-17,UHCTPFGAGO09,3DE Technology Prototype Solutions Pvt Ltd (Casting),39.0,0.0,39.0,380.0,14820.0
2025-12-17,UHCTPFGAGS11,3DE Technology Prototype Solutions Pvt Ltd (Casting),85.0,0.0,85.0,190.0,16150.0
2025-12-17,UHCTPFGASO06,3DE Technology Prototype Solutions Pvt Ltd (Casting),26.0,0.0,26.0,380.0,9880.0
2025-12-17,UHCTPFGASS07,3DE Technology Prototype Solutions Pvt Ltd (Casting),55.0,0.0,55.0,380.0,20900.0
2025-12-17,UHCTPFGASS08,3DE Technology Prototype Solutions Pvt Ltd (Casting),31.0,0.0,31.0,190.0,5890.0
2025-12-17,UHCTPFGASS09,3DE Technology Prototype Solutions Pvt Ltd (Casting),18.0,0.0,18.0,380.0,6840.0
2025-12-17,UHCTPFGASS10,3DE Technology Prototype Solutions Pvt Ltd (Casting),23.0,0.0,23.0,190.0,4370.0
2025-12-17,UHCTPFGASS11,3DE Technology Prototype Solutions Pvt Ltd (Casting),54.0,0.0,54.0,190.0,10260.0
2025-12-17,UHCTPFGASS12,3DE Technology Prototype Solutions Pvt Ltd (Casting),19.0,0.0,19.0,190.0,3610.0
2025-12-17,UHCTPFGBRGO06,3DE Technology Prototype Solutions Pvt Ltd (Casting),9.0,0.0,9.0,380.0,3420.0
2025-12-17,UHCTPFGMGO09,3DE Technology Prototype Solutions Pvt Ltd (Casting),1.0,0.0,1.0,380.0,380.0
2025-12-17,UHCTPFGMGO10,3DE Technology Prototype Solutions Pvt Ltd (Casting),35.0,0.0,35.0,380.0,13300.0
2025-12-17,UHCTPFGMGS08,3DE Technology Prototype Solutions Pvt Ltd (Casting),2.0,0.0,2.0,190.0,380.0
2025-12-17,UHCTPFGMGS11,3DE Technology Prototype Solutions Pvt Ltd (Casting),35.0,0.0,35.0,190.0,6650.0
2025-12-17,UHCTPFGMGS12,3DE Technology Prototype Solutions Pvt Ltd (Casting),7.0,0.0,7.0,190.0,1330.0
2025-12-17,UHCTPFGRTS10,3DE Technology Prototype Solutions Pvt Ltd (Casting),169.0,0.0,169.0,190.0,32110.0
2025-12-17,UHCTPFGRTS11,3DE Technology Prototype Solutions Pvt Ltd (Casting),53.0,0.0,53.0,190.0,10070.0
2025-12-17,UHCTPFGRTS12,3DE Technology Prototype Solutions Pvt Ltd (Casting),93.0,0.0,93.0,380.0,35340.0
2025-12-17,UHDCHARGER3.1,Zreyah Semiconductor Systems Pvt. Ltd.,18.0,0.0,18.0,820.0,14760.0
2025-12-17,UHDISLMRS05,HANAV MANUFACTURING AND BUSINESS PRIVATE LIMITED,3.0,0.0,3.0,4306.0,12918.0
2025-12-17,UHDISLMRS06,HANAV MANUFACTURING AND BUSINESS PRIVATE LIMITED,3.0,0.0,3.0,4306.0,12918.0
2025-12-17,UHDISLMRS07,HANAV MANUFACTURING AND BUSINESS PRIVATE LIMITED,3.0,0.0,3.0,4306.0,12918.0
2025-12-17,UHDISLMRS08,HANAV MANUFACTURING AND BUSINESS PRIVATE LIMITED,3.0,0.0,3.0,4306.0,12918.0
2025-12-17,UHDISLMRS09,HANAV MANUFACTURING AND BUSINESS PRIVATE LIMITED,3.0,0.0,3.0,4306.0,12918.0
2025-12-17,UHDISLMRS10,HANAV MANUFACTURING AND BUSINESS PRIVATE LIMITED,3.0,0.0,3.0,4306.0,12918.0
2025-12-17,UHDISLMRS11,HANAV MANUFACTURING AND BUSINESS PRIVATE LIMITED,3.0,0.0,3.0,4306.0,12918.0
2025-12-17,UHDISLMRS12,HANAV MANUFACTURING AND BUSINESS PRIVATE LIMITED,3.0,0.0,3.0,4306.0,12918.0
2025-12-17,UHDISLMRS13,HANAV MANUFACTURING AND BUSINESS PRIVATE LIMITED,3.0,0.0,3.0,4306.0,12918.0
2025-12-17,UHDISLMRS14,HANAV MANUFACTURING AND BUSINESS PRIVATE LIMITED,3.0,0.0,3.0,4306.0,12918.0
2025-12-17,UHPLASIZRS05,ZOEONE INDUSTRIES,2500.0,0.0,2500.0,3.5,8750.0
2025-12-17,UHPLASIZRS06,ZOEONE INDUSTRIES,2500.0,0.0,2500.0,3.5,8750.0
2025-12-17,UHPLASIZRS07,ZOEONE INDUSTRIES,2500.0,0.0,2500.0,3.5,8750.0
2025-12-17,UHPLASIZRS08,ZOEONE INDUSTRIES,2500.0,0.0,2500.0,3.5,8750.0
2025-12-17,UHPLASIZRS09,ZOEONE INDUSTRIES,2500.0,0.0,2500.0,3.5,8750.0
2025-12-17,UHPLASIZRS10,ZOEONE INDUSTRIES,2500.0,0.0,2500.0,3.5,8750.0
2025-12-17,UHPLASIZRS11,ZOEONE INDUSTRIES,2500.0,0.0,2500.0,3.5,8750.0
2025-12-17,UHPLASIZRS12,ZOEONE INDUSTRIES,2500.0,0.0,2500.0,3.5,8750.0
2025-12-17,UHPLASIZRS13,ZOEONE INDUSTRIES,2500.0,0.0,2500.0,3.5,8750.0
2025-12-17,UHPLASIZRS14,ZOEONE INDUSTRIES,2500.0,0.0,2500.0,3.5,8750.0
2025-12-17,UHRDALMTRAY,Reliable office supplies,100.0,0.0,100.0,4.5,450.0
2025-12-17,UHRDDIY4CRF,Amazon India PVT LTD,1.0,0.0,1.0,1872.88,1872.88
2025-12-17,UHRDPOSCAWI,Amazon India PVT LTD,10.0,0.0,10.0,105.85,1058.5
2025-12-17,UHRDPROSHEL,Oerlikon balzers coating india pvt ltd,25.0,0.0,25.0,3000.0,75000.0
2025-12-17,UHRDQCSTICK,Amazon India PVT LTD,4.0,0.0,4.0,194.07,776.28
2025-12-17,UHRDRINGCLIP,ZAHIR DAMASO MANUFACTURING L.L.C,50.0,0.0,50.0,7.0,350.0
2025-12-17,UHRING1.62PCBA,SVTRONICS India Private Limited,603.0,0.0,603.0,140.0,84420.0
2025-12-17,UHRING1.62PCBA,Zreyah Semiconductor Systems Pvt. Ltd.,300.0,0.0,300.0,140.0,42000.0
2025-12-17,UHSTFACEMASK,Reliable office supplies,100.0,0.0,100.0,3.3,330.0
2025-12-18,UH0.2MIRROR08,HANAV MANUFACTURING AND BUSINESS PRIVATE LIMITED,1457.0,0.0,1457.0,530.0,772210.0
2025-12-18,UH0.2MIRROR10,HANAV MANUFACTURING AND BUSINESS PRIVATE LIMITED,32.0,0.0,32.0,530.0,16960.0
2025-12-18,UH0.2MIRROR11,HANAV MANUFACTURING AND BUSINESS PRIVATE LIMITED,967.0,0.0,967.0,530.0,512510.0
2025-12-18,UH0.2MIRROR12,HANAV MANUFACTURING AND BUSINESS PRIVATE LIMITED,144.0,0.0,144.0,530.0,76320.0
2025-12-18,UHCH2COHOS09,3DE Technology Prototype Solutions Pvt Ltd (Regular Purchase),1000.0,0.0,1000.0,32.0,32000.0
2025-12-18,UHCHA2BASS08,HANAV MANUFACTURING AND BUSINESS PRIVATE LIMITED,1008.0,0.0,1008.0,250.0,252000.0
2025-12-18,UHCTPFGAAO09,3DE Technology Prototype Solutions Pvt Ltd (Casting),69.0,0.0,69.0,380.0,26220.0
2025-12-18,UHCTPFGAAO10,3DE Technology Prototype Solutions Pvt Ltd (Casting),3.0,0.0,3.0,380.0,1140.0
2025-12-18,UHCTPFGAAS06,3DE Technology Prototype Solutions Pvt Ltd (Casting),2.0,0.0,2.0,190.0,380.0
2025-12-18,UHCTPFGAAS07,3DE Technology Prototype Solutions Pvt Ltd (Casting),2.0,0.0,2.0,380.0,760.0
2025-12-18,UHCTPFGAAS08,3DE Technology Prototype Solutions Pvt Ltd (Casting),45.0,0.0,45.0,380.0,17100.0
2025-12-18,UHCTPFGAAS09,3DE Technology Prototype Solutions Pvt Ltd (Casting),4.0,0.0,4.0,380.0,1520.0
2025-12-18,UHCTPFGAAS12,3DE Technology Prototype Solutions Pvt Ltd (Casting),16.0,0.0,16.0,190.0,3040.0
2025-12-18,UHCTPFGAGO05,3DE Technology Prototype Solutions Pvt Ltd (Casting),6.0,0.0,6.0,380.0,2280.0
2025-12-18,UHCTPFGAGO06,3DE Technology Prototype Solutions Pvt Ltd (Casting),164.0,0.0,164.0,380.0,62320.0
2025-12-18,UHCTPFGAGO07,3DE Technology Prototype Solutions Pvt Ltd (Casting),178.0,0.0,178.0,380.0,67640.0
2025-12-18,UHCTPFGAGO08,3DE Technology Prototype Solutions Pvt Ltd (Casting),39.0,0.0,39.0,380.0,14820.0
2025-12-18,UHCTPFGAGO09,3DE Technology Prototype Solutions Pvt Ltd (Casting),20.0,0.0,20.0,380.0,7600.0
2025-12-18,UHCTPFGAGS11,3DE Technology Prototype Solutions Pvt Ltd (Casting),8.0,0.0,8.0,190.0,1520.0
2025-12-18,UHCTPFGASO06,3DE Technology Prototype Solutions Pvt Ltd (Casting),53.0,0.0,53.0,380.0,20140.0
2025-12-18,UHCTPFGASS07,3DE Technology Prototype Solutions Pvt Ltd (Casting),2.0,0.0,2.0,380.0,760.0
2025-12-18,UHCTPFGASS08,3DE Technology Prototype Solutions Pvt Ltd (Casting),80.0,0.0,80.0,190.0,15200.0
2025-12-18,UHCTPFGASS09,3DE Technology Prototype Solutions Pvt Ltd (Casting),40.0,0.0,40.0,380.0,15200.0
2025-12-18,UHCTPFGASS10,3DE Technology Prototype Solutions Pvt Ltd (Casting),1.0,0.0,1.0,190.0,190.0
2025-12-18,UHCTPFGASS11,3DE Technology Prototype Solutions Pvt Ltd (Casting),5.0,0.0,5.0,190.0,950.0
2025-12-18,UHCTPFGASS12,3DE Technology Prototype Solutions Pvt Ltd (Casting),4.0,0.0,4.0,190.0,760.0
2025-12-18,UHCTPFGBRGO06,3DE Technology Prototype Solutions Pvt Ltd (Casting),2.0,0.0,2.0,380.0,760.0
2025-12-18,UHCTPFGMGO10,3DE Technology Prototype Solutions Pvt Ltd (Casting),1.0,0.0,1.0,380.0,380.0
2025-12-18,UHCTPFGMGS11,3DE Technology Prototype Solutions Pvt Ltd (Casting),12.0,0.0,12.0,190.0,2280.0
2025-12-18,UHCTPFGMGS12,3DE Technology Prototype Solutions Pvt Ltd (Casting),12.0,0.0,12.0,190.0,2280.0
2025-12-18,UHCTPFGRTS10,3DE Technology Prototype Solutions Pvt Ltd (Casting),9.0,0.0,9.0,190.0,1710.0
2025-12-18,UHCTPFGRTS11,3DE Technology Prototype Solutions Pvt Ltd (Casting),5.0,0.0,5.0,190.0,950.0
2025-12-18,UHCTPFGRTS12,3DE Technology Prototype Solutions Pvt Ltd (Casting),32.0,0.0,32.0,380.0,12160.0
2025-12-18,UHRDIGPMS06,METALRIPPER MANUFACTURING,20.0,0.0,20.0,550.0,11000.0
2025-12-18,UHRDIGPMS09,METALRIPPER MANUFACTURING,57.0,0.0,57.0,500.0,28500.0
2025-12-18,UHRDIGPMS10,METALRIPPER MANUFACTURING,20.0,0.0,20.0,550.0,11000.0
2025-12-18,UHRDIGPMS11,METALRIPPER MANUFACTURING,20.0,0.0,20.0,550.0,11000.0
2025-12-18,UHRDIGPMS12,METALRIPPER MANUFACTURING,10.0,0.0,10.0,600.0,6000.0
2025-12-18,UHRDIGPMS13,METALRIPPER MANUFACTURING,10.0,0.0,10.0,600.0,6000.0
2025-12-18,UHRDnRF54LM20REV1,Zreyah Semiconductor Systems Pvt. Ltd.,12.0,0.0,12.0,2172.0,26064.0
2025-12-18,UHRDROBUSTT,Amazon India PVT LTD,1.0,0.0,1.0,143.22,143.22
2025-12-18,UHRDSAFETY1,Amazon India PVT LTD,10.0,0.0,10.0,130.71,1307.1
2025-12-18,UHRDTIALLOY,NOA Labs (Shenzhen) Ltd.,10.0,0.0,10.0,2424.38,24243.84
2025-12-18,UHRING1.62PCBA,SVTRONICS India Private Limited,805.0,0.0,805.0,140.0,112700.0
2025-12-18,UHRING1.62PCBA,Zreyah Semiconductor Systems Pvt. Ltd.,600.0,0.0,600.0,140.0,84000.0
2025-12-18,UH_RING_PRO_REV3_2,Zreyah Semiconductor Systems Pvt. Ltd.,6.0,0.0,6.0,680.0,4080.0
2025-12-19,UHC2PCBAREV21,Zreyah Semiconductor Systems Pvt. Ltd.,1920.0,0.0,1920.0,40.0,76800.0
2025-12-19,UHCTPFGAAO09,3DE Technology Prototype Solutions Pvt Ltd (Casting),11.0,0.0,11.0,380.0,4180.0
2025-12-19,UHCTPFGAAO10,3DE Technology Prototype Solutions Pvt Ltd (Casting),57.0,0.0,57.0,380.0,21660.0
2025-12-19,UHCTPFGAAS05,3DE Technology Prototype Solutions Pvt Ltd (Casting),20.0,0.0,20.0,380.0,7600.0
2025-12-19,UHCTPFGAAS09,3DE Technology Prototype Solutions Pvt Ltd (Casting),56.0,0.0,56.0,380.0,21280.0
2025-12-19,UHCTPFGAAS12,3DE Technology Prototype Solutions Pvt Ltd (Casting),3.0,0.0,3.0,190.0,570.0
2025-12-19,UHCTPFGAGO05,3DE Technology Prototype Solutions Pvt Ltd (Casting),57.0,0.0,57.0,380.0,21660.0
2025-12-19,UHCTPFGAGO06,3DE Technology Prototype Solutions Pvt Ltd (Casting),193.0,0.0,193.0,380.0,73340.0
2025-12-19,UHCTPFGAGO07,3DE Technology Prototype Solutions Pvt Ltd (Casting),183.0,0.0,183.0,380.0,69540.0
2025-12-19,UHCTPFGAGO08,3DE Technology Prototype Solutions Pvt Ltd (Casting),229.0,0.0,229.0,380.0,87020.0
2025-12-19,UHCTPFGAGO09,3DE Technology Prototype Solutions Pvt Ltd (Casting),1.0,0.0,1.0,380.0,380.0
2025-12-19,UHCTPFGASO06,3DE Technology Prototype Solutions Pvt Ltd (Casting),8.0,0.0,8.0,380.0,3040.0
2025-12-19,UHCTPFGASS07,3DE Technology Prototype Solutions Pvt Ltd (Casting),1.0,0.0,1.0,380.0,380.0
2025-12-19,UHCTPFGASS08,3DE Technology Prototype Solutions Pvt Ltd (Casting),9.0,0.0,9.0,190.0,1710.0
2025-12-19,UHCTPFGASS09,3DE Technology Prototype Solutions Pvt Ltd (Casting),2.0,0.0,2.0,380.0,760.0
2025-12-19,UHCTPFGASS12,3DE Technology Prototype Solutions Pvt Ltd (Casting),1.0,0.0,1.0,190.0,190.0
2025-12-19,UHCTPFGMGS11,3DE Technology Prototype Solutions Pvt Ltd (Casting),1.0,0.0,1.0,190.0,190.0
2025-12-19,UHCTPFGRTS10,3DE Technology Prototype Solutions Pvt Ltd (Casting),2.0,0.0,2.0,190.0,380.0
2025-12-19,UHCTPFGRTS11,3DE Technology Prototype Solutions Pvt Ltd (Casting),2.0,0.0,2.0,190.0,380.0
2025-12-19,UHCTPFGRTS12,3DE Technology Prototype Solutions Pvt Ltd (Casting),8.0,0.0,8.0,380.0,3040.0
2025-12-19,UHCTPFGRTS13,3DE Technology Prototype Solutions Pvt Ltd (Casting),12.0,0.0,12.0,380.0,4560.0
2025-12-19,UHRDDURCELL,Amazon India PVT LTD,2.0,0.0,2.0,399.73,799.46
2025-12-19,UHRDE13BB01,MOUSER ELECTRONIC,1000.0,0.0,1000.0,2.2,2196.0
2025-12-19,UHRDFREEMAN,Amazon India PVT LTD,1.0,0.0,1.0,189.84,189.84
2025-12-19,UHRDGOYOJO1,Amazon India PVT LTD,1.0,0.0,1.0,6452.54,6452.54
2025-12-19,UHRDN2B02EL,MOUSER ELECTRONIC,1000.0,0.0,1000.0,6.94,6939.36
2025-12-19,UHRDRIANZSC,Amazon India PVT LTD,2.0,0.0,2.0,119.49,238.98
2025-12-19,UHRDRINGR31,NOA Labs (Shenzhen) Ltd.,308.0,0.0,308.0,288.64,88901.81
2025-12-19,UHRING1.62PCBA,Zreyah Semiconductor Systems Pvt. Ltd.,1500.0,0.0,1500.0,140.0,210000.0
2025-12-19,UH_RING_PRO_REV3_2,Zreyah Semiconductor Systems Pvt. Ltd.,88.0,0.0,88.0,680.0,59840.0
2025-12-19,UHRTCFGS07,IILA INDUSTRIES (RT Conversion),113.0,0.0,113.0,110.0,12430.0
2025-12-19,UHRTCFGS08,IILA INDUSTRIES (RT Conversion),146.0,0.0,146.0,110.0,16060.0
2025-12-19,UHRTCFGS09,IILA INDUSTRIES (RT Conversion),135.0,0.0,135.0,110.0,14850.0
2025-12-19,UHRTCFGS10,IILA INDUSTRIES (RT Conversion),46.0,0.0,46.0,110.0,5060.0
2025-12-19,UHRTCFGS11,IILA INDUSTRIES (RT Conversion),55.0,0.0,55.0,110.0,6050.0
2025-12-19,UHRTCFGS12,IILA INDUSTRIES (RT Conversion),27.0,0.0,27.0,110.0,2970.0
2025-12-19,UHRTCFGS13,IILA INDUSTRIES (RT Conversion),9.0,0.0,9.0,110.0,990.0
2025-12-19,UHRTCFGS14,IILA INDUSTRIES (RT Conversion),11.0,0.0,11.0,110.0,1210.0
2025-12-19,UHSTZIPLOCK3X4,Reliable office supplies,50000.0,0.0,50000.0,0.3,15000.0
2025-12-20,UHCH2COHOS09,3DE Technology Prototype Solutions Pvt Ltd (Regular Purchase),500.0,0.0,500.0,32.0,16000.0
2025-12-20,UHCHARTOPS08,Aaru Plastics,2000.0,0.0,2000.0,34.0,68000.0
2025-12-20,UHCTPFGAAO10,3DE Technology Prototype Solutions Pvt Ltd (Casting),36.0,0.0,36.0,380.0,13680.0
2025-12-20,UHCTPFGAAS05,3DE Technology Prototype Solutions Pvt Ltd (Casting),2.0,0.0,2.0,380.0,760.0
2025-12-20,UHCTPFGAAS07,3DE Technology Prototype Solutions Pvt Ltd (Casting),22.0,0.0,22.0,380.0,8360.0
2025-12-20,UHCTPFGAAS09,3DE Technology Prototype Solutions Pvt Ltd (Casting),43.0,0.0,43.0,380.0,16340.0
2025-12-20,UHCTPFGAAS12,3DE Technology Prototype Solutions Pvt Ltd (Casting),33.0,0.0,33.0,190.0,6270.0
2025-12-20,UHCTPFGAGO05,3DE Technology Prototype Solutions Pvt Ltd (Casting),3.0,0.0,3.0,380.0,1140.0
2025-12-20,UHCTPFGAGO06,3DE Technology Prototype Solutions Pvt Ltd (Casting),4.0,0.0,4.0,380.0,1520.0
2025-12-20,UHCTPFGAGO07,3DE Technology Prototype Solutions Pvt Ltd (Casting),119.0,0.0,119.0,380.0,45220.0
2025-12-20,UHCTPFGAGO08,3DE Technology Prototype Solutions Pvt Ltd (Casting),117.0,0.0,117.0,380.0,44460.0
2025-12-20,UHCTPFGAGS05,3DE Technology Prototype Solutions Pvt Ltd (Casting),59.0,0.0,59.0,380.0,22420.0
2025-12-20,UHCTPFGAGS11,3DE Technology Prototype Solutions Pvt Ltd (Casting),36.0,0.0,36.0,190.0,6840.0
2025-12-20,UHCTPFGASO05,3DE Technology Prototype Solutions Pvt Ltd (Casting),60.0,0.0,60.0,380.0,22800.0
2025-12-20,UHCTPFGASS09,3DE Technology Prototype Solutions Pvt Ltd (Casting),1.0,0.0,1.0,380.0,380.0
2025-12-20,UHCTPFGRTS12,3DE Technology Prototype Solutions Pvt Ltd (Casting),1.0,0.0,1.0,380.0,380.0
2025-12-20,UHDCHARGER3.1,Zreyah Semiconductor Systems Pvt. Ltd.,84.0,0.0,84.0,820.0,68880.0
2025-12-20,UHPLASIZRS05,ZOEONE INDUSTRIES,2500.0,0.0,2500.0,3.5,8750.0
2025-12-20,UHPLASIZRS06,ZOEONE INDUSTRIES,2500.0,0.0,2500.0,3.5,8750.0
2025-12-20,UHPLASIZRS07,ZOEONE INDUSTRIES,2500.0,0.0,2500.0,3.5,8750.0
2025-12-20,UHPLASIZRS08,ZOEONE INDUSTRIES,2500.0,0.0,2500.0,3.5,8750.0
2025-12-20,UHPLASIZRS09,ZOEONE INDUSTRIES,2500.0,0.0,2500.0,3.5,8750.0
2025-12-20,UHPLASIZRS10,ZOEONE INDUSTRIES,2500.0,0.0,2500.0,3.5,8750.0
2025-12-20,UHPLASIZRS11,ZOEONE INDUSTRIES,2500.0,0.0,2500.0,3.5,8750.0
2025-12-20,UHPLASIZRS12,ZOEONE INDUSTRIES,2500.0,0.0,2500.0,3.5,8750.0
2025-12-20,UHPLASIZRS13,ZOEONE INDUSTRIES,2500.0,0.0,2500.0,3.5,8750.0
2025-12-20,UHPLASIZRS14,ZOEONE INDUSTRIES,2500.0,0.0,2500.0,3.5,8750.0
2025-12-20,UHRDIGPMS05,METALRIPPER MANUFACTURING,10.0,0.0,10.0,600.0,6000.0
2025-12-20,UHRDIGPMS14,METALRIPPER MANUFACTURING,10.0,0.0,10.0,600.0,6000.0
2025-12-20,UHRING1.62PCBA,Zreyah Semiconductor Systems Pvt. Ltd.,2273.0,0.0,2273.0,140.0,318220.0
2025-12-20,UH_RING_PRO_REV3_2,Zreyah Semiconductor Systems Pvt. Ltd.,6.0,0.0,6.0,680.0,4080.0
2025-12-20,UHRTCFGS05,IILA INDUSTRIES (RT Conversion),39.0,0.0,39.0,110.0,4290.0
2025-12-20,UHRTCFGS06,IILA INDUSTRIES (RT Conversion),218.0,0.0,218.0,110.0,23980.0
2025-12-20,UHRTCFGS07,IILA INDUSTRIES (RT Conversion),2.0,0.0,2.0,110.0,220.0
2025-12-20,UHRTCFGS08,IILA INDUSTRIES (RT Conversion),107.0,0.0,107.0,110.0,11770.0
2025-12-20,UHRTCFGS09,IILA INDUSTRIES (RT Conversion),4.0,0.0,4.0,110.0,440.0
2025-12-22,UHBRUSBCABLE,"HONGKONG PENGLIAN ELECTRONICS CO.,LIMITED",10000.0,0.0,10000.0,68.52,685152.0
2025-12-22,UHC2INDU6.8UH,AGILE TRADE SOLUTIONS,30000.0,0.0,30000.0,16.9,507000.0
2025-12-22,UHC3LASERTOPS07,Aaru Plastics,300.0,0.0,300.0,28.0,8400.0
2025-12-22,UHCTPFGAAS07,3DE Technology Prototype Solutions Pvt Ltd (Casting),1.0,0.0,1.0,380.0,380.0
2025-12-22,UHCTPFGAAS09,3DE Technology Prototype Solutions Pvt Ltd (Casting),5.0,0.0,5.0,380.0,1900.0
2025-12-22,UHCTPFGAAS12,3DE Technology Prototype Solutions Pvt Ltd (Casting),15.0,0.0,15.0,190.0,2850.0
2025-12-22,UHCTPFGAGO06,3DE Technology Prototype Solutions Pvt Ltd (Casting),51.0,0.0,51.0,380.0,19380.0
2025-12-22,UHCTPFGAGO07,3DE Technology Prototype Solutions Pvt Ltd (Casting),114.0,0.0,114.0,380.0,43320.0
2025-12-22,UHCTPFGAGO08,3DE Technology Prototype Solutions Pvt Ltd (Casting),63.0,0.0,63.0,380.0,23940.0
2025-12-22,UHCTPFGAGO09,3DE Technology Prototype Solutions Pvt Ltd (Casting),36.0,0.0,36.0,380.0,13680.0
2025-12-22,UHCTPFGAGS05,3DE Technology Prototype Solutions Pvt Ltd (Casting),1.0,0.0,1.0,380.0,380.0
2025-12-22,UHCTPFGAGS11,3DE Technology Prototype Solutions Pvt Ltd (Casting),11.0,0.0,11.0,190.0,2090.0
2025-12-22,UHCTPFGBRGO07,3DE Technology Prototype Solutions Pvt Ltd (Casting),33.0,0.0,33.0,380.0,12540.0
2025-12-22,UHCTPFGBRGO08,3DE Technology Prototype Solutions Pvt Ltd (Casting),33.0,0.0,33.0,380.0,12540.0
2025-12-22,UHCTPFGBRGO09,3DE Technology Prototype Solutions Pvt Ltd (Casting),9.0,0.0,9.0,380.0,3420.0
2025-12-22,UHCTPFGMGO10,3DE Technology Prototype Solutions Pvt Ltd (Casting),126.0,0.0,126.0,380.0,47880.0
2025-12-22,UHCTPFGMGS08,3DE Technology Prototype Solutions Pvt Ltd (Casting),38.0,0.0,38.0,190.0,7220.0
2025-12-22,UHCTPFGMGS11,3DE Technology Prototype Solutions Pvt Ltd (Casting),68.0,0.0,68.0,190.0,12920.0
2025-12-22,UHCTPFGMGS12,3DE Technology Prototype Solutions Pvt Ltd (Casting),16.0,0.0,16.0,190.0,3040.0
2025-12-22,UHCTPFGMGS13,3DE Technology Prototype Solutions Pvt Ltd (Casting),16.0,0.0,16.0,190.0,3040.0
2025-12-22,UHCTPFGMGS14,3DE Technology Prototype Solutions Pvt Ltd (Casting),2.0,0.0,2.0,190.0,380.0
2025-12-22,UHCTPFGRTS13,3DE Technology Prototype Solutions Pvt Ltd (Casting),3.0,0.0,3.0,380.0,1140.0
2025-12-22,UHDEBONDGLUE,Ninth avenue industries pvt ltd,200.0,0.0,200.0,360.0,72000.0
2025-12-22,UHMAGCABLE,"HONGKONG PENGLIAN ELECTRONICS CO.,LIMITED",7500.0,0.0,7500.0,184.46,1383480.0
2025-12-22,UHPLASIZRS05,ZOEONE INDUSTRIES,2500.0,0.0,2500.0,3.5,8750.0
2025-12-22,UHPLASIZRS06,ZOEONE INDUSTRIES,2500.0,0.0,2500.0,3.5,8750.0
2025-12-22,UHPLASIZRS07,ZOEONE INDUSTRIES,2500.0,0.0,2500.0,3.5,8750.0
2025-12-22,UHPLASIZRS08,ZOEONE INDUSTRIES,2500.0,0.0,2500.0,3.5,8750.0
2025-12-22,UHPLASIZRS09,ZOEONE INDUSTRIES,2500.0,0.0,2500.0,3.5,8750.0
2025-12-22,UHPLASIZRS10,ZOEONE INDUSTRIES,2500.0,0.0,2500.0,3.5,8750.0
2025-12-22,UHPLASIZRS11,ZOEONE INDUSTRIES,2500.0,0.0,2500.0,3.5,8750.0
2025-12-22,UHPLASIZRS12,ZOEONE INDUSTRIES,2500.0,0.0,2500.0,3.5,8750.0
2025-12-22,UHPLASIZRS13,ZOEONE INDUSTRIES,2500.0,0.0,2500.0,3.5,8750.0
2025-12-22,UHPLASIZRS14,ZOEONE INDUSTRIES,2500.0,0.0,2500.0,3.5,8750.0
2025-12-22,UHRARERSG0LDS06,JEWELEX INDIA PRIVATE LIMITED,3.0,0.0,3.0,36428.0,109284.0
2025-12-22,UHRARERSG0LDS07,JEWELEX INDIA PRIVATE LIMITED,4.0,0.0,4.0,37212.0,148848.0
2025-12-22,UHRARERSG0LDS08,JEWELEX INDIA PRIVATE LIMITED,5.0,0.0,5.0,41443.6,207218.0
2025-12-22,UHRARERSG0LDS09,JEWELEX INDIA PRIVATE LIMITED,4.0,0.0,4.0,43414.5,173658.0
2025-12-22,UHRARERSG0LDS10,JEWELEX INDIA PRIVATE LIMITED,3.0,0.0,3.0,43731.33,131194.0
2025-12-22,UHRAREYLG0LDS10,JEWELEX INDIA PRIVATE LIMITED,1.0,0.0,1.0,48967.0,48967.0
2025-12-22,UHRD3PINFLAT,Aarthi Electronics,6.0,0.0,6.0,60.0,360.0
2025-12-22,UHRDELYSIAN,Amazon India PVT LTD,2.0,0.0,2.0,461.86,923.72
2025-12-22,UHRDESDBRSH,Aarthi Electronics,100.0,0.0,100.0,95.0,9500.0
2025-12-22,UHRDIRNGS10,IILA INDUSTRIES (Regular Purchase),16.0,0.0,16.0,200.0,3200.0
2025-12-22,UHRDISC12*15,ONLY SCREWS,10.0,0.0,10.0,7.6,76.0
2025-12-22,UHRDKROST17,Aarthi Electronics,1.0,0.0,1.0,475.0,475.0
2025-12-22,UHRDPOLISHG,IILA INDUSTRIES (Regular Purchase),14.0,0.0,14.0,200.0,2800.0
2025-12-22,UHRDRV2605L,Adafruit Industries LLC,3.0,0.0,3.0,698.33,2094.98
2025-12-22,UHRDSCALE12,Amazon India PVT LTD,1.0,0.0,1.0,263.56,263.56
2025-12-22,UHRING1.62PCBA,SVTRONICS India Private Limited,1320.0,0.0,1320.0,140.0,184800.0
2025-12-22,UHRING1.62PCBA,Zreyah Semiconductor Systems Pvt. Ltd.,1521.0,0.0,1521.0,140.0,212940.0
2025-12-22,UHSWATCHAA,Mudra innovation,10000.0,0.0,10000.0,12.2,122000.0
2025-12-22,UHSWATCHAG,Mudra innovation,10000.0,0.0,10000.0,12.2,122000.0
2025-12-22,UHSWATCHAS,Mudra innovation,10000.0,0.0,10000.0,12.2,122000.0
2025-12-22,UHSWATCHBRG,Mudra innovation,10000.0,0.0,10000.0,18.0,180000.0
2025-12-22,UHSWATCHMG,Mudra innovation,10000.0,0.0,10000.0,12.2,122000.0
2025-12-22,UHSWATCHRT,Mudra innovation,10000.0,0.0,10000.0,12.2,122000.0
2025-12-23,UHC2PCBAREV21,PODRAIN ELECTRONICS PRIVATE LIMITED,4000.0,0.0,4000.0,35.0,140000.0
2025-12-23,UHC2RES0OM42,SEMISEARCH TECHNOLOGIES PRIVATE LIMITED,80000.0,0.0,80000.0,0.11,8800.0
2025-12-23,UHC2RES27OHM,SEMISEARCH TECHNOLOGIES PRIVATE LIMITED,50000.0,0.0,50000.0,0.25,12500.0
2025-12-23,UHCH2COHOS09,3DE Technology Prototype Solutions Pvt Ltd (Regular Purchase),500.0,0.0,500.0,32.0,16000.0
2025-12-23,UHCTPFGAAO10,3DE Technology Prototype Solutions Pvt Ltd (Casting),61.0,0.0,61.0,380.0,23180.0
2025-12-23,UHCTPFGAAS07,3DE Technology Prototype Solutions Pvt Ltd (Casting),1.0,0.0,1.0,380.0,380.0
2025-12-23,UHCTPFGAGO06,3DE Technology Prototype Solutions Pvt Ltd (Casting),104.0,0.0,104.0,380.0,39520.0
2025-12-23,UHCTPFGAGO07,3DE Technology Prototype Solutions Pvt Ltd (Casting),117.0,0.0,117.0,380.0,44460.0
2025-12-23,UHCTPFGAGO08,3DE Technology Prototype Solutions Pvt Ltd (Casting),275.0,0.0,275.0,380.0,104500.0
2025-12-23,UHCTPFGAGO09,3DE Technology Prototype Solutions Pvt Ltd (Casting),69.0,0.0,69.0,380.0,26220.0
2025-12-23,UHCTPFGAGS11,3DE Technology Prototype Solutions Pvt Ltd (Casting),1.0,0.0,1.0,190.0,190.0
2025-12-23,UHCTPFGAGS14,3DE Technology Prototype Solutions Pvt Ltd (Casting),1.0,0.0,1.0,380.0,380.0
2025-12-23,UHCTPFGASS07,3DE Technology Prototype Solutions Pvt Ltd (Casting),52.0,0.0,52.0,380.0,19760.0
2025-12-23,UHCTPFGASS08,3DE Technology Prototype Solutions Pvt Ltd (Casting),52.0,0.0,52.0,190.0,9880.0
2025-12-23,UHCTPFGBRGO06,3DE Technology Prototype Solutions Pvt Ltd (Casting),94.0,0.0,94.0,380.0,35720.0
2025-12-23,UHCTPFGBRGO07,3DE Technology Prototype Solutions Pvt Ltd (Casting),115.0,0.0,115.0,380.0,43700.0
2025-12-23,UHCTPFGBRGO08,3DE Technology Prototype Solutions Pvt Ltd (Casting),49.0,0.0,49.0,380.0,18620.0
2025-12-23,UHCTPFGBRGO09,3DE Technology Prototype Solutions Pvt Ltd (Casting),2.0,0.0,2.0,380.0,760.0
2025-12-23,UHCTPFGMGO10,3DE Technology Prototype Solutions Pvt Ltd (Casting),75.0,0.0,75.0,380.0,28500.0
2025-12-23,UHCTPFGMGS08,3DE Technology Prototype Solutions Pvt Ltd (Casting),10.0,0.0,10.0,190.0,1900.0
2025-12-23,UHCTPFGMGS11,3DE Technology Prototype Solutions Pvt Ltd (Casting),60.0,0.0,60.0,190.0,11400.0
2025-12-23,UHCTPFGMGS12,3DE Technology Prototype Solutions Pvt Ltd (Casting),17.0,0.0,17.0,190.0,3230.0
2025-12-23,UHCTPFGMGS13,3DE Technology Prototype Solutions Pvt Ltd (Casting),30.0,0.0,30.0,190.0,5700.0
2025-12-23,UHCTPFGMGS14,3DE Technology Prototype Solutions Pvt Ltd (Casting),9.0,0.0,9.0,190.0,1710.0
2025-12-23,UHCTPFGRTS13,3DE Technology Prototype Solutions Pvt Ltd (Casting),9.0,0.0,9.0,380.0,3420.0
2025-12-23,UHRARERSG0LDS05,JEWELEX INDIA PRIVATE LIMITED,1.0,0.0,1.0,33427.79,33427.79
2025-12-23,UHRAREYLG0LDS05,JEWELEX INDIA PRIVATE LIMITED,1.0,0.0,1.0,38907.21,38907.21
2025-12-23,UHRDMAGNET1,Amazon India PVT LTD,5.0,0.0,5.0,902.54,4512.7
2025-12-23,UHRDSOLDER2,Amazon India PVT LTD,3.0,0.0,3.0,2308.6,6925.8
2025-12-23,UHRDVADABAI,Amazon India PVT LTD,3.0,0.0,3.0,250.0,750.0
2025-12-23,UHRESSTA10MO,SEMISEARCH TECHNOLOGIES PRIVATE LIMITED,50000.0,0.0,50000.0,34.5,1725000.0
2025-12-23,UHRESYAG0OHM,SEMISEARCH TECHNOLOGIES PRIVATE LIMITED,25000.0,0.0,25000.0,0.3,7500.0
2025-12-23,UHRESYAG22KO,SEMISEARCH TECHNOLOGIES PRIVATE LIMITED,50000.0,0.0,50000.0,0.29,14500.0
2025-12-23,UHRESYAG22MO,SEMISEARCH TECHNOLOGIES PRIVATE LIMITED,25000.0,0.0,25000.0,5.95,148750.0
2025-12-23,UHRESYAG22OH,SEMISEARCH TECHNOLOGIES PRIVATE LIMITED,30000.0,0.0,30000.0,0.43,12900.0
2025-12-23,UHRESYAG27KO,SEMISEARCH TECHNOLOGIES PRIVATE LIMITED,30000.0,0.0,30000.0,0.29,8700.0
2025-12-23,UHRESYAG47KO,SEMISEARCH TECHNOLOGIES PRIVATE LIMITED,30000.0,0.0,30000.0,0.29,8700.0
2025-12-23,UHRING1.62PCBA,SVTRONICS India Private Limited,1332.0,0.0,1332.0,140.0,186480.0
2025-12-23,UHRING1.62PCBA,Zreyah Semiconductor Systems Pvt. Ltd.,1004.0,0.0,1004.0,140.0,140560.0
2025-12-23,UHRTCFGS10,IILA INDUSTRIES (RT Conversion),1.0,0.0,1.0,110.0,110.0
2025-12-23,UHSTFACEMASK,Reliable office supplies,500.0,0.0,500.0,2.5,1250.0
2025-12-23,UHSTNANFILE,Reliable office supplies,10.0,0.0,10.0,90.0,900.0
2025-12-24,UH0.2AA12,Oerlikon balzers coating india pvt ltd,300.0,0.0,300.0,234.0,70200.0
2025-12-24,UH0.2MIRROR06,HANAV MANUFACTURING AND BUSINESS PRIVATE LIMITED,544.0,0.0,544.0,530.0,288320.0
2025-12-24,UH0.2MIRROR09,HANAV MANUFACTURING AND BUSINESS PRIVATE LIMITED,540.0,0.0,540.0,530.0,286200.0
2025-12-24,UH0.2MIRROR11,HANAV MANUFACTURING AND BUSINESS PRIVATE LIMITED,200.0,0.0,200.0,530.0,106000.0
2025-12-24,UH0.2MIRROR12,HANAV MANUFACTURING AND BUSINESS PRIVATE LIMITED,699.0,0.0,699.0,530.0,370470.0
2025-12-24,UH0.2MIRROR13,HANAV MANUFACTURING AND BUSINESS PRIVATE LIMITED,500.0,0.0,500.0,530.0,265000.0
2025-12-24,UH0.2MIRROR14,HANAV MANUFACTURING AND BUSINESS PRIVATE LIMITED,117.0,0.0,117.0,530.0,62010.0
2025-12-24,UHC2FB30OM1L,Avnet Asia Pte Ltd,72000.0,0.0,72000.0,0.85,61347.46
2025-12-24,UHC2FFCCN4P,Avnet Asia Pte Ltd,96000.0,0.0,96000.0,10.54,1011916.8
2025-12-24,UHC2INDU6.8UH,Avnet Asia Pte Ltd,78000.0,0.0,78000.0,8.13,633765.6
2025-12-24,UHC2PCBAREV21,PODRAIN ELECTRONICS PRIVATE LIMITED,3000.0,0.0,3000.0,35.0,105000.0
2025-12-24,UHC3LASERTOPS05,Aaru Plastics,1000.0,0.0,1000.0,28.0,28000.0
2025-12-24,UHC3LASERTOPS06,Aaru Plastics,500.0,0.0,500.0,28.0,14000.0
2025-12-24,UHCAPMUR047F,Avnet Asia Pte Ltd,75000.0,0.0,75000.0,0.12,9223.2
2025-12-24,UHCAPMUR220F,Avnet Asia Pte Ltd,60000.0,0.0,60000.0,0.18,10540.8
2025-12-24,UHCAPMUR820F,Avnet Asia Pte Ltd,45000.0,0.0,45000.0,0.1,4348.08
2025-12-24,UHCHA2BASS07,Aaru Plastics,1000.0,0.0,1000.0,235.0,235000.0
2025-12-24,UHCHA2BASS08,Aaru Plastics,1000.0,0.0,1000.0,235.0,235000.0
2025-12-24,UHCONSNTRLGLOV,Reliable office supplies,400.0,0.0,400.0,200.0,80000.0
2025-12-24,UHCTPFGAAO10,3DE Technology Prototype Solutions Pvt Ltd (Casting),70.0,0.0,70.0,380.0,26600.0
2025-12-24,UHCTPFGAAS09,3DE Technology Prototype Solutions Pvt Ltd (Casting),59.0,0.0,59.0,380.0,22420.0
2025-12-24,UHCTPFGAAS09-T1.62,3DE Technology Prototype Solutions Pvt Ltd (Casting),2.0,0.0,2.0,380.0,760.0
2025-12-24,UHCTPFGAAS11,3DE Technology Prototype Solutions Pvt Ltd (Casting),60.0,0.0,60.0,190.0,11400.0
2025-12-24,UHCTPFGAGO06,3DE Technology Prototype Solutions Pvt Ltd (Casting),25.0,0.0,25.0,380.0,9500.0
2025-12-24,UHCTPFGAGO07,3DE Technology Prototype Solutions Pvt Ltd (Casting),430.0,0.0,430.0,380.0,163400.0
2025-12-24,UHCTPFGAGO08,3DE Technology Prototype Solutions Pvt Ltd (Casting),320.0,0.0,320.0,380.0,121600.0
2025-12-24,UHCTPFGAGO09,3DE Technology Prototype Solutions Pvt Ltd (Casting),135.0,0.0,135.0,380.0,51300.0
2025-12-24,UHCTPFGAGS14,3DE Technology Prototype Solutions Pvt Ltd (Casting),35.0,0.0,35.0,380.0,13300.0
2025-12-24,UHCTPFGASS05,3DE Technology Prototype Solutions Pvt Ltd (Casting),24.0,0.0,24.0,380.0,9120.0
2025-12-24,UHCTPFGASS07,3DE Technology Prototype Solutions Pvt Ltd (Casting),128.0,0.0,128.0,380.0,48640.0
2025-12-24,UHCTPFGASS08,3DE Technology Prototype Solutions Pvt Ltd (Casting),8.0,0.0,8.0,190.0,1520.0
2025-12-24,UHCTPFGASS09,3DE Technology Prototype Solutions Pvt Ltd (Casting),60.0,0.0,60.0,380.0,22800.0
2025-12-24,UHCTPFGASS10,3DE Technology Prototype Solutions Pvt Ltd (Casting),36.0,0.0,36.0,190.0,6840.0
2025-12-24,UHCTPFGASS11,3DE Technology Prototype Solutions Pvt Ltd (Casting),48.0,0.0,48.0,190.0,9120.0
2025-12-24,UHCTPFGASS12,3DE Technology Prototype Solutions Pvt Ltd (Casting),24.0,0.0,24.0,190.0,4560.0
2025-12-24,UHCTPFGBRGO06,3DE Technology Prototype Solutions Pvt Ltd (Casting),26.0,0.0,26.0,380.0,9880.0
2025-12-24,UHCTPFGBRGO07,3DE Technology Prototype Solutions Pvt Ltd (Casting),8.0,0.0,8.0,380.0,3040.0
2025-12-24,UHCTPFGBRGO08,3DE Technology Prototype Solutions Pvt Ltd (Casting),14.0,0.0,14.0,380.0,5320.0
2025-12-24,UHCTPFGBRGO09,3DE Technology Prototype Solutions Pvt Ltd (Casting),61.0,0.0,61.0,380.0,23180.0
2025-12-24,UHCTPFGMGO10,3DE Technology Prototype Solutions Pvt Ltd (Casting),15.0,0.0,15.0,380.0,5700.0
2025-12-24,UHCTPFGMGS11,3DE Technology Prototype Solutions Pvt Ltd (Casting),27.0,0.0,27.0,190.0,5130.0
2025-12-24,UHCTPFGMGS12,3DE Technology Prototype Solutions Pvt Ltd (Casting),3.0,0.0,3.0,190.0,570.0
2025-12-24,UHCTPFGMGS13,3DE Technology Prototype Solutions Pvt Ltd (Casting),2.0,0.0,2.0,190.0,380.0
2025-12-24,UHCTPFGMGS14,3DE Technology Prototype Solutions Pvt Ltd (Casting),1.0,0.0,1.0,190.0,190.0
2025-12-24,UHCTPFGRTO09,3DE Technology Prototype Solutions Pvt Ltd (Casting),59.0,0.0,59.0,380.0,22420.0
2025-12-24,UHCTPFGRTS10,3DE Technology Prototype Solutions Pvt Ltd (Casting),111.0,0.0,111.0,190.0,21090.0
2025-12-24,UHCTPFGRTS11,3DE Technology Prototype Solutions Pvt Ltd (Casting),86.0,0.0,86.0,190.0,16340.0
2025-12-24,UHCTPFGRTS12,3DE Technology Prototype Solutions Pvt Ltd (Casting),76.0,0.0,76.0,380.0,28880.0
2025-12-24,UHCTPFGRTS13,3DE Technology Prototype Solutions Pvt Ltd (Casting),24.0,0.0,24.0,380.0,9120.0
2025-12-24,UHINDMUR1OUH,Avnet Asia Pte Ltd,60000.0,0.0,60000.0,3.86,231370.56
2025-12-24,UHLROODALVR,OODA INDUSTRIAL PRODUCTS,15000.0,0.0,15000.0,8.35,125250.0
2025-12-24,UHPRINTBATPCB,Suprabha ColorGrafix Private Limited,36250.0,0.0,36250.0,1.0,36250.0
2025-12-24,UHRDBOTPLST,"YongChangXing International (HK), LTD",500.0,0.0,500.0,21.96,10980.0
2025-12-24,UHRDPLSTSAM,"YongChangXing International (HK), LTD",500.0,0.0,500.0,21.96,10980.0
2025-12-24,UHRDPRCR162,Fast turn PCB,15000.0,0.0,15000.0,140.54,2108160.0
2025-12-24,UHRDSIT32KC,Avnet Asia Pte Ltd,38000.0,0.0,38000.0,39.53,1502064.0
2025-12-24,UHRESPAN01KO,Avnet Asia Pte Ltd,60000.0,0.0,60000.0,0.18,10540.8
2025-12-24,UHRESPAN1MOH,Avnet Asia Pte Ltd,120000.0,0.0,120000.0,0.18,21081.6
2025-12-24,UHRESPAN47KO,Avnet Asia Pte Ltd,180000.0,0.0,180000.0,0.26,47433.6
2025-12-24,UHRSOODALVR,OODA INDUSTRIAL PRODUCTS,30000.0,0.0,30000.0,9.82,294600.0
2025-12-26,UHBANIANGLOVE,AARAA INDUSTRIAL SUPPLIER,2200.0,1000.0,1200.0,8.3,9960.0
2025-12-26,UHC2PCBAREV21,Zreyah Semiconductor Systems Pvt. Ltd.,2100.0,0.0,2100.0,40.0,84000.0
2025-12-26,UHCHA2BASS08,HANAV MANUFACTURING AND BUSINESS PRIVATE LIMITED,1008.0,0.0,1008.0,250.0,252000.0
2025-12-26,UHPLASIZRS05,ZOEONE INDUSTRIES,3000.0,0.0,3000.0,3.5,10500.0
2025-12-26,UHPLASIZRS06,ZOEONE INDUSTRIES,3000.0,0.0,3000.0,3.5,10500.0
2025-12-26,UHPLASIZRS07,ZOEONE INDUSTRIES,3000.0,0.0,3000.0,3.5,10500.0
2025-12-26,UHPLASIZRS08,ZOEONE INDUSTRIES,3000.0,0.0,3000.0,3.5,10500.0
2025-12-26,UHPLASIZRS09,ZOEONE INDUSTRIES,3000.0,0.0,3000.0,3.5,10500.0
2025-12-26,UHPLASIZRS10,ZOEONE INDUSTRIES,3000.0,0.0,3000.0,3.5,10500.0
2025-12-26,UHPLASIZRS11,ZOEONE INDUSTRIES,3000.0,0.0,3000.0,3.5,10500.0
2025-12-26,UHPLASIZRS12,ZOEONE INDUSTRIES,3000.0,0.0,3000.0,3.5,10500.0
2025-12-26,UHPLASIZRS13,ZOEONE INDUSTRIES,3000.0,0.0,3000.0,3.5,10500.0
2025-12-26,UHPLASIZRS14,ZOEONE INDUSTRIES,3000.0,0.0,3000.0,3.5,10500.0
2025-12-26,UHRDGILSON1,Amazon India PVT LTD,1.0,0.0,1.0,309.32,309.32
2025-12-26,UHRDUHCHBAS,NOA Labs (Shenzhen) Ltd.,240.0,0.0,240.0,606.1,145463.04
2025-12-26,UHRDUHCHBUT,NOA Labs (Shenzhen) Ltd.,240.0,0.0,240.0,21.96,5270.4
2025-12-26,UHRDUHCHTOP,NOA Labs (Shenzhen) Ltd.,240.0,0.0,240.0,922.32,221356.8
2025-12-26,UHRESVIS10OH,"Swift Electrocomp Solutions Pvt Ltd.,",50000.0,0.0,50000.0,0.3,15000.0
2025-12-26,UHRESYAG074O,"Swift Electrocomp Solutions Pvt Ltd.,",50000.0,0.0,50000.0,0.85,42500.0
2025-12-27,UHBRUSBCABLE,"HONGKONG PENGLIAN ELECTRONICS CO.,LIMITED",20000.0,0.0,20000.0,68.52,1370304.0
2025-12-27,UHCHA2BASS09,Aaru Plastics,1000.0,0.0,1000.0,235.0,235000.0
2025-12-27,UHCHA2BASS10,Aaru Plastics,1000.0,0.0,1000.0,235.0,235000.0
2025-12-27,UHCHA2BASS11,Aaru Plastics,1000.0,0.0,1000.0,235.0,235000.0
2025-12-27,UHCTPFGAAO10,3DE Technology Prototype Solutions Pvt Ltd (Casting),41.0,0.0,41.0,380.0,15580.0
2025-12-27,UHCTPFGAAO13,3DE Technology Prototype Solutions Pvt Ltd (Casting),7.0,0.0,7.0,380.0,2660.0
2025-12-27,UHCTPFGAAS05,3DE Technology Prototype Solutions Pvt Ltd (Casting),3.0,0.0,3.0,380.0,1140.0
2025-12-27,UHCTPFGAAS07,3DE Technology Prototype Solutions Pvt Ltd (Casting),12.0,0.0,12.0,380.0,4560.0
2025-12-27,UHCTPFGAAS09,3DE Technology Prototype Solutions Pvt Ltd (Casting),45.0,0.0,45.0,380.0,17100.0
2025-12-27,UHCTPFGAAS11,3DE Technology Prototype Solutions Pvt Ltd (Casting),1.0,0.0,1.0,190.0,190.0
2025-12-27,UHCTPFGAAS12,3DE Technology Prototype Solutions Pvt Ltd (Casting),20.0,0.0,20.0,190.0,3800.0
2025-12-27,UHCTPFGAGO06,3DE Technology Prototype Solutions Pvt Ltd (Casting),240.0,0.0,240.0,380.0,91200.0
2025-12-27,UHCTPFGAGO07,3DE Technology Prototype Solutions Pvt Ltd (Casting),225.0,0.0,225.0,380.0,85500.0
2025-12-27,UHCTPFGAGO08,3DE Technology Prototype Solutions Pvt Ltd (Casting),366.0,0.0,366.0,380.0,139080.0
2025-12-27,UHCTPFGAGO09,3DE Technology Prototype Solutions Pvt Ltd (Casting),397.0,0.0,397.0,380.0,150860.0
2025-12-27,UHCTPFGASO06,3DE Technology Prototype Solutions Pvt Ltd (Casting),94.0,0.0,94.0,380.0,35720.0
2025-12-27,UHCTPFGASO07,3DE Technology Prototype Solutions Pvt Ltd (Casting),79.0,0.0,79.0,380.0,30020.0
2025-12-27,UHCTPFGASO09,3DE Technology Prototype Solutions Pvt Ltd (Casting),28.0,0.0,28.0,380.0,10640.0
2025-12-27,UHCTPFGASO10,3DE Technology Prototype Solutions Pvt Ltd (Casting),144.0,0.0,144.0,380.0,54720.0
2025-12-27,UHCTPFGASS07,3DE Technology Prototype Solutions Pvt Ltd (Casting),118.0,0.0,118.0,380.0,44840.0
2025-12-27,UHCTPFGASS08,3DE Technology Prototype Solutions Pvt Ltd (Casting),59.0,0.0,59.0,190.0,11210.0
2025-12-27,UHCTPFGASS12,3DE Technology Prototype Solutions Pvt Ltd (Casting),5.0,0.0,5.0,190.0,950.0
2025-12-27,UHCTPFGBRGO06,3DE Technology Prototype Solutions Pvt Ltd (Casting),19.0,0.0,19.0,380.0,7220.0
2025-12-27,UHCTPFGBRGO08,3DE Technology Prototype Solutions Pvt Ltd (Casting),55.0,0.0,55.0,380.0,20900.0
2025-12-27,UHCTPFGMGO09,3DE Technology Prototype Solutions Pvt Ltd (Casting),57.0,0.0,57.0,380.0,21660.0
2025-12-27,UHCTPFGMGS06,3DE Technology Prototype Solutions Pvt Ltd (Casting),6.0,0.0,6.0,380.0,2280.0
2025-12-27,UHCTPFGMGS08,3DE Technology Prototype Solutions Pvt Ltd (Casting),36.0,0.0,36.0,190.0,6840.0
2025-12-27,UHCTPFGMGS11,3DE Technology Prototype Solutions Pvt Ltd (Casting),5.0,0.0,5.0,190.0,950.0
2025-12-27,UHCTPFGMGS12,3DE Technology Prototype Solutions Pvt Ltd (Casting),46.0,0.0,46.0,190.0,8740.0
2025-12-27,UHCTPFGMGS14,3DE Technology Prototype Solutions Pvt Ltd (Casting),3.0,0.0,3.0,190.0,570.0
2025-12-27,UHCTPFGRTO09,3DE Technology Prototype Solutions Pvt Ltd (Casting),37.0,0.0,37.0,380.0,14060.0
2025-12-27,UHCTPFGRTS10,3DE Technology Prototype Solutions Pvt Ltd (Casting),9.0,0.0,9.0,190.0,1710.0
2025-12-27,UHCTPFGRTS11,3DE Technology Prototype Solutions Pvt Ltd (Casting),9.0,0.0,9.0,190.0,1710.0
2025-12-27,UHCTPFGRTS12,3DE Technology Prototype Solutions Pvt Ltd (Casting),40.0,0.0,40.0,380.0,15200.0
2025-12-27,UHPLASIZRS05,ZOEONE INDUSTRIES,2500.0,0.0,2500.0,3.5,8750.0
2025-12-27,UHPLASIZRS06,ZOEONE INDUSTRIES,2500.0,0.0,2500.0,3.5,8750.0
2025-12-27,UHPLASIZRS07,ZOEONE INDUSTRIES,2500.0,0.0,2500.0,3.5,8750.0
2025-12-27,UHPLASIZRS08,ZOEONE INDUSTRIES,2500.0,0.0,2500.0,3.5,8750.0
2025-12-27,UHPLASIZRS09,ZOEONE INDUSTRIES,2500.0,0.0,2500.0,3.5,8750.0
2025-12-27,UHPLASIZRS10,ZOEONE INDUSTRIES,2500.0,0.0,2500.0,3.5,8750.0
2025-12-27,UHPLASIZRS11,ZOEONE INDUSTRIES,2500.0,0.0,2500.0,3.5,8750.0
2025-12-27,UHPLASIZRS12,ZOEONE INDUSTRIES,2500.0,0.0,2500.0,3.5,8750.0
2025-12-27,UHPLASIZRS13,ZOEONE INDUSTRIES,2500.0,0.0,2500.0,3.5,8750.0
2025-12-27,UHPLASIZRS14,ZOEONE INDUSTRIES,2500.0,0.0,2500.0,3.5,8750.0
2025-12-27,UHRDMAGNET1,Reliable office supplies,5.0,0.0,5.0,95.0,475.0
2025-12-27,UHRING1.62PCBA,Zreyah Semiconductor Systems Pvt. Ltd.,1230.0,0.0,1230.0,140.0,172200.0
2025-12-29,UHBOXTBTTRAY,"Bonito Packaging Co.,Ltd",40000.0,0.0,40000.0,32.41,1296518.4
2025-12-29,UHBOXTOPTRAY,"Bonito Packaging Co.,Ltd",40000.0,0.0,40000.0,25.65,1025971.2
2025-12-29,UHBRUSBCABLE,"HONGKONG PENGLIAN ELECTRONICS CO.,LIMITED",10000.0,0.0,10000.0,68.52,685152.0
2025-12-29,UHC2PCBAREV21,PODRAIN ELECTRONICS PRIVATE LIMITED,2980.0,0.0,2980.0,35.0,104300.0
2025-12-29,UHC3LASERTOPS09,Aaru Plastics,1000.0,0.0,1000.0,28.0,28000.0
2025-12-29,UHC3LASERTOPS10,Aaru Plastics,1000.0,0.0,1000.0,28.0,28000.0
2025-12-29,UHCTPFGAAO10,3DE Technology Prototype Solutions Pvt Ltd (Casting),8.0,0.0,8.0,380.0,3040.0
2025-12-29,UHCTPFGAAO13,3DE Technology Prototype Solutions Pvt Ltd (Casting),16.0,0.0,16.0,380.0,6080.0
2025-12-29,UHCTPFGAAS05,3DE Technology Prototype Solutions Pvt Ltd (Casting),21.0,0.0,21.0,380.0,7980.0
2025-12-29,UHCTPFGAAS09,3DE Technology Prototype Solutions Pvt Ltd (Casting),16.0,0.0,16.0,380.0,6080.0
2025-12-29,UHCTPFGAAS11,3DE Technology Prototype Solutions Pvt Ltd (Casting),58.0,0.0,58.0,190.0,11020.0
2025-12-29,UHCTPFGAAS12,3DE Technology Prototype Solutions Pvt Ltd (Casting),15.0,0.0,15.0,190.0,2850.0
2025-12-29,UHCTPFGAGO06,3DE Technology Prototype Solutions Pvt Ltd (Casting),37.0,0.0,37.0,380.0,14060.0
2025-12-29,UHCTPFGAGO07,3DE Technology Prototype Solutions Pvt Ltd (Casting),16.0,0.0,16.0,380.0,6080.0
2025-12-29,UHCTPFGAGO08,3DE Technology Prototype Solutions Pvt Ltd (Casting),3.0,0.0,3.0,380.0,1140.0
2025-12-29,UHCTPFGAGO09,3DE Technology Prototype Solutions Pvt Ltd (Casting),23.0,0.0,23.0,380.0,8740.0
2025-12-29,UHCTPFGASO06,3DE Technology Prototype Solutions Pvt Ltd (Casting),26.0,0.0,26.0,380.0,9880.0
2025-12-29,UHCTPFGASO07,3DE Technology Prototype Solutions Pvt Ltd (Casting),41.0,0.0,41.0,380.0,15580.0
2025-12-29,UHCTPFGASO09,3DE Technology Prototype Solutions Pvt Ltd (Casting),8.0,0.0,8.0,380.0,3040.0
2025-12-29,UHCTPFGASO10,3DE Technology Prototype Solutions Pvt Ltd (Casting),36.0,0.0,36.0,380.0,13680.0
2025-12-29,UHCTPFGASS07,3DE Technology Prototype Solutions Pvt Ltd (Casting),2.0,0.0,2.0,380.0,760.0
2025-12-29,UHCTPFGASS08,3DE Technology Prototype Solutions Pvt Ltd (Casting),1.0,0.0,1.0,190.0,190.0
2025-12-29,UHCTPFGASS12,3DE Technology Prototype Solutions Pvt Ltd (Casting),6.0,0.0,6.0,190.0,1140.0
2025-12-29,UHCTPFGBRGO06,3DE Technology Prototype Solutions Pvt Ltd (Casting),17.0,0.0,17.0,380.0,6460.0
2025-12-29,UHCTPFGBRGO08,3DE Technology Prototype Solutions Pvt Ltd (Casting),124.0,0.0,124.0,380.0,47120.0
2025-12-29,UHCTPFGMGO09,3DE Technology Prototype Solutions Pvt Ltd (Casting),3.0,0.0,3.0,380.0,1140.0
2025-12-29,UHCTPFGMGO10,3DE Technology Prototype Solutions Pvt Ltd (Casting),60.0,0.0,60.0,380.0,22800.0
2025-12-29,UHCTPFGMGS06,3DE Technology Prototype Solutions Pvt Ltd (Casting),6.0,0.0,6.0,380.0,2280.0
2025-12-29,UHCTPFGMGS08,3DE Technology Prototype Solutions Pvt Ltd (Casting),24.0,0.0,24.0,190.0,4560.0
2025-12-29,UHCTPFGMGS11,3DE Technology Prototype Solutions Pvt Ltd (Casting),53.0,0.0,53.0,190.0,10070.0
2025-12-29,UHCTPFGMGS12,3DE Technology Prototype Solutions Pvt Ltd (Casting),13.0,0.0,13.0,190.0,2470.0
2025-12-29,UHCTPFGMGS13,3DE Technology Prototype Solutions Pvt Ltd (Casting),46.0,0.0,46.0,190.0,8740.0
2025-12-29,UHCTPFGMGS14,3DE Technology Prototype Solutions Pvt Ltd (Casting),9.0,0.0,9.0,190.0,1710.0
2025-12-29,UHCTPFGRTS11,3DE Technology Prototype Solutions Pvt Ltd (Casting),1.0,0.0,1.0,190.0,190.0
2025-12-29,UHCTPFGRTS12,3DE Technology Prototype Solutions Pvt Ltd (Casting),4.0,0.0,4.0,380.0,1520.0
2025-12-29,UHRDANTIDIO,Amazon India PVT LTD,2.0,0.0,2.0,3388.98,6777.96
2025-12-29,UHRDCAPDISP,Amazon India PVT LTD,1.0,0.0,1.0,142.86,142.86
2025-12-29,UHRDCONCE02,CN Innovations Limited,10.0,0.0,10.0,7554.24,75542.4
2025-12-29,UHRDCONCEPT,CN Innovations Limited,10.0,0.0,10.0,7202.88,72028.8
2025-12-29,UHRDCONCPT4,CN Innovations Limited,10.0,0.0,10.0,7027.2,70272.0
2025-12-29,UHRDCONPET3,CN Innovations Limited,10.0,0.0,10.0,7027.2,70272.0
2025-12-29,UHRDPEEL&SL,Amazon India PVT LTD,20.0,0.0,20.0,251.19,5023.8
2025-12-29,UHRDSYRINGS,Amazon India PVT LTD,4.0,0.0,4.0,669.0,2676.0
2025-12-29,UHRING1.62PCBA,Zreyah Semiconductor Systems Pvt. Ltd.,1500.0,0.0,1500.0,140.0,210000.0
2025-12-29,UH_RING_PRO_REV3_2,Zreyah Semiconductor Systems Pvt. Ltd.,98.0,0.0,98.0,680.0,66640.0
2025-12-29,UHTAPEBATPCB,"Hangzhou Bozhou Electric Appliance Co., Ltd.",37500.0,0.0,37500.0,3.41,127938.96
2025-12-30,UHRAREYLG0LDS12,JEWELEX INDIA PRIVATE LIMITED,1.0,0.0,1.0,45461.0,45461.0
2025-12-30,UHRDANKRPAD,Amazon India PVT LTD,2.0,0.0,2.0,1353.38,2706.76
2025-12-30,UHRING1.62PCBA,Zreyah Semiconductor Systems Pvt. Ltd.,2004.0,0.0,2004.0,140.0,280560.0
2025-12-31,UHCTPFGAAO13,3DE Technology Prototype Solutions Pvt Ltd (Casting),1.0,0.0,1.0,380.0,380.0
2025-12-31,UHCTPFGAAS11,3DE Technology Prototype Solutions Pvt Ltd (Casting),1.0,0.0,1.0,190.0,190.0
2025-12-31,UHCTPFGAAS12,3DE Technology Prototype Solutions Pvt Ltd (Casting),1.0,0.0,1.0,190.0,190.0
2025-12-31,UHCTPFGAGO06,3DE Technology Prototype Solutions Pvt Ltd (Casting),245.0,0.0,245.0,380.0,93100.0
2025-12-31,UHCTPFGAGO07,3DE Technology Prototype Solutions Pvt Ltd (Casting),122.0,0.0,122.0,380.0,46360.0
2025-12-31,UHCTPFGAGO08,3DE Technology Prototype Solutions Pvt Ltd (Casting),27.0,0.0,27.0,380.0,10260.0
2025-12-31,UHCTPFGAGO09,3DE Technology Prototype Solutions Pvt Ltd (Casting),43.0,0.0,43.0,380.0,16340.0
2025-12-31,UHCTPFGASO06,3DE Technology Prototype Solutions Pvt Ltd (Casting),104.0,0.0,104.0,380.0,39520.0
2025-12-31,UHCTPFGASO09,3DE Technology Prototype Solutions Pvt Ltd (Casting),103.0,0.0,103.0,380.0,39140.0
2025-12-31,UHCTPFGASS07,3DE Technology Prototype Solutions Pvt Ltd (Casting),60.0,0.0,60.0,380.0,22800.0
2025-12-31,UHCTPFGASS08,3DE Technology Prototype Solutions Pvt Ltd (Casting),24.0,0.0,24.0,190.0,4560.0
2025-12-31,UHCTPFGASS09,3DE Technology Prototype Solutions Pvt Ltd (Casting),39.0,0.0,39.0,380.0,14820.0
2025-12-31,UHCTPFGASS12,3DE Technology Prototype Solutions Pvt Ltd (Casting),10.0,0.0,10.0,190.0,1900.0
2025-12-31,UHCTPFGBRGO06,3DE Technology Prototype Solutions Pvt Ltd (Casting),50.0,0.0,50.0,380.0,19000.0
2025-12-31,UHCTPFGBRGO07,3DE Technology Prototype Solutions Pvt Ltd (Casting),105.0,0.0,105.0,380.0,39900.0
2025-12-31,UHCTPFGBRGO08,3DE Technology Prototype Solutions Pvt Ltd (Casting),9.0,0.0,9.0,380.0,3420.0
2025-12-31,UHCTPFGMGO09,3DE Technology Prototype Solutions Pvt Ltd (Casting),42.0,0.0,42.0,380.0,15960.0
2025-12-31,UHCTPFGMGS11,3DE Technology Prototype Solutions Pvt Ltd (Casting),2.0,0.0,2.0,190.0,380.0
2025-12-31,UHCTPFGMGS12,3DE Technology Prototype Solutions Pvt Ltd (Casting),33.0,0.0,33.0,190.0,6270.0
2025-12-31,UHCTPFGMGS13,3DE Technology Prototype Solutions Pvt Ltd (Casting),2.0,0.0,2.0,190.0,380.0
2025-12-31,UHRDDZLD209,HANAV MANUFACTURING AND BUSINESS PRIVATE LIMITED,15.0,0.0,15.0,1447.5,21712.5
2025-12-31,UHRDOUTERS8,HANAV MANUFACTURING AND BUSINESS PRIVATE LIMITED,20.0,0.0,20.0,615.0,12300.0
2025-12-31,UHRDTITNS08,HANAV MANUFACTURING AND BUSINESS PRIVATE LIMITED,20.0,0.0,20.0,675.0,13500.0
2026-01-02,UHARTITMPSN,ARROW ELECTRONICS ASIA (S) PTE LTD,51000.0,0.0,51000.0,67.64,3449476.8
2026-01-02,UHC2068NF50V,ARROW ELECTRONICS ASIA (S) PTE LTD,32000.0,0.0,32000.0,0.79,25297.92
2026-01-02,UHC2100NF50V,ARROW ELECTRONICS ASIA (S) PTE LTD,120000.0,0.0,120000.0,2.09,250871.04
2026-01-02,UHC2C10UF50V,ARROW ELECTRONICS ASIA (S) PTE LTD,120000.0,0.0,120000.0,2.29,275009.47
2026-01-02,UHC2FB30OM1L,ARROW ELECTRONICS ASIA (S) PTE LTD,60000.0,0.0,60000.0,0.54,32676.48
2026-01-02,UHCAPMUR047F,ARROW ELECTRONICS ASIA (S) PTE LTD,60000.0,0.0,60000.0,0.12,7115.04
2026-01-02,UHCAPMUR10UF,ARROW ELECTRONICS ASIA (S) PTE LTD,600000.0,0.0,600000.0,2.17,1301788.8
2026-01-02,UHCAPMUR12PF,ARROW ELECTRONICS ASIA (S) PTE LTD,240000.0,0.0,240000.0,0.07,16022.02
2026-01-02,UHCAPMUR220F,ARROW ELECTRONICS ASIA (S) PTE LTD,60000.0,0.0,60000.0,0.14,8696.16
2026-01-02,UHCAPMUR820F,ARROW ELECTRONICS ASIA (S) PTE LTD,60000.0,0.0,60000.0,0.07,4479.84
2026-01-02,UHCAPMURE14D,ARROW ELECTRONICS ASIA (S) PTE LTD,660000.0,0.0,660000.0,0.12,81743.9
2026-01-02,UHCAPSAM43UF,ARROW ELECTRONICS ASIA (S) PTE LTD,40000.0,0.0,40000.0,2.02,80812.8
2026-01-02,UHCONSCLSWAB,SUZHOU SDX INDUSTRIAL TECHNOLOGY CO LTD,100.0,0.0,100.0,156.36,15635.52
2026-01-02,UHCTPFGAAO13,3DE Technology Prototype Solutions Pvt Ltd (Casting),1.0,0.0,1.0,380.0,380.0
2026-01-02,UHCTPFGAAS08,3DE Technology Prototype Solutions Pvt Ltd (Casting),52.0,0.0,52.0,380.0,19760.0
2026-01-02,UHCTPFGAAS11,3DE Technology Prototype Solutions Pvt Ltd (Casting),3.0,0.0,3.0,190.0,570.0
2026-01-02,UHCTPFGAGO06,3DE Technology Prototype Solutions Pvt Ltd (Casting),167.0,0.0,167.0,380.0,63460.0
2026-01-02,UHCTPFGAGO07,3DE Technology Prototype Solutions Pvt Ltd (Casting),55.0,0.0,55.0,380.0,20900.0
2026-01-02,UHCTPFGAGO08,3DE Technology Prototype Solutions Pvt Ltd (Casting),122.0,0.0,122.0,380.0,46360.0
2026-01-02,UHCTPFGAGO09,3DE Technology Prototype Solutions Pvt Ltd (Casting),124.0,0.0,124.0,380.0,47120.0
2026-01-02,UHCTPFGASO06,3DE Technology Prototype Solutions Pvt Ltd (Casting),74.0,0.0,74.0,380.0,28120.0
2026-01-02,UHCTPFGASO07,3DE Technology Prototype Solutions Pvt Ltd (Casting),55.0,0.0,55.0,380.0,20900.0
2026-01-02,UHCTPFGASO09,3DE Technology Prototype Solutions Pvt Ltd (Casting),67.0,0.0,67.0,380.0,25460.0
2026-01-02,UHCTPFGASS07,3DE Technology Prototype Solutions Pvt Ltd (Casting),51.0,0.0,51.0,380.0,19380.0
2026-01-02,UHCTPFGASS08,3DE Technology Prototype Solutions Pvt Ltd (Casting),98.0,0.0,98.0,190.0,18620.0
2026-01-02,UHCTPFGASS09,3DE Technology Prototype Solutions Pvt Ltd (Casting),20.0,0.0,20.0,380.0,7600.0
2026-01-02,UHCTPFGASS11,3DE Technology Prototype Solutions Pvt Ltd (Casting),18.0,0.0,18.0,190.0,3420.0
2026-01-02,UHCTPFGASS12,3DE Technology Prototype Solutions Pvt Ltd (Casting),12.0,0.0,12.0,190.0,2280.0
2026-01-02,UHCTPFGBRGO05,3DE Technology Prototype Solutions Pvt Ltd (Casting),26.0,0.0,26.0,380.0,9880.0
2026-01-02,UHCTPFGBRGO06,3DE Technology Prototype Solutions Pvt Ltd (Casting),31.0,0.0,31.0,380.0,11780.0
2026-01-02,UHCTPFGBRGO07,3DE Technology Prototype Solutions Pvt Ltd (Casting),43.0,0.0,43.0,380.0,16340.0
2026-01-02,UHCTPFGBRGO08,3DE Technology Prototype Solutions Pvt Ltd (Casting),22.0,0.0,22.0,380.0,8360.0
2026-01-02,UHCTPFGBRGO14,3DE Technology Prototype Solutions Pvt Ltd (Casting),16.0,0.0,16.0,380.0,6080.0
2026-01-02,UHCTPFGMGO09,3DE Technology Prototype Solutions Pvt Ltd (Casting),128.0,0.0,128.0,380.0,48640.0
2026-01-02,UHCTPFGMGS08,3DE Technology Prototype Solutions Pvt Ltd (Casting),53.0,0.0,53.0,190.0,10070.0
2026-01-02,UHCTPFGMGS12,3DE Technology Prototype Solutions Pvt Ltd (Casting),25.0,0.0,25.0,190.0,4750.0
2026-01-02,UHICHTEXTPS2,ARROW ELECTRONICS ASIA (S) PTE LTD,30000.0,0.0,30000.0,17.3,519134.4
2026-01-02,UHINDMUR1OUH,ARROW ELECTRONICS ASIA (S) PTE LTD,60000.0,0.0,60000.0,2.1,126015.26
2026-01-02,UHLUXAGBASMATS05,Mudra innovation,38.0,0.0,38.0,229.0,8702.0
2026-01-02,UHLUXAGBASMATS06,Mudra innovation,38.0,0.0,38.0,229.0,8702.0
2026-01-02,UHLUXAGBASMATS07,Mudra innovation,39.0,0.0,39.0,229.0,8931.0
2026-01-02,UHLUXAGBASMATS08,Mudra innovation,55.0,0.0,55.0,229.0,12595.0
2026-01-02,UHLUXAGBASMATS09,Mudra innovation,52.0,0.0,52.0,229.0,11908.0
2026-01-02,UHLUXAGBASMATS10,Mudra innovation,44.0,0.0,44.0,229.0,10076.0
2026-01-02,UHLUXAGBASMATS11,Mudra innovation,35.0,0.0,35.0,229.0,8015.0
2026-01-02,UHLUXAGBASMATS12,Mudra innovation,27.0,0.0,27.0,229.0,6183.0
2026-01-02,UHLUXAGBASMATS13,Mudra innovation,27.0,0.0,27.0,229.0,6183.0
2026-01-02,UHLUXAGBASMATS14,Mudra innovation,17.0,0.0,17.0,229.0,3893.0
2026-01-02,UHLUXASBASE,METALRIPPER MANUFACTURING,50.0,0.0,50.0,1200.0,60000.0
2026-01-02,UHLUXASBASMATS05,Mudra innovation,2.0,0.0,2.0,229.0,458.0
2026-01-02,UHLUXASBASMATS07,Mudra innovation,2.0,0.0,2.0,229.0,458.0
2026-01-02,UHLUXASBASMATS08,Mudra innovation,4.0,0.0,4.0,229.0,916.0
2026-01-02,UHLUXASBASMATS13,Mudra innovation,1.0,0.0,1.0,229.0,229.0
2026-01-02,UHLUXRGBASMATS05,Mudra innovation,3.0,0.0,3.0,229.0,687.0
2026-01-02,UHLUXRGBASMATS06,Mudra innovation,2.0,0.0,2.0,229.0,458.0
2026-01-02,UHLUXRGBASMATS07,Mudra innovation,3.0,0.0,3.0,229.0,687.0
2026-01-02,UHLUXRGBASMATS08,Mudra innovation,4.0,0.0,4.0,229.0,916.0
2026-01-02,UHLUXRGBASMATS09,Mudra innovation,1.0,0.0,1.0,229.0,229.0
2026-01-02,UHLUXRGBASMATS10,Mudra innovation,3.0,0.0,3.0,229.0,687.0
2026-01-02,UHLUXRGBASMATS11,Mudra innovation,1.0,0.0,1.0,229.0,229.0
2026-01-02,UHRD8751001,MOUSER ELECTRONIC,3.0,0.0,3.0,44.8,134.4
2026-01-02,UHRD903004B,MOUSER ELECTRONIC,7.0,0.0,7.0,8.78,61.49
2026-01-02,UHRDCHGSHEL,NOA Labs (Shenzhen) Ltd.,24.0,0.0,24.0,175.68,4216.32
2026-01-02,UHRDCOIL1.62,METALRIPPER MANUFACTURING,2.0,0.0,2.0,3000.0,6000.0
2026-01-02,UHRDEXP28SO,MOUSER ELECTRONIC,35.0,0.0,35.0,118.58,4150.44
2026-01-02,UHRDIFL10M2,MOUSER ELECTRONIC,1.0,0.0,1.0,1464.29,1464.29
2026-01-02,UHRDLDLILED,MOUSER ELECTRONIC,1430.0,0.0,1430.0,70.27,100488.96
2026-01-02,UHRDLLPTTAPE,Desertcart,1.0,0.0,1.0,2542.73,2542.73
2026-01-02,UHRDLOCTIT2,Sellex Incorp,22.0,0.0,22.0,2900.0,63800.0
2026-01-02,UHRDMAX98EV,MOUSER ELECTRONIC,1.0,0.0,1.0,7442.68,7442.68
2026-01-02,UHRDMICRO150,ITEN,15.0,0.0,15.0,0.0,0.0
2026-01-02,UHRDPCBAELT,NOA Labs (Shenzhen) Ltd.,4.0,0.0,4.0,20359.2,81436.82
2026-01-02,UHRDPPGELET,NOA Labs (Shenzhen) Ltd.,2.0,0.0,2.0,6892.8,13785.61
2026-01-02,UHRDPRCR162,Fast turn PCB,20000.0,0.0,20000.0,140.54,2810880.0
2026-01-02,UHRDRINGS08,HANAV MANUFACTURING AND BUSINESS PRIVATE LIMITED,15.0,0.0,15.0,700.0,10500.0
2026-01-02,UHRDS08LHV2,HANAV MANUFACTURING AND BUSINESS PRIVATE LIMITED,17.0,0.0,17.0,1125.0,19125.0
2026-01-02,UHRDS08PTFE,METALRIPPER MANUFACTURING,2.0,0.0,2.0,3600.0,7200.0
2026-01-02,UHRDS08RHV2,HANAV MANUFACTURING AND BUSINESS PRIVATE LIMITED,20.0,0.0,20.0,1215.0,24300.0
2026-01-02,UHRDSUPERFA,FOCUS INDUSTRIAL SOLUTIONS,10.0,0.0,10.0,4028.0,40280.0
2026-01-02,UHRDTL2203E,MOUSER ELECTRONIC,12.0,0.0,12.0,56.13,673.56
2026-01-02,UHRDUSB-C20W,Amazon India PVT LTD,2.0,0.0,2.0,939.84,1879.68
2026-01-02,UHRDXLTONER,Amazon India PVT LTD,5.0,0.0,5.0,1435.6,7178.0
2026-01-02,UHRESSTA10MO,ARROW ELECTRONICS ASIA (S) PTE LTD,30000.0,0.0,30000.0,8.4,251925.12
2026-01-02,UHRING1.62PCBA,Zreyah Semiconductor Systems Pvt. Ltd.,3264.0,0.0,3264.0,140.0,456960.0
2026-01-02,UHSTPRITONER,Amazon India PVT LTD,5.0,0.0,5.0,931.36,4656.8
2026-01-03,UHCH2COHOS06,3DE Technology Prototype Solutions Pvt Ltd (Regular Purchase),2050.0,0.0,2050.0,32.0,65600.0
2026-01-03,UHCH2COHOS07,3DE Technology Prototype Solutions Pvt Ltd (Regular Purchase),1550.0,0.0,1550.0,32.0,49600.0
2026-01-03,UHCHARTOPS05,Aaru Plastics,500.0,0.0,500.0,34.0,17000.0
2026-01-03,UHCHARTOPS06,Aaru Plastics,3000.0,0.0,3000.0,34.0,102000.0
2026-01-03,UHCHARTOPS07,Aaru Plastics,2000.0,0.0,2000.0,34.0,68000.0
2026-01-03,UHCHARTOPS12,Aaru Plastics,200.0,0.0,200.0,34.0,6800.0
2026-01-03,UHCONSEMR2500,Bharath Hardware & Industrial Suppliers,1000.0,0.0,1000.0,40.0,40000.0
2026-01-03,UHCONSFINGCOT,Reliable office supplies,4000.0,0.0,4000.0,0.8,3200.0
2026-01-03,UHCONSIPA,J V Chemicals,25.0,0.0,25.0,197.0,4925.0
2026-01-03,UHCONSPAINTBRSH,Reliable office supplies,20.0,0.0,20.0,100.0,2000.0
2026-01-03,UHCONSSTPPINLRG,Reliable office supplies,100.0,0.0,100.0,12.0,1200.0
2026-01-03,UHCONSTAPE2TRNS,Reliable office supplies,200.0,0.0,200.0,24.0,4800.0
2026-01-03,UHCTPFGAAO10,3DE Technology Prototype Solutions Pvt Ltd (Casting),60.0,0.0,60.0,380.0,22800.0
2026-01-03,UHCTPFGAAO13,3DE Technology Prototype Solutions Pvt Ltd (Casting),11.0,0.0,11.0,380.0,4180.0
2026-01-03,UHCTPFGAAS08,3DE Technology Prototype Solutions Pvt Ltd (Casting),8.0,0.0,8.0,380.0,3040.0
2026-01-03,UHCTPFGAAS11,3DE Technology Prototype Solutions Pvt Ltd (Casting),21.0,0.0,21.0,190.0,3990.0
2026-01-03,UHCTPFGAGO06,3DE Technology Prototype Solutions Pvt Ltd (Casting),68.0,0.0,68.0,380.0,25840.0
2026-01-03,UHCTPFGAGO07,3DE Technology Prototype Solutions Pvt Ltd (Casting),63.0,0.0,63.0,380.0,23940.0
2026-01-03,UHCTPFGAGO08,3DE Technology Prototype Solutions Pvt Ltd (Casting),31.0,0.0,31.0,380.0,11780.0
2026-01-03,UHCTPFGAGO09,3DE Technology Prototype Solutions Pvt Ltd (Casting),13.0,0.0,13.0,380.0,4940.0
2026-01-03,UHCTPFGASO06,3DE Technology Prototype Solutions Pvt Ltd (Casting),2.0,0.0,2.0,380.0,760.0
2026-01-03,UHCTPFGASO07,3DE Technology Prototype Solutions Pvt Ltd (Casting),5.0,0.0,5.0,380.0,1900.0
2026-01-03,UHCTPFGASO09,3DE Technology Prototype Solutions Pvt Ltd (Casting),10.0,0.0,10.0,380.0,3800.0
2026-01-03,UHCTPFGASS07,3DE Technology Prototype Solutions Pvt Ltd (Casting),9.0,0.0,9.0,380.0,3420.0
2026-01-03,UHCTPFGASS08,3DE Technology Prototype Solutions Pvt Ltd (Casting),34.0,0.0,34.0,190.0,6460.0
2026-01-03,UHCTPFGASS09,3DE Technology Prototype Solutions Pvt Ltd (Casting),1.0,0.0,1.0,380.0,380.0
2026-01-03,UHCTPFGASS11,3DE Technology Prototype Solutions Pvt Ltd (Casting),30.0,0.0,30.0,190.0,5700.0
2026-01-03,UHCTPFGASS12,3DE Technology Prototype Solutions Pvt Ltd (Casting),3.0,0.0,3.0,190.0,570.0
2026-01-03,UHCTPFGBRGO05,3DE Technology Prototype Solutions Pvt Ltd (Casting),10.0,0.0,10.0,380.0,3800.0
2026-01-03,UHCTPFGBRGO06,3DE Technology Prototype Solutions Pvt Ltd (Casting),63.0,0.0,63.0,380.0,23940.0
2026-01-03,UHCTPFGBRGO07,3DE Technology Prototype Solutions Pvt Ltd (Casting),8.0,0.0,8.0,380.0,3040.0
2026-01-03,UHCTPFGBRGO08,3DE Technology Prototype Solutions Pvt Ltd (Casting),6.0,0.0,6.0,380.0,2280.0
2026-01-03,UHCTPFGBRGO14,3DE Technology Prototype Solutions Pvt Ltd (Casting),8.0,0.0,8.0,380.0,3040.0
2026-01-03,UHCTPFGMGO06,3DE Technology Prototype Solutions Pvt Ltd (Casting),60.0,0.0,60.0,380.0,22800.0
2026-01-03,UHCTPFGMGO09,3DE Technology Prototype Solutions Pvt Ltd (Casting),22.0,0.0,22.0,380.0,8360.0
2026-01-03,UHCTPFGMGO10,3DE Technology Prototype Solutions Pvt Ltd (Casting),120.0,0.0,120.0,380.0,45600.0
2026-01-03,UHCTPFGMGS08,3DE Technology Prototype Solutions Pvt Ltd (Casting),7.0,0.0,7.0,190.0,1330.0
2026-01-03,UHCTPFGMGS11,3DE Technology Prototype Solutions Pvt Ltd (Casting),24.0,0.0,24.0,190.0,4560.0
2026-01-03,UHCTPFGMGS12,3DE Technology Prototype Solutions Pvt Ltd (Casting),3.0,0.0,3.0,190.0,570.0
2026-01-03,UHCTPFGMGS13,3DE Technology Prototype Solutions Pvt Ltd (Casting),12.0,0.0,12.0,190.0,2280.0
2026-01-03,UHDCHARGER3.1,Zreyah Semiconductor Systems Pvt. Ltd.,5.0,0.0,5.0,820.0,4100.0
2026-01-03,UHRAREPLATINS05,JEWELEX INDIA PRIVATE LIMITED,3.0,0.0,3.0,34242.18,102726.55
2026-01-03,UHRAREPLATINS11,JEWELEX INDIA PRIVATE LIMITED,3.0,0.0,3.0,47050.72,141152.15
2026-01-03,UHRAREPLATINS12,JEWELEX INDIA PRIVATE LIMITED,2.0,0.0,2.0,49427.3,98854.6
2026-01-03,UHRAREPLATINS13,JEWELEX INDIA PRIVATE LIMITED,2.0,0.0,2.0,46913.12,93826.25
2026-01-03,UHRAREPLATINS14,JEWELEX INDIA PRIVATE LIMITED,2.0,0.0,2.0,47513.53,95027.05
2026-01-03,UHRARERSG0LDS05,JEWELEX INDIA PRIVATE LIMITED,2.0,0.0,2.0,33150.95,66301.9
2026-01-03,UHRARERSG0LDS11,JEWELEX INDIA PRIVATE LIMITED,3.0,0.0,3.0,41821.47,125464.42
2026-01-03,UHRARERSG0LDS12,JEWELEX INDIA PRIVATE LIMITED,2.0,0.0,2.0,45998.77,91997.54
2026-01-03,UHRARERSG0LDS13,JEWELEX INDIA PRIVATE LIMITED,2.0,0.0,2.0,50211.17,100422.34
2026-01-03,UHRARERSG0LDS14,JEWELEX INDIA PRIVATE LIMITED,2.0,0.0,2.0,50316.48,100632.96
2026-01-03,UHRAREYLG0LDS05,JEWELEX INDIA PRIVATE LIMITED,3.0,0.0,3.0,38591.97,115775.9
2026-01-03,UHRAREYLG0LDS11,JEWELEX INDIA PRIVATE LIMITED,3.0,0.0,3.0,44559.53,133678.6
2026-01-03,UHRAREYLG0LDS12,JEWELEX INDIA PRIVATE LIMITED,3.0,0.0,3.0,49860.14,149580.41
2026-01-03,UHRAREYLG0LDS13,JEWELEX INDIA PRIVATE LIMITED,2.0,0.0,2.0,49421.35,98842.69
2026-01-03,UHRAREYLG0LDS14,JEWELEX INDIA PRIVATE LIMITED,2.0,0.0,2.0,49105.42,98210.83
2026-01-03,UHRTCFGS08,IILA INDUSTRIES (RT Conversion),1.0,0.0,1.0,110.0,110.0
2026-01-03,UHSTFACEMASK,Reliable office supplies,2000.0,0.0,2000.0,2.5,5000.0
2026-01-03,UHSTOHPMARKR,Reliable office supplies,500.0,0.0,500.0,15.0,7500.0
2026-01-05,UHC2C1KPF50V,SEMISEARCH TECHNOLOGIES PRIVATE LIMITED,20000.0,0.0,20000.0,1.1,22000.0
2026-01-05,UHC2RES0OM42,SEMISEARCH TECHNOLOGIES PRIVATE LIMITED,40000.0,0.0,40000.0,0.11,4400.0
2026-01-05,UHC2RES0OM85,SEMISEARCH TECHNOLOGIES PRIVATE LIMITED,25000.0,0.0,25000.0,0.3,7500.0
2026-01-05,UHC2RES27OHM,SEMISEARCH TECHNOLOGIES PRIVATE LIMITED,40000.0,0.0,40000.0,0.25,10000.0
2026-01-05,UHCAPSAM22UF,SEMISEARCH TECHNOLOGIES PRIVATE LIMITED,50000.0,0.0,50000.0,12.5,625000.0
2026-01-05,UHCH2COHOS06,3DE Technology Prototype Solutions Pvt Ltd (Regular Purchase),750.0,0.0,750.0,32.0,24000.0
2026-01-05,UHCH2COHOS07,3DE Technology Prototype Solutions Pvt Ltd (Regular Purchase),750.0,0.0,750.0,32.0,24000.0
2026-01-05,UHCHA2BASS05,Aaru Plastics,1000.0,0.0,1000.0,235.0,235000.0
2026-01-05,UHCHA2BASS06,Aaru Plastics,1000.0,0.0,1000.0,235.0,235000.0
2026-01-05,UHCONSIPA,J V Chemicals,25.0,0.0,25.0,197.0,4925.0
2026-01-05,UHCTPFGAAS06,3DE Technology Prototype Solutions Pvt Ltd (Casting),36.0,0.0,36.0,190.0,6840.0
2026-01-05,UHCTPFGAAS07,3DE Technology Prototype Solutions Pvt Ltd (Casting),39.0,0.0,39.0,380.0,14820.0
2026-01-05,UHCTPFGAAS08,3DE Technology Prototype Solutions Pvt Ltd (Casting),36.0,0.0,36.0,380.0,13680.0
2026-01-05,UHCTPFGAGO06,3DE Technology Prototype Solutions Pvt Ltd (Casting),79.0,0.0,79.0,380.0,30020.0
2026-01-05,UHCTPFGAGO07,3DE Technology Prototype Solutions Pvt Ltd (Casting),218.0,0.0,218.0,380.0,82840.0
2026-01-05,UHCTPFGAGO08,3DE Technology Prototype Solutions Pvt Ltd (Casting),226.0,0.0,226.0,380.0,85880.0
2026-01-05,UHCTPFGAGO09,3DE Technology Prototype Solutions Pvt Ltd (Casting),84.0,0.0,84.0,380.0,31920.0
2026-01-05,UHCTPFGASO07,3DE Technology Prototype Solutions Pvt Ltd (Casting),32.0,0.0,32.0,380.0,12160.0
2026-01-05,UHCTPFGASO09,3DE Technology Prototype Solutions Pvt Ltd (Casting),38.0,0.0,38.0,380.0,14440.0
2026-01-05,UHCTPFGASS08,3DE Technology Prototype Solutions Pvt Ltd (Casting),32.0,0.0,32.0,190.0,6080.0
2026-01-05,UHCTPFGMGS08,3DE Technology Prototype Solutions Pvt Ltd (Casting),25.0,0.0,25.0,190.0,4750.0
2026-01-05,UHRARERSG0LDS09,JEWELEX INDIA PRIVATE LIMITED,1.0,0.0,1.0,42319.0,42319.0
2026-01-05,UHRDKETONE1,J V Chemicals,1.0,0.0,1.0,556.0,556.0
2026-01-05,UHRDLIQUID1,Amazon India PVT LTD,3.0,0.0,3.0,265.71,797.13
2026-01-05,UHRESYAG0OHM,SEMISEARCH TECHNOLOGIES PRIVATE LIMITED,20000.0,0.0,20000.0,0.3,6000.0
2026-01-05,UHRESYAG22KO,SEMISEARCH TECHNOLOGIES PRIVATE LIMITED,40000.0,0.0,40000.0,0.29,11600.0
2026-01-05,UHRESYAG22MO,SEMISEARCH TECHNOLOGIES PRIVATE LIMITED,15000.0,0.0,15000.0,5.95,89250.0
2026-01-05,UHRESYAG22OH,SEMISEARCH TECHNOLOGIES PRIVATE LIMITED,10000.0,0.0,10000.0,0.43,4300.0
2026-01-05,UHRESYAG27KO,SEMISEARCH TECHNOLOGIES PRIVATE LIMITED,10000.0,0.0,10000.0,0.29,2900.0
2026-01-05,UHRESYAG47KO,SEMISEARCH TECHNOLOGIES PRIVATE LIMITED,10000.0,0.0,10000.0,0.29,2900.0
2026-01-05,UHRING1.62PCBA,Zreyah Semiconductor Systems Pvt. Ltd.,3290.0,0.0,3290.0,140.0,460600.0
2026-01-05,UHRTCFGS07,IILA INDUSTRIES (RT Conversion),97.0,0.0,97.0,102.37,9930.0
2026-01-05,UHRTCFGS08,IILA INDUSTRIES (RT Conversion),207.0,0.0,207.0,102.32,21180.0
2026-01-05,UHRTCFGS10,IILA INDUSTRIES (RT Conversion),134.0,0.0,134.0,102.76,13770.0
2026-01-05,UHSILCONPAD,NOA Labs (Shenzhen) Ltd.,30.0,0.0,30.0,8.78,263.52
2026-01-05,UHTITNMSHELL,NOA Labs (Shenzhen) Ltd.,5.0,0.0,5.0,2424.38,12121.92
2026-01-06,UHCHARTOPS08,Aaru Plastics,1000.0,0.0,1000.0,34.0,34000.0
2026-01-06,UHCHARTOPS09,Aaru Plastics,1000.0,0.0,1000.0,34.0,34000.0
2026-01-06,UHCHARTOPS11,Aaru Plastics,500.0,0.0,500.0,34.0,17000.0
2026-01-06,UHCTPFGAAS06,3DE Technology Prototype Solutions Pvt Ltd (Casting),23.0,0.0,23.0,190.0,4370.0
2026-01-06,UHCTPFGAAS07,3DE Technology Prototype Solutions Pvt Ltd (Casting),21.0,0.0,21.0,380.0,7980.0
2026-01-06,UHCTPFGAAS08,3DE Technology Prototype Solutions Pvt Ltd (Casting),24.0,0.0,24.0,380.0,9120.0
2026-01-06,UHCTPFGAGO06,3DE Technology Prototype Solutions Pvt Ltd (Casting),333.0,0.0,333.0,380.0,126540.0
2026-01-06,UHCTPFGAGO07,3DE Technology Prototype Solutions Pvt Ltd (Casting),289.0,0.0,289.0,380.0,109820.0
2026-01-06,UHCTPFGAGO08,3DE Technology Prototype Solutions Pvt Ltd (Casting),134.0,0.0,134.0,380.0,50920.0
2026-01-06,UHCTPFGAGO09,3DE Technology Prototype Solutions Pvt Ltd (Casting),36.0,0.0,36.0,380.0,13680.0
2026-01-06,UHCTPFGASO06,3DE Technology Prototype Solutions Pvt Ltd (Casting),59.0,0.0,59.0,380.0,22420.0
2026-01-06,UHCTPFGASO07,3DE Technology Prototype Solutions Pvt Ltd (Casting),28.0,0.0,28.0,380.0,10640.0
2026-01-06,UHCTPFGASO09,3DE Technology Prototype Solutions Pvt Ltd (Casting),20.0,0.0,20.0,380.0,7600.0
2026-01-06,UHCTPFGASS08,3DE Technology Prototype Solutions Pvt Ltd (Casting),27.0,0.0,27.0,190.0,5130.0
2026-01-06,UHCTPFGMGS08,3DE Technology Prototype Solutions Pvt Ltd (Casting),35.0,0.0,35.0,190.0,6650.0
2026-01-06,UHIND2213A156,SEMISEARCH TECHNOLOGIES PRIVATE LIMITED,51000.0,0.0,51000.0,11.45,583950.0
2026-01-06,UHRDIBELLTOL,Amazon India PVT LTD,1.0,0.0,1.0,1225.1,1225.1
2026-01-06,UHRDVADABAI,Amazon India PVT LTD,13.0,0.0,13.0,245.76,3194.88
2026-01-06,UHRGBTR32MAH,"Shenzhen Grepow Battery Co.,Ltd",5000.0,0.0,5000.0,307.44,1537200.0
2026-01-06,UHRTCFGS09,IILA INDUSTRIES (RT Conversion),76.0,0.0,76.0,106.84,8120.0
2026-01-06,UHRTCFGS10,IILA INDUSTRIES (RT Conversion),37.0,0.0,37.0,101.89,3770.0
2026-01-06,UHRTCFGS11,IILA INDUSTRIES (RT Conversion),128.0,0.0,128.0,110.0,14080.0
2026-01-06,UHRTCFGS12,IILA INDUSTRIES (RT Conversion),85.0,0.0,85.0,110.0,9350.0
2026-01-06,UHRTCFGS13,IILA INDUSTRIES (RT Conversion),27.0,0.0,27.0,110.0,2970.0
2026-01-06,UHRTCFGS14,IILA INDUSTRIES (RT Conversion),30.0,0.0,30.0,110.0,3300.0
2026-01-07,UHC2PCBAREV21,Zreyah Semiconductor Systems Pvt. Ltd.,6408.0,0.0,6408.0,40.0,256320.0
2026-01-07,UHCH2COHOS06,3DE Technology Prototype Solutions Pvt Ltd (Regular Purchase),1200.0,0.0,1200.0,32.0,38400.0
2026-01-07,UHCH2COHOS07,3DE Technology Prototype Solutions Pvt Ltd (Regular Purchase),1250.0,0.0,1250.0,32.0,40000.0
2026-01-07,UHCHA2BASS09,Aaru Plastics,1008.0,0.0,1008.0,235.0,236880.0
2026-01-07,UHCHA2BASS12,Aaru Plastics,600.0,0.0,600.0,235.0,141000.0
2026-01-07,UHCHA2BASS13,Aaru Plastics,300.0,0.0,300.0,235.0,70500.0
2026-01-07,UHCHARTOPS08,Aaru Plastics,1000.0,0.0,1000.0,34.0,34000.0
2026-01-07,UHCHARTOPS09,Aaru Plastics,1000.0,0.0,1000.0,34.0,34000.0
2026-01-07,UHCHTOP2.5S05,Aaru Plastics,46.0,0.0,46.0,34.0,1564.0
2026-01-07,UHCHTOP2.5S11,Aaru Plastics,22.0,0.0,22.0,34.0,748.0
2026-01-07,UHCHTOP2.5S12,Aaru Plastics,24.0,0.0,24.0,34.0,816.0
2026-01-07,UHCHTOP2.5S13,Aaru Plastics,51.0,0.0,51.0,34.0,1734.0
2026-01-07,UHCHTOP2.5S14,Aaru Plastics,35.0,0.0,35.0,34.0,1190.0
2026-01-07,UHCONSCLOTH,Hesh opto lab pvt ltd,200.0,0.0,200.0,120.0,24000.0
2026-01-07,UHCONSEARBUD,Reliable office supplies,100.0,0.0,100.0,30.0,3000.0
2026-01-07,UHCONSSIHARD,EFIL ADDITIVE PRIVATE LIMITED,30.0,0.0,30.0,1200.0,36000.0
2026-01-07,UHCONSSIRES,EFIL ADDITIVE PRIVATE LIMITED,300.0,0.0,300.0,1155.0,346500.0
2026-01-07,UHCONSTOOTPICK,Reliable office supplies,100.0,0.0,100.0,15.0,1500.0
2026-01-07,UHCTPFGAAO10,3DE Technology Prototype Solutions Pvt Ltd (Casting),98.0,0.0,98.0,380.0,37240.0
2026-01-07,UHCTPFGAAO13,3DE Technology Prototype Solutions Pvt Ltd (Casting),7.0,0.0,7.0,380.0,2660.0
2026-01-07,UHCTPFGAAS05,3DE Technology Prototype Solutions Pvt Ltd (Casting),9.0,0.0,9.0,380.0,3420.0
2026-01-07,UHCTPFGAAS08,3DE Technology Prototype Solutions Pvt Ltd (Casting),87.0,0.0,87.0,380.0,33060.0
2026-01-07,UHCTPFGAAS09,3DE Technology Prototype Solutions Pvt Ltd (Casting),17.0,0.0,17.0,380.0,6460.0
2026-01-07,UHCTPFGAAS12,3DE Technology Prototype Solutions Pvt Ltd (Casting),10.0,0.0,10.0,190.0,1900.0
2026-01-07,UHCTPFGAGO05,3DE Technology Prototype Solutions Pvt Ltd (Casting),80.0,0.0,80.0,380.0,30400.0
2026-01-07,UHCTPFGAGO06,3DE Technology Prototype Solutions Pvt Ltd (Casting),3.0,0.0,3.0,380.0,1140.0
2026-01-07,UHCTPFGAGO07,3DE Technology Prototype Solutions Pvt Ltd (Casting),152.0,0.0,152.0,380.0,57760.0
2026-01-07,UHCTPFGAGO08,3DE Technology Prototype Solutions Pvt Ltd (Casting),123.0,0.0,123.0,380.0,46740.0
2026-01-07,UHCTPFGAGO09,3DE Technology Prototype Solutions Pvt Ltd (Casting),104.0,0.0,104.0,380.0,39520.0
2026-01-07,UHCTPFGAGS10,3DE Technology Prototype Solutions Pvt Ltd (Casting),76.0,0.0,76.0,380.0,28880.0
2026-01-07,UHCTPFGAGS12,3DE Technology Prototype Solutions Pvt Ltd (Casting),19.0,0.0,19.0,190.0,3610.0
2026-01-07,UHCTPFGASO09,3DE Technology Prototype Solutions Pvt Ltd (Casting),1.0,0.0,1.0,380.0,380.0
2026-01-07,UHCTPFGASS07,3DE Technology Prototype Solutions Pvt Ltd (Casting),11.0,0.0,11.0,380.0,4180.0
2026-01-07,UHCTPFGASS08,3DE Technology Prototype Solutions Pvt Ltd (Casting),12.0,0.0,12.0,190.0,2280.0
2026-01-07,UHCTPFGBRGO08,3DE Technology Prototype Solutions Pvt Ltd (Casting),68.0,0.0,68.0,380.0,25840.0
2026-01-07,UHCTPFGBRGO10,3DE Technology Prototype Solutions Pvt Ltd (Casting),2.0,0.0,2.0,380.0,760.0
2026-01-07,UHCTPFGMGO09,3DE Technology Prototype Solutions Pvt Ltd (Casting),11.0,0.0,11.0,380.0,4180.0
2026-01-07,UHCTPFGMGS12,3DE Technology Prototype Solutions Pvt Ltd (Casting),19.0,0.0,19.0,190.0,3610.0
2026-01-07,UHFSJW10M8M,Suprabha ColorGrafix Private Limited,144000.0,0.0,144000.0,0.01,1800.0
2026-01-07,UHPLASIZRS05,ZOEONE INDUSTRIES,2500.0,0.0,2500.0,3.5,8750.0
2026-01-07,UHPLASIZRS06,ZOEONE INDUSTRIES,2500.0,0.0,2500.0,3.5,8750.0
2026-01-07,UHPLASIZRS07,ZOEONE INDUSTRIES,2500.0,0.0,2500.0,3.5,8750.0
2026-01-07,UHPLASIZRS08,ZOEONE INDUSTRIES,2500.0,0.0,2500.0,3.5,8750.0
2026-01-07,UHPLASIZRS09,ZOEONE INDUSTRIES,2500.0,0.0,2500.0,3.5,8750.0
2026-01-07,UHPLASIZRS10,ZOEONE INDUSTRIES,2500.0,0.0,2500.0,3.5,8750.0
2026-01-07,UHPLASIZRS11,ZOEONE INDUSTRIES,2500.0,0.0,2500.0,3.5,8750.0
2026-01-07,UHPLASIZRS12,ZOEONE INDUSTRIES,2500.0,0.0,2500.0,3.5,8750.0
2026-01-07,UHPLASIZRS13,ZOEONE INDUSTRIES,2500.0,0.0,2500.0,3.5,8750.0
2026-01-07,UHPLASIZRS14,ZOEONE INDUSTRIES,2500.0,0.0,2500.0,3.5,8750.0
2026-01-07,UHPRINTBATPCB,Suprabha ColorGrafix Private Limited,37500.0,0.0,37500.0,1.7,63750.0
2026-01-07,UHRDPLSTCONT,MASCOT ENTERPRISE LIMITED,2.0,0.0,2.0,87.84,175.68
2026-01-07,UHRDPRCR162,Fast turn PCB,15500.0,0.0,15500.0,140.54,2178432.0
2026-01-07,UHRDRPCCTPD,NOA Labs (Shenzhen) Ltd.,13.0,0.0,13.0,87.84,1141.92
2026-01-07,UHRDYAJNAS1,Amazon India PVT LTD,2.0,0.0,2.0,183.06,366.12
2026-01-07,UHRING1.62PCBA,SVTRONICS India Private Limited,191.0,0.0,191.0,140.0,26740.0
2026-01-07,UHRING1.62PCBA,Zreyah Semiconductor Systems Pvt. Ltd.,550.0,0.0,550.0,140.0,77000.0
2026-01-07,UHSILCONPAD,NOA Labs (Shenzhen) Ltd.,4.0,0.0,4.0,43.92,175.68
2026-01-07,UHSTFACEMASK,Reliable office supplies,2500.0,0.0,2500.0,2.5,6250.0
2026-01-07,UHSWATCHAA,Mudra innovation,10000.0,0.0,10000.0,12.2,122000.0
2026-01-07,UHSWATCHAG,Mudra innovation,10000.0,0.0,10000.0,12.2,122000.0
2026-01-07,UHSWATCHAS,Mudra innovation,10000.0,0.0,10000.0,12.2,122000.0
2026-01-07,UHSWATCHBRG,Mudra innovation,10000.0,0.0,10000.0,18.0,180000.0
2026-01-07,UHSWATCHMG,Mudra innovation,10000.0,0.0,10000.0,12.2,122000.0
2026-01-07,UHSWATCHRT,Mudra innovation,10000.0,0.0,10000.0,12.2,122000.0
2026-01-08,UH0.2AA07,CP Global Solution Technologies,7.0,0.0,7.0,252.0,1764.0
2026-01-08,UH0.2AA08,CP Global Solution Technologies,6.0,0.0,6.0,252.0,1512.0
2026-01-08,UH0.2AA09,CP Global Solution Technologies,8.0,0.0,8.0,252.0,2016.0
2026-01-08,UHCH2COHOS07,3DE Technology Prototype Solutions Pvt Ltd (Regular Purchase),900.0,0.0,900.0,32.0,28800.0
2026-01-08,UHCHA2BASS08,Aaru Plastics,1008.0,0.0,1008.0,235.0,236880.0
2026-01-08,UHCHARTOPS07,Aaru Plastics,1500.0,0.0,1500.0,34.0,51000.0
2026-01-08,UHCHARTOPS12,Aaru Plastics,800.0,200.0,600.0,34.0,20400.0
2026-01-08,UHCTPFGAAO10,3DE Technology Prototype Solutions Pvt Ltd (Casting),21.0,0.0,21.0,380.0,7980.0
2026-01-08,UHCTPFGAAO13,3DE Technology Prototype Solutions Pvt Ltd (Casting),5.0,0.0,5.0,380.0,1900.0
2026-01-08,UHCTPFGAAS05,3DE Technology Prototype Solutions Pvt Ltd (Casting),3.0,0.0,3.0,380.0,1140.0
2026-01-08,UHCTPFGAAS07,3DE Technology Prototype Solutions Pvt Ltd (Casting),99.0,0.0,99.0,380.0,37620.0
2026-01-08,UHCTPFGAAS08,3DE Technology Prototype Solutions Pvt Ltd (Casting),29.0,0.0,29.0,380.0,11020.0
2026-01-08,UHCTPFGAAS09,3DE Technology Prototype Solutions Pvt Ltd (Casting),142.0,0.0,142.0,380.0,53960.0
2026-01-08,UHCTPFGAAS11,3DE Technology Prototype Solutions Pvt Ltd (Casting),3.0,0.0,3.0,190.0,570.0
2026-01-08,UHCTPFGAAS12,3DE Technology Prototype Solutions Pvt Ltd (Casting),9.0,0.0,9.0,190.0,1710.0
2026-01-08,UHCTPFGAGO05,3DE Technology Prototype Solutions Pvt Ltd (Casting),32.0,0.0,32.0,380.0,12160.0
2026-01-08,UHCTPFGAGO06,3DE Technology Prototype Solutions Pvt Ltd (Casting),4.0,0.0,4.0,380.0,1520.0
2026-01-08,UHCTPFGAGO07,3DE Technology Prototype Solutions Pvt Ltd (Casting),102.0,0.0,102.0,380.0,38760.0
2026-01-08,UHCTPFGAGO08,3DE Technology Prototype Solutions Pvt Ltd (Casting),75.0,0.0,75.0,380.0,28500.0
2026-01-08,UHCTPFGAGO09,3DE Technology Prototype Solutions Pvt Ltd (Casting),118.0,0.0,118.0,380.0,44840.0
2026-01-08,UHCTPFGAGS10,3DE Technology Prototype Solutions Pvt Ltd (Casting),35.0,0.0,35.0,380.0,13300.0
2026-01-08,UHCTPFGAGS12,3DE Technology Prototype Solutions Pvt Ltd (Casting),24.0,0.0,24.0,190.0,4560.0
2026-01-08,UHCTPFGASO09,3DE Technology Prototype Solutions Pvt Ltd (Casting),1.0,0.0,1.0,380.0,380.0
2026-01-08,UHCTPFGASS07,3DE Technology Prototype Solutions Pvt Ltd (Casting),1.0,0.0,1.0,380.0,380.0
2026-01-08,UHCTPFGASS08,3DE Technology Prototype Solutions Pvt Ltd (Casting),17.0,0.0,17.0,190.0,3230.0
2026-01-08,UHCTPFGBRGO07,3DE Technology Prototype Solutions Pvt Ltd (Casting),59.0,0.0,59.0,380.0,22420.0
2026-01-08,UHCTPFGBRGO08,3DE Technology Prototype Solutions Pvt Ltd (Casting),91.0,0.0,91.0,380.0,34580.0
2026-01-08,UHCTPFGBRGO09,3DE Technology Prototype Solutions Pvt Ltd (Casting),1.0,0.0,1.0,380.0,380.0
2026-01-08,UHCTPFGMGO09,3DE Technology Prototype Solutions Pvt Ltd (Casting),181.0,0.0,181.0,380.0,68780.0
2026-01-08,UHCTPFGMGS12,3DE Technology Prototype Solutions Pvt Ltd (Casting),29.0,0.0,29.0,190.0,5510.0
2026-01-08,UHCTPFGMGS14,3DE Technology Prototype Solutions Pvt Ltd (Casting),4.0,0.0,4.0,190.0,760.0
2026-01-08,UHPLASIZRS05,ZOEONE INDUSTRIES,2500.0,0.0,2500.0,3.5,8750.0
2026-01-08,UHPLASIZRS06,ZOEONE INDUSTRIES,2500.0,0.0,2500.0,3.5,8750.0
2026-01-08,UHPLASIZRS07,ZOEONE INDUSTRIES,2500.0,0.0,2500.0,3.5,8750.0
2026-01-08,UHPLASIZRS08,ZOEONE INDUSTRIES,2500.0,0.0,2500.0,3.5,8750.0
2026-01-08,UHPLASIZRS09,ZOEONE INDUSTRIES,2500.0,0.0,2500.0,3.5,8750.0
2026-01-08,UHPLASIZRS10,ZOEONE INDUSTRIES,2500.0,0.0,2500.0,3.5,8750.0
2026-01-08,UHPLASIZRS11,ZOEONE INDUSTRIES,2500.0,0.0,2500.0,3.5,8750.0
2026-01-08,UHPLASIZRS12,ZOEONE INDUSTRIES,2500.0,0.0,2500.0,3.5,8750.0
2026-01-08,UHPLASIZRS13,ZOEONE INDUSTRIES,2500.0,0.0,2500.0,3.5,8750.0
2026-01-08,UHPLASIZRS14,ZOEONE INDUSTRIES,2500.0,0.0,2500.0,3.5,8750.0
2026-01-08,UHRDBLKCHRG,Dongguan dongniu electronic co.ltd,162.0,0.0,162.0,151.96,24618.04
2026-01-08,UHRDPVCTAPE,Bharath Hardware & Industrial Suppliers,24.0,0.0,24.0,20.0,480.0
2026-01-08,UHRDSTENCIAL ,WITGAIN TECHNOLOGY LIMITED,2.0,0.0,2.0,878.4,1756.8
2026-01-08,UHRDVARTECH,Aarthi Electronics,2.0,0.0,2.0,4950.0,9900.0
2026-01-09,UH120OHMSAMC,"Swift Electrocomp Solutions Pvt Ltd.,",4800.0,0.0,4800.0,3.93,18864.0
2026-01-09,UH1UF5CAPTOR,"Swift Electrocomp Solutions Pvt Ltd.,",38000.0,0.0,38000.0,1.89,71820.0
2026-01-09,UH50MASWITCH,"Swift Electrocomp Solutions Pvt Ltd.,",13000.0,0.0,13000.0,35.69,463970.0
2026-01-09,UHCHA2BASS09,Aaru Plastics,1008.0,0.0,1008.0,235.0,236880.0
2026-01-09,UHCHARTOPS08,Aaru Plastics,5500.0,4000.0,1500.0,34.0,51000.0
2026-01-09,UHCHARTOPS11,Aaru Plastics,1500.0,1000.0,500.0,34.0,17000.0
2026-01-09,UHCTPFGAAO10,3DE Technology Prototype Solutions Pvt Ltd (Casting),1.0,0.0,1.0,380.0,380.0
2026-01-09,UHCTPFGAAO13,3DE Technology Prototype Solutions Pvt Ltd (Casting),27.0,0.0,27.0,380.0,10260.0
2026-01-09,UHCTPFGAAS05,3DE Technology Prototype Solutions Pvt Ltd (Casting),22.0,0.0,22.0,380.0,8360.0
2026-01-09,UHCTPFGAAS06,3DE Technology Prototype Solutions Pvt Ltd (Casting),1.0,0.0,1.0,190.0,190.0
2026-01-09,UHCTPFGAAS07,3DE Technology Prototype Solutions Pvt Ltd (Casting),19.0,0.0,19.0,380.0,7220.0
2026-01-09,UHCTPFGAAS08,3DE Technology Prototype Solutions Pvt Ltd (Casting),3.0,0.0,3.0,380.0,1140.0
2026-01-09,UHCTPFGAAS09,3DE Technology Prototype Solutions Pvt Ltd (Casting),20.0,0.0,20.0,380.0,7600.0
2026-01-09,UHCTPFGAAS11,3DE Technology Prototype Solutions Pvt Ltd (Casting),23.0,0.0,23.0,190.0,4370.0
2026-01-09,UHCTPFGAAS12,3DE Technology Prototype Solutions Pvt Ltd (Casting),11.0,0.0,11.0,190.0,2090.0
2026-01-09,UHCTPFGAGO05,3DE Technology Prototype Solutions Pvt Ltd (Casting),4.0,0.0,4.0,380.0,1520.0
2026-01-09,UHCTPFGAGO06,3DE Technology Prototype Solutions Pvt Ltd (Casting),112.0,0.0,112.0,380.0,42560.0
2026-01-09,UHCTPFGAGO07,3DE Technology Prototype Solutions Pvt Ltd (Casting),125.0,0.0,125.0,380.0,47500.0
2026-01-09,UHCTPFGAGO08,3DE Technology Prototype Solutions Pvt Ltd (Casting),254.0,0.0,254.0,380.0,96520.0
2026-01-09,UHCTPFGAGO09,3DE Technology Prototype Solutions Pvt Ltd (Casting),205.0,0.0,205.0,380.0,77900.0
2026-01-09,UHCTPFGAGS10,3DE Technology Prototype Solutions Pvt Ltd (Casting),6.0,0.0,6.0,380.0,2280.0
2026-01-09,UHCTPFGAGS12,3DE Technology Prototype Solutions Pvt Ltd (Casting),8.0,0.0,8.0,190.0,1520.0
2026-01-09,UHCTPFGASO06,3DE Technology Prototype Solutions Pvt Ltd (Casting),1.0,0.0,1.0,380.0,380.0
2026-01-09,UHCTPFGASS08,3DE Technology Prototype Solutions Pvt Ltd (Casting),8.0,0.0,8.0,190.0,1520.0
2026-01-09,UHCTPFGBRGO05,3DE Technology Prototype Solutions Pvt Ltd (Casting),22.0,0.0,22.0,380.0,8360.0
2026-01-09,UHCTPFGBRGO07,3DE Technology Prototype Solutions Pvt Ltd (Casting),12.0,0.0,12.0,380.0,4560.0
2026-01-09,UHCTPFGBRGO08,3DE Technology Prototype Solutions Pvt Ltd (Casting),58.0,0.0,58.0,380.0,22040.0
2026-01-09,UHCTPFGMGO09,3DE Technology Prototype Solutions Pvt Ltd (Casting),36.0,0.0,36.0,380.0,13680.0
2026-01-09,UHCTPFGMGS12,3DE Technology Prototype Solutions Pvt Ltd (Casting),24.0,0.0,24.0,190.0,4560.0
2026-01-09,UHCTPFGMGS14,3DE Technology Prototype Solutions Pvt Ltd (Casting),19.0,0.0,19.0,190.0,3610.0
2026-01-09,UHCTPFGRTS13,3DE Technology Prototype Solutions Pvt Ltd (Casting),11.0,0.0,11.0,380.0,4180.0
2026-01-09,UHRD01UFX7R,AGILE TRADE SOLUTIONS,255000.0,0.0,255000.0,0.38,96900.0
2026-01-09,UHRD22UFX51,AGILE TRADE SOLUTIONS,32000.0,0.0,32000.0,9.0,288000.0
2026-01-09,UHRDSHAPJUD,METALRIPPER MANUFACTURING,20.0,0.0,20.0,700.0,14000.0
2026-01-09,UHRDSMD0201,AGILE TRADE SOLUTIONS,255000.0,0.0,255000.0,5.7,1453500.0
2026-01-09,UHRFSMDIND2.2,"Swift Electrocomp Solutions Pvt Ltd.,",15000.0,0.0,15000.0,4.12,61800.0
2026-01-09,UHRING1.62PCBA,Zreyah Semiconductor Systems Pvt. Ltd.,1814.0,0.0,1814.0,140.0,253960.0
2026-01-09,UHRTCFGS05,IILA INDUSTRIES (RT Conversion),45.0,0.0,45.0,110.0,4950.0
2026-01-09,UHRTCFGS06,IILA INDUSTRIES (RT Conversion),137.0,0.0,137.0,102.92,14100.0
2026-01-09,UHRTCFGS07,IILA INDUSTRIES (RT Conversion),72.0,0.0,72.0,104.86,7550.0
2026-01-09,UHRTCFGS09,IILA INDUSTRIES (RT Conversion),148.0,0.0,148.0,100.2,14830.0
2026-01-09,UHRTCFGS10,IILA INDUSTRIES (RT Conversion),1.0,0.0,1.0,110.0,110.0
2026-01-09,UHSMD0.1UF16V,"Swift Electrocomp Solutions Pvt Ltd.,",87000.0,0.0,87000.0,0.59,51330.0
2026-01-10,UHCH2COHOS07,3DE Technology Prototype Solutions Pvt Ltd (Regular Purchase),2550.0,0.0,2550.0,32.0,81600.0
2026-01-10,UHDIOCOMT33V,"Swift Electrocomp Solutions Pvt Ltd.,",34000.0,0.0,34000.0,5.01,170340.0
2026-01-10,UHDIOSMCAV99,"Swift Electrocomp Solutions Pvt Ltd.,",48000.0,0.0,48000.0,2.99,143520.0
2026-01-10,UHPLASIZRS05,ZOEONE INDUSTRIES,2500.0,0.0,2500.0,3.5,8750.0
2026-01-10,UHPLASIZRS06,ZOEONE INDUSTRIES,2500.0,0.0,2500.0,3.5,8750.0
2026-01-10,UHPLASIZRS07,ZOEONE INDUSTRIES,2500.0,0.0,2500.0,3.5,8750.0
2026-01-10,UHPLASIZRS08,ZOEONE INDUSTRIES,2500.0,0.0,2500.0,3.5,8750.0
2026-01-10,UHPLASIZRS09,ZOEONE INDUSTRIES,2500.0,0.0,2500.0,3.5,8750.0
2026-01-10,UHPLASIZRS10,ZOEONE INDUSTRIES,2500.0,0.0,2500.0,3.5,8750.0
2026-01-10,UHPLASIZRS11,ZOEONE INDUSTRIES,2500.0,0.0,2500.0,3.5,8750.0
2026-01-10,UHPLASIZRS12,ZOEONE INDUSTRIES,2500.0,0.0,2500.0,3.5,8750.0
2026-01-10,UHPLASIZRS13,ZOEONE INDUSTRIES,2500.0,0.0,2500.0,3.5,8750.0
2026-01-10,UHPLASIZRS14,ZOEONE INDUSTRIES,2500.0,0.0,2500.0,3.5,8750.0
2026-01-10,UHRESBOU01BO,"Swift Electrocomp Solutions Pvt Ltd.,",60000.0,0.0,60000.0,0.3,18000.0
2026-01-10,UHRESVIS10OH,"Swift Electrocomp Solutions Pvt Ltd.,",70000.0,0.0,70000.0,0.3,21000.0
2026-01-10,UHRESYAG074O,"Swift Electrocomp Solutions Pvt Ltd.,",50000.0,0.0,50000.0,0.85,42500.0
2026-01-10,UHRING1.62PCBA,Zreyah Semiconductor Systems Pvt. Ltd.,605.0,0.0,605.0,140.0,84700.0
2026-01-10,UHRTCFGS05,IILA INDUSTRIES (RT Conversion),4.0,0.0,4.0,110.0,440.0
2026-01-10,UHRTCFGS07,IILA INDUSTRIES (RT Conversion),51.0,0.0,51.0,100.0,5100.0
2026-01-10,UHRTCFGS08,IILA INDUSTRIES (RT Conversion),45.0,0.0,45.0,102.22,4600.0
2026-01-10,UHRTCFGS10,IILA INDUSTRIES (RT Conversion),6.0,0.0,6.0,100.0,600.0
2026-01-10,UHRTCFGS11,IILA INDUSTRIES (RT Conversion),4.0,0.0,4.0,110.0,440.0
2026-01-12,UHC2C47PF25V,SEMISEARCH TECHNOLOGIES PRIVATE LIMITED,50000.0,0.0,50000.0,0.95,47500.0
2026-01-12,UHC2PCBAREV21,PODRAIN ELECTRONICS PRIVATE LIMITED,20.0,0.0,20.0,35.0,700.0
2026-01-12,UHCH2COHOS08,3DE Technology Prototype Solutions Pvt Ltd (Regular Purchase),2000.0,0.0,2000.0,32.0,64000.0
2026-01-12,UHCHA2BASS06,Aaru Plastics,1008.0,0.0,1008.0,235.0,236880.0
2026-01-12,UHCHA2BASS07,HANAV MANUFACTURING AND BUSINESS PRIVATE LIMITED,2016.0,0.0,2016.0,250.0,504000.0
2026-01-12,UHCHA2BASS08,Aaru Plastics,1008.0,0.0,1008.0,235.0,236880.0
2026-01-12,UHCHARTOPS06,Aaru Plastics,1000.0,0.0,1000.0,34.0,34000.0
2026-01-12,UHCHARTOPS07,Aaru Plastics,1000.0,0.0,1000.0,34.0,34000.0
2026-01-12,UHCTPFGAAO13,3DE Technology Prototype Solutions Pvt Ltd (Casting),8.0,0.0,8.0,380.0,3040.0
2026-01-12,UHCTPFGAAS05,3DE Technology Prototype Solutions Pvt Ltd (Casting),2.0,0.0,2.0,380.0,760.0
2026-01-12,UHCTPFGAAS07,3DE Technology Prototype Solutions Pvt Ltd (Casting),2.0,0.0,2.0,380.0,760.0
2026-01-12,UHCTPFGAAS08,3DE Technology Prototype Solutions Pvt Ltd (Casting),1.0,0.0,1.0,380.0,380.0
2026-01-12,UHCTPFGAAS09,3DE Technology Prototype Solutions Pvt Ltd (Casting),1.0,0.0,1.0,380.0,380.0
2026-01-12,UHCTPFGAAS11,3DE Technology Prototype Solutions Pvt Ltd (Casting),41.0,0.0,41.0,190.0,7790.0
2026-01-12,UHCTPFGAAS12,3DE Technology Prototype Solutions Pvt Ltd (Casting),39.0,0.0,39.0,190.0,7410.0
2026-01-12,UHCTPFGAGO05,3DE Technology Prototype Solutions Pvt Ltd (Casting),3.0,0.0,3.0,380.0,1140.0
2026-01-12,UHCTPFGAGO06,3DE Technology Prototype Solutions Pvt Ltd (Casting),9.0,0.0,9.0,380.0,3420.0
2026-01-12,UHCTPFGAGO07,3DE Technology Prototype Solutions Pvt Ltd (Casting),208.0,0.0,208.0,380.0,79040.0
2026-01-12,UHCTPFGAGO08,3DE Technology Prototype Solutions Pvt Ltd (Casting),132.0,0.0,132.0,380.0,50160.0
2026-01-12,UHCTPFGAGO09,3DE Technology Prototype Solutions Pvt Ltd (Casting),53.0,0.0,53.0,380.0,20140.0
2026-01-12,UHCTPFGAGS10,3DE Technology Prototype Solutions Pvt Ltd (Casting),3.0,0.0,3.0,380.0,1140.0
2026-01-12,UHCTPFGAGS12,3DE Technology Prototype Solutions Pvt Ltd (Casting),8.0,0.0,8.0,190.0,1520.0
2026-01-12,UHCTPFGASO07,3DE Technology Prototype Solutions Pvt Ltd (Casting),207.0,0.0,207.0,380.0,78660.0
2026-01-12,UHCTPFGASO10,3DE Technology Prototype Solutions Pvt Ltd (Casting),158.0,0.0,158.0,380.0,60040.0
2026-01-12,UHCTPFGBRGO05,3DE Technology Prototype Solutions Pvt Ltd (Casting),2.0,0.0,2.0,380.0,760.0
2026-01-12,UHCTPFGBRGO07,3DE Technology Prototype Solutions Pvt Ltd (Casting),1.0,0.0,1.0,380.0,380.0
2026-01-12,UHCTPFGBRGO08,3DE Technology Prototype Solutions Pvt Ltd (Casting),23.0,0.0,23.0,380.0,8740.0
2026-01-12,UHCTPFGMGO09,3DE Technology Prototype Solutions Pvt Ltd (Casting),12.0,0.0,12.0,380.0,4560.0
2026-01-12,UHCTPFGMGO10,3DE Technology Prototype Solutions Pvt Ltd (Casting),33.0,0.0,33.0,380.0,12540.0
2026-01-12,UHCTPFGMGS08,3DE Technology Prototype Solutions Pvt Ltd (Casting),20.0,0.0,20.0,190.0,3800.0
2026-01-12,UHCTPFGMGS11,3DE Technology Prototype Solutions Pvt Ltd (Casting),19.0,0.0,19.0,190.0,3610.0
2026-01-12,UHCTPFGMGS12,3DE Technology Prototype Solutions Pvt Ltd (Casting),11.0,0.0,11.0,190.0,2090.0
2026-01-12,UHCTPFGMGS14,3DE Technology Prototype Solutions Pvt Ltd (Casting),1.0,0.0,1.0,190.0,190.0
2026-01-12,UHCTPFGRTS10,3DE Technology Prototype Solutions Pvt Ltd (Casting),108.0,0.0,108.0,190.0,20520.0
2026-01-12,UHCTPFGRTS11,3DE Technology Prototype Solutions Pvt Ltd (Casting),13.0,0.0,13.0,190.0,2470.0
2026-01-12,UHDIOCOMT33V,"Swift Electrocomp Solutions Pvt Ltd.,",6000.0,0.0,6000.0,5.01,30060.0
2026-01-12,UHDIODIOI40V,SEMISEARCH TECHNOLOGIES PRIVATE LIMITED,30000.0,0.0,30000.0,18.5,555000.0
2026-01-12,UHHWSSM1.8X6S,"ZHONGSHAN HAOFAN HARDWARE CO., LTD",250000.0,0.0,250000.0,0.79,197640.0
2026-01-12,UHPLASIZRS05,ZOEONE INDUSTRIES,2500.0,0.0,2500.0,3.5,8750.0
2026-01-12,UHPLASIZRS06,ZOEONE INDUSTRIES,2500.0,0.0,2500.0,3.5,8750.0
2026-01-12,UHPLASIZRS07,ZOEONE INDUSTRIES,2500.0,0.0,2500.0,3.5,8750.0
2026-01-12,UHPLASIZRS08,ZOEONE INDUSTRIES,2500.0,0.0,2500.0,3.5,8750.0
2026-01-12,UHPLASIZRS09,ZOEONE INDUSTRIES,2500.0,0.0,2500.0,3.5,8750.0
2026-01-12,UHPLASIZRS10,ZOEONE INDUSTRIES,2500.0,0.0,2500.0,3.5,8750.0
2026-01-12,UHPLASIZRS11,ZOEONE INDUSTRIES,2500.0,0.0,2500.0,3.5,8750.0
2026-01-12,UHPLASIZRS12,ZOEONE INDUSTRIES,2500.0,0.0,2500.0,3.5,8750.0
2026-01-12,UHPLASIZRS13,ZOEONE INDUSTRIES,2500.0,0.0,2500.0,3.5,8750.0
2026-01-12,UHPLASIZRS14,ZOEONE INDUSTRIES,2500.0,0.0,2500.0,3.5,8750.0
2026-01-12,UHRDABSPLAST,Amazon India PVT LTD,5.0,0.0,5.0,168.64,843.2
2026-01-12,UHRESPAN01KO,"Swift Electrocomp Solutions Pvt Ltd.,",60000.0,0.0,60000.0,0.31,18600.0
2026-01-12,UHRESPAN47KO,"Swift Electrocomp Solutions Pvt Ltd.,",60000.0,0.0,60000.0,0.55,33000.0
2026-01-12,UHRING1.62PCBA,Zreyah Semiconductor Systems Pvt. Ltd.,1799.0,0.0,1799.0,140.0,251860.0
2026-01-12,UHTAPEBATPCB,"Hangzhou Bozhou Electric Appliance Co., Ltd.",25000.0,0.0,25000.0,3.41,85292.64
2026-01-12,UHTRAEPC200V,"Swift Electrocomp Solutions Pvt Ltd.,",50000.0,0.0,50000.0,61.52,3076000.0
2026-01-13,UHANABND777,Aarthi Electronics,2.0,0.0,2.0,50.0,100.0
2026-01-13,UHC2CUMO10MA,AGILE TRADE SOLUTIONS,25000.0,0.0,25000.0,60.45,1511250.0
2026-01-13,UHCONATOP3P,Aarthi Electronics,3.0,0.0,3.0,185.0,555.0
2026-01-13,UHCTPFGAAO13,3DE Technology Prototype Solutions Pvt Ltd (Casting),1.0,0.0,1.0,380.0,380.0
2026-01-13,UHCTPFGAAS11,3DE Technology Prototype Solutions Pvt Ltd (Casting),3.0,0.0,3.0,190.0,570.0
2026-01-13,UHCTPFGAAS12,3DE Technology Prototype Solutions Pvt Ltd (Casting),1.0,0.0,1.0,190.0,190.0
2026-01-13,UHCTPFGAGO05,3DE Technology Prototype Solutions Pvt Ltd (Casting),1.0,0.0,1.0,380.0,380.0
2026-01-13,UHCTPFGAGO06,3DE Technology Prototype Solutions Pvt Ltd (Casting),90.0,0.0,90.0,380.0,34200.0
2026-01-13,UHCTPFGAGO07,3DE Technology Prototype Solutions Pvt Ltd (Casting),41.0,0.0,41.0,380.0,15580.0
2026-01-13,UHCTPFGAGO08,3DE Technology Prototype Solutions Pvt Ltd (Casting),118.0,0.0,118.0,380.0,44840.0
2026-01-13,UHCTPFGAGS12,3DE Technology Prototype Solutions Pvt Ltd (Casting),1.0,0.0,1.0,190.0,190.0
2026-01-13,UHCTPFGASO06,3DE Technology Prototype Solutions Pvt Ltd (Casting),50.0,0.0,50.0,380.0,19000.0
2026-01-13,UHCTPFGASO07,3DE Technology Prototype Solutions Pvt Ltd (Casting),185.0,0.0,185.0,380.0,70300.0
2026-01-13,UHCTPFGASO09,3DE Technology Prototype Solutions Pvt Ltd (Casting),72.0,0.0,72.0,380.0,27360.0
2026-01-13,UHCTPFGASO10,3DE Technology Prototype Solutions Pvt Ltd (Casting),91.0,0.0,91.0,380.0,34580.0
2026-01-13,UHCTPFGASS11,3DE Technology Prototype Solutions Pvt Ltd (Casting),2.0,0.0,2.0,190.0,380.0
2026-01-13,UHCTPFGBRGO07,3DE Technology Prototype Solutions Pvt Ltd (Casting),90.0,0.0,90.0,380.0,34200.0
2026-01-13,UHCTPFGBRGO14,3DE Technology Prototype Solutions Pvt Ltd (Casting),1.0,0.0,1.0,380.0,380.0
2026-01-13,UHCTPFGMGO10,3DE Technology Prototype Solutions Pvt Ltd (Casting),15.0,0.0,15.0,380.0,5700.0
2026-01-13,UHCTPFGMGS08,3DE Technology Prototype Solutions Pvt Ltd (Casting),38.0,0.0,38.0,190.0,7220.0
2026-01-13,UHCTPFGMGS11,3DE Technology Prototype Solutions Pvt Ltd (Casting),65.0,0.0,65.0,190.0,12350.0
2026-01-13,UHCTPFGMGS12,3DE Technology Prototype Solutions Pvt Ltd (Casting),1.0,0.0,1.0,190.0,190.0
2026-01-13,UHCTPFGRTO09,3DE Technology Prototype Solutions Pvt Ltd (Casting),125.0,0.0,125.0,380.0,47500.0
2026-01-13,UHCTPFGRTS10,3DE Technology Prototype Solutions Pvt Ltd (Casting),9.0,0.0,9.0,190.0,1710.0
2026-01-13,UHCTPFGRTS11,3DE Technology Prototype Solutions Pvt Ltd (Casting),101.0,0.0,101.0,190.0,19190.0
2026-01-13,UHCTPFGRTS12,3DE Technology Prototype Solutions Pvt Ltd (Casting),72.0,0.0,72.0,380.0,27360.0
2026-01-13,UHCUTINPLYR,Aarthi Electronics,2.0,0.0,2.0,240.0,480.0
2026-01-13,UHLEDWOR812B,AGILE TRADE SOLUTIONS,50000.0,0.0,50000.0,7.06,353000.0
2026-01-13,UHRDCASIO12,Amazon India PVT LTD,1.0,0.0,1.0,372.04,372.04
2026-01-13,UHRDHSSBLADE,Bharath Hardware & Industrial Suppliers,1.0,0.0,1.0,290.0,290.0
2026-01-13,UHRDPRCR162,WITGAIN TECHNOLOGY LIMITED,12927.0,0.0,12927.0,258.05,3335792.27
2026-01-13,UHRDRINGP32,WITGAIN TECHNOLOGY LIMITED,2520.0,0.0,2520.0,165.14,416150.78
2026-01-13,UHRDSAFETY1,Amazon India PVT LTD,2.0,0.0,2.0,289.84,579.68
2026-01-13,UHRING1.62PCBA,SVTRONICS India Private Limited,1088.0,0.0,1088.0,140.0,152320.0
2026-01-13,UHRING1.62PCBA,Zreyah Semiconductor Systems Pvt. Ltd.,1634.0,0.0,1634.0,140.0,228760.0
2026-01-13,UHROUNDSEAL ,Super Royal Services,2.0,0.0,2.0,350.0,700.0
2026-01-13,UHTAPEDC10X8,Suprabha ColorGrafix Private Limited,200000.0,0.0,200000.0,0.3,60000.0
2026-01-13,UHWATERBOTL,Amazon India PVT LTD,5.0,0.0,5.0,137.5,687.5
2026-01-13,UHWTPRFGLUE,Aarthi Electronics,1.0,0.0,1.0,240.0,240.0
2026-01-14,UH0.2AA08,CP Global Solution Technologies,1000.0,0.0,1000.0,300.0,300000.0
2026-01-14,UH0.2AA10,CP Global Solution Technologies,32.0,0.0,32.0,300.0,9600.0
2026-01-14,UH0.2AA11,CP Global Solution Technologies,527.0,0.0,527.0,300.0,158100.0
2026-01-14,UH0.2AA12,CP Global Solution Technologies,144.0,0.0,144.0,300.0,43200.0
2026-01-14,UH0.2MIRROR06,HANAV MANUFACTURING AND BUSINESS PRIVATE LIMITED,154.0,0.0,154.0,530.0,81620.0
2026-01-14,UH0.2MIRROR10,HANAV MANUFACTURING AND BUSINESS PRIVATE LIMITED,1431.0,0.0,1431.0,530.0,758430.0
2026-01-14,UH0.2MIRROR11,HANAV MANUFACTURING AND BUSINESS PRIVATE LIMITED,377.0,0.0,377.0,530.0,199810.0
2026-01-14,UH0.2MIRROR13,HANAV MANUFACTURING AND BUSINESS PRIVATE LIMITED,78.0,0.0,78.0,530.0,41340.0
2026-01-14,UH0.2MIRROR14,HANAV MANUFACTURING AND BUSINESS PRIVATE LIMITED,560.0,0.0,560.0,530.0,296800.0
2026-01-14,UHCH2COHOS08,3DE Technology Prototype Solutions Pvt Ltd (Regular Purchase),1900.0,0.0,1900.0,32.0,60800.0
2026-01-14,UHCHA2BASS07,Aaru Plastics,1816.0,0.0,1816.0,235.0,426760.0
2026-01-14,UHCHARTOPS07,Aaru Plastics,600.0,0.0,600.0,34.0,20400.0
2026-01-14,UHCHARTOPS09,Aaru Plastics,1000.0,0.0,1000.0,34.0,34000.0
2026-01-14,UHCTPFGAAS11,3DE Technology Prototype Solutions Pvt Ltd (Casting),1.0,0.0,1.0,190.0,190.0
2026-01-14,UHCTPFGAGO05,3DE Technology Prototype Solutions Pvt Ltd (Casting),75.0,0.0,75.0,380.0,28500.0
2026-01-14,UHCTPFGAGO06,3DE Technology Prototype Solutions Pvt Ltd (Casting),25.0,0.0,25.0,380.0,9500.0
2026-01-14,UHCTPFGAGO07,3DE Technology Prototype Solutions Pvt Ltd (Casting),153.0,0.0,153.0,380.0,58140.0
2026-01-14,UHCTPFGAGO08,3DE Technology Prototype Solutions Pvt Ltd (Casting),149.0,0.0,149.0,380.0,56620.0
2026-01-14,UHCTPFGAGO09,3DE Technology Prototype Solutions Pvt Ltd (Casting),68.0,0.0,68.0,380.0,25840.0
2026-01-14,UHCTPFGASO05,3DE Technology Prototype Solutions Pvt Ltd (Casting),25.0,0.0,25.0,380.0,9500.0
2026-01-14,UHCTPFGASO06,3DE Technology Prototype Solutions Pvt Ltd (Casting),8.0,0.0,8.0,380.0,3040.0
2026-01-14,UHCTPFGASO07,3DE Technology Prototype Solutions Pvt Ltd (Casting),55.0,0.0,55.0,380.0,20900.0
2026-01-14,UHCTPFGASO09,3DE Technology Prototype Solutions Pvt Ltd (Casting),22.0,0.0,22.0,380.0,8360.0
2026-01-14,UHCTPFGASO10,3DE Technology Prototype Solutions Pvt Ltd (Casting),99.0,0.0,99.0,380.0,37620.0
2026-01-14,UHCTPFGASS08,3DE Technology Prototype Solutions Pvt Ltd (Casting),14.0,0.0,14.0,190.0,2660.0
2026-01-14,UHCTPFGASS11,3DE Technology Prototype Solutions Pvt Ltd (Casting),7.0,0.0,7.0,190.0,1330.0
2026-01-14,UHCTPFGBRGO06,3DE Technology Prototype Solutions Pvt Ltd (Casting),26.0,0.0,26.0,380.0,9880.0
2026-01-14,UHCTPFGBRGO07,3DE Technology Prototype Solutions Pvt Ltd (Casting),22.0,0.0,22.0,380.0,8360.0
2026-01-14,UHCTPFGBRGO14,3DE Technology Prototype Solutions Pvt Ltd (Casting),15.0,0.0,15.0,380.0,5700.0
2026-01-14,UHCTPFGMGO10,3DE Technology Prototype Solutions Pvt Ltd (Casting),14.0,0.0,14.0,380.0,5320.0
2026-01-14,UHCTPFGMGS08,3DE Technology Prototype Solutions Pvt Ltd (Casting),1.0,0.0,1.0,190.0,190.0
2026-01-14,UHCTPFGMGS11,3DE Technology Prototype Solutions Pvt Ltd (Casting),11.0,0.0,11.0,190.0,2090.0
2026-01-14,UHCTPFGMGS13,3DE Technology Prototype Solutions Pvt Ltd (Casting),24.0,0.0,24.0,190.0,4560.0
2026-01-14,UHCTPFGRTO09,3DE Technology Prototype Solutions Pvt Ltd (Casting),30.0,0.0,30.0,380.0,11400.0
2026-01-14,UHCTPFGRTS08,3DE Technology Prototype Solutions Pvt Ltd (Casting),23.0,0.0,23.0,190.0,4370.0
2026-01-14,UHCTPFGRTS09,3DE Technology Prototype Solutions Pvt Ltd (Casting),47.0,0.0,47.0,190.0,8930.0
2026-01-14,UHCTPFGRTS10,3DE Technology Prototype Solutions Pvt Ltd (Casting),2.0,0.0,2.0,190.0,380.0
2026-01-14,UHCTPFGRTS11,3DE Technology Prototype Solutions Pvt Ltd (Casting),5.0,0.0,5.0,190.0,950.0
2026-01-14,UHCTPFGRTS12,3DE Technology Prototype Solutions Pvt Ltd (Casting),90.0,0.0,90.0,380.0,34200.0
2026-01-14,UHCTPFGRTS13,3DE Technology Prototype Solutions Pvt Ltd (Casting),19.0,0.0,19.0,380.0,7220.0
2026-01-14,UHRDSAFETY1,Amazon India PVT LTD,4.0,0.0,4.0,289.84,1159.36
2026-01-14,UHRING1.62PCBA,Zreyah Semiconductor Systems Pvt. Ltd.,1076.0,0.0,1076.0,140.0,150640.0
2026-01-16,UH0.47UFCAPTOR ,MOUSER ELECTRONIC,17000.0,0.0,17000.0,1.23,20905.92
2026-01-16,UH100KRESTOR,MOUSER ELECTRONIC,29500.0,0.0,29500.0,0.53,15547.68
2026-01-16,UH10KRESTOR,MOUSER ELECTRONIC,3000.0,0.0,3000.0,0.7,2108.16
2026-01-16,UH196KRESTOR,MOUSER ELECTRONIC,9000.0,0.0,9000.0,0.53,4743.36
2026-01-16,UH2000PF0603,MOUSER ELECTRONIC,7000.0,0.0,7000.0,5.62,39352.32
2026-01-16,UH20KRESTOR,MOUSER ELECTRONIC,13500.0,0.0,13500.0,2.59,34982.28
2026-01-16,UH20KRESTORS,MOUSER ELECTRONIC,3000.0,0.0,3000.0,0.61,1844.64
2026-01-16,UH220KRESTOR,MOUSER ELECTRONIC,9000.0,0.0,9000.0,2.64,23716.8
2026-01-16,UH300KRESTOR,MOUSER ELECTRONIC,12000.0,0.0,12000.0,0.18,2108.16
2026-01-16,UH330HMSBEAD,MOUSER ELECTRONIC,17000.0,0.0,17000.0,2.64,44798.4
2026-01-16,UH3.3KRESTORS,MOUSER ELECTRONIC,3500.0,0.0,3500.0,0.26,922.32
2026-01-16,UH3PWIREHEADR,MOUSER ELECTRONIC,8500.0,0.0,8500.0,3.86,32852.16
2026-01-16,UH3PWTB78171,MOUSER ELECTRONIC,8000.0,0.0,8000.0,16.69,133516.8
2026-01-16,UH47NFVCAPTOR,MOUSER ELECTRONIC,6000.0,0.0,6000.0,1.23,7378.56
2026-01-16,UH4.99KRESTOR,"Swift Electrocomp Solutions Pvt Ltd.,",50000.0,0.0,50000.0,0.6,30000.0
2026-01-16,UH50VCAPACTOR,MOUSER ELECTRONIC,13000.0,0.0,13000.0,1.05,13703.04
2026-01-16,UH634KRESTOR,MOUSER ELECTRONIC,9000.0,0.0,9000.0,0.53,4743.36
2026-01-16,UH66.5KRESTOR,MOUSER ELECTRONIC,9000.0,0.0,9000.0,0.53,4743.36
2026-01-16,UHANTNE2.4HZBT,MOUSER ELECTRONIC,8500.0,0.0,8500.0,21.78,185166.72
2026-01-16,UHCAP16V2200PF,MOUSER ELECTRONIC,6000.0,0.0,6000.0,0.79,4743.36
2026-01-16,UHCAPACTOR1UF,MOUSER ELECTRONIC,56000.0,0.0,56000.0,4.13,231194.88
2026-01-16,UHCAPSMT1PF50,MOUSER ELECTRONIC,9000.0,0.0,9000.0,1.14,10277.28
2026-01-16,UHCAPTOR022UF,MOUSER ELECTRONIC,13000.0,0.0,13000.0,0.61,7993.44
2026-01-16,UHCAPTOR1000PF,MOUSER ELECTRONIC,13000.0,0.0,13000.0,0.7,9135.36
2026-01-16,UHCAPTOR680PF,MOUSER ELECTRONIC,13000.0,0.0,13000.0,3.07,39967.2
2026-01-16,UHCTPFGAAO10,3DE Technology Prototype Solutions Pvt Ltd (Casting),51.0,0.0,51.0,380.0,19380.0
2026-01-16,UHCTPFGAAS06,3DE Technology Prototype Solutions Pvt Ltd (Casting),1.0,0.0,1.0,190.0,190.0
2026-01-16,UHCTPFGAAS07,3DE Technology Prototype Solutions Pvt Ltd (Casting),8.0,0.0,8.0,380.0,3040.0
2026-01-16,UHCTPFGAAS08,3DE Technology Prototype Solutions Pvt Ltd (Casting),39.0,0.0,39.0,380.0,14820.0
2026-01-16,UHCTPFGAAS11,3DE Technology Prototype Solutions Pvt Ltd (Casting),24.0,0.0,24.0,190.0,4560.0
2026-01-16,UHCTPFGAAS12,3DE Technology Prototype Solutions Pvt Ltd (Casting),1.0,0.0,1.0,190.0,190.0
2026-01-16,UHCTPFGAGO05,3DE Technology Prototype Solutions Pvt Ltd (Casting),99.0,0.0,99.0,380.0,37620.0
2026-01-16,UHCTPFGAGO06,3DE Technology Prototype Solutions Pvt Ltd (Casting),2.0,0.0,2.0,380.0,760.0
2026-01-16,UHCTPFGAGO07,3DE Technology Prototype Solutions Pvt Ltd (Casting),701.0,0.0,701.0,380.0,266380.0
2026-01-16,UHCTPFGAGO08,3DE Technology Prototype Solutions Pvt Ltd (Casting),116.0,0.0,116.0,380.0,44080.0
2026-01-16,UHCTPFGAGO09,3DE Technology Prototype Solutions Pvt Ltd (Casting),36.0,0.0,36.0,380.0,13680.0
2026-01-16,UHCTPFGAGO10,3DE Technology Prototype Solutions Pvt Ltd (Casting),11.0,0.0,11.0,380.0,4180.0
2026-01-16,UHCTPFGASO05,3DE Technology Prototype Solutions Pvt Ltd (Casting),11.0,0.0,11.0,380.0,4180.0
2026-01-16,UHCTPFGASO06,3DE Technology Prototype Solutions Pvt Ltd (Casting),55.0,0.0,55.0,380.0,20900.0
2026-01-16,UHCTPFGASO07,3DE Technology Prototype Solutions Pvt Ltd (Casting),16.0,0.0,16.0,380.0,6080.0
2026-01-16,UHCTPFGASO09,3DE Technology Prototype Solutions Pvt Ltd (Casting),1.0,0.0,1.0,380.0,380.0
2026-01-16,UHCTPFGASO10,3DE Technology Prototype Solutions Pvt Ltd (Casting),8.0,0.0,8.0,380.0,3040.0
2026-01-16,UHCTPFGASS08,3DE Technology Prototype Solutions Pvt Ltd (Casting),61.0,0.0,61.0,190.0,11590.0
2026-01-16,UHCTPFGASS11,3DE Technology Prototype Solutions Pvt Ltd (Casting),17.0,0.0,17.0,190.0,3230.0
2026-01-16,UHCTPFGBRGO06,3DE Technology Prototype Solutions Pvt Ltd (Casting),5.0,0.0,5.0,380.0,1900.0
2026-01-16,UHCTPFGBRGO07,3DE Technology Prototype Solutions Pvt Ltd (Casting),4.0,0.0,4.0,380.0,1520.0
2026-01-16,UHCTPFGBRGO09,3DE Technology Prototype Solutions Pvt Ltd (Casting),2.0,0.0,2.0,380.0,760.0
2026-01-16,UHCTPFGBRGO12,3DE Technology Prototype Solutions Pvt Ltd (Casting),56.0,0.0,56.0,380.0,21280.0
2026-01-16,UHCTPFGBRGO13,3DE Technology Prototype Solutions Pvt Ltd (Casting),27.0,0.0,27.0,380.0,10260.0
2026-01-16,UHCTPFGBRGO13-T1.62,3DE Technology Prototype Solutions Pvt Ltd (Casting),1.0,0.0,1.0,380.0,380.0
2026-01-16,UHCTPFGBRGO14,3DE Technology Prototype Solutions Pvt Ltd (Casting),29.0,0.0,29.0,380.0,11020.0
2026-01-16,UHCTPFGMGO10,3DE Technology Prototype Solutions Pvt Ltd (Casting),2.0,0.0,2.0,380.0,760.0
2026-01-16,UHCTPFGMGS11,3DE Technology Prototype Solutions Pvt Ltd (Casting),1.0,0.0,1.0,190.0,190.0
2026-01-16,UHCTPFGMGS13,3DE Technology Prototype Solutions Pvt Ltd (Casting),7.0,0.0,7.0,190.0,1330.0
2026-01-16,UHCTPFGRTO09,3DE Technology Prototype Solutions Pvt Ltd (Casting),3.0,0.0,3.0,380.0,1140.0
2026-01-16,UHCTPFGRTS08,3DE Technology Prototype Solutions Pvt Ltd (Casting),24.0,0.0,24.0,190.0,4560.0
2026-01-16,UHCTPFGRTS09,3DE Technology Prototype Solutions Pvt Ltd (Casting),50.0,0.0,50.0,190.0,9500.0
2026-01-16,UHCTPFGRTS11,3DE Technology Prototype Solutions Pvt Ltd (Casting),1.0,0.0,1.0,190.0,190.0
2026-01-16,UHCTPFGRTS12,3DE Technology Prototype Solutions Pvt Ltd (Casting),39.0,0.0,39.0,380.0,14820.0
2026-01-16,UHCTPFGRTS13,3DE Technology Prototype Solutions Pvt Ltd (Casting),6.0,0.0,6.0,380.0,2280.0
2026-01-16,UHDISPMIXER,DEMAK POLYMERS SRL,500.0,0.0,500.0,465.38,232691.2
2026-01-16,UHNTC10KOHM1,MOUSER ELECTRONIC,2000.0,0.0,2000.0,8.26,16513.92
2026-01-16,UHRDANGSTR1,METALRIPPER MANUFACTURING,1.0,0.0,1.0,4800.0,4800.0
2026-01-16,UHRDIRINGS11,METALRIPPER MANUFACTURING,30.0,0.0,30.0,1900.0,57000.0
2026-01-16,UHRESVIS10OH,MOUSER ELECTRONIC,87000.0,0.0,87000.0,0.18,15284.16
2026-01-16,UHRING1.62PCBA,Zreyah Semiconductor Systems Pvt. Ltd.,644.0,0.0,644.0,140.0,90160.0
2026-01-16,UHS20KRESTOR,MOUSER ELECTRONIC,3500.0,0.0,3500.0,0.79,2766.96
2026-01-16,UHSILCOTUBE,DEMAK POLYMERS SRL,10.0,0.0,10.0,831.04,8310.4
2026-01-16,UHSMD2.2INDUT,MOUSER ELECTRONIC,9000.0,0.0,9000.0,8.43,75893.76
2026-01-16,UHSMD3.6PF50V,MOUSER ELECTRONIC,9000.0,0.0,9000.0,1.93,17392.32
2026-01-17,UHC2CUMO10MA,AGILE TRADE SOLUTIONS,25000.0,0.0,25000.0,60.45,1511250.0
2026-01-17,UHC2INDU6.8UH,AGILE TRADE SOLUTIONS,36000.0,0.0,36000.0,16.9,608400.0
2026-01-17,UHC2PCBAREV21,Zreyah Semiconductor Systems Pvt. Ltd.,3091.0,0.0,3091.0,40.0,123640.0
2026-01-17,UHCONSPRSPRAY,RS components,100.0,0.0,100.0,1330.0,133000.0
2026-01-17,UHCTPFGAAO10,3DE Technology Prototype Solutions Pvt Ltd (Casting),9.0,0.0,9.0,380.0,3420.0
2026-01-17,UHCTPFGAAS06,3DE Technology Prototype Solutions Pvt Ltd (Casting),23.0,0.0,23.0,190.0,4370.0
2026-01-17,UHCTPFGAAS07,3DE Technology Prototype Solutions Pvt Ltd (Casting),16.0,0.0,16.0,380.0,6080.0
2026-01-17,UHCTPFGAAS08,3DE Technology Prototype Solutions Pvt Ltd (Casting),21.0,0.0,21.0,380.0,7980.0
2026-01-17,UHCTPFGAAS09,3DE Technology Prototype Solutions Pvt Ltd (Casting),24.0,0.0,24.0,380.0,9120.0
2026-01-17,UHCTPFGAAS11,3DE Technology Prototype Solutions Pvt Ltd (Casting),13.0,0.0,13.0,190.0,2470.0
2026-01-17,UHCTPFGAAS12,3DE Technology Prototype Solutions Pvt Ltd (Casting),1.0,0.0,1.0,190.0,190.0
2026-01-17,UHCTPFGAGO05,3DE Technology Prototype Solutions Pvt Ltd (Casting),66.0,0.0,66.0,380.0,25080.0
2026-01-17,UHCTPFGAGO06,3DE Technology Prototype Solutions Pvt Ltd (Casting),3.0,0.0,3.0,380.0,1140.0
2026-01-17,UHCTPFGAGO07,3DE Technology Prototype Solutions Pvt Ltd (Casting),489.0,0.0,489.0,380.0,185820.0
2026-01-17,UHCTPFGAGO08,3DE Technology Prototype Solutions Pvt Ltd (Casting),235.0,0.0,235.0,380.0,89300.0
2026-01-17,UHCTPFGAGO09,3DE Technology Prototype Solutions Pvt Ltd (Casting),17.0,0.0,17.0,380.0,6460.0
2026-01-17,UHCTPFGAGO10,3DE Technology Prototype Solutions Pvt Ltd (Casting),25.0,0.0,25.0,380.0,9500.0
2026-01-17,UHCTPFGASO06,3DE Technology Prototype Solutions Pvt Ltd (Casting),7.0,0.0,7.0,380.0,2660.0
2026-01-17,UHCTPFGASO07,3DE Technology Prototype Solutions Pvt Ltd (Casting),16.0,0.0,16.0,380.0,6080.0
2026-01-17,UHCTPFGASO09,3DE Technology Prototype Solutions Pvt Ltd (Casting),1.0,0.0,1.0,380.0,380.0
2026-01-17,UHCTPFGASO10,3DE Technology Prototype Solutions Pvt Ltd (Casting),3.0,0.0,3.0,380.0,1140.0
2026-01-17,UHCTPFGASS08,3DE Technology Prototype Solutions Pvt Ltd (Casting),57.0,0.0,57.0,190.0,10830.0
2026-01-17,UHCTPFGASS11,3DE Technology Prototype Solutions Pvt Ltd (Casting),10.0,0.0,10.0,190.0,1900.0
2026-01-17,UHCTPFGASS13,3DE Technology Prototype Solutions Pvt Ltd (Casting),12.0,0.0,12.0,190.0,2280.0
2026-01-17,UHCTPFGBRGO06,3DE Technology Prototype Solutions Pvt Ltd (Casting),5.0,0.0,5.0,380.0,1900.0
2026-01-17,UHCTPFGBRGO07,3DE Technology Prototype Solutions Pvt Ltd (Casting),4.0,0.0,4.0,380.0,1520.0
2026-01-17,UHCTPFGBRGO09,3DE Technology Prototype Solutions Pvt Ltd (Casting),10.0,0.0,10.0,380.0,3800.0
2026-01-17,UHCTPFGBRGO12,3DE Technology Prototype Solutions Pvt Ltd (Casting),4.0,0.0,4.0,380.0,1520.0
2026-01-17,UHCTPFGBRGO13,3DE Technology Prototype Solutions Pvt Ltd (Casting),8.0,0.0,8.0,380.0,3040.0
2026-01-17,UHCTPFGBRGO14,3DE Technology Prototype Solutions Pvt Ltd (Casting),15.0,0.0,15.0,380.0,5700.0
2026-01-17,UHCTPFGMGO10,3DE Technology Prototype Solutions Pvt Ltd (Casting),1.0,0.0,1.0,380.0,380.0
2026-01-17,UHCTPFGMGS08,3DE Technology Prototype Solutions Pvt Ltd (Casting),1.0,0.0,1.0,190.0,190.0
2026-01-17,UHCTPFGMGS11,3DE Technology Prototype Solutions Pvt Ltd (Casting),1.0,0.0,1.0,190.0,190.0
2026-01-17,UHCTPFGMGS13,3DE Technology Prototype Solutions Pvt Ltd (Casting),4.0,0.0,4.0,190.0,760.0
2026-01-17,UHCTPFGRTO09,3DE Technology Prototype Solutions Pvt Ltd (Casting),1.0,0.0,1.0,380.0,380.0
2026-01-17,UHCTPFGRTS08,3DE Technology Prototype Solutions Pvt Ltd (Casting),13.0,0.0,13.0,190.0,2470.0
2026-01-17,UHCTPFGRTS09,3DE Technology Prototype Solutions Pvt Ltd (Casting),11.0,0.0,11.0,190.0,2090.0
2026-01-17,UHCTPFGRTS09-T1.62,3DE Technology Prototype Solutions Pvt Ltd (Casting),1.0,0.0,1.0,380.0,380.0
2026-01-17,UHCTPFGRTS10,3DE Technology Prototype Solutions Pvt Ltd (Casting),1.0,0.0,1.0,190.0,190.0
2026-01-17,UHLUXAGBASMATS13,Mudra innovation,5.0,0.0,5.0,229.0,1145.0
2026-01-17,UHLUXAGBASMATS14,Mudra innovation,14.0,0.0,14.0,229.0,3206.0
2026-01-17,UHLUXASBASES14,Mudra innovation,15.0,0.0,15.0,1200.0,18000.0
2026-01-17,UHLUXRGBASMATS12,Mudra innovation,2.0,0.0,2.0,229.0,458.0
2026-01-17,UHLUXRGBASMATS13,Mudra innovation,5.0,0.0,5.0,229.0,1145.0
2026-01-17,UHLUXRGBASMATS14,Mudra innovation,3.0,0.0,3.0,229.0,687.0
2026-01-17,UHRDSTATICMX,BINGFENG PUNE INSTRUMENTS PRIVATE LIMITED,50.0,0.0,50.0,145.0,7250.0
2026-01-17,UHRING1.62PCBA,Zreyah Semiconductor Systems Pvt. Ltd.,590.0,0.0,590.0,140.0,82600.0
2026-01-17,UHSWATCHAA,Mudra innovation,10000.0,0.0,10000.0,12.2,122000.0
2026-01-17,UHSWATCHAG,Mudra innovation,10000.0,0.0,10000.0,12.2,122000.0
2026-01-17,UHSWATCHAS,Mudra innovation,10000.0,0.0,10000.0,12.2,122000.0
2026-01-17,UHSWATCHBRG,Mudra innovation,10000.0,0.0,10000.0,18.0,180000.0
2026-01-17,UHSWATCHMG,Mudra innovation,10000.0,0.0,10000.0,12.2,122000.0
2026-01-17,UHSWATCHRT,Mudra innovation,10000.0,0.0,10000.0,12.2,122000.0
2026-01-18,UHCTPFGAAS05,3DE Technology Prototype Solutions Pvt Ltd (Casting),12.0,0.0,12.0,380.0,4560.0
2026-01-18,UHCTPFGAAS08,3DE Technology Prototype Solutions Pvt Ltd (Casting),60.0,0.0,60.0,380.0,22800.0
2026-01-18,UHCTPFGAGO07,3DE Technology Prototype Solutions Pvt Ltd (Casting),1.0,0.0,1.0,380.0,380.0
2026-01-18,UHCTPFGAGO08,3DE Technology Prototype Solutions Pvt Ltd (Casting),118.0,0.0,118.0,380.0,44840.0
2026-01-18,UHCTPFGAGO09,3DE Technology Prototype Solutions Pvt Ltd (Casting),79.0,0.0,79.0,380.0,30020.0
2026-01-18,UHCTPFGASO06,3DE Technology Prototype Solutions Pvt Ltd (Casting),16.0,0.0,16.0,380.0,6080.0
2026-01-18,UHCTPFGBRGO13,3DE Technology Prototype Solutions Pvt Ltd (Casting),1.0,0.0,1.0,380.0,380.0
2026-01-18,UHCTPFGMGO10,3DE Technology Prototype Solutions Pvt Ltd (Casting),5.0,0.0,5.0,380.0,1900.0
2026-01-18,UHCTPFGMGS08,3DE Technology Prototype Solutions Pvt Ltd (Casting),36.0,0.0,36.0,190.0,6840.0
2026-01-18,UHCTPFGMGS13,3DE Technology Prototype Solutions Pvt Ltd (Casting),1.0,0.0,1.0,190.0,190.0
2026-01-18,UHCTPFGRTO09,3DE Technology Prototype Solutions Pvt Ltd (Casting),1.0,0.0,1.0,380.0,380.0
2026-01-18,UHCTPFGRTS12,3DE Technology Prototype Solutions Pvt Ltd (Casting),38.0,0.0,38.0,380.0,14440.0
